target_dims,generated_text,combo_size,target_count,generated_count,seed_1,seed_2,seed_3,seed_4,seed_5,seed_6
"Emotional, Environmental",I am aware of my environment and its impact on my mood.,2,30,30,Noise or clutter in my environment makes it harder for me to relax.,My environment makes it easier for me to take care of myself.,I feel less stressed when my surroundings are quiet and orderly.,"I am able to handle unpleasant or painful feelings like sadness, fear, and anger.",The condition of my surroundings affects my mood.,I feel more at peace in spaces that are calm and familiar.
"Emotional, Environmental",I feel less stressed in places that are calm and familiar.,2,30,30,Noise or clutter in my environment makes it harder for me to relax.,My environment makes it easier for me to take care of myself.,I feel less stressed when my surroundings are quiet and orderly.,"I am able to handle unpleasant or painful feelings like sadness, fear, and anger.",The condition of my surroundings affects my mood.,I feel more at peace in spaces that are calm and familiar.
"Emotional, Environmental",I am at peace in places that are calm and familiar.,2,30,30,Noise or clutter in my environment makes it harder for me to relax.,My environment makes it easier for me to take care of myself.,I feel less stressed when my surroundings are quiet and orderly.,"I am able to handle unpleasant or painful feelings like sadness, fear, and anger.",The condition of my surroundings affects my mood.,I feel more at peace in spaces that are calm and familiar.
"Emotional, Environmental",I feel more at peace when my surroundings are calm and familiar.,2,30,30,Noise or clutter in my environment makes it harder for me to relax.,My environment makes it easier for me to take care of myself.,I feel less stressed when my surroundings are quiet and orderly.,"I am able to handle unpleasant or painful feelings like sadness, fear, and anger.",The condition of my surroundings affects my mood.,I feel more at peace in spaces that are calm and familiar.
"Emotional, Environmental","I am happier in my home, and feel less stressed in my surroundings.",2,30,30,Noise or clutter in my environment makes it harder for me to relax.,My environment makes it easier for me to take care of myself.,I feel less stressed when my surroundings are quiet and orderly.,"I am able to handle unpleasant or painful feelings like sadness, fear, and anger.",The condition of my surroundings affects my mood.,I feel more at peace in spaces that are calm and familiar.
"Emotional, Environmental","I can deal with unpleasant or painful feelings like sadness, fear, and anger.",2,30,30,Noise or clutter in my environment makes it harder for me to relax.,My environment makes it easier for me to take care of myself.,I feel less stressed when my surroundings are quiet and orderly.,"I am able to handle unpleasant or painful feelings like sadness, fear, and anger.",The condition of my surroundings affects my mood.,I feel more at peace in spaces that are calm and familiar.
"Emotional, Environmental",I am less stressed when my surroundings are calm and orderly.,2,30,30,Noise or clutter in my environment makes it harder for me to relax.,My environment makes it easier for me to take care of myself.,I feel less stressed when my surroundings are quiet and orderly.,"I am able to handle unpleasant or painful feelings like sadness, fear, and anger.",The condition of my surroundings affects my mood.,I feel more at peace in spaces that are calm and familiar.
"Emotional, Environmental",I feel more calm in space that is calm and familiar.,2,30,30,Noise or clutter in my environment makes it harder for me to relax.,My environment makes it easier for me to take care of myself.,I feel less stressed when my surroundings are quiet and orderly.,"I am able to handle unpleasant or painful feelings like sadness, fear, and anger.",The condition of my surroundings affects my mood.,I feel more at peace in spaces that are calm and familiar.
"Emotional, Environmental",I am more relaxed and less stressed when I have a comfortable environment.,2,30,30,Noise or clutter in my environment makes it harder for me to relax.,My environment makes it easier for me to take care of myself.,I feel less stressed when my surroundings are quiet and orderly.,"I am able to handle unpleasant or painful feelings like sadness, fear, and anger.",The condition of my surroundings affects my mood.,I feel more at peace in spaces that are calm and familiar.
"Emotional, Environmental",I can have a better mental state when I have an environment where people are not talking.,2,30,30,Noise or clutter in my environment makes it harder for me to relax.,My environment makes it easier for me to take care of myself.,I feel less stressed when my surroundings are quiet and orderly.,"I am able to handle unpleasant or painful feelings like sadness, fear, and anger.",The condition of my surroundings affects my mood.,I feel more at peace in spaces that are calm and familiar.
"Emotional, Environmental",I find that living in a noisy environment makes me less happy.,2,30,30,Noise or clutter in my environment makes it harder for me to relax.,My environment makes it easier for me to take care of myself.,I feel less stressed when my surroundings are quiet and orderly.,"I am able to handle unpleasant or painful feelings like sadness, fear, and anger.",The condition of my surroundings affects my mood.,I feel more at peace in spaces that are calm and familiar.
"Emotional, Environmental",I feel less stress when my surroundings are calm and orderly.,2,30,30,Noise or clutter in my environment makes it harder for me to relax.,My environment makes it easier for me to take care of myself.,I feel less stressed when my surroundings are quiet and orderly.,"I am able to handle unpleasant or painful feelings like sadness, fear, and anger.",The condition of my surroundings affects my mood.,I feel more at peace in spaces that are calm and familiar.
"Emotional, Environmental",I have a mental health profile and have a sense of well being.,2,30,30,Noise or clutter in my environment makes it harder for me to relax.,My environment makes it easier for me to take care of myself.,I feel less stressed when my surroundings are quiet and orderly.,"I am able to handle unpleasant or painful feelings like sadness, fear, and anger.",The condition of my surroundings affects my mood.,I feel more at peace in spaces that are calm and familiar.
"Emotional, Environmental","I've experienced certain changes in my environment, such as a sudden change in my tense state or feeling of sadness or anger.",2,30,30,Noise or clutter in my environment makes it harder for me to relax.,My environment makes it easier for me to take care of myself.,I feel less stressed when my surroundings are quiet and orderly.,"I am able to handle unpleasant or painful feelings like sadness, fear, and anger.",The condition of my surroundings affects my mood.,I feel more at peace in spaces that are calm and familiar.
"Emotional, Environmental",I am feeling less stressed and less anxious when my surroundings are quiet.,2,30,30,Noise or clutter in my environment makes it harder for me to relax.,My environment makes it easier for me to take care of myself.,I feel less stressed when my surroundings are quiet and orderly.,"I am able to handle unpleasant or painful feelings like sadness, fear, and anger.",The condition of my surroundings affects my mood.,I feel more at peace in spaces that are calm and familiar.
"Emotional, Environmental","I can handle unpleasant or painful feelings like sadness, fear, anger.",2,30,30,Noise or clutter in my environment makes it harder for me to relax.,My environment makes it easier for me to take care of myself.,I feel less stressed when my surroundings are quiet and orderly.,"I am able to handle unpleasant or painful feelings like sadness, fear, and anger.",The condition of my surroundings affects my mood.,I feel more at peace in spaces that are calm and familiar.
"Emotional, Environmental",I find it easier to take care of myself when my surroundings are calm and orderly.,2,30,30,Noise or clutter in my environment makes it harder for me to relax.,My environment makes it easier for me to take care of myself.,I feel less stressed when my surroundings are quiet and orderly.,"I am able to handle unpleasant or painful feelings like sadness, fear, and anger.",The condition of my surroundings affects my mood.,I feel more at peace in spaces that are calm and familiar.
"Emotional, Environmental",I am more relaxed in areas that are calm and familiar.,2,30,30,Noise or clutter in my environment makes it harder for me to relax.,My environment makes it easier for me to take care of myself.,I feel less stressed when my surroundings are quiet and orderly.,"I am able to handle unpleasant or painful feelings like sadness, fear, and anger.",The condition of my surroundings affects my mood.,I feel more at peace in spaces that are calm and familiar.
"Emotional, Environmental",I think that my environment is conducive to my relaxation.,2,30,30,Noise or clutter in my environment makes it harder for me to relax.,My environment makes it easier for me to take care of myself.,I feel less stressed when my surroundings are quiet and orderly.,"I am able to handle unpleasant or painful feelings like sadness, fear, and anger.",The condition of my surroundings affects my mood.,I feel more at peace in spaces that are calm and familiar.
"Emotional, Environmental",I feel more at peace and calm in my home.,2,30,30,Noise or clutter in my environment makes it harder for me to relax.,My environment makes it easier for me to take care of myself.,I feel less stressed when my surroundings are quiet and orderly.,"I am able to handle unpleasant or painful feelings like sadness, fear, and anger.",The condition of my surroundings affects my mood.,I feel more at peace in spaces that are calm and familiar.
"Emotional, Environmental",I am feeling less at peace when my surroundings are calm and orderly.,2,30,30,Noise or clutter in my environment makes it harder for me to relax.,My environment makes it easier for me to take care of myself.,I feel less stressed when my surroundings are quiet and orderly.,"I am able to handle unpleasant or painful feelings like sadness, fear, and anger.",The condition of my surroundings affects my mood.,I feel more at peace in spaces that are calm and familiar.
"Emotional, Environmental",I am happier in the calm and familiar spaces that I am in.,2,30,30,Noise or clutter in my environment makes it harder for me to relax.,My environment makes it easier for me to take care of myself.,I feel less stressed when my surroundings are quiet and orderly.,"I am able to handle unpleasant or painful feelings like sadness, fear, and anger.",The condition of my surroundings affects my mood.,I feel more at peace in spaces that are calm and familiar.
"Emotional, Environmental","I have feelings of anxiousness or disorientation, which affect my mood.",2,30,30,Noise or clutter in my environment makes it harder for me to relax.,My environment makes it easier for me to take care of myself.,I feel less stressed when my surroundings are quiet and orderly.,"I am able to handle unpleasant or painful feelings like sadness, fear, and anger.",The condition of my surroundings affects my mood.,I feel more at peace in spaces that are calm and familiar.
"Emotional, Environmental",I am at peace in the comfort of my own space.,2,30,30,Noise or clutter in my environment makes it harder for me to relax.,My environment makes it easier for me to take care of myself.,I feel less stressed when my surroundings are quiet and orderly.,"I am able to handle unpleasant or painful feelings like sadness, fear, and anger.",The condition of my surroundings affects my mood.,I feel more at peace in spaces that are calm and familiar.
"Emotional, Environmental",I am calm and free of all feelings of stress or anxiety.,2,30,30,Noise or clutter in my environment makes it harder for me to relax.,My environment makes it easier for me to take care of myself.,I feel less stressed when my surroundings are quiet and orderly.,"I am able to handle unpleasant or painful feelings like sadness, fear, and anger.",The condition of my surroundings affects my mood.,I feel more at peace in spaces that are calm and familiar.
"Emotional, Environmental",I am not aware of the consequences of my environment on my happiness.,2,30,30,Noise or clutter in my environment makes it harder for me to relax.,My environment makes it easier for me to take care of myself.,I feel less stressed when my surroundings are quiet and orderly.,"I am able to handle unpleasant or painful feelings like sadness, fear, and anger.",The condition of my surroundings affects my mood.,I feel more at peace in spaces that are calm and familiar.
"Emotional, Environmental",I am aware of the physical and emotional health of my environment.,2,30,30,Noise or clutter in my environment makes it harder for me to relax.,My environment makes it easier for me to take care of myself.,I feel less stressed when my surroundings are quiet and orderly.,"I am able to handle unpleasant or painful feelings like sadness, fear, and anger.",The condition of my surroundings affects my mood.,I feel more at peace in spaces that are calm and familiar.
"Emotional, Environmental",I feel more at peace when I have quiet space.,2,30,30,Noise or clutter in my environment makes it harder for me to relax.,My environment makes it easier for me to take care of myself.,I feel less stressed when my surroundings are quiet and orderly.,"I am able to handle unpleasant or painful feelings like sadness, fear, and anger.",The condition of my surroundings affects my mood.,I feel more at peace in spaces that are calm and familiar.
"Emotional, Environmental",I am more healthy if my environment is calm and orderly.,2,30,30,Noise or clutter in my environment makes it harder for me to relax.,My environment makes it easier for me to take care of myself.,I feel less stressed when my surroundings are quiet and orderly.,"I am able to handle unpleasant or painful feelings like sadness, fear, and anger.",The condition of my surroundings affects my mood.,I feel more at peace in spaces that are calm and familiar.
"Emotional, Environmental",I feel less stressed in my surroundings when my environment is quiet and orderly.,2,30,30,Noise or clutter in my environment makes it harder for me to relax.,My environment makes it easier for me to take care of myself.,I feel less stressed when my surroundings are quiet and orderly.,"I am able to handle unpleasant or painful feelings like sadness, fear, and anger.",The condition of my surroundings affects my mood.,I feel more at peace in spaces that are calm and familiar.
"Emotional, Financial",I feel more likely to make informed decisions about my finances.,2,30,30,I feel informed about my financial situation.,Financial uncertainty affects my mood.,My financial situation affects how secure I feel.,I feel less stressed when my finances are organized.,I feel more stable when I have a clear financial plan.,I feel more independent when my finances are under control.
"Emotional, Financial",I feel more stressed when my financial situation is at risk.,2,30,30,I feel informed about my financial situation.,Financial uncertainty affects my mood.,My financial situation affects how secure I feel.,I feel less stressed when my finances are organized.,I feel more stable when I have a clear financial plan.,I feel more independent when my finances are under control.
"Emotional, Financial",I feel better about my financial situation than my other financial situation.,2,30,30,I feel informed about my financial situation.,Financial uncertainty affects my mood.,My financial situation affects how secure I feel.,I feel less stressed when my finances are organized.,I feel more stable when I have a clear financial plan.,I feel more independent when my finances are under control.
"Emotional, Financial",I feel more likely to self-destruct during stressful situations.,2,30,30,I feel informed about my financial situation.,Financial uncertainty affects my mood.,My financial situation affects how secure I feel.,I feel less stressed when my finances are organized.,I feel more stable when I have a clear financial plan.,I feel more independent when my finances are under control.
"Emotional, Financial","I think a person who doesn't have a clear financial plan, and who feels more financially stable, will suffer from a depression.",2,30,30,I feel informed about my financial situation.,Financial uncertainty affects my mood.,My financial situation affects how secure I feel.,I feel less stressed when my finances are organized.,I feel more stable when I have a clear financial plan.,I feel more independent when my finances are under control.
"Emotional, Financial",I feel more confident that I can maintain my finances.,2,30,30,I feel informed about my financial situation.,Financial uncertainty affects my mood.,My financial situation affects how secure I feel.,I feel less stressed when my finances are organized.,I feel more stable when I have a clear financial plan.,I feel more independent when my finances are under control.
"Emotional, Financial",I am feeling more stressed when my finances are under control.,2,30,30,I feel informed about my financial situation.,Financial uncertainty affects my mood.,My financial situation affects how secure I feel.,I feel less stressed when my finances are organized.,I feel more stable when I have a clear financial plan.,I feel more independent when my finances are under control.
"Emotional, Financial",I feel more likely to be financially stable and secure than I am emotionally unstable.,2,30,30,I feel informed about my financial situation.,Financial uncertainty affects my mood.,My financial situation affects how secure I feel.,I feel less stressed when my finances are organized.,I feel more stable when I have a clear financial plan.,I feel more independent when my finances are under control.
"Emotional, Financial",I feel more anxious about my finances than about my emotions.,2,30,30,I feel informed about my financial situation.,Financial uncertainty affects my mood.,My financial situation affects how secure I feel.,I feel less stressed when my finances are organized.,I feel more stable when I have a clear financial plan.,I feel more independent when my finances are under control.
"Emotional, Financial",I feel more likely to do the following self-report activities:,2,30,30,I feel informed about my financial situation.,Financial uncertainty affects my mood.,My financial situation affects how secure I feel.,I feel less stressed when my finances are organized.,I feel more stable when I have a clear financial plan.,I feel more independent when my finances are under control.
"Emotional, Financial",I feel more likely to be financially stable if I have a clear financial plan.,2,30,30,I feel informed about my financial situation.,Financial uncertainty affects my mood.,My financial situation affects how secure I feel.,I feel less stressed when my finances are organized.,I feel more stable when I have a clear financial plan.,I feel more independent when my finances are under control.
"Emotional, Financial",I feel more able to manage my emotions efficiently during stressful situations.,2,30,30,I feel informed about my financial situation.,Financial uncertainty affects my mood.,My financial situation affects how secure I feel.,I feel less stressed when my finances are organized.,I feel more stable when I have a clear financial plan.,I feel more independent when my finances are under control.
"Emotional, Financial",I feel more aware of my financial situation and emotional and financial situation.,2,30,30,I feel informed about my financial situation.,Financial uncertainty affects my mood.,My financial situation affects how secure I feel.,I feel less stressed when my finances are organized.,I feel more stable when I have a clear financial plan.,I feel more independent when my finances are under control.
"Emotional, Financial",I feel satisfied that my financial situation has been lowered.,2,30,30,I feel informed about my financial situation.,Financial uncertainty affects my mood.,My financial situation affects how secure I feel.,I feel less stressed when my finances are organized.,I feel more stable when I have a clear financial plan.,I feel more independent when my finances are under control.
"Emotional, Financial",I feel the same feelings when I talk to my friends about work and financial issues.,2,30,30,I feel informed about my financial situation.,Financial uncertainty affects my mood.,My financial situation affects how secure I feel.,I feel less stressed when my finances are organized.,I feel more stable when I have a clear financial plan.,I feel more independent when my finances are under control.
"Emotional, Financial",I have less stress when my finances are under control.,2,30,30,I feel informed about my financial situation.,Financial uncertainty affects my mood.,My financial situation affects how secure I feel.,I feel less stressed when my finances are organized.,I feel more stable when I have a clear financial plan.,I feel more independent when my finances are under control.
"Emotional, Financial",I feel more likely to feel a lot of stress about my financial situation.,2,30,30,I feel informed about my financial situation.,Financial uncertainty affects my mood.,My financial situation affects how secure I feel.,I feel less stressed when my finances are organized.,I feel more stable when I have a clear financial plan.,I feel more independent when my finances are under control.
"Emotional, Financial",I am more emotionally affected when my financial situation is stable.,2,30,30,I feel informed about my financial situation.,Financial uncertainty affects my mood.,My financial situation affects how secure I feel.,I feel less stressed when my finances are organized.,I feel more stable when I have a clear financial plan.,I feel more independent when my finances are under control.
"Emotional, Financial",I feel more relaxed and focused after having a clear financial plan.,2,30,30,I feel informed about my financial situation.,Financial uncertainty affects my mood.,My financial situation affects how secure I feel.,I feel less stressed when my finances are organized.,I feel more stable when I have a clear financial plan.,I feel more independent when my finances are under control.
"Emotional, Financial",I feel better about my financial situation when I have a clear financial plan.,2,30,30,I feel informed about my financial situation.,Financial uncertainty affects my mood.,My financial situation affects how secure I feel.,I feel less stressed when my finances are organized.,I feel more stable when I have a clear financial plan.,I feel more independent when my finances are under control.
"Emotional, Financial","I feel financially and emotionally healthy, but I feel less stable and less secure.",2,30,30,I feel informed about my financial situation.,Financial uncertainty affects my mood.,My financial situation affects how secure I feel.,I feel less stressed when my finances are organized.,I feel more stable when I have a clear financial plan.,I feel more independent when my finances are under control.
"Emotional, Financial",I have no plans to move or have to cancel my plans.,2,30,30,I feel informed about my financial situation.,Financial uncertainty affects my mood.,My financial situation affects how secure I feel.,I feel less stressed when my finances are organized.,I feel more stable when I have a clear financial plan.,I feel more independent when my finances are under control.
"Emotional, Financial",I feel better at managing my emotions during stressful situations.,2,30,30,I feel informed about my financial situation.,Financial uncertainty affects my mood.,My financial situation affects how secure I feel.,I feel less stressed when my finances are organized.,I feel more stable when I have a clear financial plan.,I feel more independent when my finances are under control.
"Emotional, Financial",I feel more organized and confident when my finances are in control.,2,30,30,I feel informed about my financial situation.,Financial uncertainty affects my mood.,My financial situation affects how secure I feel.,I feel less stressed when my finances are organized.,I feel more stable when I have a clear financial plan.,I feel more independent when my finances are under control.
"Emotional, Financial",I feel resentful of the way my financial status has changed since I was in college.,2,30,30,I feel informed about my financial situation.,Financial uncertainty affects my mood.,My financial situation affects how secure I feel.,I feel less stressed when my finances are organized.,I feel more stable when I have a clear financial plan.,I feel more independent when my finances are under control.
"Emotional, Financial",I feel more worried about my finances and feel less stressed.,2,30,30,I feel informed about my financial situation.,Financial uncertainty affects my mood.,My financial situation affects how secure I feel.,I feel less stressed when my finances are organized.,I feel more stable when I have a clear financial plan.,I feel more independent when my finances are under control.
"Emotional, Financial",I feel more likely to be financially stable once my finances are stable.,2,30,30,I feel informed about my financial situation.,Financial uncertainty affects my mood.,My financial situation affects how secure I feel.,I feel less stressed when my finances are organized.,I feel more stable when I have a clear financial plan.,I feel more independent when my finances are under control.
"Emotional, Financial",I am not as aware of my financial situation as I feel.,2,30,30,I feel informed about my financial situation.,Financial uncertainty affects my mood.,My financial situation affects how secure I feel.,I feel less stressed when my finances are organized.,I feel more stable when I have a clear financial plan.,I feel more independent when my finances are under control.
"Emotional, Financial",I have a clear financial plan and feeling more stable.,2,30,30,I feel informed about my financial situation.,Financial uncertainty affects my mood.,My financial situation affects how secure I feel.,I feel less stressed when my finances are organized.,I feel more stable when I have a clear financial plan.,I feel more independent when my finances are under control.
"Emotional, Financial",I feel overwhelmed with the stress of my financial situation.,2,30,30,I feel informed about my financial situation.,Financial uncertainty affects my mood.,My financial situation affects how secure I feel.,I feel less stressed when my finances are organized.,I feel more stable when I have a clear financial plan.,I feel more independent when my finances are under control.
"Emotional, Intellectual",I feel both emotions and intellectual stimuli have become important to my overall well-being.,2,30,30,"In the past, I have generally found intellectual challenges to be vital to my overall well-being.",How often do you feel angry?,"I am able to handle unpleasant or painful feelings like sadness, fear, and anger.","Generally, I feel pleased with the amount of intellectual stimulation I receive in my daily life.",To what extent do you feel excited and interested in things?,"During the past month, how much of a problem has it been for you to keep up enough enthusiasm to get things done?"
"Emotional, Intellectual",I have found intellectual challenges to be essential to my overall well-being.,2,30,30,"In the past, I have generally found intellectual challenges to be vital to my overall well-being.",How often do you feel angry?,"I am able to handle unpleasant or painful feelings like sadness, fear, and anger.","Generally, I feel pleased with the amount of intellectual stimulation I receive in my daily life.",To what extent do you feel excited and interested in things?,"During the past month, how much of a problem has it been for you to keep up enough enthusiasm to get things done?"
"Emotional, Intellectual",I have found emotions to be vital to my overall well-being.,2,30,30,"In the past, I have generally found intellectual challenges to be vital to my overall well-being.",How often do you feel angry?,"I am able to handle unpleasant or painful feelings like sadness, fear, and anger.","Generally, I feel pleased with the amount of intellectual stimulation I receive in my daily life.",To what extent do you feel excited and interested in things?,"During the past month, how much of a problem has it been for you to keep up enough enthusiasm to get things done?"
"Emotional, Intellectual",I find it helpful to have an attitude of respect for people that are not afraid of themselves.,2,30,30,"In the past, I have generally found intellectual challenges to be vital to my overall well-being.",How often do you feel angry?,"I am able to handle unpleasant or painful feelings like sadness, fear, and anger.","Generally, I feel pleased with the amount of intellectual stimulation I receive in my daily life.",To what extent do you feel excited and interested in things?,"During the past month, how much of a problem has it been for you to keep up enough enthusiasm to get things done?"
"Emotional, Intellectual","I enjoy intellectual stimulation because of my ability to deal with unpleasant or painful feelings like sadness, fear, and anger.",2,30,30,"In the past, I have generally found intellectual challenges to be vital to my overall well-being.",How often do you feel angry?,"I am able to handle unpleasant or painful feelings like sadness, fear, and anger.","Generally, I feel pleased with the amount of intellectual stimulation I receive in my daily life.",To what extent do you feel excited and interested in things?,"During the past month, how much of a problem has it been for you to keep up enough enthusiasm to get things done?"
"Emotional, Intellectual",I find that I feel confident and optimistic about the future.,2,30,30,"In the past, I have generally found intellectual challenges to be vital to my overall well-being.",How often do you feel angry?,"I am able to handle unpleasant or painful feelings like sadness, fear, and anger.","Generally, I feel pleased with the amount of intellectual stimulation I receive in my daily life.",To what extent do you feel excited and interested in things?,"During the past month, how much of a problem has it been for you to keep up enough enthusiasm to get things done?"
"Emotional, Intellectual",I find that intellectual and intellectual challenges have a positive impact on my overall well-being.,2,30,30,"In the past, I have generally found intellectual challenges to be vital to my overall well-being.",How often do you feel angry?,"I am able to handle unpleasant or painful feelings like sadness, fear, and anger.","Generally, I feel pleased with the amount of intellectual stimulation I receive in my daily life.",To what extent do you feel excited and interested in things?,"During the past month, how much of a problem has it been for you to keep up enough enthusiasm to get things done?"
"Emotional, Intellectual",My emotional needs have become more complex in the past.,2,30,30,"In the past, I have generally found intellectual challenges to be vital to my overall well-being.",How often do you feel angry?,"I am able to handle unpleasant or painful feelings like sadness, fear, and anger.","Generally, I feel pleased with the amount of intellectual stimulation I receive in my daily life.",To what extent do you feel excited and interested in things?,"During the past month, how much of a problem has it been for you to keep up enough enthusiasm to get things done?"
"Emotional, Intellectual",I find that intellectual stimulation is important to my overall well-being.,2,30,30,"In the past, I have generally found intellectual challenges to be vital to my overall well-being.",How often do you feel angry?,"I am able to handle unpleasant or painful feelings like sadness, fear, and anger.","Generally, I feel pleased with the amount of intellectual stimulation I receive in my daily life.",To what extent do you feel excited and interested in things?,"During the past month, how much of a problem has it been for you to keep up enough enthusiasm to get things done?"
"Emotional, Intellectual",I feel excited and interested in things but I find myself bored.,2,30,30,"In the past, I have generally found intellectual challenges to be vital to my overall well-being.",How often do you feel angry?,"I am able to handle unpleasant or painful feelings like sadness, fear, and anger.","Generally, I feel pleased with the amount of intellectual stimulation I receive in my daily life.",To what extent do you feel excited and interested in things?,"During the past month, how much of a problem has it been for you to keep up enough enthusiasm to get things done?"
"Emotional, Intellectual",I have found that intellectual challenges can cause my overall well-being to suffer.,2,30,30,"In the past, I have generally found intellectual challenges to be vital to my overall well-being.",How often do you feel angry?,"I am able to handle unpleasant or painful feelings like sadness, fear, and anger.","Generally, I feel pleased with the amount of intellectual stimulation I receive in my daily life.",To what extent do you feel excited and interested in things?,"During the past month, how much of a problem has it been for you to keep up enough enthusiasm to get things done?"
"Emotional, Intellectual",I have also found the stress level to be essential to my overall well-being.,2,30,30,"In the past, I have generally found intellectual challenges to be vital to my overall well-being.",How often do you feel angry?,"I am able to handle unpleasant or painful feelings like sadness, fear, and anger.","Generally, I feel pleased with the amount of intellectual stimulation I receive in my daily life.",To what extent do you feel excited and interested in things?,"During the past month, how much of a problem has it been for you to keep up enough enthusiasm to get things done?"
"Emotional, Intellectual",I have found that my emotional and intellectual stress levels are high.,2,30,30,"In the past, I have generally found intellectual challenges to be vital to my overall well-being.",How often do you feel angry?,"I am able to handle unpleasant or painful feelings like sadness, fear, and anger.","Generally, I feel pleased with the amount of intellectual stimulation I receive in my daily life.",To what extent do you feel excited and interested in things?,"During the past month, how much of a problem has it been for you to keep up enough enthusiasm to get things done?"
"Emotional, Intellectual","I'm experiencing positive, positive emotions such as anxiety and fear.",2,30,30,"In the past, I have generally found intellectual challenges to be vital to my overall well-being.",How often do you feel angry?,"I am able to handle unpleasant or painful feelings like sadness, fear, and anger.","Generally, I feel pleased with the amount of intellectual stimulation I receive in my daily life.",To what extent do you feel excited and interested in things?,"During the past month, how much of a problem has it been for you to keep up enough enthusiasm to get things done?"
"Emotional, Intellectual",I feel I've developed intellectual problems in the past.,2,30,30,"In the past, I have generally found intellectual challenges to be vital to my overall well-being.",How often do you feel angry?,"I am able to handle unpleasant or painful feelings like sadness, fear, and anger.","Generally, I feel pleased with the amount of intellectual stimulation I receive in my daily life.",To what extent do you feel excited and interested in things?,"During the past month, how much of a problem has it been for you to keep up enough enthusiasm to get things done?"
"Emotional, Intellectual",I feel happier in my daily life and have more intellectual stimulation.,2,30,30,"In the past, I have generally found intellectual challenges to be vital to my overall well-being.",How often do you feel angry?,"I am able to handle unpleasant or painful feelings like sadness, fear, and anger.","Generally, I feel pleased with the amount of intellectual stimulation I receive in my daily life.",To what extent do you feel excited and interested in things?,"During the past month, how much of a problem has it been for you to keep up enough enthusiasm to get things done?"
"Emotional, Intellectual","My experiences with anxiety, depression, depression, and anger have been positive.",2,30,30,"In the past, I have generally found intellectual challenges to be vital to my overall well-being.",How often do you feel angry?,"I am able to handle unpleasant or painful feelings like sadness, fear, and anger.","Generally, I feel pleased with the amount of intellectual stimulation I receive in my daily life.",To what extent do you feel excited and interested in things?,"During the past month, how much of a problem has it been for you to keep up enough enthusiasm to get things done?"
"Emotional, Intellectual",I am grateful that I have had intellectual challenges in my daily life.,2,30,30,"In the past, I have generally found intellectual challenges to be vital to my overall well-being.",How often do you feel angry?,"I am able to handle unpleasant or painful feelings like sadness, fear, and anger.","Generally, I feel pleased with the amount of intellectual stimulation I receive in my daily life.",To what extent do you feel excited and interested in things?,"During the past month, how much of a problem has it been for you to keep up enough enthusiasm to get things done?"
"Emotional, Intellectual",I find it difficult to manage my emotions and emotions effectively during stressful situations.,2,30,30,"In the past, I have generally found intellectual challenges to be vital to my overall well-being.",How often do you feel angry?,"I am able to handle unpleasant or painful feelings like sadness, fear, and anger.","Generally, I feel pleased with the amount of intellectual stimulation I receive in my daily life.",To what extent do you feel excited and interested in things?,"During the past month, how much of a problem has it been for you to keep up enough enthusiasm to get things done?"
"Emotional, Intellectual","I find that when I am angry, I am unable to deal with unpleasant or painful feelings like sadness, fear, and anger.",2,30,30,"In the past, I have generally found intellectual challenges to be vital to my overall well-being.",How often do you feel angry?,"I am able to handle unpleasant or painful feelings like sadness, fear, and anger.","Generally, I feel pleased with the amount of intellectual stimulation I receive in my daily life.",To what extent do you feel excited and interested in things?,"During the past month, how much of a problem has it been for you to keep up enough enthusiasm to get things done?"
"Emotional, Intellectual",I feel thrilled with intellectual stimulation I receive in my daily life.,2,30,30,"In the past, I have generally found intellectual challenges to be vital to my overall well-being.",How often do you feel angry?,"I am able to handle unpleasant or painful feelings like sadness, fear, and anger.","Generally, I feel pleased with the amount of intellectual stimulation I receive in my daily life.",To what extent do you feel excited and interested in things?,"During the past month, how much of a problem has it been for you to keep up enough enthusiasm to get things done?"
"Emotional, Intellectual",I have found that intellectual challenges are important to my overall well-being.,2,30,30,"In the past, I have generally found intellectual challenges to be vital to my overall well-being.",How often do you feel angry?,"I am able to handle unpleasant or painful feelings like sadness, fear, and anger.","Generally, I feel pleased with the amount of intellectual stimulation I receive in my daily life.",To what extent do you feel excited and interested in things?,"During the past month, how much of a problem has it been for you to keep up enough enthusiasm to get things done?"
"Emotional, Intellectual","I have been experiencing problems with my emotions, behaviors, and tendencies over the past month.",2,30,30,"In the past, I have generally found intellectual challenges to be vital to my overall well-being.",How often do you feel angry?,"I am able to handle unpleasant or painful feelings like sadness, fear, and anger.","Generally, I feel pleased with the amount of intellectual stimulation I receive in my daily life.",To what extent do you feel excited and interested in things?,"During the past month, how much of a problem has it been for you to keep up enough enthusiasm to get things done?"
"Emotional, Intellectual",I find it hard to deal with pain and discomfort in my daily life.,2,30,30,"In the past, I have generally found intellectual challenges to be vital to my overall well-being.",How often do you feel angry?,"I am able to handle unpleasant or painful feelings like sadness, fear, and anger.","Generally, I feel pleased with the amount of intellectual stimulation I receive in my daily life.",To what extent do you feel excited and interested in things?,"During the past month, how much of a problem has it been for you to keep up enough enthusiasm to get things done?"
"Emotional, Intellectual",I feel confident that I have completed my goals and that I have a good life.,2,30,30,"In the past, I have generally found intellectual challenges to be vital to my overall well-being.",How often do you feel angry?,"I am able to handle unpleasant or painful feelings like sadness, fear, and anger.","Generally, I feel pleased with the amount of intellectual stimulation I receive in my daily life.",To what extent do you feel excited and interested in things?,"During the past month, how much of a problem has it been for you to keep up enough enthusiasm to get things done?"
"Emotional, Intellectual",I am having trouble thinking and feeling emotionally in the past.,2,30,30,"In the past, I have generally found intellectual challenges to be vital to my overall well-being.",How often do you feel angry?,"I am able to handle unpleasant or painful feelings like sadness, fear, and anger.","Generally, I feel pleased with the amount of intellectual stimulation I receive in my daily life.",To what extent do you feel excited and interested in things?,"During the past month, how much of a problem has it been for you to keep up enough enthusiasm to get things done?"
"Emotional, Intellectual",I feel emotional and intellectual challenges that have been vital to my overall well-being.,2,30,30,"In the past, I have generally found intellectual challenges to be vital to my overall well-being.",How often do you feel angry?,"I am able to handle unpleasant or painful feelings like sadness, fear, and anger.","Generally, I feel pleased with the amount of intellectual stimulation I receive in my daily life.",To what extent do you feel excited and interested in things?,"During the past month, how much of a problem has it been for you to keep up enough enthusiasm to get things done?"
"Emotional, Intellectual","I have a variety of intellectual disabilities including delusions, low self-esteem, and delusions of responsibility.",2,30,30,"In the past, I have generally found intellectual challenges to be vital to my overall well-being.",How often do you feel angry?,"I am able to handle unpleasant or painful feelings like sadness, fear, and anger.","Generally, I feel pleased with the amount of intellectual stimulation I receive in my daily life.",To what extent do you feel excited and interested in things?,"During the past month, how much of a problem has it been for you to keep up enough enthusiasm to get things done?"
"Emotional, Intellectual",I am having trouble with my emotional and intellectual challenges.,2,30,30,"In the past, I have generally found intellectual challenges to be vital to my overall well-being.",How often do you feel angry?,"I am able to handle unpleasant or painful feelings like sadness, fear, and anger.","Generally, I feel pleased with the amount of intellectual stimulation I receive in my daily life.",To what extent do you feel excited and interested in things?,"During the past month, how much of a problem has it been for you to keep up enough enthusiasm to get things done?"
"Emotional, Intellectual",I have been experiencing both a variety of emotions including anger and depression.,2,30,30,"In the past, I have generally found intellectual challenges to be vital to my overall well-being.",How often do you feel angry?,"I am able to handle unpleasant or painful feelings like sadness, fear, and anger.","Generally, I feel pleased with the amount of intellectual stimulation I receive in my daily life.",To what extent do you feel excited and interested in things?,"During the past month, how much of a problem has it been for you to keep up enough enthusiasm to get things done?"
"Emotional, Occupational","I am able to cope well with negative emotions like sadness, fear, and anger.",2,30,30,How often do you feel sad?,"I am able to handle unpleasant or painful feelings like sadness, fear, and anger.",How often do you feel joyful?,How often do you feel angry?,I find satisfaction in accomplishing important tasks.,My work allows me to use my strengths.
"Emotional, Occupational","The self-report is based on an existing self-report, and no longer forms part of a self-report.",2,30,30,How often do you feel sad?,"I am able to handle unpleasant or painful feelings like sadness, fear, and anger.",How often do you feel joyful?,How often do you feel angry?,I find satisfaction in accomplishing important tasks.,My work allows me to use my strengths.
"Emotional, Occupational","You can use all the following skills except for fear, anger, sadness and petty fighting.",2,30,30,How often do you feel sad?,"I am able to handle unpleasant or painful feelings like sadness, fear, and anger.",How often do you feel joyful?,How often do you feel angry?,I find satisfaction in accomplishing important tasks.,My work allows me to use my strengths.
"Emotional, Occupational",I am very happy to be able to take care of my feelings while I am feeling sad.,2,30,30,How often do you feel sad?,"I am able to handle unpleasant or painful feelings like sadness, fear, and anger.",How often do you feel joyful?,How often do you feel angry?,I find satisfaction in accomplishing important tasks.,My work allows me to use my strengths.
"Emotional, Occupational",I am happy to be able to take care of the things that I am grateful to have done.,2,30,30,How often do you feel sad?,"I am able to handle unpleasant or painful feelings like sadness, fear, and anger.",How often do you feel joyful?,How often do you feel angry?,I find satisfaction in accomplishing important tasks.,My work allows me to use my strengths.
"Emotional, Occupational",You have described your emotional or occupational stress and are aware of the following symptoms:,2,30,30,How often do you feel sad?,"I am able to handle unpleasant or painful feelings like sadness, fear, and anger.",How often do you feel joyful?,How often do you feel angry?,I find satisfaction in accomplishing important tasks.,My work allows me to use my strengths.
"Emotional, Occupational","I can't get enough of negative feelings like fear, anger, and fear.",2,30,30,How often do you feel sad?,"I am able to handle unpleasant or painful feelings like sadness, fear, and anger.",How often do you feel joyful?,How often do you feel angry?,I find satisfaction in accomplishing important tasks.,My work allows me to use my strengths.
"Emotional, Occupational","I have been struggling with depression, anxiety, and anger for about a year.",2,30,30,How often do you feel sad?,"I am able to handle unpleasant or painful feelings like sadness, fear, and anger.",How often do you feel joyful?,How often do you feel angry?,I find satisfaction in accomplishing important tasks.,My work allows me to use my strengths.
"Emotional, Occupational",I feel that I am able to maintain self-esteem.,2,30,30,How often do you feel sad?,"I am able to handle unpleasant or painful feelings like sadness, fear, and anger.",How often do you feel joyful?,How often do you feel angry?,I find satisfaction in accomplishing important tasks.,My work allows me to use my strengths.
"Emotional, Occupational",You may feel anxious or worry about how many things you work on.,2,30,30,How often do you feel sad?,"I am able to handle unpleasant or painful feelings like sadness, fear, and anger.",How often do you feel joyful?,How often do you feel angry?,I find satisfaction in accomplishing important tasks.,My work allows me to use my strengths.
"Emotional, Occupational",I have a strong immune system and can do everything at my own pace and without the need for external support.,2,30,30,How often do you feel sad?,"I am able to handle unpleasant or painful feelings like sadness, fear, and anger.",How often do you feel joyful?,How often do you feel angry?,I find satisfaction in accomplishing important tasks.,My work allows me to use my strengths.
"Emotional, Occupational",I have strong immune systems and feel calmer and less anxious.,2,30,30,How often do you feel sad?,"I am able to handle unpleasant or painful feelings like sadness, fear, and anger.",How often do you feel joyful?,How often do you feel angry?,I find satisfaction in accomplishing important tasks.,My work allows me to use my strengths.
"Emotional, Occupational",You are aware that a lot of your self-talk in your work is from your emotions.,2,30,30,How often do you feel sad?,"I am able to handle unpleasant or painful feelings like sadness, fear, and anger.",How often do you feel joyful?,How often do you feel angry?,I find satisfaction in accomplishing important tasks.,My work allows me to use my strengths.
"Emotional, Occupational",I am able to use my strengths in my job.,2,30,30,How often do you feel sad?,"I am able to handle unpleasant or painful feelings like sadness, fear, and anger.",How often do you feel joyful?,How often do you feel angry?,I find satisfaction in accomplishing important tasks.,My work allows me to use my strengths.
"Emotional, Occupational",I am able to work through my emotions and be able to focus on positive outcomes.,2,30,30,How often do you feel sad?,"I am able to handle unpleasant or painful feelings like sadness, fear, and anger.",How often do you feel joyful?,How often do you feel angry?,I find satisfaction in accomplishing important tasks.,My work allows me to use my strengths.
"Emotional, Occupational",I feel more emotional and a work requires more energy.,2,30,30,How often do you feel sad?,"I am able to handle unpleasant or painful feelings like sadness, fear, and anger.",How often do you feel joyful?,How often do you feel angry?,I find satisfaction in accomplishing important tasks.,My work allows me to use my strengths.
"Emotional, Occupational",I am able to cope well with the anxiety and depression that surrounds me.,2,30,30,How often do you feel sad?,"I am able to handle unpleasant or painful feelings like sadness, fear, and anger.",How often do you feel joyful?,How often do you feel angry?,I find satisfaction in accomplishing important tasks.,My work allows me to use my strengths.
"Emotional, Occupational","Compared with most people, many feel satisfied and satisfied with their efforts.",2,30,30,How often do you feel sad?,"I am able to handle unpleasant or painful feelings like sadness, fear, and anger.",How often do you feel joyful?,How often do you feel angry?,I find satisfaction in accomplishing important tasks.,My work allows me to use my strengths.
"Emotional, Occupational",You may not have feelings or behavior that you wish to describe.,2,30,30,How often do you feel sad?,"I am able to handle unpleasant or painful feelings like sadness, fear, and anger.",How often do you feel joyful?,How often do you feel angry?,I find satisfaction in accomplishing important tasks.,My work allows me to use my strengths.
"Emotional, Occupational",My self-report was about my emotional and occupational health.,2,30,30,How often do you feel sad?,"I am able to handle unpleasant or painful feelings like sadness, fear, and anger.",How often do you feel joyful?,How often do you feel angry?,I find satisfaction in accomplishing important tasks.,My work allows me to use my strengths.
"Emotional, Occupational",I have been diagnosed with mood disorders since the 1990s.,2,30,30,How often do you feel sad?,"I am able to handle unpleasant or painful feelings like sadness, fear, and anger.",How often do you feel joyful?,How often do you feel angry?,I find satisfaction in accomplishing important tasks.,My work allows me to use my strengths.
"Emotional, Occupational",i feel sad but am able to deal with other negative emotions like sadness and anger.,2,30,30,How often do you feel sad?,"I am able to handle unpleasant or painful feelings like sadness, fear, and anger.",How often do you feel joyful?,How often do you feel angry?,I find satisfaction in accomplishing important tasks.,My work allows me to use my strengths.
"Emotional, Occupational","I feel emotional and able to deal with feelings of sadness, fear, and anger.",2,30,30,How often do you feel sad?,"I am able to handle unpleasant or painful feelings like sadness, fear, and anger.",How often do you feel joyful?,How often do you feel angry?,I find satisfaction in accomplishing important tasks.,My work allows me to use my strengths.
"Emotional, Occupational",I am not satisfied with my current work or my job.,2,30,30,How often do you feel sad?,"I am able to handle unpleasant or painful feelings like sadness, fear, and anger.",How often do you feel joyful?,How often do you feel angry?,I find satisfaction in accomplishing important tasks.,My work allows me to use my strengths.
"Emotional, Occupational",The purpose of this self-report is to compare your emotions.,2,30,30,How often do you feel sad?,"I am able to handle unpleasant or painful feelings like sadness, fear, and anger.",How often do you feel joyful?,How often do you feel angry?,I find satisfaction in accomplishing important tasks.,My work allows me to use my strengths.
"Emotional, Occupational","My self-report focuses on how often you feel sad, unhappy, or angry.",2,30,30,How often do you feel sad?,"I am able to handle unpleasant or painful feelings like sadness, fear, and anger.",How often do you feel joyful?,How often do you feel angry?,I find satisfaction in accomplishing important tasks.,My work allows me to use my strengths.
"Emotional, Occupational",Those who have a strong immune system are at risk for mental health issues.,2,30,30,How often do you feel sad?,"I am able to handle unpleasant or painful feelings like sadness, fear, and anger.",How often do you feel joyful?,How often do you feel angry?,I find satisfaction in accomplishing important tasks.,My work allows me to use my strengths.
"Emotional, Occupational",You feel as though you have just gotten rid of the past and lost the past.,2,30,30,How often do you feel sad?,"I am able to handle unpleasant or painful feelings like sadness, fear, and anger.",How often do you feel joyful?,How often do you feel angry?,I find satisfaction in accomplishing important tasks.,My work allows me to use my strengths.
"Emotional, Occupational",I am able to manage emotional and occupational stress levels.,2,30,30,How often do you feel sad?,"I am able to handle unpleasant or painful feelings like sadness, fear, and anger.",How often do you feel joyful?,How often do you feel angry?,I find satisfaction in accomplishing important tasks.,My work allows me to use my strengths.
"Emotional, Occupational",My mood swings have improved since I began my self-report.,2,30,30,How often do you feel sad?,"I am able to handle unpleasant or painful feelings like sadness, fear, and anger.",How often do you feel joyful?,How often do you feel angry?,I find satisfaction in accomplishing important tasks.,My work allows me to use my strengths.
"Emotional, Physical",My physical health has been great over the past few years.,2,30,30,My physical health has restricted me in the past.,I expect my physical health to get worse.,How satisfied are you with your current physical health?,My body seems to resist physical illness very well.,"Compared to people I know, my past physical health has been excellent.",My physical condition influences how capable I feel mentally and emotionally.
"Emotional, Physical",My emotional health has affected my mental and physical health.,2,30,30,My physical health has restricted me in the past.,I expect my physical health to get worse.,How satisfied are you with your current physical health?,My body seems to resist physical illness very well.,"Compared to people I know, my past physical health has been excellent.",My physical condition influences how capable I feel mentally and emotionally.
"Emotional, Physical",My psychological condition influences how mentally and emotionally I feel.,2,30,30,My physical health has restricted me in the past.,I expect my physical health to get worse.,How satisfied are you with your current physical health?,My body seems to resist physical illness very well.,"Compared to people I know, my past physical health has been excellent.",My physical condition influences how capable I feel mentally and emotionally.
"Emotional, Physical",I am able to manage my emotional and physical health effectively during stressful situations.,2,30,30,My physical health has restricted me in the past.,I expect my physical health to get worse.,How satisfied are you with your current physical health?,My body seems to resist physical illness very well.,"Compared to people I know, my past physical health has been excellent.",My physical condition influences how capable I feel mentally and emotionally.
"Emotional, Physical",My physical condition is affected my emotional and physical health.,2,30,30,My physical health has restricted me in the past.,I expect my physical health to get worse.,How satisfied are you with your current physical health?,My body seems to resist physical illness very well.,"Compared to people I know, my past physical health has been excellent.",My physical condition influences how capable I feel mentally and emotionally.
"Emotional, Physical",I believe physical health can affect my mental and emotional health.,2,30,30,My physical health has restricted me in the past.,I expect my physical health to get worse.,How satisfied are you with your current physical health?,My body seems to resist physical illness very well.,"Compared to people I know, my past physical health has been excellent.",My physical condition influences how capable I feel mentally and emotionally.
"Emotional, Physical",My physical health has prompted the onset of psychological illness.,2,30,30,My physical health has restricted me in the past.,I expect my physical health to get worse.,How satisfied are you with your current physical health?,My body seems to resist physical illness very well.,"Compared to people I know, my past physical health has been excellent.",My physical condition influences how capable I feel mentally and emotionally.
"Emotional, Physical",I think I can manage my emotions effectively during stressful situations.,2,30,30,My physical health has restricted me in the past.,I expect my physical health to get worse.,How satisfied are you with your current physical health?,My body seems to resist physical illness very well.,"Compared to people I know, my past physical health has been excellent.",My physical condition influences how capable I feel mentally and emotionally.
"Emotional, Physical",I am in danger of losing my sense of humor.,2,30,30,My physical health has restricted me in the past.,I expect my physical health to get worse.,How satisfied are you with your current physical health?,My body seems to resist physical illness very well.,"Compared to people I know, my past physical health has been excellent.",My physical condition influences how capable I feel mentally and emotionally.
"Emotional, Physical",My physical health affects how able I feel emotionally and mentally.,2,30,30,My physical health has restricted me in the past.,I expect my physical health to get worse.,How satisfied are you with your current physical health?,My body seems to resist physical illness very well.,"Compared to people I know, my past physical health has been excellent.",My physical condition influences how capable I feel mentally and emotionally.
"Emotional, Physical",My physical health affects how physically and emotionally I feel.,2,30,30,My physical health has restricted me in the past.,I expect my physical health to get worse.,How satisfied are you with your current physical health?,My body seems to resist physical illness very well.,"Compared to people I know, my past physical health has been excellent.",My physical condition influences how capable I feel mentally and emotionally.
"Emotional, Physical",My physical health can be influenced by mental or emotional health.,2,30,30,My physical health has restricted me in the past.,I expect my physical health to get worse.,How satisfied are you with your current physical health?,My body seems to resist physical illness very well.,"Compared to people I know, my past physical health has been excellent.",My physical condition influences how capable I feel mentally and emotionally.
"Emotional, Physical",My physical health affects how competent I feel mentally and emotionally.,2,30,30,My physical health has restricted me in the past.,I expect my physical health to get worse.,How satisfied are you with your current physical health?,My body seems to resist physical illness very well.,"Compared to people I know, my past physical health has been excellent.",My physical condition influences how capable I feel mentally and emotionally.
"Emotional, Physical",I am unable to deal with my emotional and physical health and it is a good question.,2,30,30,My physical health has restricted me in the past.,I expect my physical health to get worse.,How satisfied are you with your current physical health?,My body seems to resist physical illness very well.,"Compared to people I know, my past physical health has been excellent.",My physical condition influences how capable I feel mentally and emotionally.
"Emotional, Physical",My physical health is a chronic condition that affects my mental and emotional health.,2,30,30,My physical health has restricted me in the past.,I expect my physical health to get worse.,How satisfied are you with your current physical health?,My body seems to resist physical illness very well.,"Compared to people I know, my past physical health has been excellent.",My physical condition influences how capable I feel mentally and emotionally.
"Emotional, Physical",I've tried to improve my mental and emotional health.,2,30,30,My physical health has restricted me in the past.,I expect my physical health to get worse.,How satisfied are you with your current physical health?,My body seems to resist physical illness very well.,"Compared to people I know, my past physical health has been excellent.",My physical condition influences how capable I feel mentally and emotionally.
"Emotional, Physical",My physical condition has affected my mental and emotional health.,2,30,30,My physical health has restricted me in the past.,I expect my physical health to get worse.,How satisfied are you with your current physical health?,My body seems to resist physical illness very well.,"Compared to people I know, my past physical health has been excellent.",My physical condition influences how capable I feel mentally and emotionally.
"Emotional, Physical",My emotional health has caused me to feel more self-centered and disorganized.,2,30,30,My physical health has restricted me in the past.,I expect my physical health to get worse.,How satisfied are you with your current physical health?,My body seems to resist physical illness very well.,"Compared to people I know, my past physical health has been excellent.",My physical condition influences how capable I feel mentally and emotionally.
"Emotional, Physical",My emotional and physical health is affecting my mental and physical health.,2,30,30,My physical health has restricted me in the past.,I expect my physical health to get worse.,How satisfied are you with your current physical health?,My body seems to resist physical illness very well.,"Compared to people I know, my past physical health has been excellent.",My physical condition influences how capable I feel mentally and emotionally.
"Emotional, Physical",My physical condition is having an impact on my mental and emotional health.,2,30,30,My physical health has restricted me in the past.,I expect my physical health to get worse.,How satisfied are you with your current physical health?,My body seems to resist physical illness very well.,"Compared to people I know, my past physical health has been excellent.",My physical condition influences how capable I feel mentally and emotionally.
"Emotional, Physical","I feel anxious, and think I need to eat more, but I am not getting enough sleep.",2,30,30,My physical health has restricted me in the past.,I expect my physical health to get worse.,How satisfied are you with your current physical health?,My body seems to resist physical illness very well.,"Compared to people I know, my past physical health has been excellent.",My physical condition influences how capable I feel mentally and emotionally.
"Emotional, Physical",I am worried that my physical health will be impaired.,2,30,30,My physical health has restricted me in the past.,I expect my physical health to get worse.,How satisfied are you with your current physical health?,My body seems to resist physical illness very well.,"Compared to people I know, my past physical health has been excellent.",My physical condition influences how capable I feel mentally and emotionally.
"Emotional, Physical",I have a physical condition which affects how powerful I am mentally and emotionally.,2,30,30,My physical health has restricted me in the past.,I expect my physical health to get worse.,How satisfied are you with your current physical health?,My body seems to resist physical illness very well.,"Compared to people I know, my past physical health has been excellent.",My physical condition influences how capable I feel mentally and emotionally.
"Emotional, Physical",My physical health has been affected by physical and emotional illness in the past.,2,30,30,My physical health has restricted me in the past.,I expect my physical health to get worse.,How satisfied are you with your current physical health?,My body seems to resist physical illness very well.,"Compared to people I know, my past physical health has been excellent.",My physical condition influences how capable I feel mentally and emotionally.
"Emotional, Physical",My physical health has hindered my ability to do my physical tasks and activities.,2,30,30,My physical health has restricted me in the past.,I expect my physical health to get worse.,How satisfied are you with your current physical health?,My body seems to resist physical illness very well.,"Compared to people I know, my past physical health has been excellent.",My physical condition influences how capable I feel mentally and emotionally.
"Emotional, Physical","Considering my current physical health, I can feel more mentally and emotionally healthy.",2,30,30,My physical health has restricted me in the past.,I expect my physical health to get worse.,How satisfied are you with your current physical health?,My body seems to resist physical illness very well.,"Compared to people I know, my past physical health has been excellent.",My physical condition influences how capable I feel mentally and emotionally.
"Emotional, Physical",My physical condition influences how satisfied I am mentally and emotionally.,2,30,30,My physical health has restricted me in the past.,I expect my physical health to get worse.,How satisfied are you with your current physical health?,My body seems to resist physical illness very well.,"Compared to people I know, my past physical health has been excellent.",My physical condition influences how capable I feel mentally and emotionally.
"Emotional, Physical",My mental health is affecting how I feel emotionally and physically.,2,30,30,My physical health has restricted me in the past.,I expect my physical health to get worse.,How satisfied are you with your current physical health?,My body seems to resist physical illness very well.,"Compared to people I know, my past physical health has been excellent.",My physical condition influences how capable I feel mentally and emotionally.
"Emotional, Physical",I do not understand why my mental health is suffering.,2,30,30,My physical health has restricted me in the past.,I expect my physical health to get worse.,How satisfied are you with your current physical health?,My body seems to resist physical illness very well.,"Compared to people I know, my past physical health has been excellent.",My physical condition influences how capable I feel mentally and emotionally.
"Emotional, Physical",My physical health has affected how I feel physically and emotionally.,2,30,30,My physical health has restricted me in the past.,I expect my physical health to get worse.,How satisfied are you with your current physical health?,My body seems to resist physical illness very well.,"Compared to people I know, my past physical health has been excellent.",My physical condition influences how capable I feel mentally and emotionally.
"Emotional, Social",I often feel sad because my emotions are too strong.,2,30,30,"In the past, I have not always had friends with whom I could share my joys and sorrows.",I have not experienced many warm and trusting relationships with others.,Maintaining close relationships has been difficult and frustrating for me.,It is difficult for me to make friends,There have been times when I felt inferior to most of the people I knew.,How often do you feel sad?
"Emotional, Social",My mental health is good and I can manage my emotions well during stressful situations.,2,30,30,"In the past, I have not always had friends with whom I could share my joys and sorrows.",I have not experienced many warm and trusting relationships with others.,Maintaining close relationships has been difficult and frustrating for me.,It is difficult for me to make friends,There have been times when I felt inferior to most of the people I knew.,How often do you feel sad?
"Emotional, Social",I have had emotional and social problems for two years.,2,30,30,"In the past, I have not always had friends with whom I could share my joys and sorrows.",I have not experienced many warm and trusting relationships with others.,Maintaining close relationships has been difficult and frustrating for me.,It is difficult for me to make friends,There have been times when I felt inferior to most of the people I knew.,How often do you feel sad?
"Emotional, Social",I feel sad because I have not had any close relationships with people.,2,30,30,"In the past, I have not always had friends with whom I could share my joys and sorrows.",I have not experienced many warm and trusting relationships with others.,Maintaining close relationships has been difficult and frustrating for me.,It is difficult for me to make friends,There have been times when I felt inferior to most of the people I knew.,How often do you feel sad?
"Emotional, Social",My friends and family have been supportive of me in the past.,2,30,30,"In the past, I have not always had friends with whom I could share my joys and sorrows.",I have not experienced many warm and trusting relationships with others.,Maintaining close relationships has been difficult and frustrating for me.,It is difficult for me to make friends,There have been times when I felt inferior to most of the people I knew.,How often do you feel sad?
"Emotional, Social",During my self-report I can describe and describe personal feelings and behaviors.,2,30,30,"In the past, I have not always had friends with whom I could share my joys and sorrows.",I have not experienced many warm and trusting relationships with others.,Maintaining close relationships has been difficult and frustrating for me.,It is difficult for me to make friends,There have been times when I felt inferior to most of the people I knew.,How often do you feel sad?
"Emotional, Social",I had trouble keeping close relationships and have low self-esteem.,2,30,30,"In the past, I have not always had friends with whom I could share my joys and sorrows.",I have not experienced many warm and trusting relationships with others.,Maintaining close relationships has been difficult and frustrating for me.,It is difficult for me to make friends,There have been times when I felt inferior to most of the people I knew.,How often do you feel sad?
"Emotional, Social",My mood has been high lately and it seems to be affecting my mood.,2,30,30,"In the past, I have not always had friends with whom I could share my joys and sorrows.",I have not experienced many warm and trusting relationships with others.,Maintaining close relationships has been difficult and frustrating for me.,It is difficult for me to make friends,There have been times when I felt inferior to most of the people I knew.,How often do you feel sad?
"Emotional, Social",I have been feeling sad lately because of some of my past experiences.,2,30,30,"In the past, I have not always had friends with whom I could share my joys and sorrows.",I have not experienced many warm and trusting relationships with others.,Maintaining close relationships has been difficult and frustrating for me.,It is difficult for me to make friends,There have been times when I felt inferior to most of the people I knew.,How often do you feel sad?
"Emotional, Social",The subject should describe any emotions or behavior that you have experienced.,2,30,30,"In the past, I have not always had friends with whom I could share my joys and sorrows.",I have not experienced many warm and trusting relationships with others.,Maintaining close relationships has been difficult and frustrating for me.,It is difficult for me to make friends,There have been times when I felt inferior to most of the people I knew.,How often do you feel sad?
"Emotional, Social","Depending on the type of question, I might have more emotional experiences than I do.",2,30,30,"In the past, I have not always had friends with whom I could share my joys and sorrows.",I have not experienced many warm and trusting relationships with others.,Maintaining close relationships has been difficult and frustrating for me.,It is difficult for me to make friends,There have been times when I felt inferior to most of the people I knew.,How often do you feel sad?
"Emotional, Social",I have been sad since childhood and have not experienced close and trusting relationships with anyone.,2,30,30,"In the past, I have not always had friends with whom I could share my joys and sorrows.",I have not experienced many warm and trusting relationships with others.,Maintaining close relationships has been difficult and frustrating for me.,It is difficult for me to make friends,There have been times when I felt inferior to most of the people I knew.,How often do you feel sad?
"Emotional, Social",I have a tendency to slack off and feel unfulfilled.,2,30,30,"In the past, I have not always had friends with whom I could share my joys and sorrows.",I have not experienced many warm and trusting relationships with others.,Maintaining close relationships has been difficult and frustrating for me.,It is difficult for me to make friends,There have been times when I felt inferior to most of the people I knew.,How often do you feel sad?
"Emotional, Social",I feel unappreciated and need to improve my coping strategies.,2,30,30,"In the past, I have not always had friends with whom I could share my joys and sorrows.",I have not experienced many warm and trusting relationships with others.,Maintaining close relationships has been difficult and frustrating for me.,It is difficult for me to make friends,There have been times when I felt inferior to most of the people I knew.,How often do you feel sad?
"Emotional, Social","I have been unwell, depressed, and sad for many years.",2,30,30,"In the past, I have not always had friends with whom I could share my joys and sorrows.",I have not experienced many warm and trusting relationships with others.,Maintaining close relationships has been difficult and frustrating for me.,It is difficult for me to make friends,There have been times when I felt inferior to most of the people I knew.,How often do you feel sad?
"Emotional, Social",I feel sad about being a teen and having not seen my parents since I was a child.,2,30,30,"In the past, I have not always had friends with whom I could share my joys and sorrows.",I have not experienced many warm and trusting relationships with others.,Maintaining close relationships has been difficult and frustrating for me.,It is difficult for me to make friends,There have been times when I felt inferior to most of the people I knew.,How often do you feel sad?
"Emotional, Social",I have not experienced good and strong relationships with others.,2,30,30,"In the past, I have not always had friends with whom I could share my joys and sorrows.",I have not experienced many warm and trusting relationships with others.,Maintaining close relationships has been difficult and frustrating for me.,It is difficult for me to make friends,There have been times when I felt inferior to most of the people I knew.,How often do you feel sad?
"Emotional, Social",My feelings of sadness have been the worst of all.,2,30,30,"In the past, I have not always had friends with whom I could share my joys and sorrows.",I have not experienced many warm and trusting relationships with others.,Maintaining close relationships has been difficult and frustrating for me.,It is difficult for me to make friends,There have been times when I felt inferior to most of the people I knew.,How often do you feel sad?
"Emotional, Social",I am anxious about my mood and feeling sad about my sadness and wanting to get away from it,2,30,30,"In the past, I have not always had friends with whom I could share my joys and sorrows.",I have not experienced many warm and trusting relationships with others.,Maintaining close relationships has been difficult and frustrating for me.,It is difficult for me to make friends,There have been times when I felt inferior to most of the people I knew.,How often do you feel sad?
"Emotional, Social",I am feeling upset about things that happen to me emotionally in the past.,2,30,30,"In the past, I have not always had friends with whom I could share my joys and sorrows.",I have not experienced many warm and trusting relationships with others.,Maintaining close relationships has been difficult and frustrating for me.,It is difficult for me to make friends,There have been times when I felt inferior to most of the people I knew.,How often do you feel sad?
"Emotional, Social",I have never experienced such strong and reliable relationships with others.,2,30,30,"In the past, I have not always had friends with whom I could share my joys and sorrows.",I have not experienced many warm and trusting relationships with others.,Maintaining close relationships has been difficult and frustrating for me.,It is difficult for me to make friends,There have been times when I felt inferior to most of the people I knew.,How often do you feel sad?
"Emotional, Social",I have not always felt good about my friends and relationships.,2,30,30,"In the past, I have not always had friends with whom I could share my joys and sorrows.",I have not experienced many warm and trusting relationships with others.,Maintaining close relationships has been difficult and frustrating for me.,It is difficult for me to make friends,There have been times when I felt inferior to most of the people I knew.,How often do you feel sad?
"Emotional, Social",I am very upset with myself because of my family history.,2,30,30,"In the past, I have not always had friends with whom I could share my joys and sorrows.",I have not experienced many warm and trusting relationships with others.,Maintaining close relationships has been difficult and frustrating for me.,It is difficult for me to make friends,There have been times when I felt inferior to most of the people I knew.,How often do you feel sad?
"Emotional, Social","I am happy to be alive, and I feel happy.",2,30,30,"In the past, I have not always had friends with whom I could share my joys and sorrows.",I have not experienced many warm and trusting relationships with others.,Maintaining close relationships has been difficult and frustrating for me.,It is difficult for me to make friends,There have been times when I felt inferior to most of the people I knew.,How often do you feel sad?
"Emotional, Social",I have been feeling sad a lot lately and it's hard to make friends with those I care about.,2,30,30,"In the past, I have not always had friends with whom I could share my joys and sorrows.",I have not experienced many warm and trusting relationships with others.,Maintaining close relationships has been difficult and frustrating for me.,It is difficult for me to make friends,There have been times when I felt inferior to most of the people I knew.,How often do you feel sad?
"Emotional, Social",I have not experienced a long-term relationship with people I trust.,2,30,30,"In the past, I have not always had friends with whom I could share my joys and sorrows.",I have not experienced many warm and trusting relationships with others.,Maintaining close relationships has been difficult and frustrating for me.,It is difficult for me to make friends,There have been times when I felt inferior to most of the people I knew.,How often do you feel sad?
"Emotional, Social",I feel alone because I don't feel connected to others.,2,30,30,"In the past, I have not always had friends with whom I could share my joys and sorrows.",I have not experienced many warm and trusting relationships with others.,Maintaining close relationships has been difficult and frustrating for me.,It is difficult for me to make friends,There have been times when I felt inferior to most of the people I knew.,How often do you feel sad?
"Emotional, Social",I have been feeling negative for the last several years.,2,30,30,"In the past, I have not always had friends with whom I could share my joys and sorrows.",I have not experienced many warm and trusting relationships with others.,Maintaining close relationships has been difficult and frustrating for me.,It is difficult for me to make friends,There have been times when I felt inferior to most of the people I knew.,How often do you feel sad?
"Emotional, Social",I am feeling very socially isolated and have not had close relationships in a long time.,2,30,30,"In the past, I have not always had friends with whom I could share my joys and sorrows.",I have not experienced many warm and trusting relationships with others.,Maintaining close relationships has been difficult and frustrating for me.,It is difficult for me to make friends,There have been times when I felt inferior to most of the people I knew.,How often do you feel sad?
"Emotional, Social",I feel sad about not being able to make friends.,2,30,30,"In the past, I have not always had friends with whom I could share my joys and sorrows.",I have not experienced many warm and trusting relationships with others.,Maintaining close relationships has been difficult and frustrating for me.,It is difficult for me to make friends,There have been times when I felt inferior to most of the people I knew.,How often do you feel sad?
"Emotional, Spiritual",I can cope with my emotions when they are overly negative.,2,30,30,"I am able to handle unpleasant or painful feelings like sadness, fear, and anger.",How often do you feel sad?,I think of myself as a strong person when dealing with life's challenges and difficulties.,How often do you feel angry?,I feel more at peace in spaces that are calm and familiar.,"In the past, I have not always had friends with whom I could share my joys and sorrows."
"Emotional, Spiritual",I am strong because of the experiences I have had.,2,30,30,"I am able to handle unpleasant or painful feelings like sadness, fear, and anger.",How often do you feel sad?,I think of myself as a strong person when dealing with life's challenges and difficulties.,How often do you feel angry?,I feel more at peace in spaces that are calm and familiar.,"In the past, I have not always had friends with whom I could share my joys and sorrows."
"Emotional, Spiritual",I am able to take stock of my mental health and be able to manage my emotions effectively during stressful situations.,2,30,30,"I am able to handle unpleasant or painful feelings like sadness, fear, and anger.",How often do you feel sad?,I think of myself as a strong person when dealing with life's challenges and difficulties.,How often do you feel angry?,I feel more at peace in spaces that are calm and familiar.,"In the past, I have not always had friends with whom I could share my joys and sorrows."
"Emotional, Spiritual",I am well aware of my emotions and are not a passive person.,2,30,30,"I am able to handle unpleasant or painful feelings like sadness, fear, and anger.",How often do you feel sad?,I think of myself as a strong person when dealing with life's challenges and difficulties.,How often do you feel angry?,I feel more at peace in spaces that are calm and familiar.,"In the past, I have not always had friends with whom I could share my joys and sorrows."
"Emotional, Spiritual",I am capable of managing my emotions effectively during stressful situations.,2,30,30,"I am able to handle unpleasant or painful feelings like sadness, fear, and anger.",How often do you feel sad?,I think of myself as a strong person when dealing with life's challenges and difficulties.,How often do you feel angry?,I feel more at peace in spaces that are calm and familiar.,"In the past, I have not always had friends with whom I could share my joys and sorrows."
"Emotional, Spiritual",I am able to deal with emotional and spiritual struggles successfully during stressful situations.,2,30,30,"I am able to handle unpleasant or painful feelings like sadness, fear, and anger.",How often do you feel sad?,I think of myself as a strong person when dealing with life's challenges and difficulties.,How often do you feel angry?,I feel more at peace in spaces that are calm and familiar.,"In the past, I have not always had friends with whom I could share my joys and sorrows."
"Emotional, Spiritual",I have a strong personality when facing life's challenges.,2,30,30,"I am able to handle unpleasant or painful feelings like sadness, fear, and anger.",How often do you feel sad?,I think of myself as a strong person when dealing with life's challenges and difficulties.,How often do you feel angry?,I feel more at peace in spaces that are calm and familiar.,"In the past, I have not always had friends with whom I could share my joys and sorrows."
"Emotional, Spiritual",My emotions are centered around my spirituality and self-love.,2,30,30,"I am able to handle unpleasant or painful feelings like sadness, fear, and anger.",How often do you feel sad?,I think of myself as a strong person when dealing with life's challenges and difficulties.,How often do you feel angry?,I feel more at peace in spaces that are calm and familiar.,"In the past, I have not always had friends with whom I could share my joys and sorrows."
"Emotional, Spiritual",I am able to maintain an environment of calm and familiarity.,2,30,30,"I am able to handle unpleasant or painful feelings like sadness, fear, and anger.",How often do you feel sad?,I think of myself as a strong person when dealing with life's challenges and difficulties.,How often do you feel angry?,I feel more at peace in spaces that are calm and familiar.,"In the past, I have not always had friends with whom I could share my joys and sorrows."
"Emotional, Spiritual",I am able to cope with unnecessarily negative and potentially unhealthy feelings.,2,30,30,"I am able to handle unpleasant or painful feelings like sadness, fear, and anger.",How often do you feel sad?,I think of myself as a strong person when dealing with life's challenges and difficulties.,How often do you feel angry?,I feel more at peace in spaces that are calm and familiar.,"In the past, I have not always had friends with whom I could share my joys and sorrows."
"Emotional, Spiritual",My moods have deteriorated since I have had a physical physical exam.,2,30,30,"I am able to handle unpleasant or painful feelings like sadness, fear, and anger.",How often do you feel sad?,I think of myself as a strong person when dealing with life's challenges and difficulties.,How often do you feel angry?,I feel more at peace in spaces that are calm and familiar.,"In the past, I have not always had friends with whom I could share my joys and sorrows."
"Emotional, Spiritual",I have a strong immune system and I am able to deal with stressful situations.,2,30,30,"I am able to handle unpleasant or painful feelings like sadness, fear, and anger.",How often do you feel sad?,I think of myself as a strong person when dealing with life's challenges and difficulties.,How often do you feel angry?,I feel more at peace in spaces that are calm and familiar.,"In the past, I have not always had friends with whom I could share my joys and sorrows."
"Emotional, Spiritual",My mental health levels are a positive reflection of my spiritual beliefs.,2,30,30,"I am able to handle unpleasant or painful feelings like sadness, fear, and anger.",How often do you feel sad?,I think of myself as a strong person when dealing with life's challenges and difficulties.,How often do you feel angry?,I feel more at peace in spaces that are calm and familiar.,"In the past, I have not always had friends with whom I could share my joys and sorrows."
"Emotional, Spiritual",I feel better when I'm out in the open.,2,30,30,"I am able to handle unpleasant or painful feelings like sadness, fear, and anger.",How often do you feel sad?,I think of myself as a strong person when dealing with life's challenges and difficulties.,How often do you feel angry?,I feel more at peace in spaces that are calm and familiar.,"In the past, I have not always had friends with whom I could share my joys and sorrows."
"Emotional, Spiritual",I am able to take time to care about my emotional health.,2,30,30,"I am able to handle unpleasant or painful feelings like sadness, fear, and anger.",How often do you feel sad?,I think of myself as a strong person when dealing with life's challenges and difficulties.,How often do you feel angry?,I feel more at peace in spaces that are calm and familiar.,"In the past, I have not always had friends with whom I could share my joys and sorrows."
"Emotional, Spiritual",I have a strong emotional perception when facing my challenges.,2,30,30,"I am able to handle unpleasant or painful feelings like sadness, fear, and anger.",How often do you feel sad?,I think of myself as a strong person when dealing with life's challenges and difficulties.,How often do you feel angry?,I feel more at peace in spaces that are calm and familiar.,"In the past, I have not always had friends with whom I could share my joys and sorrows."
"Emotional, Spiritual",I am able to cope with emotional and spiritual issues.,2,30,30,"I am able to handle unpleasant or painful feelings like sadness, fear, and anger.",How often do you feel sad?,I think of myself as a strong person when dealing with life's challenges and difficulties.,How often do you feel angry?,I feel more at peace in spaces that are calm and familiar.,"In the past, I have not always had friends with whom I could share my joys and sorrows."
"Emotional, Spiritual",I have been to a psychiatrist and I am not the one to treat my emotions.,2,30,30,"I am able to handle unpleasant or painful feelings like sadness, fear, and anger.",How often do you feel sad?,I think of myself as a strong person when dealing with life's challenges and difficulties.,How often do you feel angry?,I feel more at peace in spaces that are calm and familiar.,"In the past, I have not always had friends with whom I could share my joys and sorrows."
"Emotional, Spiritual",I feel more at peace when dealing with life's challenges and difficulties.,2,30,30,"I am able to handle unpleasant or painful feelings like sadness, fear, and anger.",How often do you feel sad?,I think of myself as a strong person when dealing with life's challenges and difficulties.,How often do you feel angry?,I feel more at peace in spaces that are calm and familiar.,"In the past, I have not always had friends with whom I could share my joys and sorrows."
"Emotional, Spiritual",I am happy and happy to be in the company of others and have people to take care of me.,2,30,30,"I am able to handle unpleasant or painful feelings like sadness, fear, and anger.",How often do you feel sad?,I think of myself as a strong person when dealing with life's challenges and difficulties.,How often do you feel angry?,I feel more at peace in spaces that are calm and familiar.,"In the past, I have not always had friends with whom I could share my joys and sorrows."
"Emotional, Spiritual",I am capable of managing emotional and spiritual issues and feelings.,2,30,30,"I am able to handle unpleasant or painful feelings like sadness, fear, and anger.",How often do you feel sad?,I think of myself as a strong person when dealing with life's challenges and difficulties.,How often do you feel angry?,I feel more at peace in spaces that are calm and familiar.,"In the past, I have not always had friends with whom I could share my joys and sorrows."
"Emotional, Spiritual",My feelings of sadness and anger are a strong influence on my mental health.,2,30,30,"I am able to handle unpleasant or painful feelings like sadness, fear, and anger.",How often do you feel sad?,I think of myself as a strong person when dealing with life's challenges and difficulties.,How often do you feel angry?,I feel more at peace in spaces that are calm and familiar.,"In the past, I have not always had friends with whom I could share my joys and sorrows."
"Emotional, Spiritual",I can identify my emotions in the present and then control them.,2,30,30,"I am able to handle unpleasant or painful feelings like sadness, fear, and anger.",How often do you feel sad?,I think of myself as a strong person when dealing with life's challenges and difficulties.,How often do you feel angry?,I feel more at peace in spaces that are calm and familiar.,"In the past, I have not always had friends with whom I could share my joys and sorrows."
"Emotional, Spiritual",I like to listen to other people's thoughts and feelings.,2,30,30,"I am able to handle unpleasant or painful feelings like sadness, fear, and anger.",How often do you feel sad?,I think of myself as a strong person when dealing with life's challenges and difficulties.,How often do you feel angry?,I feel more at peace in spaces that are calm and familiar.,"In the past, I have not always had friends with whom I could share my joys and sorrows."
"Emotional, Spiritual",I am very excited to have an emotional self-report.,2,30,30,"I am able to handle unpleasant or painful feelings like sadness, fear, and anger.",How often do you feel sad?,I think of myself as a strong person when dealing with life's challenges and difficulties.,How often do you feel angry?,I feel more at peace in spaces that are calm and familiar.,"In the past, I have not always had friends with whom I could share my joys and sorrows."
"Emotional, Spiritual",I feel better when my emotional and spiritual feelings are centered on positive thoughts.,2,30,30,"I am able to handle unpleasant or painful feelings like sadness, fear, and anger.",How often do you feel sad?,I think of myself as a strong person when dealing with life's challenges and difficulties.,How often do you feel angry?,I feel more at peace in spaces that are calm and familiar.,"In the past, I have not always had friends with whom I could share my joys and sorrows."
"Emotional, Spiritual",I can deal with the fear of loss and anxiety.,2,30,30,"I am able to handle unpleasant or painful feelings like sadness, fear, and anger.",How often do you feel sad?,I think of myself as a strong person when dealing with life's challenges and difficulties.,How often do you feel angry?,I feel more at peace in spaces that are calm and familiar.,"In the past, I have not always had friends with whom I could share my joys and sorrows."
"Emotional, Spiritual","I have had a difficult time in the past, with bad times.",2,30,30,"I am able to handle unpleasant or painful feelings like sadness, fear, and anger.",How often do you feel sad?,I think of myself as a strong person when dealing with life's challenges and difficulties.,How often do you feel angry?,I feel more at peace in spaces that are calm and familiar.,"In the past, I have not always had friends with whom I could share my joys and sorrows."
"Emotional, Spiritual",My mental health status has improved over the past year.,2,30,30,"I am able to handle unpleasant or painful feelings like sadness, fear, and anger.",How often do you feel sad?,I think of myself as a strong person when dealing with life's challenges and difficulties.,How often do you feel angry?,I feel more at peace in spaces that are calm and familiar.,"In the past, I have not always had friends with whom I could share my joys and sorrows."
"Emotional, Spiritual",I often feel angry and sad because of my lack of friends.,2,30,30,"I am able to handle unpleasant or painful feelings like sadness, fear, and anger.",How often do you feel sad?,I think of myself as a strong person when dealing with life's challenges and difficulties.,How often do you feel angry?,I feel more at peace in spaces that are calm and familiar.,"In the past, I have not always had friends with whom I could share my joys and sorrows."
"Environmental, Financial",I am not able to afford the family I have.,2,30,30,Unexpected expenses create stress for me.,Money concerns interfere with my peace of mind.,"During the past month, how often have you had trouble sleeping because you have to get up to use the bathroom?",I have access to spaces where I can rest and recharge.,"During the past month, how often have you had trouble sleeping because you cannot breathe comfortably?",I have one close and secure relationship.
"Environmental, Financial",My mental health has been deteriorating for the past month.,2,30,30,Unexpected expenses create stress for me.,Money concerns interfere with my peace of mind.,"During the past month, how often have you had trouble sleeping because you have to get up to use the bathroom?",I have access to spaces where I can rest and recharge.,"During the past month, how often have you had trouble sleeping because you cannot breathe comfortably?",I have one close and secure relationship.
"Environmental, Financial","The first two self-report items, ""I have a strong immune system,"" describe personal feelings, behaviors, or tendencies.",2,30,30,Unexpected expenses create stress for me.,Money concerns interfere with my peace of mind.,"During the past month, how often have you had trouble sleeping because you have to get up to use the bathroom?",I have access to spaces where I can rest and recharge.,"During the past month, how often have you had trouble sleeping because you cannot breathe comfortably?",I have one close and secure relationship.
"Environmental, Financial",I have had difficulties sleeping because I cannot breathe comfortably.,2,30,30,Unexpected expenses create stress for me.,Money concerns interfere with my peace of mind.,"During the past month, how often have you had trouble sleeping because you have to get up to use the bathroom?",I have access to spaces where I can rest and recharge.,"During the past month, how often have you had trouble sleeping because you cannot breathe comfortably?",I have one close and secure relationship.
"Environmental, Financial",I was spending a lot of money on a new house.,2,30,30,Unexpected expenses create stress for me.,Money concerns interfere with my peace of mind.,"During the past month, how often have you had trouble sleeping because you have to get up to use the bathroom?",I have access to spaces where I can rest and recharge.,"During the past month, how often have you had trouble sleeping because you cannot breathe comfortably?",I have one close and secure relationship.
"Environmental, Financial","My depression and anxiety have contributed to my health problems, as well as my desire to continue using alcohol.",2,30,30,Unexpected expenses create stress for me.,Money concerns interfere with my peace of mind.,"During the past month, how often have you had trouble sleeping because you have to get up to use the bathroom?",I have access to spaces where I can rest and recharge.,"During the past month, how often have you had trouble sleeping because you cannot breathe comfortably?",I have one close and secure relationship.
"Environmental, Financial",You have been having a problem sleeping over the last month.,2,30,30,Unexpected expenses create stress for me.,Money concerns interfere with my peace of mind.,"During the past month, how often have you had trouble sleeping because you have to get up to use the bathroom?",I have access to spaces where I can rest and recharge.,"During the past month, how often have you had trouble sleeping because you cannot breathe comfortably?",I have one close and secure relationship.
"Environmental, Financial",I have been feeling self-centered since I was a child.,2,30,30,Unexpected expenses create stress for me.,Money concerns interfere with my peace of mind.,"During the past month, how often have you had trouble sleeping because you have to get up to use the bathroom?",I have access to spaces where I can rest and recharge.,"During the past month, how often have you had trouble sleeping because you cannot breathe comfortably?",I have one close and secure relationship.
"Environmental, Financial",I have difficulty with concentrating and managing my emotions during stressful situations.,2,30,30,Unexpected expenses create stress for me.,Money concerns interfere with my peace of mind.,"During the past month, how often have you had trouble sleeping because you have to get up to use the bathroom?",I have access to spaces where I can rest and recharge.,"During the past month, how often have you had trouble sleeping because you cannot breathe comfortably?",I have one close and secure relationship.
"Environmental, Financial","I was stressed out by my own feelings, behaviors, or tendencies.",2,30,30,Unexpected expenses create stress for me.,Money concerns interfere with my peace of mind.,"During the past month, how often have you had trouble sleeping because you have to get up to use the bathroom?",I have access to spaces where I can rest and recharge.,"During the past month, how often have you had trouble sleeping because you cannot breathe comfortably?",I have one close and secure relationship.
"Environmental, Financial",I was at home with the family a couple weeks ago.,2,30,30,Unexpected expenses create stress for me.,Money concerns interfere with my peace of mind.,"During the past month, how often have you had trouble sleeping because you have to get up to use the bathroom?",I have access to spaces where I can rest and recharge.,"During the past month, how often have you had trouble sleeping because you cannot breathe comfortably?",I have one close and secure relationship.
"Environmental, Financial",I feel stress at home and the food I don't eat is expensive.,2,30,30,Unexpected expenses create stress for me.,Money concerns interfere with my peace of mind.,"During the past month, how often have you had trouble sleeping because you have to get up to use the bathroom?",I have access to spaces where I can rest and recharge.,"During the past month, how often have you had trouble sleeping because you cannot breathe comfortably?",I have one close and secure relationship.
"Environmental, Financial",I feel stressed out by the situation and therefore can't breathe.,2,30,30,Unexpected expenses create stress for me.,Money concerns interfere with my peace of mind.,"During the past month, how often have you had trouble sleeping because you have to get up to use the bathroom?",I have access to spaces where I can rest and recharge.,"During the past month, how often have you had trouble sleeping because you cannot breathe comfortably?",I have one close and secure relationship.
"Environmental, Financial",I have difficulty sleeping because I have to get up to use the bathroom?,2,30,30,Unexpected expenses create stress for me.,Money concerns interfere with my peace of mind.,"During the past month, how often have you had trouble sleeping because you have to get up to use the bathroom?",I have access to spaces where I can rest and recharge.,"During the past month, how often have you had trouble sleeping because you cannot breathe comfortably?",I have one close and secure relationship.
"Environmental, Financial",I have been using my brain for a few weeks and I am able to concentrate on my own goals.,2,30,30,Unexpected expenses create stress for me.,Money concerns interfere with my peace of mind.,"During the past month, how often have you had trouble sleeping because you have to get up to use the bathroom?",I have access to spaces where I can rest and recharge.,"During the past month, how often have you had trouble sleeping because you cannot breathe comfortably?",I have one close and secure relationship.
"Environmental, Financial",I am grateful to family and friends who gave me support.,2,30,30,Unexpected expenses create stress for me.,Money concerns interfere with my peace of mind.,"During the past month, how often have you had trouble sleeping because you have to get up to use the bathroom?",I have access to spaces where I can rest and recharge.,"During the past month, how often have you had trouble sleeping because you cannot breathe comfortably?",I have one close and secure relationship.
"Environmental, Financial",My family is a concern and my finances are very high.,2,30,30,Unexpected expenses create stress for me.,Money concerns interfere with my peace of mind.,"During the past month, how often have you had trouble sleeping because you have to get up to use the bathroom?",I have access to spaces where I can rest and recharge.,"During the past month, how often have you had trouble sleeping because you cannot breathe comfortably?",I have one close and secure relationship.
"Environmental, Financial",I've had problems sleeping because I cannot breathe comfortably.,2,30,30,Unexpected expenses create stress for me.,Money concerns interfere with my peace of mind.,"During the past month, how often have you had trouble sleeping because you have to get up to use the bathroom?",I have access to spaces where I can rest and recharge.,"During the past month, how often have you had trouble sleeping because you cannot breathe comfortably?",I have one close and secure relationship.
"Environmental, Financial",I often have to use the bathroom and have to make the most of the time available.,2,30,30,Unexpected expenses create stress for me.,Money concerns interfere with my peace of mind.,"During the past month, how often have you had trouble sleeping because you have to get up to use the bathroom?",I have access to spaces where I can rest and recharge.,"During the past month, how often have you had trouble sleeping because you cannot breathe comfortably?",I have one close and secure relationship.
"Environmental, Financial",I feel stressed because I must work on my mind at night.,2,30,30,Unexpected expenses create stress for me.,Money concerns interfere with my peace of mind.,"During the past month, how often have you had trouble sleeping because you have to get up to use the bathroom?",I have access to spaces where I can rest and recharge.,"During the past month, how often have you had trouble sleeping because you cannot breathe comfortably?",I have one close and secure relationship.
"Environmental, Financial",I've never had trouble sleeping because you cannot breathe comfortably.,2,30,30,Unexpected expenses create stress for me.,Money concerns interfere with my peace of mind.,"During the past month, how often have you had trouble sleeping because you have to get up to use the bathroom?",I have access to spaces where I can rest and recharge.,"During the past month, how often have you had trouble sleeping because you cannot breathe comfortably?",I have one close and secure relationship.
"Environmental, Financial","I am experiencing the following issues: financial stress, mental health and other psychological issues - a psychological self-report.",2,30,30,Unexpected expenses create stress for me.,Money concerns interfere with my peace of mind.,"During the past month, how often have you had trouble sleeping because you have to get up to use the bathroom?",I have access to spaces where I can rest and recharge.,"During the past month, how often have you had trouble sleeping because you cannot breathe comfortably?",I have one close and secure relationship.
"Environmental, Financial",My parents say I have always been in an unhealthy state of mind.,2,30,30,Unexpected expenses create stress for me.,Money concerns interfere with my peace of mind.,"During the past month, how often have you had trouble sleeping because you have to get up to use the bathroom?",I have access to spaces where I can rest and recharge.,"During the past month, how often have you had trouble sleeping because you cannot breathe comfortably?",I have one close and secure relationship.
"Environmental, Financial",I often have trouble sleeping because I cannot breathe comfortably.,2,30,30,Unexpected expenses create stress for me.,Money concerns interfere with my peace of mind.,"During the past month, how often have you had trouble sleeping because you have to get up to use the bathroom?",I have access to spaces where I can rest and recharge.,"During the past month, how often have you had trouble sleeping because you cannot breathe comfortably?",I have one close and secure relationship.
"Environmental, Financial",I have an ability to find healthy ways to spend my time.,2,30,30,Unexpected expenses create stress for me.,Money concerns interfere with my peace of mind.,"During the past month, how often have you had trouble sleeping because you have to get up to use the bathroom?",I have access to spaces where I can rest and recharge.,"During the past month, how often have you had trouble sleeping because you cannot breathe comfortably?",I have one close and secure relationship.
"Environmental, Financial",I am likely to spend more time in my home.,2,30,30,Unexpected expenses create stress for me.,Money concerns interfere with my peace of mind.,"During the past month, how often have you had trouble sleeping because you have to get up to use the bathroom?",I have access to spaces where I can rest and recharge.,"During the past month, how often have you had trouble sleeping because you cannot breathe comfortably?",I have one close and secure relationship.
"Environmental, Financial",I have some difficulty managing my emotions during stressful situations.,2,30,30,Unexpected expenses create stress for me.,Money concerns interfere with my peace of mind.,"During the past month, how often have you had trouble sleeping because you have to get up to use the bathroom?",I have access to spaces where I can rest and recharge.,"During the past month, how often have you had trouble sleeping because you cannot breathe comfortably?",I have one close and secure relationship.
"Environmental, Financial",I have a relationship with a close and secure person.,2,30,30,Unexpected expenses create stress for me.,Money concerns interfere with my peace of mind.,"During the past month, how often have you had trouble sleeping because you have to get up to use the bathroom?",I have access to spaces where I can rest and recharge.,"During the past month, how often have you had trouble sleeping because you cannot breathe comfortably?",I have one close and secure relationship.
"Environmental, Financial",I have a very difficult time sleeping because I cannot breathe comfortably.,2,30,30,Unexpected expenses create stress for me.,Money concerns interfere with my peace of mind.,"During the past month, how often have you had trouble sleeping because you have to get up to use the bathroom?",I have access to spaces where I can rest and recharge.,"During the past month, how often have you had trouble sleeping because you cannot breathe comfortably?",I have one close and secure relationship.
"Environmental, Financial",I have a good understanding of how my health affects my finances.,2,30,30,Unexpected expenses create stress for me.,Money concerns interfere with my peace of mind.,"During the past month, how often have you had trouble sleeping because you have to get up to use the bathroom?",I have access to spaces where I can rest and recharge.,"During the past month, how often have you had trouble sleeping because you cannot breathe comfortably?",I have one close and secure relationship.
"Environmental, Intellectual",I feel at ease when my home is clean and organized.,2,30,30,Noise or clutter in my environment makes it harder for me to relax.,I feel more at ease when my living space is clean and organized.,I feel more at peace in spaces that are calm and familiar.,I avoid activities which require me to concentrate.,I will always seek out activities that challenge me to think and reason.,My surroundings help me feel calm and settled.
"Environmental, Intellectual",I feel more at ease and less afraid when I feel lonely.,2,30,30,Noise or clutter in my environment makes it harder for me to relax.,I feel more at ease when my living space is clean and organized.,I feel more at peace in spaces that are calm and familiar.,I avoid activities which require me to concentrate.,I will always seek out activities that challenge me to think and reason.,My surroundings help me feel calm and settled.
"Environmental, Intellectual",I have more feelings and behaviors than I have thoughts and feelings.,2,30,30,Noise or clutter in my environment makes it harder for me to relax.,I feel more at ease when my living space is clean and organized.,I feel more at peace in spaces that are calm and familiar.,I avoid activities which require me to concentrate.,I will always seek out activities that challenge me to think and reason.,My surroundings help me feel calm and settled.
"Environmental, Intellectual",I have the most mental health problems in my life.,2,30,30,Noise or clutter in my environment makes it harder for me to relax.,I feel more at ease when my living space is clean and organized.,I feel more at peace in spaces that are calm and familiar.,I avoid activities which require me to concentrate.,I will always seek out activities that challenge me to think and reason.,My surroundings help me feel calm and settled.
"Environmental, Intellectual",I feel less stressed when I go to bed early.,2,30,30,Noise or clutter in my environment makes it harder for me to relax.,I feel more at ease when my living space is clean and organized.,I feel more at peace in spaces that are calm and familiar.,I avoid activities which require me to concentrate.,I will always seek out activities that challenge me to think and reason.,My surroundings help me feel calm and settled.
"Environmental, Intellectual",I find it easier for me to relax when my living space is clean and organized.,2,30,30,Noise or clutter in my environment makes it harder for me to relax.,I feel more at ease when my living space is clean and organized.,I feel more at peace in spaces that are calm and familiar.,I avoid activities which require me to concentrate.,I will always seek out activities that challenge me to think and reason.,My surroundings help me feel calm and settled.
"Environmental, Intellectual",I find it easier to get rest and relax in my surroundings.,2,30,30,Noise or clutter in my environment makes it harder for me to relax.,I feel more at ease when my living space is clean and organized.,I feel more at peace in spaces that are calm and familiar.,I avoid activities which require me to concentrate.,I will always seek out activities that challenge me to think and reason.,My surroundings help me feel calm and settled.
"Environmental, Intellectual",I am more at peace in my surroundings when I am in a calm and familiar environment.,2,30,30,Noise or clutter in my environment makes it harder for me to relax.,I feel more at ease when my living space is clean and organized.,I feel more at peace in spaces that are calm and familiar.,I avoid activities which require me to concentrate.,I will always seek out activities that challenge me to think and reason.,My surroundings help me feel calm and settled.
"Environmental, Intellectual",I can deal with stress better when I have the right environment.,2,30,30,Noise or clutter in my environment makes it harder for me to relax.,I feel more at ease when my living space is clean and organized.,I feel more at peace in spaces that are calm and familiar.,I avoid activities which require me to concentrate.,I will always seek out activities that challenge me to think and reason.,My surroundings help me feel calm and settled.
"Environmental, Intellectual",I am more relaxed when my living space is clean and organized.,2,30,30,Noise or clutter in my environment makes it harder for me to relax.,I feel more at ease when my living space is clean and organized.,I feel more at peace in spaces that are calm and familiar.,I avoid activities which require me to concentrate.,I will always seek out activities that challenge me to think and reason.,My surroundings help me feel calm and settled.
"Environmental, Intellectual",I don't feel like I am relaxing because I have been depressed and worried.,2,30,30,Noise or clutter in my environment makes it harder for me to relax.,I feel more at ease when my living space is clean and organized.,I feel more at peace in spaces that are calm and familiar.,I avoid activities which require me to concentrate.,I will always seek out activities that challenge me to think and reason.,My surroundings help me feel calm and settled.
"Environmental, Intellectual",I find it easier to relax in my living space.,2,30,30,Noise or clutter in my environment makes it harder for me to relax.,I feel more at ease when my living space is clean and organized.,I feel more at peace in spaces that are calm and familiar.,I avoid activities which require me to concentrate.,I will always seek out activities that challenge me to think and reason.,My surroundings help me feel calm and settled.
"Environmental, Intellectual",I can relax when I have nothing to worry about.,2,30,30,Noise or clutter in my environment makes it harder for me to relax.,I feel more at ease when my living space is clean and organized.,I feel more at peace in spaces that are calm and familiar.,I avoid activities which require me to concentrate.,I will always seek out activities that challenge me to think and reason.,My surroundings help me feel calm and settled.
"Environmental, Intellectual",I enjoy activities which challenge me to think and reason.,2,30,30,Noise or clutter in my environment makes it harder for me to relax.,I feel more at ease when my living space is clean and organized.,I feel more at peace in spaces that are calm and familiar.,I avoid activities which require me to concentrate.,I will always seek out activities that challenge me to think and reason.,My surroundings help me feel calm and settled.
"Environmental, Intellectual",I enjoy activities which challenge my thinking and reasoning abilities.,2,30,30,Noise or clutter in my environment makes it harder for me to relax.,I feel more at ease when my living space is clean and organized.,I feel more at peace in spaces that are calm and familiar.,I avoid activities which require me to concentrate.,I will always seek out activities that challenge me to think and reason.,My surroundings help me feel calm and settled.
"Environmental, Intellectual",I find it difficult to relax when my environment is clean and organized.,2,30,30,Noise or clutter in my environment makes it harder for me to relax.,I feel more at ease when my living space is clean and organized.,I feel more at peace in spaces that are calm and familiar.,I avoid activities which require me to concentrate.,I will always seek out activities that challenge me to think and reason.,My surroundings help me feel calm and settled.
"Environmental, Intellectual",I feel more relaxed in my surroundings than I will ever be in another environment.,2,30,30,Noise or clutter in my environment makes it harder for me to relax.,I feel more at ease when my living space is clean and organized.,I feel more at peace in spaces that are calm and familiar.,I avoid activities which require me to concentrate.,I will always seek out activities that challenge me to think and reason.,My surroundings help me feel calm and settled.
"Environmental, Intellectual",I feel a sense of calmness after my environment gets a little stressful.,2,30,30,Noise or clutter in my environment makes it harder for me to relax.,I feel more at ease when my living space is clean and organized.,I feel more at peace in spaces that are calm and familiar.,I avoid activities which require me to concentrate.,I will always seek out activities that challenge me to think and reason.,My surroundings help me feel calm and settled.
"Environmental, Intellectual",I do not like things that require me to concentrate.,2,30,30,Noise or clutter in my environment makes it harder for me to relax.,I feel more at ease when my living space is clean and organized.,I feel more at peace in spaces that are calm and familiar.,I avoid activities which require me to concentrate.,I will always seek out activities that challenge me to think and reason.,My surroundings help me feel calm and settled.
"Environmental, Intellectual",I have a sense of well-being and a sense of well-being.,2,30,30,Noise or clutter in my environment makes it harder for me to relax.,I feel more at ease when my living space is clean and organized.,I feel more at peace in spaces that are calm and familiar.,I avoid activities which require me to concentrate.,I will always seek out activities that challenge me to think and reason.,My surroundings help me feel calm and settled.
"Environmental, Intellectual",I feel more at ease in my surroundings that are calm and familiar.,2,30,30,Noise or clutter in my environment makes it harder for me to relax.,I feel more at ease when my living space is clean and organized.,I feel more at peace in spaces that are calm and familiar.,I avoid activities which require me to concentrate.,I will always seek out activities that challenge me to think and reason.,My surroundings help me feel calm and settled.
"Environmental, Intellectual",I find that activities which require me to concentrate make it harder for me to relax.,2,30,30,Noise or clutter in my environment makes it harder for me to relax.,I feel more at ease when my living space is clean and organized.,I feel more at peace in spaces that are calm and familiar.,I avoid activities which require me to concentrate.,I will always seek out activities that challenge me to think and reason.,My surroundings help me feel calm and settled.
"Environmental, Intellectual",I have mood swings and anxiety and I can feel less at ease in environments which are calm and familiar.,2,30,30,Noise or clutter in my environment makes it harder for me to relax.,I feel more at ease when my living space is clean and organized.,I feel more at peace in spaces that are calm and familiar.,I avoid activities which require me to concentrate.,I will always seek out activities that challenge me to think and reason.,My surroundings help me feel calm and settled.
"Environmental, Intellectual",I have good moods and feel more at ease in my living space.,2,30,30,Noise or clutter in my environment makes it harder for me to relax.,I feel more at ease when my living space is clean and organized.,I feel more at peace in spaces that are calm and familiar.,I avoid activities which require me to concentrate.,I will always seek out activities that challenge me to think and reason.,My surroundings help me feel calm and settled.
"Environmental, Intellectual",I feel more comfortable being in a clean and organized environment.,2,30,30,Noise or clutter in my environment makes it harder for me to relax.,I feel more at ease when my living space is clean and organized.,I feel more at peace in spaces that are calm and familiar.,I avoid activities which require me to concentrate.,I will always seek out activities that challenge me to think and reason.,My surroundings help me feel calm and settled.
"Environmental, Intellectual",I don't like to do activities that cause me to think and reason.,2,30,30,Noise or clutter in my environment makes it harder for me to relax.,I feel more at ease when my living space is clean and organized.,I feel more at peace in spaces that are calm and familiar.,I avoid activities which require me to concentrate.,I will always seek out activities that challenge me to think and reason.,My surroundings help me feel calm and settled.
"Environmental, Intellectual","I enjoy living in a clean, neat and organized home.",2,30,30,Noise or clutter in my environment makes it harder for me to relax.,I feel more at ease when my living space is clean and organized.,I feel more at peace in spaces that are calm and familiar.,I avoid activities which require me to concentrate.,I will always seek out activities that challenge me to think and reason.,My surroundings help me feel calm and settled.
"Environmental, Intellectual",I am less likely to relax in the evenings or the mornings.,2,30,30,Noise or clutter in my environment makes it harder for me to relax.,I feel more at ease when my living space is clean and organized.,I feel more at peace in spaces that are calm and familiar.,I avoid activities which require me to concentrate.,I will always seek out activities that challenge me to think and reason.,My surroundings help me feel calm and settled.
"Environmental, Intellectual",I feel more at ease in my surroundings which challenge me to think and reason.,2,30,30,Noise or clutter in my environment makes it harder for me to relax.,I feel more at ease when my living space is clean and organized.,I feel more at peace in spaces that are calm and familiar.,I avoid activities which require me to concentrate.,I will always seek out activities that challenge me to think and reason.,My surroundings help me feel calm and settled.
"Environmental, Intellectual",I use less than the recommended amount of self-report time.,2,30,30,Noise or clutter in my environment makes it harder for me to relax.,I feel more at ease when my living space is clean and organized.,I feel more at peace in spaces that are calm and familiar.,I avoid activities which require me to concentrate.,I will always seek out activities that challenge me to think and reason.,My surroundings help me feel calm and settled.
"Environmental, Occupational",My environment does a good job of protecting me from stress.,2,30,30,My environment makes it easier for me to take care of myself.,Noise or clutter in my environment makes it harder for me to relax.,I feel more comfortable when my surroundings match my needs.,I feel more at ease when my living space is clean and organized.,The condition of my surroundings affects my mood.,My everyday environment supports my overall well-being.
"Environmental, Occupational",My home environment has a negative impact on my mood and mood.,2,30,30,My environment makes it easier for me to take care of myself.,Noise or clutter in my environment makes it harder for me to relax.,I feel more comfortable when my surroundings match my needs.,I feel more at ease when my living space is clean and organized.,The condition of my surroundings affects my mood.,My everyday environment supports my overall well-being.
"Environmental, Occupational",My environment has an effect on my mood and happiness.,2,30,30,My environment makes it easier for me to take care of myself.,Noise or clutter in my environment makes it harder for me to relax.,I feel more comfortable when my surroundings match my needs.,I feel more at ease when my living space is clean and organized.,The condition of my surroundings affects my mood.,My everyday environment supports my overall well-being.
"Environmental, Occupational",My environment is the most important element of my wellbeing.,2,30,30,My environment makes it easier for me to take care of myself.,Noise or clutter in my environment makes it harder for me to relax.,I feel more comfortable when my surroundings match my needs.,I feel more at ease when my living space is clean and organized.,The condition of my surroundings affects my mood.,My everyday environment supports my overall well-being.
"Environmental, Occupational",My environment has changed dramatically over the past few years.,2,30,30,My environment makes it easier for me to take care of myself.,Noise or clutter in my environment makes it harder for me to relax.,I feel more comfortable when my surroundings match my needs.,I feel more at ease when my living space is clean and organized.,The condition of my surroundings affects my mood.,My everyday environment supports my overall well-being.
"Environmental, Occupational",I feel more comfortable and more calm in my environment.,2,30,30,My environment makes it easier for me to take care of myself.,Noise or clutter in my environment makes it harder for me to relax.,I feel more comfortable when my surroundings match my needs.,I feel more at ease when my living space is clean and organized.,The condition of my surroundings affects my mood.,My everyday environment supports my overall well-being.
"Environmental, Occupational",My living environment plays a key role in my wellbeing.,2,30,30,My environment makes it easier for me to take care of myself.,Noise or clutter in my environment makes it harder for me to relax.,I feel more comfortable when my surroundings match my needs.,I feel more at ease when my living space is clean and organized.,The condition of my surroundings affects my mood.,My everyday environment supports my overall well-being.
"Environmental, Occupational",I find it easier to take care of myself in a healthy environment.,2,30,30,My environment makes it easier for me to take care of myself.,Noise or clutter in my environment makes it harder for me to relax.,I feel more comfortable when my surroundings match my needs.,I feel more at ease when my living space is clean and organized.,The condition of my surroundings affects my mood.,My everyday environment supports my overall well-being.
"Environmental, Occupational",My surroundings are an important part of my well-being.,2,30,30,My environment makes it easier for me to take care of myself.,Noise or clutter in my environment makes it harder for me to relax.,I feel more comfortable when my surroundings match my needs.,I feel more at ease when my living space is clean and organized.,The condition of my surroundings affects my mood.,My everyday environment supports my overall well-being.
"Environmental, Occupational",I am in the mood to be in my own environment.,2,30,30,My environment makes it easier for me to take care of myself.,Noise or clutter in my environment makes it harder for me to relax.,I feel more comfortable when my surroundings match my needs.,I feel more at ease when my living space is clean and organized.,The condition of my surroundings affects my mood.,My everyday environment supports my overall well-being.
"Environmental, Occupational","I do not like my environment for many reasons, including noise or clutter",2,30,30,My environment makes it easier for me to take care of myself.,Noise or clutter in my environment makes it harder for me to relax.,I feel more comfortable when my surroundings match my needs.,I feel more at ease when my living space is clean and organized.,The condition of my surroundings affects my mood.,My everyday environment supports my overall well-being.
"Environmental, Occupational",I feel better when my environment supports my overall well-being.,2,30,30,My environment makes it easier for me to take care of myself.,Noise or clutter in my environment makes it harder for me to relax.,I feel more comfortable when my surroundings match my needs.,I feel more at ease when my living space is clean and organized.,The condition of my surroundings affects my mood.,My everyday environment supports my overall well-being.
"Environmental, Occupational",My environment plays a huge role in my overall health.,2,30,30,My environment makes it easier for me to take care of myself.,Noise or clutter in my environment makes it harder for me to relax.,I feel more comfortable when my surroundings match my needs.,I feel more at ease when my living space is clean and organized.,The condition of my surroundings affects my mood.,My everyday environment supports my overall well-being.
"Environmental, Occupational",My surroundings help me to feel more comfortable and relaxed.,2,30,30,My environment makes it easier for me to take care of myself.,Noise or clutter in my environment makes it harder for me to relax.,I feel more comfortable when my surroundings match my needs.,I feel more at ease when my living space is clean and organized.,The condition of my surroundings affects my mood.,My everyday environment supports my overall well-being.
"Environmental, Occupational","My environment is a good place to spend a quiet, comfortable day.",2,30,30,My environment makes it easier for me to take care of myself.,Noise or clutter in my environment makes it harder for me to relax.,I feel more comfortable when my surroundings match my needs.,I feel more at ease when my living space is clean and organized.,The condition of my surroundings affects my mood.,My everyday environment supports my overall well-being.
"Environmental, Occupational",I have improved my mental health by improving my environment.,2,30,30,My environment makes it easier for me to take care of myself.,Noise or clutter in my environment makes it harder for me to relax.,I feel more comfortable when my surroundings match my needs.,I feel more at ease when my living space is clean and organized.,The condition of my surroundings affects my mood.,My everyday environment supports my overall well-being.
"Environmental, Occupational",My environment plays a vital role in my overall well-being.,2,30,30,My environment makes it easier for me to take care of myself.,Noise or clutter in my environment makes it harder for me to relax.,I feel more comfortable when my surroundings match my needs.,I feel more at ease when my living space is clean and organized.,The condition of my surroundings affects my mood.,My everyday environment supports my overall well-being.
"Environmental, Occupational",I enjoy the fact that my surroundings are beautiful and I get to take care of myself.,2,30,30,My environment makes it easier for me to take care of myself.,Noise or clutter in my environment makes it harder for me to relax.,I feel more comfortable when my surroundings match my needs.,I feel more at ease when my living space is clean and organized.,The condition of my surroundings affects my mood.,My everyday environment supports my overall well-being.
"Environmental, Occupational",My environment plays an important part in my overall well-being.,2,30,30,My environment makes it easier for me to take care of myself.,Noise or clutter in my environment makes it harder for me to relax.,I feel more comfortable when my surroundings match my needs.,I feel more at ease when my living space is clean and organized.,The condition of my surroundings affects my mood.,My everyday environment supports my overall well-being.
"Environmental, Occupational",I want my environment to be comfortable and I can take care of myself.,2,30,30,My environment makes it easier for me to take care of myself.,Noise or clutter in my environment makes it harder for me to relax.,I feel more comfortable when my surroundings match my needs.,I feel more at ease when my living space is clean and organized.,The condition of my surroundings affects my mood.,My everyday environment supports my overall well-being.
"Environmental, Occupational",My environment is a good source of stimulent and support.,2,30,30,My environment makes it easier for me to take care of myself.,Noise or clutter in my environment makes it harder for me to relax.,I feel more comfortable when my surroundings match my needs.,I feel more at ease when my living space is clean and organized.,The condition of my surroundings affects my mood.,My everyday environment supports my overall well-being.
"Environmental, Occupational",I want my living space to be clean and organized.,2,30,30,My environment makes it easier for me to take care of myself.,Noise or clutter in my environment makes it harder for me to relax.,I feel more comfortable when my surroundings match my needs.,I feel more at ease when my living space is clean and organized.,The condition of my surroundings affects my mood.,My everyday environment supports my overall well-being.
"Environmental, Occupational",I need to keep my environment clean to keep myself energized.,2,30,30,My environment makes it easier for me to take care of myself.,Noise or clutter in my environment makes it harder for me to relax.,I feel more comfortable when my surroundings match my needs.,I feel more at ease when my living space is clean and organized.,The condition of my surroundings affects my mood.,My everyday environment supports my overall well-being.
"Environmental, Occupational",My environment is a good environment for me to take care of myself.,2,30,30,My environment makes it easier for me to take care of myself.,Noise or clutter in my environment makes it harder for me to relax.,I feel more comfortable when my surroundings match my needs.,I feel more at ease when my living space is clean and organized.,The condition of my surroundings affects my mood.,My everyday environment supports my overall well-being.
"Environmental, Occupational",I want to make sure my surroundings are clean and organized.,2,30,30,My environment makes it easier for me to take care of myself.,Noise or clutter in my environment makes it harder for me to relax.,I feel more comfortable when my surroundings match my needs.,I feel more at ease when my living space is clean and organized.,The condition of my surroundings affects my mood.,My everyday environment supports my overall well-being.
"Environmental, Occupational",My environment and environment both make me feel less comfortable.,2,30,30,My environment makes it easier for me to take care of myself.,Noise or clutter in my environment makes it harder for me to relax.,I feel more comfortable when my surroundings match my needs.,I feel more at ease when my living space is clean and organized.,The condition of my surroundings affects my mood.,My everyday environment supports my overall well-being.
"Environmental, Occupational",My environment has made it easier for me to relax.,2,30,30,My environment makes it easier for me to take care of myself.,Noise or clutter in my environment makes it harder for me to relax.,I feel more comfortable when my surroundings match my needs.,I feel more at ease when my living space is clean and organized.,The condition of my surroundings affects my mood.,My everyday environment supports my overall well-being.
"Environmental, Occupational",I feel more comfortable when my living environment supports my overall well-being.,2,30,30,My environment makes it easier for me to take care of myself.,Noise or clutter in my environment makes it harder for me to relax.,I feel more comfortable when my surroundings match my needs.,I feel more at ease when my living space is clean and organized.,The condition of my surroundings affects my mood.,My everyday environment supports my overall well-being.
"Environmental, Occupational",My environment is a key indicator of my well-being.,2,30,30,My environment makes it easier for me to take care of myself.,Noise or clutter in my environment makes it harder for me to relax.,I feel more comfortable when my surroundings match my needs.,I feel more at ease when my living space is clean and organized.,The condition of my surroundings affects my mood.,My everyday environment supports my overall well-being.
"Environmental, Occupational",I'm trying to decide if my environment can help me focus on my emotions.,2,30,30,My environment makes it easier for me to take care of myself.,Noise or clutter in my environment makes it harder for me to relax.,I feel more comfortable when my surroundings match my needs.,I feel more at ease when my living space is clean and organized.,The condition of my surroundings affects my mood.,My everyday environment supports my overall well-being.
"Environmental, Physical",I enjoy being physically healthy and enjoying my physical health.,2,30,30,I expect to always be physically healthy.,My daily environment supports healthy routines.,My physical health affects how well I function day to day.,My physical health is excellent.,I expect my physical health to get worse.,My body seems to resist physical illness very well.
"Environmental, Physical",I have a physical health condition that I feel a little bit worse than before.,2,30,30,I expect to always be physically healthy.,My daily environment supports healthy routines.,My physical health affects how well I function day to day.,My physical health is excellent.,I expect my physical health to get worse.,My body seems to resist physical illness very well.
"Environmental, Physical","I have been living with mental health issues, and it is very clear that I have a mental health crisis.",2,30,30,I expect to always be physically healthy.,My daily environment supports healthy routines.,My physical health affects how well I function day to day.,My physical health is excellent.,I expect my physical health to get worse.,My body seems to resist physical illness very well.
"Environmental, Physical",I have a physical health score of at least 2 stars.,2,30,30,I expect to always be physically healthy.,My daily environment supports healthy routines.,My physical health affects how well I function day to day.,My physical health is excellent.,I expect my physical health to get worse.,My body seems to resist physical illness very well.
"Environmental, Physical",I hope that the mental health of my body will improve.,2,30,30,I expect to always be physically healthy.,My daily environment supports healthy routines.,My physical health affects how well I function day to day.,My physical health is excellent.,I expect my physical health to get worse.,My body seems to resist physical illness very well.
"Environmental, Physical",I have a health condition that makes it difficult for me to have a proper diet.,2,30,30,I expect to always be physically healthy.,My daily environment supports healthy routines.,My physical health affects how well I function day to day.,My physical health is excellent.,I expect my physical health to get worse.,My body seems to resist physical illness very well.
"Environmental, Physical",I expect to have physical health for the long term.,2,30,30,I expect to always be physically healthy.,My daily environment supports healthy routines.,My physical health affects how well I function day to day.,My physical health is excellent.,I expect my physical health to get worse.,My body seems to resist physical illness very well.
"Environmental, Physical",I can't stand to feel sick and angry all the time.,2,30,30,I expect to always be physically healthy.,My daily environment supports healthy routines.,My physical health affects how well I function day to day.,My physical health is excellent.,I expect my physical health to get worse.,My body seems to resist physical illness very well.
"Environmental, Physical",My mental health depends on the physical aspect of my body,2,30,30,I expect to always be physically healthy.,My daily environment supports healthy routines.,My physical health affects how well I function day to day.,My physical health is excellent.,I expect my physical health to get worse.,My body seems to resist physical illness very well.
"Environmental, Physical",I am sure my physical health is improving and I work very hard to improve it.,2,30,30,I expect to always be physically healthy.,My daily environment supports healthy routines.,My physical health affects how well I function day to day.,My physical health is excellent.,I expect my physical health to get worse.,My body seems to resist physical illness very well.
"Environmental, Physical",I don't know if I'm being physically healthy or mentally healthy.,2,30,30,I expect to always be physically healthy.,My daily environment supports healthy routines.,My physical health affects how well I function day to day.,My physical health is excellent.,I expect my physical health to get worse.,My body seems to resist physical illness very well.
"Environmental, Physical",My body appears to be healthy daily and my health is in excellent condition.,2,30,30,I expect to always be physically healthy.,My daily environment supports healthy routines.,My physical health affects how well I function day to day.,My physical health is excellent.,I expect my physical health to get worse.,My body seems to resist physical illness very well.
"Environmental, Physical",I have a mental health problem that affects how well I function day to day.,2,30,30,I expect to always be physically healthy.,My daily environment supports healthy routines.,My physical health affects how well I function day to day.,My physical health is excellent.,I expect my physical health to get worse.,My body seems to resist physical illness very well.
"Environmental, Physical",I do not expect a healthy physical or mental health.,2,30,30,I expect to always be physically healthy.,My daily environment supports healthy routines.,My physical health affects how well I function day to day.,My physical health is excellent.,I expect my physical health to get worse.,My body seems to resist physical illness very well.
"Environmental, Physical",My mental health will be normal after the first week.,2,30,30,I expect to always be physically healthy.,My daily environment supports healthy routines.,My physical health affects how well I function day to day.,My physical health is excellent.,I expect my physical health to get worse.,My body seems to resist physical illness very well.
"Environmental, Physical",I have been eating a lot of fruits and vegetables over the past few years.,2,30,30,I expect to always be physically healthy.,My daily environment supports healthy routines.,My physical health affects how well I function day to day.,My physical health is excellent.,I expect my physical health to get worse.,My body seems to resist physical illness very well.
"Environmental, Physical",My physical health is not the same as my mental health.,2,30,30,I expect to always be physically healthy.,My daily environment supports healthy routines.,My physical health affects how well I function day to day.,My physical health is excellent.,I expect my physical health to get worse.,My body seems to resist physical illness very well.
"Environmental, Physical",I don't think I have a strong immune system.,2,30,30,I expect to always be physically healthy.,My daily environment supports healthy routines.,My physical health affects how well I function day to day.,My physical health is excellent.,I expect my physical health to get worse.,My body seems to resist physical illness very well.
"Environmental, Physical",My physical health does not have a major impact on how well I function.,2,30,30,I expect to always be physically healthy.,My daily environment supports healthy routines.,My physical health affects how well I function day to day.,My physical health is excellent.,I expect my physical health to get worse.,My body seems to resist physical illness very well.
"Environmental, Physical",My physical health can affect my overall mood and well being.,2,30,30,I expect to always be physically healthy.,My daily environment supports healthy routines.,My physical health affects how well I function day to day.,My physical health is excellent.,I expect my physical health to get worse.,My body seems to resist physical illness very well.
"Environmental, Physical",My mental health measures how well I function day to day.,2,30,30,I expect to always be physically healthy.,My daily environment supports healthy routines.,My physical health affects how well I function day to day.,My physical health is excellent.,I expect my physical health to get worse.,My body seems to resist physical illness very well.
"Environmental, Physical",I want to be physically healthy but haven't changed my environment.,2,30,30,I expect to always be physically healthy.,My daily environment supports healthy routines.,My physical health affects how well I function day to day.,My physical health is excellent.,I expect my physical health to get worse.,My body seems to resist physical illness very well.
"Environmental, Physical",My physical health is a good thing but I don't believe that it will change.,2,30,30,I expect to always be physically healthy.,My daily environment supports healthy routines.,My physical health affects how well I function day to day.,My physical health is excellent.,I expect my physical health to get worse.,My body seems to resist physical illness very well.
"Environmental, Physical","I have a sense of fulfillment, but not a measure of physical health.",2,30,30,I expect to always be physically healthy.,My daily environment supports healthy routines.,My physical health affects how well I function day to day.,My physical health is excellent.,I expect my physical health to get worse.,My body seems to resist physical illness very well.
"Environmental, Physical",My physical health is at a high risk of being debilitating.,2,30,30,I expect to always be physically healthy.,My daily environment supports healthy routines.,My physical health affects how well I function day to day.,My physical health is excellent.,I expect my physical health to get worse.,My body seems to resist physical illness very well.
"Environmental, Physical",I enjoy my physical health but it has made me feel unwell.,2,30,30,I expect to always be physically healthy.,My daily environment supports healthy routines.,My physical health affects how well I function day to day.,My physical health is excellent.,I expect my physical health to get worse.,My body seems to resist physical illness very well.
"Environmental, Physical",I can't understand why I have a hard time coping with the stress of life.,2,30,30,I expect to always be physically healthy.,My daily environment supports healthy routines.,My physical health affects how well I function day to day.,My physical health is excellent.,I expect my physical health to get worse.,My body seems to resist physical illness very well.
"Environmental, Physical",I am the only one who believes in the health of others.,2,30,30,I expect to always be physically healthy.,My daily environment supports healthy routines.,My physical health affects how well I function day to day.,My physical health is excellent.,I expect my physical health to get worse.,My body seems to resist physical illness very well.
"Environmental, Physical",My mental health takes some time to change based on my lifestyle.,2,30,30,I expect to always be physically healthy.,My daily environment supports healthy routines.,My physical health affects how well I function day to day.,My physical health is excellent.,I expect my physical health to get worse.,My body seems to resist physical illness very well.
"Environmental, Physical",My physical health is a good measure of my physical health.,2,30,30,I expect to always be physically healthy.,My daily environment supports healthy routines.,My physical health affects how well I function day to day.,My physical health is excellent.,I expect my physical health to get worse.,My body seems to resist physical illness very well.
"Environmental, Social",I can't live in the right environment with my social relationships.,2,30,30,My social relationships are superficial,I have not experienced many warm and trusting relationships with others.,I have one close and secure relationship.,I feel safer when the spaces around me are predictable and comfortable.,People are around me but not with me,My environment makes it easier for me to take care of myself.
"Environmental, Social",I have yet to experience any positive emotions or tendencies with others.,2,30,30,My social relationships are superficial,I have not experienced many warm and trusting relationships with others.,I have one close and secure relationship.,I feel safer when the spaces around me are predictable and comfortable.,People are around me but not with me,My environment makes it easier for me to take care of myself.
"Environmental, Social",I like to use different media to share personal experiences and situations with others.,2,30,30,My social relationships are superficial,I have not experienced many warm and trusting relationships with others.,I have one close and secure relationship.,I feel safer when the spaces around me are predictable and comfortable.,People are around me but not with me,My environment makes it easier for me to take care of myself.
"Environmental, Social",I like to be alone and I don't like to be alone.,2,30,30,My social relationships are superficial,I have not experienced many warm and trusting relationships with others.,I have one close and secure relationship.,I feel safer when the spaces around me are predictable and comfortable.,People are around me but not with me,My environment makes it easier for me to take care of myself.
"Environmental, Social",I've not been able to improve my mental health with my environment.,2,30,30,My social relationships are superficial,I have not experienced many warm and trusting relationships with others.,I have one close and secure relationship.,I feel safer when the spaces around me are predictable and comfortable.,People are around me but not with me,My environment makes it easier for me to take care of myself.
"Environmental, Social",I have been alone for years and have been abused at times.,2,30,30,My social relationships are superficial,I have not experienced many warm and trusting relationships with others.,I have one close and secure relationship.,I feel safer when the spaces around me are predictable and comfortable.,People are around me but not with me,My environment makes it easier for me to take care of myself.
"Environmental, Social",I can't maintain my feelings despite being around others.,2,30,30,My social relationships are superficial,I have not experienced many warm and trusting relationships with others.,I have one close and secure relationship.,I feel safer when the spaces around me are predictable and comfortable.,People are around me but not with me,My environment makes it easier for me to take care of myself.
"Environmental, Social",I have been around my family for over five years.,2,30,30,My social relationships are superficial,I have not experienced many warm and trusting relationships with others.,I have one close and secure relationship.,I feel safer when the spaces around me are predictable and comfortable.,People are around me but not with me,My environment makes it easier for me to take care of myself.
"Environmental, Social",I feel safe when the space around me is predictable and comfortable.,2,30,30,My social relationships are superficial,I have not experienced many warm and trusting relationships with others.,I have one close and secure relationship.,I feel safer when the spaces around me are predictable and comfortable.,People are around me but not with me,My environment makes it easier for me to take care of myself.
"Environmental, Social",I feel safe when people around me but not with me.,2,30,30,My social relationships are superficial,I have not experienced many warm and trusting relationships with others.,I have one close and secure relationship.,I feel safer when the spaces around me are predictable and comfortable.,People are around me but not with me,My environment makes it easier for me to take care of myself.
"Environmental, Social",I have been taking my mental health care to another level.,2,30,30,My social relationships are superficial,I have not experienced many warm and trusting relationships with others.,I have one close and secure relationship.,I feel safer when the spaces around me are predictable and comfortable.,People are around me but not with me,My environment makes it easier for me to take care of myself.
"Environmental, Social",I have lived in a dysfunctional environment for a very long time.,2,30,30,My social relationships are superficial,I have not experienced many warm and trusting relationships with others.,I have one close and secure relationship.,I feel safer when the spaces around me are predictable and comfortable.,People are around me but not with me,My environment makes it easier for me to take care of myself.
"Environmental, Social",I feel safe and comfortable in the spaces around me.,2,30,30,My social relationships are superficial,I have not experienced many warm and trusting relationships with others.,I have one close and secure relationship.,I feel safer when the spaces around me are predictable and comfortable.,People are around me but not with me,My environment makes it easier for me to take care of myself.
"Environmental, Social",I am not able to manage my emotional feelings successfully during stressful situations.,2,30,30,My social relationships are superficial,I have not experienced many warm and trusting relationships with others.,I have one close and secure relationship.,I feel safer when the spaces around me are predictable and comfortable.,People are around me but not with me,My environment makes it easier for me to take care of myself.
"Environmental, Social",I have experienced great relationships with people but have not experienced good and trusting relationships with others.,2,30,30,My social relationships are superficial,I have not experienced many warm and trusting relationships with others.,I have one close and secure relationship.,I feel safer when the spaces around me are predictable and comfortable.,People are around me but not with me,My environment makes it easier for me to take care of myself.
"Environmental, Social",I feel safe and comfortable in social relationships with people.,2,30,30,My social relationships are superficial,I have not experienced many warm and trusting relationships with others.,I have one close and secure relationship.,I feel safer when the spaces around me are predictable and comfortable.,People are around me but not with me,My environment makes it easier for me to take care of myself.
"Environmental, Social",I feel unsafe and uncertain when people are around me.,2,30,30,My social relationships are superficial,I have not experienced many warm and trusting relationships with others.,I have one close and secure relationship.,I feel safer when the spaces around me are predictable and comfortable.,People are around me but not with me,My environment makes it easier for me to take care of myself.
"Environmental, Social",I feel like I have no other relationships with other people.,2,30,30,My social relationships are superficial,I have not experienced many warm and trusting relationships with others.,I have one close and secure relationship.,I feel safer when the spaces around me are predictable and comfortable.,People are around me but not with me,My environment makes it easier for me to take care of myself.
"Environmental, Social","I have many supportive, safe relationships with my loved ones.",2,30,30,My social relationships are superficial,I have not experienced many warm and trusting relationships with others.,I have one close and secure relationship.,I feel safer when the spaces around me are predictable and comfortable.,People are around me but not with me,My environment makes it easier for me to take care of myself.
"Environmental, Social",I have experienced poor social and environmental relationships with others.,2,30,30,My social relationships are superficial,I have not experienced many warm and trusting relationships with others.,I have one close and secure relationship.,I feel safer when the spaces around me are predictable and comfortable.,People are around me but not with me,My environment makes it easier for me to take care of myself.
"Environmental, Social",I have some behavioural problems and my environment can change over time.,2,30,30,My social relationships are superficial,I have not experienced many warm and trusting relationships with others.,I have one close and secure relationship.,I feel safer when the spaces around me are predictable and comfortable.,People are around me but not with me,My environment makes it easier for me to take care of myself.
"Environmental, Social",I have not experienced many safe and comfortable relationships with others.,2,30,30,My social relationships are superficial,I have not experienced many warm and trusting relationships with others.,I have one close and secure relationship.,I feel safer when the spaces around me are predictable and comfortable.,People are around me but not with me,My environment makes it easier for me to take care of myself.
"Environmental, Social",I have a family that is with me but not with me,2,30,30,My social relationships are superficial,I have not experienced many warm and trusting relationships with others.,I have one close and secure relationship.,I feel safer when the spaces around me are predictable and comfortable.,People are around me but not with me,My environment makes it easier for me to take care of myself.
"Environmental, Social",I have been self-reported to be a safe and healthy person.,2,30,30,My social relationships are superficial,I have not experienced many warm and trusting relationships with others.,I have one close and secure relationship.,I feel safer when the spaces around me are predictable and comfortable.,People are around me but not with me,My environment makes it easier for me to take care of myself.
"Environmental, Social","I am very conscious of my environment, but it makes me feel very fragile.",2,30,30,My social relationships are superficial,I have not experienced many warm and trusting relationships with others.,I have one close and secure relationship.,I feel safer when the spaces around me are predictable and comfortable.,People are around me but not with me,My environment makes it easier for me to take care of myself.
"Environmental, Social",I have experienced good relationships with people but not with me,2,30,30,My social relationships are superficial,I have not experienced many warm and trusting relationships with others.,I have one close and secure relationship.,I feel safer when the spaces around me are predictable and comfortable.,People are around me but not with me,My environment makes it easier for me to take care of myself.
"Environmental, Social",I have a negative perception of people and people around me.,2,30,30,My social relationships are superficial,I have not experienced many warm and trusting relationships with others.,I have one close and secure relationship.,I feel safer when the spaces around me are predictable and comfortable.,People are around me but not with me,My environment makes it easier for me to take care of myself.
"Environmental, Social",I feel safe when I am around other people and my environment is safe.,2,30,30,My social relationships are superficial,I have not experienced many warm and trusting relationships with others.,I have one close and secure relationship.,I feel safer when the spaces around me are predictable and comfortable.,People are around me but not with me,My environment makes it easier for me to take care of myself.
"Environmental, Social",I am well aware of my environment and social relationships.,2,30,30,My social relationships are superficial,I have not experienced many warm and trusting relationships with others.,I have one close and secure relationship.,I feel safer when the spaces around me are predictable and comfortable.,People are around me but not with me,My environment makes it easier for me to take care of myself.
"Environmental, Social",I am more interested in my environment and social environment.,2,30,30,My social relationships are superficial,I have not experienced many warm and trusting relationships with others.,I have one close and secure relationship.,I feel safer when the spaces around me are predictable and comfortable.,People are around me but not with me,My environment makes it easier for me to take care of myself.
"Environmental, Spiritual",I find my physical surroundings are affecting my mental health.,2,30,30,Noise or clutter in my environment makes it harder for me to relax.,I feel more at peace in spaces that are calm and familiar.,I feel more comfortable when my surroundings match my needs.,The condition of my surroundings affects my mood.,My physical surroundings have a noticeable effect on my mental health.,I believe most things happen for a reason.
"Environmental, Spiritual",My physical surroundings are the source of my mental health.,2,30,30,Noise or clutter in my environment makes it harder for me to relax.,I feel more at peace in spaces that are calm and familiar.,I feel more comfortable when my surroundings match my needs.,The condition of my surroundings affects my mood.,My physical surroundings have a noticeable effect on my mental health.,I believe most things happen for a reason.
"Environmental, Spiritual",I have a mental health issue that affects my physical surroundings.,2,30,30,Noise or clutter in my environment makes it harder for me to relax.,I feel more at peace in spaces that are calm and familiar.,I feel more comfortable when my surroundings match my needs.,The condition of my surroundings affects my mood.,My physical surroundings have a noticeable effect on my mental health.,I believe most things happen for a reason.
"Environmental, Spiritual",I feel less comfortable in the presence of people that occupy my home.,2,30,30,Noise or clutter in my environment makes it harder for me to relax.,I feel more at peace in spaces that are calm and familiar.,I feel more comfortable when my surroundings match my needs.,The condition of my surroundings affects my mood.,My physical surroundings have a noticeable effect on my mental health.,I believe most things happen for a reason.
"Environmental, Spiritual",I want to know how my physical and spiritual surroundings affect my mental health.,2,30,30,Noise or clutter in my environment makes it harder for me to relax.,I feel more at peace in spaces that are calm and familiar.,I feel more comfortable when my surroundings match my needs.,The condition of my surroundings affects my mood.,My physical surroundings have a noticeable effect on my mental health.,I believe most things happen for a reason.
"Environmental, Spiritual",I like to see my physical surroundings as an impact on my mental health.,2,30,30,Noise or clutter in my environment makes it harder for me to relax.,I feel more at peace in spaces that are calm and familiar.,I feel more comfortable when my surroundings match my needs.,The condition of my surroundings affects my mood.,My physical surroundings have a noticeable effect on my mental health.,I believe most things happen for a reason.
"Environmental, Spiritual",I feel less at peace in environments that are calm and familiar.,2,30,30,Noise or clutter in my environment makes it harder for me to relax.,I feel more at peace in spaces that are calm and familiar.,I feel more comfortable when my surroundings match my needs.,The condition of my surroundings affects my mood.,My physical surroundings have a noticeable effect on my mental health.,I believe most things happen for a reason.
"Environmental, Spiritual",I feel more at peace in my surroundings when my needs match my needs.,2,30,30,Noise or clutter in my environment makes it harder for me to relax.,I feel more at peace in spaces that are calm and familiar.,I feel more comfortable when my surroundings match my needs.,The condition of my surroundings affects my mood.,My physical surroundings have a noticeable effect on my mental health.,I believe most things happen for a reason.
"Environmental, Spiritual",I feel less at peace when my physical surroundings make it harder for me to relax.,2,30,30,Noise or clutter in my environment makes it harder for me to relax.,I feel more at peace in spaces that are calm and familiar.,I feel more comfortable when my surroundings match my needs.,The condition of my surroundings affects my mood.,My physical surroundings have a noticeable effect on my mental health.,I believe most things happen for a reason.
"Environmental, Spiritual",I feel at peace in my surroundings that match my needs.,2,30,30,Noise or clutter in my environment makes it harder for me to relax.,I feel more at peace in spaces that are calm and familiar.,I feel more comfortable when my surroundings match my needs.,The condition of my surroundings affects my mood.,My physical surroundings have a noticeable effect on my mental health.,I believe most things happen for a reason.
"Environmental, Spiritual","I like the idea that a healthy environment could help me with stress, anxiety, depression, and anxiety.",2,30,30,Noise or clutter in my environment makes it harder for me to relax.,I feel more at peace in spaces that are calm and familiar.,I feel more comfortable when my surroundings match my needs.,The condition of my surroundings affects my mood.,My physical surroundings have a noticeable effect on my mental health.,I believe most things happen for a reason.
"Environmental, Spiritual",I feel better when my physical surroundings match my needs.,2,30,30,Noise or clutter in my environment makes it harder for me to relax.,I feel more at peace in spaces that are calm and familiar.,I feel more comfortable when my surroundings match my needs.,The condition of my surroundings affects my mood.,My physical surroundings have a noticeable effect on my mental health.,I believe most things happen for a reason.
"Environmental, Spiritual",I think that my physical surroundings cause me to get sad.,2,30,30,Noise or clutter in my environment makes it harder for me to relax.,I feel more at peace in spaces that are calm and familiar.,I feel more comfortable when my surroundings match my needs.,The condition of my surroundings affects my mood.,My physical surroundings have a noticeable effect on my mental health.,I believe most things happen for a reason.
"Environmental, Spiritual",I feel the physical effects of my surroundings have a noticeable effect on my mental health.,2,30,30,Noise or clutter in my environment makes it harder for me to relax.,I feel more at peace in spaces that are calm and familiar.,I feel more comfortable when my surroundings match my needs.,The condition of my surroundings affects my mood.,My physical surroundings have a noticeable effect on my mental health.,I believe most things happen for a reason.
"Environmental, Spiritual",I feel more comfortable living in places that I know and trust.,2,30,30,Noise or clutter in my environment makes it harder for me to relax.,I feel more at peace in spaces that are calm and familiar.,I feel more comfortable when my surroundings match my needs.,The condition of my surroundings affects my mood.,My physical surroundings have a noticeable effect on my mental health.,I believe most things happen for a reason.
"Environmental, Spiritual",I have a negative impact on my mood and coping behavior.,2,30,30,Noise or clutter in my environment makes it harder for me to relax.,I feel more at peace in spaces that are calm and familiar.,I feel more comfortable when my surroundings match my needs.,The condition of my surroundings affects my mood.,My physical surroundings have a noticeable effect on my mental health.,I believe most things happen for a reason.
"Environmental, Spiritual",I use negative self-talk to tell myself a lot about my surroundings.,2,30,30,Noise or clutter in my environment makes it harder for me to relax.,I feel more at peace in spaces that are calm and familiar.,I feel more comfortable when my surroundings match my needs.,The condition of my surroundings affects my mood.,My physical surroundings have a noticeable effect on my mental health.,I believe most things happen for a reason.
"Environmental, Spiritual",I like to live in more calm spaces and environments.,2,30,30,Noise or clutter in my environment makes it harder for me to relax.,I feel more at peace in spaces that are calm and familiar.,I feel more comfortable when my surroundings match my needs.,The condition of my surroundings affects my mood.,My physical surroundings have a noticeable effect on my mental health.,I believe most things happen for a reason.
"Environmental, Spiritual",I want to find out if my surroundings affect my mood or feeling.,2,30,30,Noise or clutter in my environment makes it harder for me to relax.,I feel more at peace in spaces that are calm and familiar.,I feel more comfortable when my surroundings match my needs.,The condition of my surroundings affects my mood.,My physical surroundings have a noticeable effect on my mental health.,I believe most things happen for a reason.
"Environmental, Spiritual",I feel more comfortable when my physical surroundings are calm and familiar.,2,30,30,Noise or clutter in my environment makes it harder for me to relax.,I feel more at peace in spaces that are calm and familiar.,I feel more comfortable when my surroundings match my needs.,The condition of my surroundings affects my mood.,My physical surroundings have a noticeable effect on my mental health.,I believe most things happen for a reason.
"Environmental, Spiritual","I feel happier in a calm and familiar environment than in a chaotic, noisy environment.",2,30,30,Noise or clutter in my environment makes it harder for me to relax.,I feel more at peace in spaces that are calm and familiar.,I feel more comfortable when my surroundings match my needs.,The condition of my surroundings affects my mood.,My physical surroundings have a noticeable effect on my mental health.,I believe most things happen for a reason.
"Environmental, Spiritual","I am in a mental health crisis, I believe that things happen for a reason.",2,30,30,Noise or clutter in my environment makes it harder for me to relax.,I feel more at peace in spaces that are calm and familiar.,I feel more comfortable when my surroundings match my needs.,The condition of my surroundings affects my mood.,My physical surroundings have a noticeable effect on my mental health.,I believe most things happen for a reason.
"Environmental, Spiritual",I am more relaxed in my surroundings than in my physical surroundings.,2,30,30,Noise or clutter in my environment makes it harder for me to relax.,I feel more at peace in spaces that are calm and familiar.,I feel more comfortable when my surroundings match my needs.,The condition of my surroundings affects my mood.,My physical surroundings have a noticeable effect on my mental health.,I believe most things happen for a reason.
"Environmental, Spiritual",I feel at peace in the space that is calm and familiar.,2,30,30,Noise or clutter in my environment makes it harder for me to relax.,I feel more at peace in spaces that are calm and familiar.,I feel more comfortable when my surroundings match my needs.,The condition of my surroundings affects my mood.,My physical surroundings have a noticeable effect on my mental health.,I believe most things happen for a reason.
"Environmental, Spiritual",I have a healthy balance of psychological and physical surroundings.,2,30,30,Noise or clutter in my environment makes it harder for me to relax.,I feel more at peace in spaces that are calm and familiar.,I feel more comfortable when my surroundings match my needs.,The condition of my surroundings affects my mood.,My physical surroundings have a noticeable effect on my mental health.,I believe most things happen for a reason.
"Environmental, Spiritual",I feel more comfortable in my surroundings when my mood aligns with my needs.,2,30,30,Noise or clutter in my environment makes it harder for me to relax.,I feel more at peace in spaces that are calm and familiar.,I feel more comfortable when my surroundings match my needs.,The condition of my surroundings affects my mood.,My physical surroundings have a noticeable effect on my mental health.,I believe most things happen for a reason.
"Environmental, Spiritual",I use my physical surroundings and the conditions of my surroundings to affect my mental health.,2,30,30,Noise or clutter in my environment makes it harder for me to relax.,I feel more at peace in spaces that are calm and familiar.,I feel more comfortable when my surroundings match my needs.,The condition of my surroundings affects my mood.,My physical surroundings have a noticeable effect on my mental health.,I believe most things happen for a reason.
"Environmental, Spiritual",I am more comfortable in spaces that are calm and familiar.,2,30,30,Noise or clutter in my environment makes it harder for me to relax.,I feel more at peace in spaces that are calm and familiar.,I feel more comfortable when my surroundings match my needs.,The condition of my surroundings affects my mood.,My physical surroundings have a noticeable effect on my mental health.,I believe most things happen for a reason.
"Environmental, Spiritual",I feel more comfortable and at peace in the environment.,2,30,30,Noise or clutter in my environment makes it harder for me to relax.,I feel more at peace in spaces that are calm and familiar.,I feel more comfortable when my surroundings match my needs.,The condition of my surroundings affects my mood.,My physical surroundings have a noticeable effect on my mental health.,I believe most things happen for a reason.
"Environmental, Spiritual","I think the environment and surroundings of my family, friends and friends have an influence on my mental health.",2,30,30,Noise or clutter in my environment makes it harder for me to relax.,I feel more at peace in spaces that are calm and familiar.,I feel more comfortable when my surroundings match my needs.,The condition of my surroundings affects my mood.,My physical surroundings have a noticeable effect on my mental health.,I believe most things happen for a reason.
"Financial, Intellectual",I have depression but I am able to make decisions.,2,30,30,I feel more stable when I have a clear financial plan.,Worrying about money can make it harder for me to focus.,I am able to make financial decisions that support my long-term needs.,I can balance current expenses with future goals.,I feel informed about my financial situation.,My financial situation influences the choices I make in daily life.
"Financial, Intellectual",I feel more satisfied with the results of my financial situation.,2,30,30,I feel more stable when I have a clear financial plan.,Worrying about money can make it harder for me to focus.,I am able to make financial decisions that support my long-term needs.,I can balance current expenses with future goals.,I feel informed about my financial situation.,My financial situation influences the choices I make in daily life.
"Financial, Intellectual",I feel less confident because I fear losing my job.,2,30,30,I feel more stable when I have a clear financial plan.,Worrying about money can make it harder for me to focus.,I am able to make financial decisions that support my long-term needs.,I can balance current expenses with future goals.,I feel informed about my financial situation.,My financial situation influences the choices I make in daily life.
"Financial, Intellectual",I am able to make more income while keeping my financial goals in mind.,2,30,30,I feel more stable when I have a clear financial plan.,Worrying about money can make it harder for me to focus.,I am able to make financial decisions that support my long-term needs.,I can balance current expenses with future goals.,I feel informed about my financial situation.,My financial situation influences the choices I make in daily life.
"Financial, Intellectual",I am able to balance current expenses with future goals.,2,30,30,I feel more stable when I have a clear financial plan.,Worrying about money can make it harder for me to focus.,I am able to make financial decisions that support my long-term needs.,I can balance current expenses with future goals.,I feel informed about my financial situation.,My financial situation influences the choices I make in daily life.
"Financial, Intellectual",I am more focused when I have a clear financial plan.,2,30,30,I feel more stable when I have a clear financial plan.,Worrying about money can make it harder for me to focus.,I am able to make financial decisions that support my long-term needs.,I can balance current expenses with future goals.,I feel informed about my financial situation.,My financial situation influences the choices I make in daily life.
"Financial, Intellectual",I feel satisfied and motivated to keep my family's finances in order.,2,30,30,I feel more stable when I have a clear financial plan.,Worrying about money can make it harder for me to focus.,I am able to make financial decisions that support my long-term needs.,I can balance current expenses with future goals.,I feel informed about my financial situation.,My financial situation influences the choices I make in daily life.
"Financial, Intellectual",I have a clear financial situation and feel informed about my financial situation.,2,30,30,I feel more stable when I have a clear financial plan.,Worrying about money can make it harder for me to focus.,I am able to make financial decisions that support my long-term needs.,I can balance current expenses with future goals.,I feel informed about my financial situation.,My financial situation influences the choices I make in daily life.
"Financial, Intellectual",I have a feeling of well-being when I have a clear financial situation.,2,30,30,I feel more stable when I have a clear financial plan.,Worrying about money can make it harder for me to focus.,I am able to make financial decisions that support my long-term needs.,I can balance current expenses with future goals.,I feel informed about my financial situation.,My financial situation influences the choices I make in daily life.
"Financial, Intellectual",I am financially stable because I manage my emotions effectively.,2,30,30,I feel more stable when I have a clear financial plan.,Worrying about money can make it harder for me to focus.,I am able to make financial decisions that support my long-term needs.,I can balance current expenses with future goals.,I feel informed about my financial situation.,My financial situation influences the choices I make in daily life.
"Financial, Intellectual",I feel more conscious and self-reported about my financial situation.,2,30,30,I feel more stable when I have a clear financial plan.,Worrying about money can make it harder for me to focus.,I am able to make financial decisions that support my long-term needs.,I can balance current expenses with future goals.,I feel informed about my financial situation.,My financial situation influences the choices I make in daily life.
"Financial, Intellectual",I am good at managing emotions and feeling good at being more organized.,2,30,30,I feel more stable when I have a clear financial plan.,Worrying about money can make it harder for me to focus.,I am able to make financial decisions that support my long-term needs.,I can balance current expenses with future goals.,I feel informed about my financial situation.,My financial situation influences the choices I make in daily life.
"Financial, Intellectual",I am very happy that I have a clear financial situation.,2,30,30,I feel more stable when I have a clear financial plan.,Worrying about money can make it harder for me to focus.,I am able to make financial decisions that support my long-term needs.,I can balance current expenses with future goals.,I feel informed about my financial situation.,My financial situation influences the choices I make in daily life.
"Financial, Intellectual",I feel more motivated to make decisions for the future.,2,30,30,I feel more stable when I have a clear financial plan.,Worrying about money can make it harder for me to focus.,I am able to make financial decisions that support my long-term needs.,I can balance current expenses with future goals.,I feel informed about my financial situation.,My financial situation influences the choices I make in daily life.
"Financial, Intellectual",I can make my financial decisions that support my long-term needs.,2,30,30,I feel more stable when I have a clear financial plan.,Worrying about money can make it harder for me to focus.,I am able to make financial decisions that support my long-term needs.,I can balance current expenses with future goals.,I feel informed about my financial situation.,My financial situation influences the choices I make in daily life.
"Financial, Intellectual",I want to be able to manage my finances effectively.,2,30,30,I feel more stable when I have a clear financial plan.,Worrying about money can make it harder for me to focus.,I am able to make financial decisions that support my long-term needs.,I can balance current expenses with future goals.,I feel informed about my financial situation.,My financial situation influences the choices I make in daily life.
"Financial, Intellectual",I am good at identifying my emotional and mental health challenges.,2,30,30,I feel more stable when I have a clear financial plan.,Worrying about money can make it harder for me to focus.,I am able to make financial decisions that support my long-term needs.,I can balance current expenses with future goals.,I feel informed about my financial situation.,My financial situation influences the choices I make in daily life.
"Financial, Intellectual",I can do many things that my financial situation affects.,2,30,30,I feel more stable when I have a clear financial plan.,Worrying about money can make it harder for me to focus.,I am able to make financial decisions that support my long-term needs.,I can balance current expenses with future goals.,I feel informed about my financial situation.,My financial situation influences the choices I make in daily life.
"Financial, Intellectual",I am feeling more organized and have a clear financial situation.,2,30,30,I feel more stable when I have a clear financial plan.,Worrying about money can make it harder for me to focus.,I am able to make financial decisions that support my long-term needs.,I can balance current expenses with future goals.,I feel informed about my financial situation.,My financial situation influences the choices I make in daily life.
"Financial, Intellectual",I feel less self-centered when I have an uncontrolled amount of money.,2,30,30,I feel more stable when I have a clear financial plan.,Worrying about money can make it harder for me to focus.,I am able to make financial decisions that support my long-term needs.,I can balance current expenses with future goals.,I feel informed about my financial situation.,My financial situation influences the choices I make in daily life.
"Financial, Intellectual",I have been given a unique and unique self-report self-report.,2,30,30,I feel more stable when I have a clear financial plan.,Worrying about money can make it harder for me to focus.,I am able to make financial decisions that support my long-term needs.,I can balance current expenses with future goals.,I feel informed about my financial situation.,My financial situation influences the choices I make in daily life.
"Financial, Intellectual",I feel that I am financially motivated to make a wise decision about my future financial situation.,2,30,30,I feel more stable when I have a clear financial plan.,Worrying about money can make it harder for me to focus.,I am able to make financial decisions that support my long-term needs.,I can balance current expenses with future goals.,I feel informed about my financial situation.,My financial situation influences the choices I make in daily life.
"Financial, Intellectual",I am not sure if I have a plan in place.,2,30,30,I feel more stable when I have a clear financial plan.,Worrying about money can make it harder for me to focus.,I am able to make financial decisions that support my long-term needs.,I can balance current expenses with future goals.,I feel informed about my financial situation.,My financial situation influences the choices I make in daily life.
"Financial, Intellectual",I have a well-defined goal of living and I have a healthy financial situation.,2,30,30,I feel more stable when I have a clear financial plan.,Worrying about money can make it harder for me to focus.,I am able to make financial decisions that support my long-term needs.,I can balance current expenses with future goals.,I feel informed about my financial situation.,My financial situation influences the choices I make in daily life.
"Financial, Intellectual",I feel less worried about my finances than I ever have before.,2,30,30,I feel more stable when I have a clear financial plan.,Worrying about money can make it harder for me to focus.,I am able to make financial decisions that support my long-term needs.,I can balance current expenses with future goals.,I feel informed about my financial situation.,My financial situation influences the choices I make in daily life.
"Financial, Intellectual",I am able to make a conscious decision that supports my long-term needs.,2,30,30,I feel more stable when I have a clear financial plan.,Worrying about money can make it harder for me to focus.,I am able to make financial decisions that support my long-term needs.,I can balance current expenses with future goals.,I feel informed about my financial situation.,My financial situation influences the choices I make in daily life.
"Financial, Intellectual",I have high levels of attention deficit disorder and am well-balanced on my income.,2,30,30,I feel more stable when I have a clear financial plan.,Worrying about money can make it harder for me to focus.,I am able to make financial decisions that support my long-term needs.,I can balance current expenses with future goals.,I feel informed about my financial situation.,My financial situation influences the choices I make in daily life.
"Financial, Intellectual",I feel less dependent upon the world for income than the world could.,2,30,30,I feel more stable when I have a clear financial plan.,Worrying about money can make it harder for me to focus.,I am able to make financial decisions that support my long-term needs.,I can balance current expenses with future goals.,I feel informed about my financial situation.,My financial situation influences the choices I make in daily life.
"Financial, Intellectual",I feel less financially secure when I have a clear financial situation.,2,30,30,I feel more stable when I have a clear financial plan.,Worrying about money can make it harder for me to focus.,I am able to make financial decisions that support my long-term needs.,I can balance current expenses with future goals.,I feel informed about my financial situation.,My financial situation influences the choices I make in daily life.
"Financial, Intellectual",I feel motivated by being aware of my financial situation.,2,30,30,I feel more stable when I have a clear financial plan.,Worrying about money can make it harder for me to focus.,I am able to make financial decisions that support my long-term needs.,I can balance current expenses with future goals.,I feel informed about my financial situation.,My financial situation influences the choices I make in daily life.
"Financial, Occupational",I can have confidence in my finances and feel more comfortable when I look at my finances.,2,30,30,I can balance current expenses with future goals.,My financial situation influences the choices I make in daily life.,I feel prepared to handle routine financial responsibilities.,I am able to make financial decisions that support my long-term needs.,I feel less stressed when my finances are organized.,I feel more independent when my finances are under control.
"Financial, Occupational",I feel happy and excited when my finances are under control.,2,30,30,I can balance current expenses with future goals.,My financial situation influences the choices I make in daily life.,I feel prepared to handle routine financial responsibilities.,I am able to make financial decisions that support my long-term needs.,I feel less stressed when my finances are organized.,I feel more independent when my finances are under control.
"Financial, Occupational",I am better in my financial situation and better at making wise decisions about my future.,2,30,30,I can balance current expenses with future goals.,My financial situation influences the choices I make in daily life.,I feel prepared to handle routine financial responsibilities.,I am able to make financial decisions that support my long-term needs.,I feel less stressed when my finances are organized.,I feel more independent when my finances are under control.
"Financial, Occupational",My finances are under control and my goals are on track.,2,30,30,I can balance current expenses with future goals.,My financial situation influences the choices I make in daily life.,I feel prepared to handle routine financial responsibilities.,I am able to make financial decisions that support my long-term needs.,I feel less stressed when my finances are organized.,I feel more independent when my finances are under control.
"Financial, Occupational",I am happier and more confident because of my money.,2,30,30,I can balance current expenses with future goals.,My financial situation influences the choices I make in daily life.,I feel prepared to handle routine financial responsibilities.,I am able to make financial decisions that support my long-term needs.,I feel less stressed when my finances are organized.,I feel more independent when my finances are under control.
"Financial, Occupational",I feel financially stable after my financial situation is under control.,2,30,30,I can balance current expenses with future goals.,My financial situation influences the choices I make in daily life.,I feel prepared to handle routine financial responsibilities.,I am able to make financial decisions that support my long-term needs.,I feel less stressed when my finances are organized.,I feel more independent when my finances are under control.
"Financial, Occupational",I have better self-report mental health in my personal life.,2,30,30,I can balance current expenses with future goals.,My financial situation influences the choices I make in daily life.,I feel prepared to handle routine financial responsibilities.,I am able to make financial decisions that support my long-term needs.,I feel less stressed when my finances are organized.,I feel more independent when my finances are under control.
"Financial, Occupational",I am more capable of making decisions that support my long-term needs.,2,30,30,I can balance current expenses with future goals.,My financial situation influences the choices I make in daily life.,I feel prepared to handle routine financial responsibilities.,I am able to make financial decisions that support my long-term needs.,I feel less stressed when my finances are organized.,I feel more independent when my finances are under control.
"Financial, Occupational",I feel less stressed and less anxious about my finances.,2,30,30,I can balance current expenses with future goals.,My financial situation influences the choices I make in daily life.,I feel prepared to handle routine financial responsibilities.,I am able to make financial decisions that support my long-term needs.,I feel less stressed when my finances are organized.,I feel more independent when my finances are under control.
"Financial, Occupational",I feel more focused on my career after I leave school.,2,30,30,I can balance current expenses with future goals.,My financial situation influences the choices I make in daily life.,I feel prepared to handle routine financial responsibilities.,I am able to make financial decisions that support my long-term needs.,I feel less stressed when my finances are organized.,I feel more independent when my finances are under control.
"Financial, Occupational",I am able to balance my financial situation with future goals.,2,30,30,I can balance current expenses with future goals.,My financial situation influences the choices I make in daily life.,I feel prepared to handle routine financial responsibilities.,I am able to make financial decisions that support my long-term needs.,I feel less stressed when my finances are organized.,I feel more independent when my finances are under control.
"Financial, Occupational",I am confident and able to do a good job.,2,30,30,I can balance current expenses with future goals.,My financial situation influences the choices I make in daily life.,I feel prepared to handle routine financial responsibilities.,I am able to make financial decisions that support my long-term needs.,I feel less stressed when my finances are organized.,I feel more independent when my finances are under control.
"Financial, Occupational",I feel more likely to be financially successful after managing my finances.,2,30,30,I can balance current expenses with future goals.,My financial situation influences the choices I make in daily life.,I feel prepared to handle routine financial responsibilities.,I am able to make financial decisions that support my long-term needs.,I feel less stressed when my finances are organized.,I feel more independent when my finances are under control.
"Financial, Occupational",I can make better financial decisions and make better decisions.,2,30,30,I can balance current expenses with future goals.,My financial situation influences the choices I make in daily life.,I feel prepared to handle routine financial responsibilities.,I am able to make financial decisions that support my long-term needs.,I feel less stressed when my finances are organized.,I feel more independent when my finances are under control.
"Financial, Occupational",I am better at managing my finances and have a stable life.,2,30,30,I can balance current expenses with future goals.,My financial situation influences the choices I make in daily life.,I feel prepared to handle routine financial responsibilities.,I am able to make financial decisions that support my long-term needs.,I feel less stressed when my finances are organized.,I feel more independent when my finances are under control.
"Financial, Occupational",I am more financially stable when I have the money.,2,30,30,I can balance current expenses with future goals.,My financial situation influences the choices I make in daily life.,I feel prepared to handle routine financial responsibilities.,I am able to make financial decisions that support my long-term needs.,I feel less stressed when my finances are organized.,I feel more independent when my finances are under control.
"Financial, Occupational",My finances have a positive impact on my personal life.,2,30,30,I can balance current expenses with future goals.,My financial situation influences the choices I make in daily life.,I feel prepared to handle routine financial responsibilities.,I am able to make financial decisions that support my long-term needs.,I feel less stressed when my finances are organized.,I feel more independent when my finances are under control.
"Financial, Occupational",I am happier and more successful when my finances are under control.,2,30,30,I can balance current expenses with future goals.,My financial situation influences the choices I make in daily life.,I feel prepared to handle routine financial responsibilities.,I am able to make financial decisions that support my long-term needs.,I feel less stressed when my finances are organized.,I feel more independent when my finances are under control.
"Financial, Occupational","I feel financially secure, and I am able to make decisions about my money.",2,30,30,I can balance current expenses with future goals.,My financial situation influences the choices I make in daily life.,I feel prepared to handle routine financial responsibilities.,I am able to make financial decisions that support my long-term needs.,I feel less stressed when my finances are organized.,I feel more independent when my finances are under control.
"Financial, Occupational",I am more prepared to manage my emotions effectively during stressful situations.,2,30,30,I can balance current expenses with future goals.,My financial situation influences the choices I make in daily life.,I feel prepared to handle routine financial responsibilities.,I am able to make financial decisions that support my long-term needs.,I feel less stressed when my finances are organized.,I feel more independent when my finances are under control.
"Financial, Occupational",I am not as healthy as a lot of people.,2,30,30,I can balance current expenses with future goals.,My financial situation influences the choices I make in daily life.,I feel prepared to handle routine financial responsibilities.,I am able to make financial decisions that support my long-term needs.,I feel less stressed when my finances are organized.,I feel more independent when my finances are under control.
"Financial, Occupational",I feel happy and happy with the health I have.,2,30,30,I can balance current expenses with future goals.,My financial situation influences the choices I make in daily life.,I feel prepared to handle routine financial responsibilities.,I am able to make financial decisions that support my long-term needs.,I feel less stressed when my finances are organized.,I feel more independent when my finances are under control.
"Financial, Occupational",I have the ability to focus on my health and finances.,2,30,30,I can balance current expenses with future goals.,My financial situation influences the choices I make in daily life.,I feel prepared to handle routine financial responsibilities.,I am able to make financial decisions that support my long-term needs.,I feel less stressed when my finances are organized.,I feel more independent when my finances are under control.
"Financial, Occupational",I can control my finances and pay for household necessities.,2,30,30,I can balance current expenses with future goals.,My financial situation influences the choices I make in daily life.,I feel prepared to handle routine financial responsibilities.,I am able to make financial decisions that support my long-term needs.,I feel less stressed when my finances are organized.,I feel more independent when my finances are under control.
"Financial, Occupational",I feel more determined to make decisions about my finances.,2,30,30,I can balance current expenses with future goals.,My financial situation influences the choices I make in daily life.,I feel prepared to handle routine financial responsibilities.,I am able to make financial decisions that support my long-term needs.,I feel less stressed when my finances are organized.,I feel more independent when my finances are under control.
"Financial, Occupational",I feel more responsible and confident in my financial situation.,2,30,30,I can balance current expenses with future goals.,My financial situation influences the choices I make in daily life.,I feel prepared to handle routine financial responsibilities.,I am able to make financial decisions that support my long-term needs.,I feel less stressed when my finances are organized.,I feel more independent when my finances are under control.
"Financial, Occupational",I feel financially secure when I have a financial advantage.,2,30,30,I can balance current expenses with future goals.,My financial situation influences the choices I make in daily life.,I feel prepared to handle routine financial responsibilities.,I am able to make financial decisions that support my long-term needs.,I feel less stressed when my finances are organized.,I feel more independent when my finances are under control.
"Financial, Occupational",I feel more likely to make savings in the future.,2,30,30,I can balance current expenses with future goals.,My financial situation influences the choices I make in daily life.,I feel prepared to handle routine financial responsibilities.,I am able to make financial decisions that support my long-term needs.,I feel less stressed when my finances are organized.,I feel more independent when my finances are under control.
"Financial, Occupational",I'm able to budget effectively and manage my financial responsibilities.,2,30,30,I can balance current expenses with future goals.,My financial situation influences the choices I make in daily life.,I feel prepared to handle routine financial responsibilities.,I am able to make financial decisions that support my long-term needs.,I feel less stressed when my finances are organized.,I feel more independent when my finances are under control.
"Financial, Occupational",I feel better financially and more independent when my finances are in control.,2,30,30,I can balance current expenses with future goals.,My financial situation influences the choices I make in daily life.,I feel prepared to handle routine financial responsibilities.,I am able to make financial decisions that support my long-term needs.,I feel less stressed when my finances are organized.,I feel more independent when my finances are under control.
"Financial, Physical",I am not sure I am prepared to handle routine financial responsibilities.,2,30,30,I feel prepared to handle routine financial responsibilities.,My physical health has restricted me in the past.,I feel more stable when I have a clear financial plan.,I am able to make financial decisions that support my long-term needs.,My spending habits reflect my priorities.,I can usually plan my spending without feeling overwhelmed.
"Financial, Physical","My feelings, behaviors, or tendencies have been influenced by financial and physical conditions.",2,30,30,I feel prepared to handle routine financial responsibilities.,My physical health has restricted me in the past.,I feel more stable when I have a clear financial plan.,I am able to make financial decisions that support my long-term needs.,My spending habits reflect my priorities.,I can usually plan my spending without feeling overwhelmed.
"Financial, Physical",I think I am likely mentally healthy because I've been unable to survive financial responsibilities.,2,30,30,I feel prepared to handle routine financial responsibilities.,My physical health has restricted me in the past.,I feel more stable when I have a clear financial plan.,I am able to make financial decisions that support my long-term needs.,My spending habits reflect my priorities.,I can usually plan my spending without feeling overwhelmed.
"Financial, Physical",I have an adjusted spending plan that supports my long-term needs.,2,30,30,I feel prepared to handle routine financial responsibilities.,My physical health has restricted me in the past.,I feel more stable when I have a clear financial plan.,I am able to make financial decisions that support my long-term needs.,My spending habits reflect my priorities.,I can usually plan my spending without feeling overwhelmed.
"Financial, Physical",My financial planning allows me to make decisions that support my long-term needs.,2,30,30,I feel prepared to handle routine financial responsibilities.,My physical health has restricted me in the past.,I feel more stable when I have a clear financial plan.,I am able to make financial decisions that support my long-term needs.,My spending habits reflect my priorities.,I can usually plan my spending without feeling overwhelmed.
"Financial, Physical",I have limited resources and resources in my financial responsibilities.,2,30,30,I feel prepared to handle routine financial responsibilities.,My physical health has restricted me in the past.,I feel more stable when I have a clear financial plan.,I am able to make financial decisions that support my long-term needs.,My spending habits reflect my priorities.,I can usually plan my spending without feeling overwhelmed.
"Financial, Physical",I feel financially balanced and able to make decisions that support my long-term needs.,2,30,30,I feel prepared to handle routine financial responsibilities.,My physical health has restricted me in the past.,I feel more stable when I have a clear financial plan.,I am able to make financial decisions that support my long-term needs.,My spending habits reflect my priorities.,I can usually plan my spending without feeling overwhelmed.
"Financial, Physical",I feel that my financial situation has been limiting me in the past.,2,30,30,I feel prepared to handle routine financial responsibilities.,My physical health has restricted me in the past.,I feel more stable when I have a clear financial plan.,I am able to make financial decisions that support my long-term needs.,My spending habits reflect my priorities.,I can usually plan my spending without feeling overwhelmed.
"Financial, Physical",I am able to plan my spending without feeling overwhelmed.,2,30,30,I feel prepared to handle routine financial responsibilities.,My physical health has restricted me in the past.,I feel more stable when I have a clear financial plan.,I am able to make financial decisions that support my long-term needs.,My spending habits reflect my priorities.,I can usually plan my spending without feeling overwhelmed.
"Financial, Physical",I am able to spend my savings with my long-term needs.,2,30,30,I feel prepared to handle routine financial responsibilities.,My physical health has restricted me in the past.,I feel more stable when I have a clear financial plan.,I am able to make financial decisions that support my long-term needs.,My spending habits reflect my priorities.,I can usually plan my spending without feeling overwhelmed.
"Financial, Physical",I feel like I am having a good financial year.,2,30,30,I feel prepared to handle routine financial responsibilities.,My physical health has restricted me in the past.,I feel more stable when I have a clear financial plan.,I am able to make financial decisions that support my long-term needs.,My spending habits reflect my priorities.,I can usually plan my spending without feeling overwhelmed.
"Financial, Physical",I feel mentally healthier than when I first started to get on track.,2,30,30,I feel prepared to handle routine financial responsibilities.,My physical health has restricted me in the past.,I feel more stable when I have a clear financial plan.,I am able to make financial decisions that support my long-term needs.,My spending habits reflect my priorities.,I can usually plan my spending without feeling overwhelmed.
"Financial, Physical",I have a feeling that I am prepared to handle routine financial responsibilities.,2,30,30,I feel prepared to handle routine financial responsibilities.,My physical health has restricted me in the past.,I feel more stable when I have a clear financial plan.,I am able to make financial decisions that support my long-term needs.,My spending habits reflect my priorities.,I can usually plan my spending without feeling overwhelmed.
"Financial, Physical",I am able to make a plan and have access to my credit cards.,2,30,30,I feel prepared to handle routine financial responsibilities.,My physical health has restricted me in the past.,I feel more stable when I have a clear financial plan.,I am able to make financial decisions that support my long-term needs.,My spending habits reflect my priorities.,I can usually plan my spending without feeling overwhelmed.
"Financial, Physical",I feel more determined to make better decisions for my long-term needs.,2,30,30,I feel prepared to handle routine financial responsibilities.,My physical health has restricted me in the past.,I feel more stable when I have a clear financial plan.,I am able to make financial decisions that support my long-term needs.,My spending habits reflect my priorities.,I can usually plan my spending without feeling overwhelmed.
"Financial, Physical",I've had physical and psychological changes in the past.,2,30,30,I feel prepared to handle routine financial responsibilities.,My physical health has restricted me in the past.,I feel more stable when I have a clear financial plan.,I am able to make financial decisions that support my long-term needs.,My spending habits reflect my priorities.,I can usually plan my spending without feeling overwhelmed.
"Financial, Physical",I am planning my spending habits that support my long-term needs.,2,30,30,I feel prepared to handle routine financial responsibilities.,My physical health has restricted me in the past.,I feel more stable when I have a clear financial plan.,I am able to make financial decisions that support my long-term needs.,My spending habits reflect my priorities.,I can usually plan my spending without feeling overwhelmed.
"Financial, Physical",I have been feeling worse than I did in the past.,2,30,30,I feel prepared to handle routine financial responsibilities.,My physical health has restricted me in the past.,I feel more stable when I have a clear financial plan.,I am able to make financial decisions that support my long-term needs.,My spending habits reflect my priorities.,I can usually plan my spending without feeling overwhelmed.
"Financial, Physical",I feel empowered and happy to do what I need to do.,2,30,30,I feel prepared to handle routine financial responsibilities.,My physical health has restricted me in the past.,I feel more stable when I have a clear financial plan.,I am able to make financial decisions that support my long-term needs.,My spending habits reflect my priorities.,I can usually plan my spending without feeling overwhelmed.
"Financial, Physical",I am less stressed in the past and am able to spend my money wisely.,2,30,30,I feel prepared to handle routine financial responsibilities.,My physical health has restricted me in the past.,I feel more stable when I have a clear financial plan.,I am able to make financial decisions that support my long-term needs.,My spending habits reflect my priorities.,I can usually plan my spending without feeling overwhelmed.
"Financial, Physical",I have been making a plan for my long-term needs.,2,30,30,I feel prepared to handle routine financial responsibilities.,My physical health has restricted me in the past.,I feel more stable when I have a clear financial plan.,I am able to make financial decisions that support my long-term needs.,My spending habits reflect my priorities.,I can usually plan my spending without feeling overwhelmed.
"Financial, Physical",I am not as well-balanced as I used to be.,2,30,30,I feel prepared to handle routine financial responsibilities.,My physical health has restricted me in the past.,I feel more stable when I have a clear financial plan.,I am able to make financial decisions that support my long-term needs.,My spending habits reflect my priorities.,I can usually plan my spending without feeling overwhelmed.
"Financial, Physical",My budget has allowed me to do more on time.,2,30,30,I feel prepared to handle routine financial responsibilities.,My physical health has restricted me in the past.,I feel more stable when I have a clear financial plan.,I am able to make financial decisions that support my long-term needs.,My spending habits reflect my priorities.,I can usually plan my spending without feeling overwhelmed.
"Financial, Physical",I am feeling more prepared to handle routine financial responsibilities.,2,30,30,I feel prepared to handle routine financial responsibilities.,My physical health has restricted me in the past.,I feel more stable when I have a clear financial plan.,I am able to make financial decisions that support my long-term needs.,My spending habits reflect my priorities.,I can usually plan my spending without feeling overwhelmed.
"Financial, Physical",I have a clear financial plan and are able to budget without feeling overwhelmed.,2,30,30,I feel prepared to handle routine financial responsibilities.,My physical health has restricted me in the past.,I feel more stable when I have a clear financial plan.,I am able to make financial decisions that support my long-term needs.,My spending habits reflect my priorities.,I can usually plan my spending without feeling overwhelmed.
"Financial, Physical",I feel more stressed out because I have limited financial resources.,2,30,30,I feel prepared to handle routine financial responsibilities.,My physical health has restricted me in the past.,I feel more stable when I have a clear financial plan.,I am able to make financial decisions that support my long-term needs.,My spending habits reflect my priorities.,I can usually plan my spending without feeling overwhelmed.
"Financial, Physical",I am ready to deal with financial and physical responsibilities.,2,30,30,I feel prepared to handle routine financial responsibilities.,My physical health has restricted me in the past.,I feel more stable when I have a clear financial plan.,I am able to make financial decisions that support my long-term needs.,My spending habits reflect my priorities.,I can usually plan my spending without feeling overwhelmed.
"Financial, Physical",I am happy to be able to make savings and a clear financial plan.,2,30,30,I feel prepared to handle routine financial responsibilities.,My physical health has restricted me in the past.,I feel more stable when I have a clear financial plan.,I am able to make financial decisions that support my long-term needs.,My spending habits reflect my priorities.,I can usually plan my spending without feeling overwhelmed.
"Financial, Physical",I'm planning to withdraw from life and to begin a new life.,2,30,30,I feel prepared to handle routine financial responsibilities.,My physical health has restricted me in the past.,I feel more stable when I have a clear financial plan.,I am able to make financial decisions that support my long-term needs.,My spending habits reflect my priorities.,I can usually plan my spending without feeling overwhelmed.
"Financial, Physical",I feel less prepared to manage my emotions during stressful situations.,2,30,30,I feel prepared to handle routine financial responsibilities.,My physical health has restricted me in the past.,I feel more stable when I have a clear financial plan.,I am able to make financial decisions that support my long-term needs.,My spending habits reflect my priorities.,I can usually plan my spending without feeling overwhelmed.
"Financial, Social",I felt more independent when my finances were under control.,2,30,30,My financial situation affects how secure I feel.,My financial situation influences the choices I make in daily life.,I feel more independent when my finances are under control.,My social relationships are superficial,I have one close and secure relationship.,I feel more stable when I have a clear financial plan.
"Financial, Social",My financial situation is affected by financial decisions that I make.,2,30,30,My financial situation affects how secure I feel.,My financial situation influences the choices I make in daily life.,I feel more independent when my finances are under control.,My social relationships are superficial,I have one close and secure relationship.,I feel more stable when I have a clear financial plan.
"Financial, Social",I feel more stable when my financial situation is under control.,2,30,30,My financial situation affects how secure I feel.,My financial situation influences the choices I make in daily life.,I feel more independent when my finances are under control.,My social relationships are superficial,I have one close and secure relationship.,I feel more stable when I have a clear financial plan.
"Financial, Social",I feel less stable when my social relationships are superficial.,2,30,30,My financial situation affects how secure I feel.,My financial situation influences the choices I make in daily life.,I feel more independent when my finances are under control.,My social relationships are superficial,I have one close and secure relationship.,I feel more stable when I have a clear financial plan.
"Financial, Social",I am less financially secure than I have in the past.,2,30,30,My financial situation affects how secure I feel.,My financial situation influences the choices I make in daily life.,I feel more independent when my finances are under control.,My social relationships are superficial,I have one close and secure relationship.,I feel more stable when I have a clear financial plan.
"Financial, Social",I feel less stable if my financial situation is in control.,2,30,30,My financial situation affects how secure I feel.,My financial situation influences the choices I make in daily life.,I feel more independent when my finances are under control.,My social relationships are superficial,I have one close and secure relationship.,I feel more stable when I have a clear financial plan.
"Financial, Social",I feel less financially secure when my social relationships are under control.,2,30,30,My financial situation affects how secure I feel.,My financial situation influences the choices I make in daily life.,I feel more independent when my finances are under control.,My social relationships are superficial,I have one close and secure relationship.,I feel more stable when I have a clear financial plan.
"Financial, Social",I feel more confident and secure than my financial situation is.,2,30,30,My financial situation affects how secure I feel.,My financial situation influences the choices I make in daily life.,I feel more independent when my finances are under control.,My social relationships are superficial,I have one close and secure relationship.,I feel more stable when I have a clear financial plan.
"Financial, Social",I am more financially secure when my finances are under control.,2,30,30,My financial situation affects how secure I feel.,My financial situation influences the choices I make in daily life.,I feel more independent when my finances are under control.,My social relationships are superficial,I have one close and secure relationship.,I feel more stable when I have a clear financial plan.
"Financial, Social",I feel more self-report if my financial situation influences my social relationships.,2,30,30,My financial situation affects how secure I feel.,My financial situation influences the choices I make in daily life.,I feel more independent when my finances are under control.,My social relationships are superficial,I have one close and secure relationship.,I feel more stable when I have a clear financial plan.
"Financial, Social",My financial situation affects my self-report and social relationship.,2,30,30,My financial situation affects how secure I feel.,My financial situation influences the choices I make in daily life.,I feel more independent when my finances are under control.,My social relationships are superficial,I have one close and secure relationship.,I feel more stable when I have a clear financial plan.
"Financial, Social",My financial situation is a contributing factor to my mental health problems.,2,30,30,My financial situation affects how secure I feel.,My financial situation influences the choices I make in daily life.,I feel more independent when my finances are under control.,My social relationships are superficial,I have one close and secure relationship.,I feel more stable when I have a clear financial plan.
"Financial, Social",I am emotionally stable when I have no financial status.,2,30,30,My financial situation affects how secure I feel.,My financial situation influences the choices I make in daily life.,I feel more independent when my finances are under control.,My social relationships are superficial,I have one close and secure relationship.,I feel more stable when I have a clear financial plan.
"Financial, Social",I do not think I have any mental health issues.,2,30,30,My financial situation affects how secure I feel.,My financial situation influences the choices I make in daily life.,I feel more independent when my finances are under control.,My social relationships are superficial,I have one close and secure relationship.,I feel more stable when I have a clear financial plan.
"Financial, Social",I want to know how secure I feel when I'm in my financial and social life.,2,30,30,My financial situation affects how secure I feel.,My financial situation influences the choices I make in daily life.,I feel more independent when my finances are under control.,My social relationships are superficial,I have one close and secure relationship.,I feel more stable when I have a clear financial plan.
"Financial, Social",I find that my financial situation has affected my choices in daily life.,2,30,30,My financial situation affects how secure I feel.,My financial situation influences the choices I make in daily life.,I feel more independent when my finances are under control.,My social relationships are superficial,I have one close and secure relationship.,I feel more stable when I have a clear financial plan.
"Financial, Social","I think my financial situation is very poor, so I am able to balance my needs.",2,30,30,My financial situation affects how secure I feel.,My financial situation influences the choices I make in daily life.,I feel more independent when my finances are under control.,My social relationships are superficial,I have one close and secure relationship.,I feel more stable when I have a clear financial plan.
"Financial, Social",I feel more self-reportable when my financial situation affects my social relationships.,2,30,30,My financial situation affects how secure I feel.,My financial situation influences the choices I make in daily life.,I feel more independent when my finances are under control.,My social relationships are superficial,I have one close and secure relationship.,I feel more stable when I have a clear financial plan.
"Financial, Social",My financial situation influences how I feel about my finances.,2,30,30,My financial situation affects how secure I feel.,My financial situation influences the choices I make in daily life.,I feel more independent when my finances are under control.,My social relationships are superficial,I have one close and secure relationship.,I feel more stable when I have a clear financial plan.
"Financial, Social",My financial situation is affected by a broader range of people’s social and financial situations.,2,30,30,My financial situation affects how secure I feel.,My financial situation influences the choices I make in daily life.,I feel more independent when my finances are under control.,My social relationships are superficial,I have one close and secure relationship.,I feel more stable when I have a clear financial plan.
"Financial, Social",My financial situation influences what I want to do in my life.,2,30,30,My financial situation affects how secure I feel.,My financial situation influences the choices I make in daily life.,I feel more independent when my finances are under control.,My social relationships are superficial,I have one close and secure relationship.,I feel more stable when I have a clear financial plan.
"Financial, Social",My financial situation influences my decisions in my daily life.,2,30,30,My financial situation affects how secure I feel.,My financial situation influences the choices I make in daily life.,I feel more independent when my finances are under control.,My social relationships are superficial,I have one close and secure relationship.,I feel more stable when I have a clear financial plan.
"Financial, Social",My financial situation affects my feelings about spending and social relationships.,2,30,30,My financial situation affects how secure I feel.,My financial situation influences the choices I make in daily life.,I feel more independent when my finances are under control.,My social relationships are superficial,I have one close and secure relationship.,I feel more stable when I have a clear financial plan.
"Financial, Social",I do not have a stable relationship with my family.,2,30,30,My financial situation affects how secure I feel.,My financial situation influences the choices I make in daily life.,I feel more independent when my finances are under control.,My social relationships are superficial,I have one close and secure relationship.,I feel more stable when I have a clear financial plan.
"Financial, Social",My finances and social relationships can affect how much I am happy.,2,30,30,My financial situation affects how secure I feel.,My financial situation influences the choices I make in daily life.,I feel more independent when my finances are under control.,My social relationships are superficial,I have one close and secure relationship.,I feel more stable when I have a clear financial plan.
"Financial, Social",I felt more stable when my social relationships are under control.,2,30,30,My financial situation affects how secure I feel.,My financial situation influences the choices I make in daily life.,I feel more independent when my finances are under control.,My social relationships are superficial,I have one close and secure relationship.,I feel more stable when I have a clear financial plan.
"Financial, Social",I think I am more balanced in my financial situation than my social life.,2,30,30,My financial situation affects how secure I feel.,My financial situation influences the choices I make in daily life.,I feel more independent when my finances are under control.,My social relationships are superficial,I have one close and secure relationship.,I feel more stable when I have a clear financial plan.
"Financial, Social",My financial situation influences what I choose in daily life.,2,30,30,My financial situation affects how secure I feel.,My financial situation influences the choices I make in daily life.,I feel more independent when my finances are under control.,My social relationships are superficial,I have one close and secure relationship.,I feel more stable when I have a clear financial plan.
"Financial, Social",I find my financial situation influences my choices in daily life.,2,30,30,My financial situation affects how secure I feel.,My financial situation influences the choices I make in daily life.,I feel more independent when my finances are under control.,My social relationships are superficial,I have one close and secure relationship.,I feel more stable when I have a clear financial plan.
"Financial, Social",I feel happier when my financial situation is well managed.,2,30,30,My financial situation affects how secure I feel.,My financial situation influences the choices I make in daily life.,I feel more independent when my finances are under control.,My social relationships are superficial,I have one close and secure relationship.,I feel more stable when I have a clear financial plan.
"Financial, Spiritual",A person may not have money and need to balance its financial and spiritual needs.,2,30,30,I can balance current expenses with future goals.,Money concerns interfere with my peace of mind.,Financial uncertainty affects my mood.,I understand where my money is going each month.,Sometimes fate or God helps me.,Life does not hold much future promise for me.
"Financial, Spiritual",I have trouble focusing and focus in my daily life.,2,30,30,I can balance current expenses with future goals.,Money concerns interfere with my peace of mind.,Financial uncertainty affects my mood.,I understand where my money is going each month.,Sometimes fate or God helps me.,Life does not hold much future promise for me.
"Financial, Spiritual",Life is often unpredictable and it is hard to balance finances and spiritually.,2,30,30,I can balance current expenses with future goals.,Money concerns interfere with my peace of mind.,Financial uncertainty affects my mood.,I understand where my money is going each month.,Sometimes fate or God helps me.,Life does not hold much future promise for me.
"Financial, Spiritual",I understand my budget and my life is full of surprises.,2,30,30,I can balance current expenses with future goals.,Money concerns interfere with my peace of mind.,Financial uncertainty affects my mood.,I understand where my money is going each month.,Sometimes fate or God helps me.,Life does not hold much future promise for me.
"Financial, Spiritual",I feel like I can balance my emotional and spiritual lives.,2,30,30,I can balance current expenses with future goals.,Money concerns interfere with my peace of mind.,Financial uncertainty affects my mood.,I understand where my money is going each month.,Sometimes fate or God helps me.,Life does not hold much future promise for me.
"Financial, Spiritual",I have a healthy relationship with my finances and spirituality.,2,30,30,I can balance current expenses with future goals.,Money concerns interfere with my peace of mind.,Financial uncertainty affects my mood.,I understand where my money is going each month.,Sometimes fate or God helps me.,Life does not hold much future promise for me.
"Financial, Spiritual",I have a higher level of financial and spiritual health than the previous self-report.,2,30,30,I can balance current expenses with future goals.,Money concerns interfere with my peace of mind.,Financial uncertainty affects my mood.,I understand where my money is going each month.,Sometimes fate or God helps me.,Life does not hold much future promise for me.
"Financial, Spiritual",I am self-reported and have a strong immune system,2,30,30,I can balance current expenses with future goals.,Money concerns interfere with my peace of mind.,Financial uncertainty affects my mood.,I understand where my money is going each month.,Sometimes fate or God helps me.,Life does not hold much future promise for me.
"Financial, Spiritual",The financial and spiritual aspects of your life may have a direct impact on your mood.,2,30,30,I can balance current expenses with future goals.,Money concerns interfere with my peace of mind.,Financial uncertainty affects my mood.,I understand where my money is going each month.,Sometimes fate or God helps me.,Life does not hold much future promise for me.
"Financial, Spiritual",My finances have been a major issue in the past year.,2,30,30,I can balance current expenses with future goals.,Money concerns interfere with my peace of mind.,Financial uncertainty affects my mood.,I understand where my money is going each month.,Sometimes fate or God helps me.,Life does not hold much future promise for me.
"Financial, Spiritual",A self-report needs to describe how spiritually healthy you are.,2,30,30,I can balance current expenses with future goals.,Money concerns interfere with my peace of mind.,Financial uncertainty affects my mood.,I understand where my money is going each month.,Sometimes fate or God helps me.,Life does not hold much future promise for me.
"Financial, Spiritual",I'm not sure how to balance my current expenses with future goals.,2,30,30,I can balance current expenses with future goals.,Money concerns interfere with my peace of mind.,Financial uncertainty affects my mood.,I understand where my money is going each month.,Sometimes fate or God helps me.,Life does not hold much future promise for me.
"Financial, Spiritual","The more I think of money and spirituality, the happier I will be.",2,30,30,I can balance current expenses with future goals.,Money concerns interfere with my peace of mind.,Financial uncertainty affects my mood.,I understand where my money is going each month.,Sometimes fate or God helps me.,Life does not hold much future promise for me.
"Financial, Spiritual",The writer describes how he or she feels financially and spiritually.,2,30,30,I can balance current expenses with future goals.,Money concerns interfere with my peace of mind.,Financial uncertainty affects my mood.,I understand where my money is going each month.,Sometimes fate or God helps me.,Life does not hold much future promise for me.
"Financial, Spiritual",A self-report is a self-report about personal finances and spirituality.,2,30,30,I can balance current expenses with future goals.,Money concerns interfere with my peace of mind.,Financial uncertainty affects my mood.,I understand where my money is going each month.,Sometimes fate or God helps me.,Life does not hold much future promise for me.
"Financial, Spiritual","Financial and Spiritual Self-Report: My mood is better, so is my financial and spiritual well-being.",2,30,30,I can balance current expenses with future goals.,Money concerns interfere with my peace of mind.,Financial uncertainty affects my mood.,I understand where my money is going each month.,Sometimes fate or God helps me.,Life does not hold much future promise for me.
"Financial, Spiritual",I feel uncertain about what I should do for my finances.,2,30,30,I can balance current expenses with future goals.,Money concerns interfere with my peace of mind.,Financial uncertainty affects my mood.,I understand where my money is going each month.,Sometimes fate or God helps me.,Life does not hold much future promise for me.
"Financial, Spiritual",I can relate to other people's feelings and behaviors.,2,30,30,I can balance current expenses with future goals.,Money concerns interfere with my peace of mind.,Financial uncertainty affects my mood.,I understand where my money is going each month.,Sometimes fate or God helps me.,Life does not hold much future promise for me.
"Financial, Spiritual","I know if my finances are stable and what my financial needs are, so I can change my habits.",2,30,30,I can balance current expenses with future goals.,Money concerns interfere with my peace of mind.,Financial uncertainty affects my mood.,I understand where my money is going each month.,Sometimes fate or God helps me.,Life does not hold much future promise for me.
"Financial, Spiritual",I have a healthy and balanced balance of my finances and spirituality.,2,30,30,I can balance current expenses with future goals.,Money concerns interfere with my peace of mind.,Financial uncertainty affects my mood.,I understand where my money is going each month.,Sometimes fate or God helps me.,Life does not hold much future promise for me.
"Financial, Spiritual",I'm not sure how financially I've behaved this past month.,2,30,30,I can balance current expenses with future goals.,Money concerns interfere with my peace of mind.,Financial uncertainty affects my mood.,I understand where my money is going each month.,Sometimes fate or God helps me.,Life does not hold much future promise for me.
"Financial, Spiritual",I know that I can take care of my finances and my spiritual health.,2,30,30,I can balance current expenses with future goals.,Money concerns interfere with my peace of mind.,Financial uncertainty affects my mood.,I understand where my money is going each month.,Sometimes fate or God helps me.,Life does not hold much future promise for me.
"Financial, Spiritual",I have a belief in both spirituality and financial health.,2,30,30,I can balance current expenses with future goals.,Money concerns interfere with my peace of mind.,Financial uncertainty affects my mood.,I understand where my money is going each month.,Sometimes fate or God helps me.,Life does not hold much future promise for me.
"Financial, Spiritual","I am happy and energetic, and I am willing to go with my gut instincts.",2,30,30,I can balance current expenses with future goals.,Money concerns interfere with my peace of mind.,Financial uncertainty affects my mood.,I understand where my money is going each month.,Sometimes fate or God helps me.,Life does not hold much future promise for me.
"Financial, Spiritual",A self-report needs to be clearly and concisely written and include a clear subject reference.,2,30,30,I can balance current expenses with future goals.,Money concerns interfere with my peace of mind.,Financial uncertainty affects my mood.,I understand where my money is going each month.,Sometimes fate or God helps me.,Life does not hold much future promise for me.
"Financial, Spiritual",I have learned to love finances and to enjoy the world.,2,30,30,I can balance current expenses with future goals.,Money concerns interfere with my peace of mind.,Financial uncertainty affects my mood.,I understand where my money is going each month.,Sometimes fate or God helps me.,Life does not hold much future promise for me.
"Financial, Spiritual",Financial and Spiritual self-report statements are a self-report.,2,30,30,I can balance current expenses with future goals.,Money concerns interfere with my peace of mind.,Financial uncertainty affects my mood.,I understand where my money is going each month.,Sometimes fate or God helps me.,Life does not hold much future promise for me.
"Financial, Spiritual","I know how much I miss my family, friends, and future.",2,30,30,I can balance current expenses with future goals.,Money concerns interfere with my peace of mind.,Financial uncertainty affects my mood.,I understand where my money is going each month.,Sometimes fate or God helps me.,Life does not hold much future promise for me.
"Financial, Spiritual",I am feeling emotionally better and have a positive outlook on my life.,2,30,30,I can balance current expenses with future goals.,Money concerns interfere with my peace of mind.,Financial uncertainty affects my mood.,I understand where my money is going each month.,Sometimes fate or God helps me.,Life does not hold much future promise for me.
"Financial, Spiritual","I have a healthy balance of my finances, but also have a good balance of my spiritual and financial goals.",2,30,30,I can balance current expenses with future goals.,Money concerns interfere with my peace of mind.,Financial uncertainty affects my mood.,I understand where my money is going each month.,Sometimes fate or God helps me.,Life does not hold much future promise for me.
"Intellectual, Occupational",I enjoy the way my brain interprets science and mathematics.,2,30,30,"Generally, I feel pleased with the amount of intellectual stimulation I receive in my daily life.",I find satisfaction in accomplishing important tasks.,I am satisfied with the direction I am taking in my work or studies.,"In the past, I have generally found intellectual challenges to be vital to my overall well-being.",I work to attain goals.,I feel motivated by the tasks I need to complete each day.
"Intellectual, Occupational",I think my day-to-day schedule is very stressful.,2,30,30,"Generally, I feel pleased with the amount of intellectual stimulation I receive in my daily life.",I find satisfaction in accomplishing important tasks.,I am satisfied with the direction I am taking in my work or studies.,"In the past, I have generally found intellectual challenges to be vital to my overall well-being.",I work to attain goals.,I feel motivated by the tasks I need to complete each day.
"Intellectual, Occupational",I find the amount of intellectual stimulation I receive in my daily life to be essential to my overall well-being.,2,30,30,"Generally, I feel pleased with the amount of intellectual stimulation I receive in my daily life.",I find satisfaction in accomplishing important tasks.,I am satisfied with the direction I am taking in my work or studies.,"In the past, I have generally found intellectual challenges to be vital to my overall well-being.",I work to attain goals.,I feel motivated by the tasks I need to complete each day.
"Intellectual, Occupational",I am satisfied with doing the things I need to do every day.,2,30,30,"Generally, I feel pleased with the amount of intellectual stimulation I receive in my daily life.",I find satisfaction in accomplishing important tasks.,I am satisfied with the direction I am taking in my work or studies.,"In the past, I have generally found intellectual challenges to be vital to my overall well-being.",I work to attain goals.,I feel motivated by the tasks I need to complete each day.
"Intellectual, Occupational","I find that intellectual stimulation makes me happy, and I feel fulfilled at work.",2,30,30,"Generally, I feel pleased with the amount of intellectual stimulation I receive in my daily life.",I find satisfaction in accomplishing important tasks.,I am satisfied with the direction I am taking in my work or studies.,"In the past, I have generally found intellectual challenges to be vital to my overall well-being.",I work to attain goals.,I feel motivated by the tasks I need to complete each day.
"Intellectual, Occupational",I found my intellectual stimulation to be vital to my overall well-being.,2,30,30,"Generally, I feel pleased with the amount of intellectual stimulation I receive in my daily life.",I find satisfaction in accomplishing important tasks.,I am satisfied with the direction I am taking in my work or studies.,"In the past, I have generally found intellectual challenges to be vital to my overall well-being.",I work to attain goals.,I feel motivated by the tasks I need to complete each day.
"Intellectual, Occupational",I feel confident in my ability to take action in my daily life.,2,30,30,"Generally, I feel pleased with the amount of intellectual stimulation I receive in my daily life.",I find satisfaction in accomplishing important tasks.,I am satisfied with the direction I am taking in my work or studies.,"In the past, I have generally found intellectual challenges to be vital to my overall well-being.",I work to attain goals.,I feel motivated by the tasks I need to complete each day.
"Intellectual, Occupational","I am happy, motivated, and motivated by my daily activities.",2,30,30,"Generally, I feel pleased with the amount of intellectual stimulation I receive in my daily life.",I find satisfaction in accomplishing important tasks.,I am satisfied with the direction I am taking in my work or studies.,"In the past, I have generally found intellectual challenges to be vital to my overall well-being.",I work to attain goals.,I feel motivated by the tasks I need to complete each day.
"Intellectual, Occupational",I think I'm not working or studying and feel like I'm having an intellectual or psychedelic problem.,2,30,30,"Generally, I feel pleased with the amount of intellectual stimulation I receive in my daily life.",I find satisfaction in accomplishing important tasks.,I am satisfied with the direction I am taking in my work or studies.,"In the past, I have generally found intellectual challenges to be vital to my overall well-being.",I work to attain goals.,I feel motivated by the tasks I need to complete each day.
"Intellectual, Occupational","I am happy with my work, studies, and intellectual stimuli.",2,30,30,"Generally, I feel pleased with the amount of intellectual stimulation I receive in my daily life.",I find satisfaction in accomplishing important tasks.,I am satisfied with the direction I am taking in my work or studies.,"In the past, I have generally found intellectual challenges to be vital to my overall well-being.",I work to attain goals.,I feel motivated by the tasks I need to complete each day.
"Intellectual, Occupational",I am satisfied with my intellectual stimulation and my work.,2,30,30,"Generally, I feel pleased with the amount of intellectual stimulation I receive in my daily life.",I find satisfaction in accomplishing important tasks.,I am satisfied with the direction I am taking in my work or studies.,"In the past, I have generally found intellectual challenges to be vital to my overall well-being.",I work to attain goals.,I feel motivated by the tasks I need to complete each day.
"Intellectual, Occupational",I feel good in the areas of intellectual stimulation I find helpful.,2,30,30,"Generally, I feel pleased with the amount of intellectual stimulation I receive in my daily life.",I find satisfaction in accomplishing important tasks.,I am satisfied with the direction I am taking in my work or studies.,"In the past, I have generally found intellectual challenges to be vital to my overall well-being.",I work to attain goals.,I feel motivated by the tasks I need to complete each day.
"Intellectual, Occupational","I enjoy being productive, I am motivated to finish what I have worked for the past year, and I enjoy being motivated for the next year.",2,30,30,"Generally, I feel pleased with the amount of intellectual stimulation I receive in my daily life.",I find satisfaction in accomplishing important tasks.,I am satisfied with the direction I am taking in my work or studies.,"In the past, I have generally found intellectual challenges to be vital to my overall well-being.",I work to attain goals.,I feel motivated by the tasks I need to complete each day.
"Intellectual, Occupational",I found the attention I received in my daily life was a positive one.,2,30,30,"Generally, I feel pleased with the amount of intellectual stimulation I receive in my daily life.",I find satisfaction in accomplishing important tasks.,I am satisfied with the direction I am taking in my work or studies.,"In the past, I have generally found intellectual challenges to be vital to my overall well-being.",I work to attain goals.,I feel motivated by the tasks I need to complete each day.
"Intellectual, Occupational",I find satisfaction with completing the tasks I need to complete each day.,2,30,30,"Generally, I feel pleased with the amount of intellectual stimulation I receive in my daily life.",I find satisfaction in accomplishing important tasks.,I am satisfied with the direction I am taking in my work or studies.,"In the past, I have generally found intellectual challenges to be vital to my overall well-being.",I work to attain goals.,I feel motivated by the tasks I need to complete each day.
"Intellectual, Occupational",I feel happy with the amount of intellectual stimulation I receive.,2,30,30,"Generally, I feel pleased with the amount of intellectual stimulation I receive in my daily life.",I find satisfaction in accomplishing important tasks.,I am satisfied with the direction I am taking in my work or studies.,"In the past, I have generally found intellectual challenges to be vital to my overall well-being.",I work to attain goals.,I feel motivated by the tasks I need to complete each day.
"Intellectual, Occupational",I believe that I am not happy with my work or studies.,2,30,30,"Generally, I feel pleased with the amount of intellectual stimulation I receive in my daily life.",I find satisfaction in accomplishing important tasks.,I am satisfied with the direction I am taking in my work or studies.,"In the past, I have generally found intellectual challenges to be vital to my overall well-being.",I work to attain goals.,I feel motivated by the tasks I need to complete each day.
"Intellectual, Occupational","I like to work hard, but sometimes I feel overwhelmed.",2,30,30,"Generally, I feel pleased with the amount of intellectual stimulation I receive in my daily life.",I find satisfaction in accomplishing important tasks.,I am satisfied with the direction I am taking in my work or studies.,"In the past, I have generally found intellectual challenges to be vital to my overall well-being.",I work to attain goals.,I feel motivated by the tasks I need to complete each day.
"Intellectual, Occupational","I like intellectual stimulation, but I have difficulty focusing on my work.",2,30,30,"Generally, I feel pleased with the amount of intellectual stimulation I receive in my daily life.",I find satisfaction in accomplishing important tasks.,I am satisfied with the direction I am taking in my work or studies.,"In the past, I have generally found intellectual challenges to be vital to my overall well-being.",I work to attain goals.,I feel motivated by the tasks I need to complete each day.
"Intellectual, Occupational","Generally, I find it hard to achieve my goals because of their perceived lack of motivation.",2,30,30,"Generally, I feel pleased with the amount of intellectual stimulation I receive in my daily life.",I find satisfaction in accomplishing important tasks.,I am satisfied with the direction I am taking in my work or studies.,"In the past, I have generally found intellectual challenges to be vital to my overall well-being.",I work to attain goals.,I feel motivated by the tasks I need to complete each day.
"Intellectual, Occupational",I find it important to be able to work effectively in stressful situations.,2,30,30,"Generally, I feel pleased with the amount of intellectual stimulation I receive in my daily life.",I find satisfaction in accomplishing important tasks.,I am satisfied with the direction I am taking in my work or studies.,"In the past, I have generally found intellectual challenges to be vital to my overall well-being.",I work to attain goals.,I feel motivated by the tasks I need to complete each day.
"Intellectual, Occupational",I feel proud of the things I have accomplished in my daily life.,2,30,30,"Generally, I feel pleased with the amount of intellectual stimulation I receive in my daily life.",I find satisfaction in accomplishing important tasks.,I am satisfied with the direction I am taking in my work or studies.,"In the past, I have generally found intellectual challenges to be vital to my overall well-being.",I work to attain goals.,I feel motivated by the tasks I need to complete each day.
"Intellectual, Occupational",I find it hard to get through my routine and enjoy intellectual stimulation.,2,30,30,"Generally, I feel pleased with the amount of intellectual stimulation I receive in my daily life.",I find satisfaction in accomplishing important tasks.,I am satisfied with the direction I am taking in my work or studies.,"In the past, I have generally found intellectual challenges to be vital to my overall well-being.",I work to attain goals.,I feel motivated by the tasks I need to complete each day.
"Intellectual, Occupational",I find my intellectual stimulation essential to my overall well-being.,2,30,30,"Generally, I feel pleased with the amount of intellectual stimulation I receive in my daily life.",I find satisfaction in accomplishing important tasks.,I am satisfied with the direction I am taking in my work or studies.,"In the past, I have generally found intellectual challenges to be vital to my overall well-being.",I work to attain goals.,I feel motivated by the tasks I need to complete each day.
"Intellectual, Occupational",I feel pleased and content with what I receive in my daily life.,2,30,30,"Generally, I feel pleased with the amount of intellectual stimulation I receive in my daily life.",I find satisfaction in accomplishing important tasks.,I am satisfied with the direction I am taking in my work or studies.,"In the past, I have generally found intellectual challenges to be vital to my overall well-being.",I work to attain goals.,I feel motivated by the tasks I need to complete each day.
"Intellectual, Occupational",I feel proud of what I can do to achieve goals.,2,30,30,"Generally, I feel pleased with the amount of intellectual stimulation I receive in my daily life.",I find satisfaction in accomplishing important tasks.,I am satisfied with the direction I am taking in my work or studies.,"In the past, I have generally found intellectual challenges to be vital to my overall well-being.",I work to attain goals.,I feel motivated by the tasks I need to complete each day.
"Intellectual, Occupational",I feel that intellectual stimulation can be helpful to my overall well-being.,2,30,30,"Generally, I feel pleased with the amount of intellectual stimulation I receive in my daily life.",I find satisfaction in accomplishing important tasks.,I am satisfied with the direction I am taking in my work or studies.,"In the past, I have generally found intellectual challenges to be vital to my overall well-being.",I work to attain goals.,I feel motivated by the tasks I need to complete each day.
"Intellectual, Occupational",I am happy to be able to complete important tasks and gain the recognition that I needed.,2,30,30,"Generally, I feel pleased with the amount of intellectual stimulation I receive in my daily life.",I find satisfaction in accomplishing important tasks.,I am satisfied with the direction I am taking in my work or studies.,"In the past, I have generally found intellectual challenges to be vital to my overall well-being.",I work to attain goals.,I feel motivated by the tasks I need to complete each day.
"Intellectual, Occupational",I find the information I need to make certain decisions.,2,30,30,"Generally, I feel pleased with the amount of intellectual stimulation I receive in my daily life.",I find satisfaction in accomplishing important tasks.,I am satisfied with the direction I am taking in my work or studies.,"In the past, I have generally found intellectual challenges to be vital to my overall well-being.",I work to attain goals.,I feel motivated by the tasks I need to complete each day.
"Intellectual, Occupational",I find myself pleased and motivated by the work or study I have taken in the past.,2,30,30,"Generally, I feel pleased with the amount of intellectual stimulation I receive in my daily life.",I find satisfaction in accomplishing important tasks.,I am satisfied with the direction I am taking in my work or studies.,"In the past, I have generally found intellectual challenges to be vital to my overall well-being.",I work to attain goals.,I feel motivated by the tasks I need to complete each day.
"Intellectual, Physical",I use a brain to help me focus on my goals.,2,30,30,"Generally, I feel pleased with the amount of intellectual stimulation I receive in my daily life.",I try to maintain habits that support my physical well-being.,I avoid activities which require me to concentrate.,How often do you lose track of time while doing something you enjoy?,Physical discomfort can make it harder for me to concentrate.,"In general, I feel confident about my abilities."
"Intellectual, Physical",I often have to take a lot of time to concentrate.,2,30,30,"Generally, I feel pleased with the amount of intellectual stimulation I receive in my daily life.",I try to maintain habits that support my physical well-being.,I avoid activities which require me to concentrate.,How often do you lose track of time while doing something you enjoy?,Physical discomfort can make it harder for me to concentrate.,"In general, I feel confident about my abilities."
"Intellectual, Physical",I believe that I will feel more self-satisfied and healthier for life.,2,30,30,"Generally, I feel pleased with the amount of intellectual stimulation I receive in my daily life.",I try to maintain habits that support my physical well-being.,I avoid activities which require me to concentrate.,How often do you lose track of time while doing something you enjoy?,Physical discomfort can make it harder for me to concentrate.,"In general, I feel confident about my abilities."
"Intellectual, Physical",I have been feeling sad for the past few months due to a physical exhaustion,2,30,30,"Generally, I feel pleased with the amount of intellectual stimulation I receive in my daily life.",I try to maintain habits that support my physical well-being.,I avoid activities which require me to concentrate.,How often do you lose track of time while doing something you enjoy?,Physical discomfort can make it harder for me to concentrate.,"In general, I feel confident about my abilities."
"Intellectual, Physical",My physical health may be more important than my mental health.,2,30,30,"Generally, I feel pleased with the amount of intellectual stimulation I receive in my daily life.",I try to maintain habits that support my physical well-being.,I avoid activities which require me to concentrate.,How often do you lose track of time while doing something you enjoy?,Physical discomfort can make it harder for me to concentrate.,"In general, I feel confident about my abilities."
"Intellectual, Physical",I don't take any physical actions which require my physical well-being.,2,30,30,"Generally, I feel pleased with the amount of intellectual stimulation I receive in my daily life.",I try to maintain habits that support my physical well-being.,I avoid activities which require me to concentrate.,How often do you lose track of time while doing something you enjoy?,Physical discomfort can make it harder for me to concentrate.,"In general, I feel confident about my abilities."
"Intellectual, Physical",I feel healthy and satisfied with my physical well-being.,2,30,30,"Generally, I feel pleased with the amount of intellectual stimulation I receive in my daily life.",I try to maintain habits that support my physical well-being.,I avoid activities which require me to concentrate.,How often do you lose track of time while doing something you enjoy?,Physical discomfort can make it harder for me to concentrate.,"In general, I feel confident about my abilities."
"Intellectual, Physical",I think about my physical well-being when I do something.,2,30,30,"Generally, I feel pleased with the amount of intellectual stimulation I receive in my daily life.",I try to maintain habits that support my physical well-being.,I avoid activities which require me to concentrate.,How often do you lose track of time while doing something you enjoy?,Physical discomfort can make it harder for me to concentrate.,"In general, I feel confident about my abilities."
"Intellectual, Physical",I have a healthy lifestyle that is centered around my intellectual stimulation.,2,30,30,"Generally, I feel pleased with the amount of intellectual stimulation I receive in my daily life.",I try to maintain habits that support my physical well-being.,I avoid activities which require me to concentrate.,How often do you lose track of time while doing something you enjoy?,Physical discomfort can make it harder for me to concentrate.,"In general, I feel confident about my abilities."
"Intellectual, Physical",I use a variety of activities to get me to concentrate.,2,30,30,"Generally, I feel pleased with the amount of intellectual stimulation I receive in my daily life.",I try to maintain habits that support my physical well-being.,I avoid activities which require me to concentrate.,How often do you lose track of time while doing something you enjoy?,Physical discomfort can make it harder for me to concentrate.,"In general, I feel confident about my abilities."
"Intellectual, Physical",I usually spend a lot of time focusing and thinking on problems.,2,30,30,"Generally, I feel pleased with the amount of intellectual stimulation I receive in my daily life.",I try to maintain habits that support my physical well-being.,I avoid activities which require me to concentrate.,How often do you lose track of time while doing something you enjoy?,Physical discomfort can make it harder for me to concentrate.,"In general, I feel confident about my abilities."
"Intellectual, Physical",I feel glad that I have intellectual stimulation and physical well-being.,2,30,30,"Generally, I feel pleased with the amount of intellectual stimulation I receive in my daily life.",I try to maintain habits that support my physical well-being.,I avoid activities which require me to concentrate.,How often do you lose track of time while doing something you enjoy?,Physical discomfort can make it harder for me to concentrate.,"In general, I feel confident about my abilities."
"Intellectual, Physical",I have the ability to achieve cognitive and physical development.,2,30,30,"Generally, I feel pleased with the amount of intellectual stimulation I receive in my daily life.",I try to maintain habits that support my physical well-being.,I avoid activities which require me to concentrate.,How often do you lose track of time while doing something you enjoy?,Physical discomfort can make it harder for me to concentrate.,"In general, I feel confident about my abilities."
"Intellectual, Physical",I try to keep things quiet during my daily life.,2,30,30,"Generally, I feel pleased with the amount of intellectual stimulation I receive in my daily life.",I try to maintain habits that support my physical well-being.,I avoid activities which require me to concentrate.,How often do you lose track of time while doing something you enjoy?,Physical discomfort can make it harder for me to concentrate.,"In general, I feel confident about my abilities."
"Intellectual, Physical","Generally, I feel the physical stimulation I receive in my daily life.",2,30,30,"Generally, I feel pleased with the amount of intellectual stimulation I receive in my daily life.",I try to maintain habits that support my physical well-being.,I avoid activities which require me to concentrate.,How often do you lose track of time while doing something you enjoy?,Physical discomfort can make it harder for me to concentrate.,"In general, I feel confident about my abilities."
"Intellectual, Physical",I think my physical health is worse than my mental health.,2,30,30,"Generally, I feel pleased with the amount of intellectual stimulation I receive in my daily life.",I try to maintain habits that support my physical well-being.,I avoid activities which require me to concentrate.,How often do you lose track of time while doing something you enjoy?,Physical discomfort can make it harder for me to concentrate.,"In general, I feel confident about my abilities."
"Intellectual, Physical",I find it hard to concentrate on something that is hard for me.,2,30,30,"Generally, I feel pleased with the amount of intellectual stimulation I receive in my daily life.",I try to maintain habits that support my physical well-being.,I avoid activities which require me to concentrate.,How often do you lose track of time while doing something you enjoy?,Physical discomfort can make it harder for me to concentrate.,"In general, I feel confident about my abilities."
"Intellectual, Physical",I feel happy that I feel able to cope with my physical health issues.,2,30,30,"Generally, I feel pleased with the amount of intellectual stimulation I receive in my daily life.",I try to maintain habits that support my physical well-being.,I avoid activities which require me to concentrate.,How often do you lose track of time while doing something you enjoy?,Physical discomfort can make it harder for me to concentrate.,"In general, I feel confident about my abilities."
"Intellectual, Physical",I tend to lose track of time while doing something I enjoy.,2,30,30,"Generally, I feel pleased with the amount of intellectual stimulation I receive in my daily life.",I try to maintain habits that support my physical well-being.,I avoid activities which require me to concentrate.,How often do you lose track of time while doing something you enjoy?,Physical discomfort can make it harder for me to concentrate.,"In general, I feel confident about my abilities."
"Intellectual, Physical",I feel happy that I am able to maintain habits that support my physical well-being.,2,30,30,"Generally, I feel pleased with the amount of intellectual stimulation I receive in my daily life.",I try to maintain habits that support my physical well-being.,I avoid activities which require me to concentrate.,How often do you lose track of time while doing something you enjoy?,Physical discomfort can make it harder for me to concentrate.,"In general, I feel confident about my abilities."
"Intellectual, Physical",I feel good about my mental health and physical health.,2,30,30,"Generally, I feel pleased with the amount of intellectual stimulation I receive in my daily life.",I try to maintain habits that support my physical well-being.,I avoid activities which require me to concentrate.,How often do you lose track of time while doing something you enjoy?,Physical discomfort can make it harder for me to concentrate.,"In general, I feel confident about my abilities."
"Intellectual, Physical","I feel well prepared to participate in physical activities, like a math competition.",2,30,30,"Generally, I feel pleased with the amount of intellectual stimulation I receive in my daily life.",I try to maintain habits that support my physical well-being.,I avoid activities which require me to concentrate.,How often do you lose track of time while doing something you enjoy?,Physical discomfort can make it harder for me to concentrate.,"In general, I feel confident about my abilities."
"Intellectual, Physical","I find my mental health improvement related to my physical well-being, though I don't think I have a strong immune system.",2,30,30,"Generally, I feel pleased with the amount of intellectual stimulation I receive in my daily life.",I try to maintain habits that support my physical well-being.,I avoid activities which require me to concentrate.,How often do you lose track of time while doing something you enjoy?,Physical discomfort can make it harder for me to concentrate.,"In general, I feel confident about my abilities."
"Intellectual, Physical",I feel well prepared for the work I have to do in the workplace.,2,30,30,"Generally, I feel pleased with the amount of intellectual stimulation I receive in my daily life.",I try to maintain habits that support my physical well-being.,I avoid activities which require me to concentrate.,How often do you lose track of time while doing something you enjoy?,Physical discomfort can make it harder for me to concentrate.,"In general, I feel confident about my abilities."
"Intellectual, Physical","I have learned that if I get into activities that require me to concentrate and I work through it, I am more aware of my ability to concentrate and concentrate",2,30,30,"Generally, I feel pleased with the amount of intellectual stimulation I receive in my daily life.",I try to maintain habits that support my physical well-being.,I avoid activities which require me to concentrate.,How often do you lose track of time while doing something you enjoy?,Physical discomfort can make it harder for me to concentrate.,"In general, I feel confident about my abilities."
"Intellectual, Physical",I feel less stressed and relieved than I did because I pushed myself to do it.,2,30,30,"Generally, I feel pleased with the amount of intellectual stimulation I receive in my daily life.",I try to maintain habits that support my physical well-being.,I avoid activities which require me to concentrate.,How often do you lose track of time while doing something you enjoy?,Physical discomfort can make it harder for me to concentrate.,"In general, I feel confident about my abilities."
"Intellectual, Physical",I feel healthy if I maintain my physical well-being.,2,30,30,"Generally, I feel pleased with the amount of intellectual stimulation I receive in my daily life.",I try to maintain habits that support my physical well-being.,I avoid activities which require me to concentrate.,How often do you lose track of time while doing something you enjoy?,Physical discomfort can make it harder for me to concentrate.,"In general, I feel confident about my abilities."
"Intellectual, Physical",I feel like I have the ability to communicate with my body.,2,30,30,"Generally, I feel pleased with the amount of intellectual stimulation I receive in my daily life.",I try to maintain habits that support my physical well-being.,I avoid activities which require me to concentrate.,How often do you lose track of time while doing something you enjoy?,Physical discomfort can make it harder for me to concentrate.,"In general, I feel confident about my abilities."
"Intellectual, Physical",I have a stress response to various events and situations.,2,30,30,"Generally, I feel pleased with the amount of intellectual stimulation I receive in my daily life.",I try to maintain habits that support my physical well-being.,I avoid activities which require me to concentrate.,How often do you lose track of time while doing something you enjoy?,Physical discomfort can make it harder for me to concentrate.,"In general, I feel confident about my abilities."
"Intellectual, Physical",I have a very high level of self-esteem and confidence.,2,30,30,"Generally, I feel pleased with the amount of intellectual stimulation I receive in my daily life.",I try to maintain habits that support my physical well-being.,I avoid activities which require me to concentrate.,How often do you lose track of time while doing something you enjoy?,Physical discomfort can make it harder for me to concentrate.,"In general, I feel confident about my abilities."
"Intellectual, Social","My personal feelings, behaviors, or tendencies are not shared by those around me",2,30,30,It is difficult for me to make friends,My interests and ideas are not shared by those around me,"In the past, I have generally found intellectual challenges to be vital to my overall well-being.",I prefer to take the lead in problem-solving.,My friends know they can always confide in me and ask me for advice.,I tend to be influenced by people with strong opinions.
"Intellectual, Social",My personality is not in the right place at the right time.,2,30,30,It is difficult for me to make friends,My interests and ideas are not shared by those around me,"In the past, I have generally found intellectual challenges to be vital to my overall well-being.",I prefer to take the lead in problem-solving.,My friends know they can always confide in me and ask me for advice.,I tend to be influenced by people with strong opinions.
"Intellectual, Social",I have a tendency to use social support in stressful situations.,2,30,30,It is difficult for me to make friends,My interests and ideas are not shared by those around me,"In the past, I have generally found intellectual challenges to be vital to my overall well-being.",I prefer to take the lead in problem-solving.,My friends know they can always confide in me and ask me for advice.,I tend to be influenced by people with strong opinions.
"Intellectual, Social",I enjoy intellectual challenges and am influenced by people with strong opinions.,2,30,30,It is difficult for me to make friends,My interests and ideas are not shared by those around me,"In the past, I have generally found intellectual challenges to be vital to my overall well-being.",I prefer to take the lead in problem-solving.,My friends know they can always confide in me and ask me for advice.,I tend to be influenced by people with strong opinions.
"Intellectual, Social",I have a tendency to focus on problem-solving and am not in control of my mood,2,30,30,It is difficult for me to make friends,My interests and ideas are not shared by those around me,"In the past, I have generally found intellectual challenges to be vital to my overall well-being.",I prefer to take the lead in problem-solving.,My friends know they can always confide in me and ask me for advice.,I tend to be influenced by people with strong opinions.
"Intellectual, Social",I think my ideas and behaviors are essential to my overall well-being,2,30,30,It is difficult for me to make friends,My interests and ideas are not shared by those around me,"In the past, I have generally found intellectual challenges to be vital to my overall well-being.",I prefer to take the lead in problem-solving.,My friends know they can always confide in me and ask me for advice.,I tend to be influenced by people with strong opinions.
"Intellectual, Social",My mind-body system is not clear and focused on self-help and other related issues.,2,30,30,It is difficult for me to make friends,My interests and ideas are not shared by those around me,"In the past, I have generally found intellectual challenges to be vital to my overall well-being.",I prefer to take the lead in problem-solving.,My friends know they can always confide in me and ask me for advice.,I tend to be influenced by people with strong opinions.
"Intellectual, Social",I am less likely to suffer from intellectual and social challenges.,2,30,30,It is difficult for me to make friends,My interests and ideas are not shared by those around me,"In the past, I have generally found intellectual challenges to be vital to my overall well-being.",I prefer to take the lead in problem-solving.,My friends know they can always confide in me and ask me for advice.,I tend to be influenced by people with strong opinions.
"Intellectual, Social",I am not the ideal person to have a sense of self-worth.,2,30,30,It is difficult for me to make friends,My interests and ideas are not shared by those around me,"In the past, I have generally found intellectual challenges to be vital to my overall well-being.",I prefer to take the lead in problem-solving.,My friends know they can always confide in me and ask me for advice.,I tend to be influenced by people with strong opinions.
"Intellectual, Social",I have a strong immune system and enjoy my social activities.,2,30,30,It is difficult for me to make friends,My interests and ideas are not shared by those around me,"In the past, I have generally found intellectual challenges to be vital to my overall well-being.",I prefer to take the lead in problem-solving.,My friends know they can always confide in me and ask me for advice.,I tend to be influenced by people with strong opinions.
"Intellectual, Social","I enjoy the outdoors, but I can't stand the cold.",2,30,30,It is difficult for me to make friends,My interests and ideas are not shared by those around me,"In the past, I have generally found intellectual challenges to be vital to my overall well-being.",I prefer to take the lead in problem-solving.,My friends know they can always confide in me and ask me for advice.,I tend to be influenced by people with strong opinions.
"Intellectual, Social",I am having problems with my intellectual and social development.,2,30,30,It is difficult for me to make friends,My interests and ideas are not shared by those around me,"In the past, I have generally found intellectual challenges to be vital to my overall well-being.",I prefer to take the lead in problem-solving.,My friends know they can always confide in me and ask me for advice.,I tend to be influenced by people with strong opinions.
"Intellectual, Social",I find I am not aware of my strengths and vulnerabilities.,2,30,30,It is difficult for me to make friends,My interests and ideas are not shared by those around me,"In the past, I have generally found intellectual challenges to be vital to my overall well-being.",I prefer to take the lead in problem-solving.,My friends know they can always confide in me and ask me for advice.,I tend to be influenced by people with strong opinions.
"Intellectual, Social",I am afraid of my physical body and how I may feel.,2,30,30,It is difficult for me to make friends,My interests and ideas are not shared by those around me,"In the past, I have generally found intellectual challenges to be vital to my overall well-being.",I prefer to take the lead in problem-solving.,My friends know they can always confide in me and ask me for advice.,I tend to be influenced by people with strong opinions.
"Intellectual, Social",I have also found my emotional challenges to be vital to my overall well-being.,2,30,30,It is difficult for me to make friends,My interests and ideas are not shared by those around me,"In the past, I have generally found intellectual challenges to be vital to my overall well-being.",I prefer to take the lead in problem-solving.,My friends know they can always confide in me and ask me for advice.,I tend to be influenced by people with strong opinions.
"Intellectual, Social","I have never had a difficult time with social interactions, especially in interpersonal situations.",2,30,30,It is difficult for me to make friends,My interests and ideas are not shared by those around me,"In the past, I have generally found intellectual challenges to be vital to my overall well-being.",I prefer to take the lead in problem-solving.,My friends know they can always confide in me and ask me for advice.,I tend to be influenced by people with strong opinions.
"Intellectual, Social",I am not satisfied with my personal growth and happiness.,2,30,30,It is difficult for me to make friends,My interests and ideas are not shared by those around me,"In the past, I have generally found intellectual challenges to be vital to my overall well-being.",I prefer to take the lead in problem-solving.,My friends know they can always confide in me and ask me for advice.,I tend to be influenced by people with strong opinions.
"Intellectual, Social",My self-report reflects social and intellectual challenges to me.,2,30,30,It is difficult for me to make friends,My interests and ideas are not shared by those around me,"In the past, I have generally found intellectual challenges to be vital to my overall well-being.",I prefer to take the lead in problem-solving.,My friends know they can always confide in me and ask me for advice.,I tend to be influenced by people with strong opinions.
"Intellectual, Social",I am active in social life but am not socially engaged,2,30,30,It is difficult for me to make friends,My interests and ideas are not shared by those around me,"In the past, I have generally found intellectual challenges to be vital to my overall well-being.",I prefer to take the lead in problem-solving.,My friends know they can always confide in me and ask me for advice.,I tend to be influenced by people with strong opinions.
"Intellectual, Social",I am more likely to develop phobias of those around me.,2,30,30,It is difficult for me to make friends,My interests and ideas are not shared by those around me,"In the past, I have generally found intellectual challenges to be vital to my overall well-being.",I prefer to take the lead in problem-solving.,My friends know they can always confide in me and ask me for advice.,I tend to be influenced by people with strong opinions.
"Intellectual, Social",I find my physical health related to intellectual challenges to be essential to my overall well-being.,2,30,30,It is difficult for me to make friends,My interests and ideas are not shared by those around me,"In the past, I have generally found intellectual challenges to be vital to my overall well-being.",I prefer to take the lead in problem-solving.,My friends know they can always confide in me and ask me for advice.,I tend to be influenced by people with strong opinions.
"Intellectual, Social","My self-report describes my emotional, intellectual, and social personality traits.",2,30,30,It is difficult for me to make friends,My interests and ideas are not shared by those around me,"In the past, I have generally found intellectual challenges to be vital to my overall well-being.",I prefer to take the lead in problem-solving.,My friends know they can always confide in me and ask me for advice.,I tend to be influenced by people with strong opinions.
"Intellectual, Social",I can't be trusted and can't manage my emotions.,2,30,30,It is difficult for me to make friends,My interests and ideas are not shared by those around me,"In the past, I have generally found intellectual challenges to be vital to my overall well-being.",I prefer to take the lead in problem-solving.,My friends know they can always confide in me and ask me for advice.,I tend to be influenced by people with strong opinions.
"Intellectual, Social",My hobbies and passions are not shared by my family and friends.,2,30,30,It is difficult for me to make friends,My interests and ideas are not shared by those around me,"In the past, I have generally found intellectual challenges to be vital to my overall well-being.",I prefer to take the lead in problem-solving.,My friends know they can always confide in me and ask me for advice.,I tend to be influenced by people with strong opinions.
"Intellectual, Social",I have had intellectual challenges and tendencies that I tend to ignore.,2,30,30,It is difficult for me to make friends,My interests and ideas are not shared by those around me,"In the past, I have generally found intellectual challenges to be vital to my overall well-being.",I prefer to take the lead in problem-solving.,My friends know they can always confide in me and ask me for advice.,I tend to be influenced by people with strong opinions.
"Intellectual, Social",I have tried to be social for the past two years.,2,30,30,It is difficult for me to make friends,My interests and ideas are not shared by those around me,"In the past, I have generally found intellectual challenges to be vital to my overall well-being.",I prefer to take the lead in problem-solving.,My friends know they can always confide in me and ask me for advice.,I tend to be influenced by people with strong opinions.
"Intellectual, Social",I like being around people who are unbiased and objective.,2,30,30,It is difficult for me to make friends,My interests and ideas are not shared by those around me,"In the past, I have generally found intellectual challenges to be vital to my overall well-being.",I prefer to take the lead in problem-solving.,My friends know they can always confide in me and ask me for advice.,I tend to be influenced by people with strong opinions.
"Intellectual, Social",I like social issues to be a positive and positive feeling.,2,30,30,It is difficult for me to make friends,My interests and ideas are not shared by those around me,"In the past, I have generally found intellectual challenges to be vital to my overall well-being.",I prefer to take the lead in problem-solving.,My friends know they can always confide in me and ask me for advice.,I tend to be influenced by people with strong opinions.
"Intellectual, Social","I am experiencing a number of mental health disorders, including ADHD and ADHD.",2,30,30,It is difficult for me to make friends,My interests and ideas are not shared by those around me,"In the past, I have generally found intellectual challenges to be vital to my overall well-being.",I prefer to take the lead in problem-solving.,My friends know they can always confide in me and ask me for advice.,I tend to be influenced by people with strong opinions.
"Intellectual, Social",I have a tendency to impulsively follow my own decisions.,2,30,30,It is difficult for me to make friends,My interests and ideas are not shared by those around me,"In the past, I have generally found intellectual challenges to be vital to my overall well-being.",I prefer to take the lead in problem-solving.,My friends know they can always confide in me and ask me for advice.,I tend to be influenced by people with strong opinions.
"Intellectual, Spiritual",I am a psychologist and I feel confident in my abilities and abilities to make decisions.,2,30,30,"In the past, I have generally found intellectual challenges to be vital to my overall well-being.","Generally, I feel pleased with the amount of intellectual stimulation I receive in my daily life.",I will always seek out activities that challenge me to think and reason.,To what extent do you lead a purposeful and meaningful life?,"Under pressure, I stay focused and think clearly.",I think it is important to have new experiences that challenge how I think about myself and the world.
"Intellectual, Spiritual",I feel a desire to lead a purposeful and meaningful life.,2,30,30,"In the past, I have generally found intellectual challenges to be vital to my overall well-being.","Generally, I feel pleased with the amount of intellectual stimulation I receive in my daily life.",I will always seek out activities that challenge me to think and reason.,To what extent do you lead a purposeful and meaningful life?,"Under pressure, I stay focused and think clearly.",I think it is important to have new experiences that challenge how I think about myself and the world.
"Intellectual, Spiritual",I do not like to be bored or downtrodden at times.,2,30,30,"In the past, I have generally found intellectual challenges to be vital to my overall well-being.","Generally, I feel pleased with the amount of intellectual stimulation I receive in my daily life.",I will always seek out activities that challenge me to think and reason.,To what extent do you lead a purposeful and meaningful life?,"Under pressure, I stay focused and think clearly.",I think it is important to have new experiences that challenge how I think about myself and the world.
"Intellectual, Spiritual",I think it is important to have new experiences that challenge me to think and reason.,2,30,30,"In the past, I have generally found intellectual challenges to be vital to my overall well-being.","Generally, I feel pleased with the amount of intellectual stimulation I receive in my daily life.",I will always seek out activities that challenge me to think and reason.,To what extent do you lead a purposeful and meaningful life?,"Under pressure, I stay focused and think clearly.",I think it is important to have new experiences that challenge how I think about myself and the world.
"Intellectual, Spiritual",I feel the same way about what I want to do and what I can achieve and should do.,2,30,30,"In the past, I have generally found intellectual challenges to be vital to my overall well-being.","Generally, I feel pleased with the amount of intellectual stimulation I receive in my daily life.",I will always seek out activities that challenge me to think and reason.,To what extent do you lead a purposeful and meaningful life?,"Under pressure, I stay focused and think clearly.",I think it is important to have new experiences that challenge how I think about myself and the world.
"Intellectual, Spiritual",I know that I want to be an intellectual and spiritual self-report.,2,30,30,"In the past, I have generally found intellectual challenges to be vital to my overall well-being.","Generally, I feel pleased with the amount of intellectual stimulation I receive in my daily life.",I will always seek out activities that challenge me to think and reason.,To what extent do you lead a purposeful and meaningful life?,"Under pressure, I stay focused and think clearly.",I think it is important to have new experiences that challenge how I think about myself and the world.
"Intellectual, Spiritual",I feel able to maintain my overall physical and cognitive health.,2,30,30,"In the past, I have generally found intellectual challenges to be vital to my overall well-being.","Generally, I feel pleased with the amount of intellectual stimulation I receive in my daily life.",I will always seek out activities that challenge me to think and reason.,To what extent do you lead a purposeful and meaningful life?,"Under pressure, I stay focused and think clearly.",I think it is important to have new experiences that challenge how I think about myself and the world.
"Intellectual, Spiritual",I have learned that I can stay focused and think clearly.,2,30,30,"In the past, I have generally found intellectual challenges to be vital to my overall well-being.","Generally, I feel pleased with the amount of intellectual stimulation I receive in my daily life.",I will always seek out activities that challenge me to think and reason.,To what extent do you lead a purposeful and meaningful life?,"Under pressure, I stay focused and think clearly.",I think it is important to have new experiences that challenge how I think about myself and the world.
"Intellectual, Spiritual",I feel excited about activities I find interesting and challenge me to think and reason.,2,30,30,"In the past, I have generally found intellectual challenges to be vital to my overall well-being.","Generally, I feel pleased with the amount of intellectual stimulation I receive in my daily life.",I will always seek out activities that challenge me to think and reason.,To what extent do you lead a purposeful and meaningful life?,"Under pressure, I stay focused and think clearly.",I think it is important to have new experiences that challenge how I think about myself and the world.
"Intellectual, Spiritual",I am grateful to the ways I have developed myself in the past.,2,30,30,"In the past, I have generally found intellectual challenges to be vital to my overall well-being.","Generally, I feel pleased with the amount of intellectual stimulation I receive in my daily life.",I will always seek out activities that challenge me to think and reason.,To what extent do you lead a purposeful and meaningful life?,"Under pressure, I stay focused and think clearly.",I think it is important to have new experiences that challenge how I think about myself and the world.
"Intellectual, Spiritual",I believe challenges can help me to develop self-help and spiritual behaviors.,2,30,30,"In the past, I have generally found intellectual challenges to be vital to my overall well-being.","Generally, I feel pleased with the amount of intellectual stimulation I receive in my daily life.",I will always seek out activities that challenge me to think and reason.,To what extent do you lead a purposeful and meaningful life?,"Under pressure, I stay focused and think clearly.",I think it is important to have new experiences that challenge how I think about myself and the world.
"Intellectual, Spiritual",I am very confident that my ability to think and reason has evolved.,2,30,30,"In the past, I have generally found intellectual challenges to be vital to my overall well-being.","Generally, I feel pleased with the amount of intellectual stimulation I receive in my daily life.",I will always seek out activities that challenge me to think and reason.,To what extent do you lead a purposeful and meaningful life?,"Under pressure, I stay focused and think clearly.",I think it is important to have new experiences that challenge how I think about myself and the world.
"Intellectual, Spiritual",I am happy with my current intellectual stimulation and I will seek out activities that challenge my thinking and reasoning.,2,30,30,"In the past, I have generally found intellectual challenges to be vital to my overall well-being.","Generally, I feel pleased with the amount of intellectual stimulation I receive in my daily life.",I will always seek out activities that challenge me to think and reason.,To what extent do you lead a purposeful and meaningful life?,"Under pressure, I stay focused and think clearly.",I think it is important to have new experiences that challenge how I think about myself and the world.
"Intellectual, Spiritual",I believe that intellectual challenges are vital to my overall well-being.,2,30,30,"In the past, I have generally found intellectual challenges to be vital to my overall well-being.","Generally, I feel pleased with the amount of intellectual stimulation I receive in my daily life.",I will always seek out activities that challenge me to think and reason.,To what extent do you lead a purposeful and meaningful life?,"Under pressure, I stay focused and think clearly.",I think it is important to have new experiences that challenge how I think about myself and the world.
"Intellectual, Spiritual",I know that intellectual challenges can be helpful to the human condition.,2,30,30,"In the past, I have generally found intellectual challenges to be vital to my overall well-being.","Generally, I feel pleased with the amount of intellectual stimulation I receive in my daily life.",I will always seek out activities that challenge me to think and reason.,To what extent do you lead a purposeful and meaningful life?,"Under pressure, I stay focused and think clearly.",I think it is important to have new experiences that challenge how I think about myself and the world.
"Intellectual, Spiritual",I feel relieved that I can successfully deal with intellectual challenges.,2,30,30,"In the past, I have generally found intellectual challenges to be vital to my overall well-being.","Generally, I feel pleased with the amount of intellectual stimulation I receive in my daily life.",I will always seek out activities that challenge me to think and reason.,To what extent do you lead a purposeful and meaningful life?,"Under pressure, I stay focused and think clearly.",I think it is important to have new experiences that challenge how I think about myself and the world.
"Intellectual, Spiritual",I feel the need to overcome intellectual challenges to have a purposeful and meaningful life.,2,30,30,"In the past, I have generally found intellectual challenges to be vital to my overall well-being.","Generally, I feel pleased with the amount of intellectual stimulation I receive in my daily life.",I will always seek out activities that challenge me to think and reason.,To what extent do you lead a purposeful and meaningful life?,"Under pressure, I stay focused and think clearly.",I think it is important to have new experiences that challenge how I think about myself and the world.
"Intellectual, Spiritual",I was happy that I was able to manage my emotions effectively in stressful situations.,2,30,30,"In the past, I have generally found intellectual challenges to be vital to my overall well-being.","Generally, I feel pleased with the amount of intellectual stimulation I receive in my daily life.",I will always seek out activities that challenge me to think and reason.,To what extent do you lead a purposeful and meaningful life?,"Under pressure, I stay focused and think clearly.",I think it is important to have new experiences that challenge how I think about myself and the world.
"Intellectual, Spiritual",I feel physically and spiritually stimulated by physical and intellectual stimulation.,2,30,30,"In the past, I have generally found intellectual challenges to be vital to my overall well-being.","Generally, I feel pleased with the amount of intellectual stimulation I receive in my daily life.",I will always seek out activities that challenge me to think and reason.,To what extent do you lead a purposeful and meaningful life?,"Under pressure, I stay focused and think clearly.",I think it is important to have new experiences that challenge how I think about myself and the world.
"Intellectual, Spiritual","I am looking to change my way of thinking, and I am thinking to myself as well.",2,30,30,"In the past, I have generally found intellectual challenges to be vital to my overall well-being.","Generally, I feel pleased with the amount of intellectual stimulation I receive in my daily life.",I will always seek out activities that challenge me to think and reason.,To what extent do you lead a purposeful and meaningful life?,"Under pressure, I stay focused and think clearly.",I think it is important to have new experiences that challenge how I think about myself and the world.
"Intellectual, Spiritual",I believe I find intellectual challenges to be vital to my overall well-being.,2,30,30,"In the past, I have generally found intellectual challenges to be vital to my overall well-being.","Generally, I feel pleased with the amount of intellectual stimulation I receive in my daily life.",I will always seek out activities that challenge me to think and reason.,To what extent do you lead a purposeful and meaningful life?,"Under pressure, I stay focused and think clearly.",I think it is important to have new experiences that challenge how I think about myself and the world.
"Intellectual, Spiritual",I want to know what you're able to do with your intellectual and spiritual challenges.,2,30,30,"In the past, I have generally found intellectual challenges to be vital to my overall well-being.","Generally, I feel pleased with the amount of intellectual stimulation I receive in my daily life.",I will always seek out activities that challenge me to think and reason.,To what extent do you lead a purposeful and meaningful life?,"Under pressure, I stay focused and think clearly.",I think it is important to have new experiences that challenge how I think about myself and the world.
"Intellectual, Spiritual",I am not sure what cognitive impairment I have been receiving since I left school.,2,30,30,"In the past, I have generally found intellectual challenges to be vital to my overall well-being.","Generally, I feel pleased with the amount of intellectual stimulation I receive in my daily life.",I will always seek out activities that challenge me to think and reason.,To what extent do you lead a purposeful and meaningful life?,"Under pressure, I stay focused and think clearly.",I think it is important to have new experiences that challenge how I think about myself and the world.
"Intellectual, Spiritual",I have a unique personality style and approach to life.,2,30,30,"In the past, I have generally found intellectual challenges to be vital to my overall well-being.","Generally, I feel pleased with the amount of intellectual stimulation I receive in my daily life.",I will always seek out activities that challenge me to think and reason.,To what extent do you lead a purposeful and meaningful life?,"Under pressure, I stay focused and think clearly.",I think it is important to have new experiences that challenge how I think about myself and the world.
"Intellectual, Spiritual",I feel I have the ability to focus and think in an objective way.,2,30,30,"In the past, I have generally found intellectual challenges to be vital to my overall well-being.","Generally, I feel pleased with the amount of intellectual stimulation I receive in my daily life.",I will always seek out activities that challenge me to think and reason.,To what extent do you lead a purposeful and meaningful life?,"Under pressure, I stay focused and think clearly.",I think it is important to have new experiences that challenge how I think about myself and the world.
"Intellectual, Spiritual",I think that intellectual challenges are essential to my overall well-being.,2,30,30,"In the past, I have generally found intellectual challenges to be vital to my overall well-being.","Generally, I feel pleased with the amount of intellectual stimulation I receive in my daily life.",I will always seek out activities that challenge me to think and reason.,To what extent do you lead a purposeful and meaningful life?,"Under pressure, I stay focused and think clearly.",I think it is important to have new experiences that challenge how I think about myself and the world.
"Intellectual, Spiritual",I find myself challenged by new experiences that challenge my thinking and reasoning.,2,30,30,"In the past, I have generally found intellectual challenges to be vital to my overall well-being.","Generally, I feel pleased with the amount of intellectual stimulation I receive in my daily life.",I will always seek out activities that challenge me to think and reason.,To what extent do you lead a purposeful and meaningful life?,"Under pressure, I stay focused and think clearly.",I think it is important to have new experiences that challenge how I think about myself and the world.
"Intellectual, Spiritual","I feel confident and motivated, and able to make choices that challenge my thinking.",2,30,30,"In the past, I have generally found intellectual challenges to be vital to my overall well-being.","Generally, I feel pleased with the amount of intellectual stimulation I receive in my daily life.",I will always seek out activities that challenge me to think and reason.,To what extent do you lead a purposeful and meaningful life?,"Under pressure, I stay focused and think clearly.",I think it is important to have new experiences that challenge how I think about myself and the world.
"Intellectual, Spiritual",I find it important to have new experiences that challenge my thinking and thinking about myself and the world.,2,30,30,"In the past, I have generally found intellectual challenges to be vital to my overall well-being.","Generally, I feel pleased with the amount of intellectual stimulation I receive in my daily life.",I will always seek out activities that challenge me to think and reason.,To what extent do you lead a purposeful and meaningful life?,"Under pressure, I stay focused and think clearly.",I think it is important to have new experiences that challenge how I think about myself and the world.
"Intellectual, Spiritual",I think my current goals are not to make me crazy by having a lot of challenges.,2,30,30,"In the past, I have generally found intellectual challenges to be vital to my overall well-being.","Generally, I feel pleased with the amount of intellectual stimulation I receive in my daily life.",I will always seek out activities that challenge me to think and reason.,To what extent do you lead a purposeful and meaningful life?,"Under pressure, I stay focused and think clearly.",I think it is important to have new experiences that challenge how I think about myself and the world.
"Occupational, Physical",I have the physical health of a person and I expect it.,2,30,30,My physical health affects how well I function day to day.,How satisfied are you with your current physical health?,My physical health is excellent.,I expect to always be physically healthy.,My daily environment supports healthy routines.,"Compared to people I know, my past physical health has been excellent."
"Occupational, Physical",My physical health affects my daily functioning day to day.,2,30,30,My physical health affects how well I function day to day.,How satisfied are you with your current physical health?,My physical health is excellent.,I expect to always be physically healthy.,My daily environment supports healthy routines.,"Compared to people I know, my past physical health has been excellent."
"Occupational, Physical",I am satisfied with how well I function day to day.,2,30,30,My physical health affects how well I function day to day.,How satisfied are you with your current physical health?,My physical health is excellent.,I expect to always be physically healthy.,My daily environment supports healthy routines.,"Compared to people I know, my past physical health has been excellent."
"Occupational, Physical",My health affects how well I function daily to day.,2,30,30,My physical health affects how well I function day to day.,How satisfied are you with your current physical health?,My physical health is excellent.,I expect to always be physically healthy.,My daily environment supports healthy routines.,"Compared to people I know, my past physical health has been excellent."
"Occupational, Physical",My physical health affects my ability to function day to day.,2,30,30,My physical health affects how well I function day to day.,How satisfied are you with your current physical health?,My physical health is excellent.,I expect to always be physically healthy.,My daily environment supports healthy routines.,"Compared to people I know, my past physical health has been excellent."
"Occupational, Physical",My health is a major factor in how well I function day to day.,2,30,30,My physical health affects how well I function day to day.,How satisfied are you with your current physical health?,My physical health is excellent.,I expect to always be physically healthy.,My daily environment supports healthy routines.,"Compared to people I know, my past physical health has been excellent."
"Occupational, Physical",I am a self-reporter who has a good physical health.,2,30,30,My physical health affects how well I function day to day.,How satisfied are you with your current physical health?,My physical health is excellent.,I expect to always be physically healthy.,My daily environment supports healthy routines.,"Compared to people I know, my past physical health has been excellent."
"Occupational, Physical",I’m trying to live a life where I can enjoy my physical health.,2,30,30,My physical health affects how well I function day to day.,How satisfied are you with your current physical health?,My physical health is excellent.,I expect to always be physically healthy.,My daily environment supports healthy routines.,"Compared to people I know, my past physical health has been excellent."
"Occupational, Physical",My mental health has a lot to do with my lifestyle.,2,30,30,My physical health affects how well I function day to day.,How satisfied are you with your current physical health?,My physical health is excellent.,I expect to always be physically healthy.,My daily environment supports healthy routines.,"Compared to people I know, my past physical health has been excellent."
"Occupational, Physical",My health impacts how well I function day to day.,2,30,30,My physical health affects how well I function day to day.,How satisfied are you with your current physical health?,My physical health is excellent.,I expect to always be physically healthy.,My daily environment supports healthy routines.,"Compared to people I know, my past physical health has been excellent."
"Occupational, Physical",I have a physical health condition which is extremely physical.,2,30,30,My physical health affects how well I function day to day.,How satisfied are you with your current physical health?,My physical health is excellent.,I expect to always be physically healthy.,My daily environment supports healthy routines.,"Compared to people I know, my past physical health has been excellent."
"Occupational, Physical",My physical health has changed dramatically over the last year.,2,30,30,My physical health affects how well I function day to day.,How satisfied are you with your current physical health?,My physical health is excellent.,I expect to always be physically healthy.,My daily environment supports healthy routines.,"Compared to people I know, my past physical health has been excellent."
"Occupational, Physical",I was told that I needed to be physically healthy based on my physical health.,2,30,30,My physical health affects how well I function day to day.,How satisfied are you with your current physical health?,My physical health is excellent.,I expect to always be physically healthy.,My daily environment supports healthy routines.,"Compared to people I know, my past physical health has been excellent."
"Occupational, Physical",I feel I'm physically better than I should be.,2,30,30,My physical health affects how well I function day to day.,How satisfied are you with your current physical health?,My physical health is excellent.,I expect to always be physically healthy.,My daily environment supports healthy routines.,"Compared to people I know, my past physical health has been excellent."
"Occupational, Physical",How well do you feel after you eat a lot of food?,2,30,30,My physical health affects how well I function day to day.,How satisfied are you with your current physical health?,My physical health is excellent.,I expect to always be physically healthy.,My daily environment supports healthy routines.,"Compared to people I know, my past physical health has been excellent."
"Occupational, Physical",I feel a lot more optimistic about my physical health than I did in the past.,2,30,30,My physical health affects how well I function day to day.,How satisfied are you with your current physical health?,My physical health is excellent.,I expect to always be physically healthy.,My daily environment supports healthy routines.,"Compared to people I know, my past physical health has been excellent."
"Occupational, Physical",I have been to several medical centers to see how healthy I was.,2,30,30,My physical health affects how well I function day to day.,How satisfied are you with your current physical health?,My physical health is excellent.,I expect to always be physically healthy.,My daily environment supports healthy routines.,"Compared to people I know, my past physical health has been excellent."
"Occupational, Physical",My mental health has changed over the past couple of years.,2,30,30,My physical health affects how well I function day to day.,How satisfied are you with your current physical health?,My physical health is excellent.,I expect to always be physically healthy.,My daily environment supports healthy routines.,"Compared to people I know, my past physical health has been excellent."
"Occupational, Physical",I have been working on my mental health for years.,2,30,30,My physical health affects how well I function day to day.,How satisfied are you with your current physical health?,My physical health is excellent.,I expect to always be physically healthy.,My daily environment supports healthy routines.,"Compared to people I know, my past physical health has been excellent."
"Occupational, Physical",I have a physical health which affects my functioning daily.,2,30,30,My physical health affects how well I function day to day.,How satisfied are you with your current physical health?,My physical health is excellent.,I expect to always be physically healthy.,My daily environment supports healthy routines.,"Compared to people I know, my past physical health has been excellent."
"Occupational, Physical",My physical health has been good or bad for many years.,2,30,30,My physical health affects how well I function day to day.,How satisfied are you with your current physical health?,My physical health is excellent.,I expect to always be physically healthy.,My daily environment supports healthy routines.,"Compared to people I know, my past physical health has been excellent."
"Occupational, Physical",My personal health is a measure of how well I function daily.,2,30,30,My physical health affects how well I function day to day.,How satisfied are you with your current physical health?,My physical health is excellent.,I expect to always be physically healthy.,My daily environment supports healthy routines.,"Compared to people I know, my past physical health has been excellent."
"Occupational, Physical",I believe physical health is the most important part of my health.,2,30,30,My physical health affects how well I function day to day.,How satisfied are you with your current physical health?,My physical health is excellent.,I expect to always be physically healthy.,My daily environment supports healthy routines.,"Compared to people I know, my past physical health has been excellent."
"Occupational, Physical",I feel more energetic and in control of my physical health than my past physical health.,2,30,30,My physical health affects how well I function day to day.,How satisfied are you with your current physical health?,My physical health is excellent.,I expect to always be physically healthy.,My daily environment supports healthy routines.,"Compared to people I know, my past physical health has been excellent."
"Occupational, Physical",My health has influenced my self-development and the way I interact with others.,2,30,30,My physical health affects how well I function day to day.,How satisfied are you with your current physical health?,My physical health is excellent.,I expect to always be physically healthy.,My daily environment supports healthy routines.,"Compared to people I know, my past physical health has been excellent."
"Occupational, Physical",I have a physical health that causes me anxiety and depression.,2,30,30,My physical health affects how well I function day to day.,How satisfied are you with your current physical health?,My physical health is excellent.,I expect to always be physically healthy.,My daily environment supports healthy routines.,"Compared to people I know, my past physical health has been excellent."
"Occupational, Physical",I am very good at managing my emotions at work and at home.,2,30,30,My physical health affects how well I function day to day.,How satisfied are you with your current physical health?,My physical health is excellent.,I expect to always be physically healthy.,My daily environment supports healthy routines.,"Compared to people I know, my past physical health has been excellent."
"Occupational, Physical",I am happy that I have a good physical health.,2,30,30,My physical health affects how well I function day to day.,How satisfied are you with your current physical health?,My physical health is excellent.,I expect to always be physically healthy.,My daily environment supports healthy routines.,"Compared to people I know, my past physical health has been excellent."
"Occupational, Physical",I sat down to write a self-report about how well I function.,2,30,30,My physical health affects how well I function day to day.,How satisfied are you with your current physical health?,My physical health is excellent.,I expect to always be physically healthy.,My daily environment supports healthy routines.,"Compared to people I know, my past physical health has been excellent."
"Occupational, Physical","I can't perform at my full capacity, and that's why I don't have any physical health.",2,30,30,My physical health affects how well I function day to day.,How satisfied are you with your current physical health?,My physical health is excellent.,I expect to always be physically healthy.,My daily environment supports healthy routines.,"Compared to people I know, my past physical health has been excellent."
"Occupational, Social",I have been around people that have been around me and that do not have me,2,30,30,How satisfied are you with your personal relationships?,I find satisfaction in accomplishing important tasks.,I lack companionship,"People would describe me as a giving person, willing to share my time with others.",There have been times when I felt inferior to most of the people I knew.,People are around me but not with me
"Occupational, Social",I feel inferior to most of the people I knew.,2,30,30,How satisfied are you with your personal relationships?,I find satisfaction in accomplishing important tasks.,I lack companionship,"People would describe me as a giving person, willing to share my time with others.",There have been times when I felt inferior to most of the people I knew.,People are around me but not with me
"Occupational, Social",How have you been treating me for the last 3 years?,2,30,30,How satisfied are you with your personal relationships?,I find satisfaction in accomplishing important tasks.,I lack companionship,"People would describe me as a giving person, willing to share my time with others.",There have been times when I felt inferior to most of the people I knew.,People are around me but not with me
"Occupational, Social","I think I am happy and happy, but I lack companionship.",2,30,30,How satisfied are you with your personal relationships?,I find satisfaction in accomplishing important tasks.,I lack companionship,"People would describe me as a giving person, willing to share my time with others.",There have been times when I felt inferior to most of the people I knew.,People are around me but not with me
"Occupational, Social","I was told that I was a ""good person"" in all parts of my life, but I've struggled to overcome those characteristics.",2,30,30,How satisfied are you with your personal relationships?,I find satisfaction in accomplishing important tasks.,I lack companionship,"People would describe me as a giving person, willing to share my time with others.",There have been times when I felt inferior to most of the people I knew.,People are around me but not with me
"Occupational, Social",I feel as if I am doing poorly in my work or school and in my personal life.,2,30,30,How satisfied are you with your personal relationships?,I find satisfaction in accomplishing important tasks.,I lack companionship,"People would describe me as a giving person, willing to share my time with others.",There have been times when I felt inferior to most of the people I knew.,People are around me but not with me
"Occupational, Social",The survey asked participants to describe the personal behaviors and abilities that they find important in their life.,2,30,30,How satisfied are you with your personal relationships?,I find satisfaction in accomplishing important tasks.,I lack companionship,"People would describe me as a giving person, willing to share my time with others.",There have been times when I felt inferior to most of the people I knew.,People are around me but not with me
"Occupational, Social",People described me as a loving person who wanted to share their time with others.,2,30,30,How satisfied are you with your personal relationships?,I find satisfaction in accomplishing important tasks.,I lack companionship,"People would describe me as a giving person, willing to share my time with others.",There have been times when I felt inferior to most of the people I knew.,People are around me but not with me
"Occupational, Social",I am happy in a job that I have the pride to go on.,2,30,30,How satisfied are you with your personal relationships?,I find satisfaction in accomplishing important tasks.,I lack companionship,"People would describe me as a giving person, willing to share my time with others.",There have been times when I felt inferior to most of the people I knew.,People are around me but not with me
"Occupational, Social",My mental health score has improved in the past few years.,2,30,30,How satisfied are you with your personal relationships?,I find satisfaction in accomplishing important tasks.,I lack companionship,"People would describe me as a giving person, willing to share my time with others.",There have been times when I felt inferior to most of the people I knew.,People are around me but not with me
"Occupational, Social",People would describe me as being honest and loving and understanding.,2,30,30,How satisfied are you with your personal relationships?,I find satisfaction in accomplishing important tasks.,I lack companionship,"People would describe me as a giving person, willing to share my time with others.",There have been times when I felt inferior to most of the people I knew.,People are around me but not with me
"Occupational, Social",I am grateful to have someone around me to talk to.,2,30,30,How satisfied are you with your personal relationships?,I find satisfaction in accomplishing important tasks.,I lack companionship,"People would describe me as a giving person, willing to share my time with others.",There have been times when I felt inferior to most of the people I knew.,People are around me but not with me
"Occupational, Social",My mood swings have been better because of my mental health.,2,30,30,How satisfied are you with your personal relationships?,I find satisfaction in accomplishing important tasks.,I lack companionship,"People would describe me as a giving person, willing to share my time with others.",There have been times when I felt inferior to most of the people I knew.,People are around me but not with me
"Occupational, Social","My personality describes myself, so I am usually comfortable in situations.",2,30,30,How satisfied are you with your personal relationships?,I find satisfaction in accomplishing important tasks.,I lack companionship,"People would describe me as a giving person, willing to share my time with others.",There have been times when I felt inferior to most of the people I knew.,People are around me but not with me
"Occupational, Social","I am good at fulfilling tasks, but also I am not able to keep up with my work and study.",2,30,30,How satisfied are you with your personal relationships?,I find satisfaction in accomplishing important tasks.,I lack companionship,"People would describe me as a giving person, willing to share my time with others.",There have been times when I felt inferior to most of the people I knew.,People are around me but not with me
"Occupational, Social",I am feeling unappreciated and cheated on many important things in life.,2,30,30,How satisfied are you with your personal relationships?,I find satisfaction in accomplishing important tasks.,I lack companionship,"People would describe me as a giving person, willing to share my time with others.",There have been times when I felt inferior to most of the people I knew.,People are around me but not with me
"Occupational, Social","I think I am a good person, willing to share my time with others.",2,30,30,How satisfied are you with your personal relationships?,I find satisfaction in accomplishing important tasks.,I lack companionship,"People would describe me as a giving person, willing to share my time with others.",There have been times when I felt inferior to most of the people I knew.,People are around me but not with me
"Occupational, Social",I have a feeling that I can feel the pain of being alone.,2,30,30,How satisfied are you with your personal relationships?,I find satisfaction in accomplishing important tasks.,I lack companionship,"People would describe me as a giving person, willing to share my time with others.",There have been times when I felt inferior to most of the people I knew.,People are around me but not with me
"Occupational, Social",My family has been close to me for over 8 years.,2,30,30,How satisfied are you with your personal relationships?,I find satisfaction in accomplishing important tasks.,I lack companionship,"People would describe me as a giving person, willing to share my time with others.",There have been times when I felt inferior to most of the people I knew.,People are around me but not with me
"Occupational, Social",I feel self-loathing but I struggle with social relationships.,2,30,30,How satisfied are you with your personal relationships?,I find satisfaction in accomplishing important tasks.,I lack companionship,"People would describe me as a giving person, willing to share my time with others.",There have been times when I felt inferior to most of the people I knew.,People are around me but not with me
"Occupational, Social","If I am having self-harm, how would you describe this?",2,30,30,How satisfied are you with your personal relationships?,I find satisfaction in accomplishing important tasks.,I lack companionship,"People would describe me as a giving person, willing to share my time with others.",There have been times when I felt inferior to most of the people I knew.,People are around me but not with me
"Occupational, Social",I am having difficulty in concentrating and keeping up with work.,2,30,30,How satisfied are you with your personal relationships?,I find satisfaction in accomplishing important tasks.,I lack companionship,"People would describe me as a giving person, willing to share my time with others.",There have been times when I felt inferior to most of the people I knew.,People are around me but not with me
"Occupational, Social",I have been around people all my life and sometimes I feel I am alone.,2,30,30,How satisfied are you with your personal relationships?,I find satisfaction in accomplishing important tasks.,I lack companionship,"People would describe me as a giving person, willing to share my time with others.",There have been times when I felt inferior to most of the people I knew.,People are around me but not with me
"Occupational, Social",People describe me as a person that loves others but I do not like people around me,2,30,30,How satisfied are you with your personal relationships?,I find satisfaction in accomplishing important tasks.,I lack companionship,"People would describe me as a giving person, willing to share my time with others.",There have been times when I felt inferior to most of the people I knew.,People are around me but not with me
"Occupational, Social",I am a self-reporting self-porter who knows what I like and what I don't.,2,30,30,How satisfied are you with your personal relationships?,I find satisfaction in accomplishing important tasks.,I lack companionship,"People would describe me as a giving person, willing to share my time with others.",There have been times when I felt inferior to most of the people I knew.,People are around me but not with me
"Occupational, Social",I've been very close to people but haven't shown any significant change since the survey.,2,30,30,How satisfied are you with your personal relationships?,I find satisfaction in accomplishing important tasks.,I lack companionship,"People would describe me as a giving person, willing to share my time with others.",There have been times when I felt inferior to most of the people I knew.,People are around me but not with me
"Occupational, Social","My physical health has been poor, but I can't move forward and I have chronic anxiety",2,30,30,How satisfied are you with your personal relationships?,I find satisfaction in accomplishing important tasks.,I lack companionship,"People would describe me as a giving person, willing to share my time with others.",There have been times when I felt inferior to most of the people I knew.,People are around me but not with me
"Occupational, Social",I am grateful to have a positive influence on others.,2,30,30,How satisfied are you with your personal relationships?,I find satisfaction in accomplishing important tasks.,I lack companionship,"People would describe me as a giving person, willing to share my time with others.",There have been times when I felt inferior to most of the people I knew.,People are around me but not with me
"Occupational, Social",I am very self-aware of my mental health issues.,2,30,30,How satisfied are you with your personal relationships?,I find satisfaction in accomplishing important tasks.,I lack companionship,"People would describe me as a giving person, willing to share my time with others.",There have been times when I felt inferior to most of the people I knew.,People are around me but not with me
"Occupational, Social",I can't express my feelings or experiences with others.,2,30,30,How satisfied are you with your personal relationships?,I find satisfaction in accomplishing important tasks.,I lack companionship,"People would describe me as a giving person, willing to share my time with others.",There have been times when I felt inferior to most of the people I knew.,People are around me but not with me
"Occupational, Spiritual",My thoughts and feelings help to make a life meaningful.,2,30,30,My work contributes to my sense of direction in life.,To what extent do you lead a purposeful and meaningful life?,To what extent do you feel that what you do in your life is valuable and worthwhile?,My efforts feel meaningful to me.,I have a strong sense of purpose in life.,I work to attain goals.
"Occupational, Spiritual",You perform tasks or have goals in life that make you feel good.,2,30,30,My work contributes to my sense of direction in life.,To what extent do you lead a purposeful and meaningful life?,To what extent do you feel that what you do in your life is valuable and worthwhile?,My efforts feel meaningful to me.,I have a strong sense of purpose in life.,I work to attain goals.
"Occupational, Spiritual",Your occupation contributes to your sense of direction in life.,2,30,30,My work contributes to my sense of direction in life.,To what extent do you lead a purposeful and meaningful life?,To what extent do you feel that what you do in your life is valuable and worthwhile?,My efforts feel meaningful to me.,I have a strong sense of purpose in life.,I work to attain goals.
"Occupational, Spiritual",Do you feel like you work hard in the long run?,2,30,30,My work contributes to my sense of direction in life.,To what extent do you lead a purposeful and meaningful life?,To what extent do you feel that what you do in your life is valuable and worthwhile?,My efforts feel meaningful to me.,I have a strong sense of purpose in life.,I work to attain goals.
"Occupational, Spiritual",I find myself at the forefront of activities I take time to explore.,2,30,30,My work contributes to my sense of direction in life.,To what extent do you lead a purposeful and meaningful life?,To what extent do you feel that what you do in your life is valuable and worthwhile?,My efforts feel meaningful to me.,I have a strong sense of purpose in life.,I work to attain goals.
"Occupational, Spiritual","Personal feelings, behaviors, or tendencies make you feel great in your life.",2,30,30,My work contributes to my sense of direction in life.,To what extent do you lead a purposeful and meaningful life?,To what extent do you feel that what you do in your life is valuable and worthwhile?,My efforts feel meaningful to me.,I have a strong sense of purpose in life.,I work to attain goals.
"Occupational, Spiritual",To what extent do you engage in meaningful work in your life?,2,30,30,My work contributes to my sense of direction in life.,To what extent do you lead a purposeful and meaningful life?,To what extent do you feel that what you do in your life is valuable and worthwhile?,My efforts feel meaningful to me.,I have a strong sense of purpose in life.,I work to attain goals.
"Occupational, Spiritual",I believe that people who are successful and healthy often have positive impact on their mental and physical health.,2,30,30,My work contributes to my sense of direction in life.,To what extent do you lead a purposeful and meaningful life?,To what extent do you feel that what you do in your life is valuable and worthwhile?,My efforts feel meaningful to me.,I have a strong sense of purpose in life.,I work to attain goals.
"Occupational, Spiritual",I am very good at my work and I am able to focus on my mental health.,2,30,30,My work contributes to my sense of direction in life.,To what extent do you lead a purposeful and meaningful life?,To what extent do you feel that what you do in your life is valuable and worthwhile?,My efforts feel meaningful to me.,I have a strong sense of purpose in life.,I work to attain goals.
"Occupational, Spiritual",To what extent do you experience self-development and development.,2,30,30,My work contributes to my sense of direction in life.,To what extent do you lead a purposeful and meaningful life?,To what extent do you feel that what you do in your life is valuable and worthwhile?,My efforts feel meaningful to me.,I have a strong sense of purpose in life.,I work to attain goals.
"Occupational, Spiritual","I enjoy my work, work for my health and work for my family.",2,30,30,My work contributes to my sense of direction in life.,To what extent do you lead a purposeful and meaningful life?,To what extent do you feel that what you do in your life is valuable and worthwhile?,My efforts feel meaningful to me.,I have a strong sense of purpose in life.,I work to attain goals.
"Occupational, Spiritual",My ability to maintain a sense of purpose in my life.,2,30,30,My work contributes to my sense of direction in life.,To what extent do you lead a purposeful and meaningful life?,To what extent do you feel that what you do in your life is valuable and worthwhile?,My efforts feel meaningful to me.,I have a strong sense of purpose in life.,I work to attain goals.
"Occupational, Spiritual",I want to make a positive impact on the world.,2,30,30,My work contributes to my sense of direction in life.,To what extent do you lead a purposeful and meaningful life?,To what extent do you feel that what you do in your life is valuable and worthwhile?,My efforts feel meaningful to me.,I have a strong sense of purpose in life.,I work to attain goals.
"Occupational, Spiritual",My self-report measures all the following elements of my personality:,2,30,30,My work contributes to my sense of direction in life.,To what extent do you lead a purposeful and meaningful life?,To what extent do you feel that what you do in your life is valuable and worthwhile?,My efforts feel meaningful to me.,I have a strong sense of purpose in life.,I work to attain goals.
"Occupational, Spiritual",I feel that I work hard and can do my best in life.,2,30,30,My work contributes to my sense of direction in life.,To what extent do you lead a purposeful and meaningful life?,To what extent do you feel that what you do in your life is valuable and worthwhile?,My efforts feel meaningful to me.,I have a strong sense of purpose in life.,I work to attain goals.
"Occupational, Spiritual","You are not good at your job or in your religion, but you are capable of helping others.",2,30,30,My work contributes to my sense of direction in life.,To what extent do you lead a purposeful and meaningful life?,To what extent do you feel that what you do in your life is valuable and worthwhile?,My efforts feel meaningful to me.,I have a strong sense of purpose in life.,I work to attain goals.
"Occupational, Spiritual",To what extent do you follow a clear and meaningful lifestyle?,2,30,30,My work contributes to my sense of direction in life.,To what extent do you lead a purposeful and meaningful life?,To what extent do you feel that what you do in your life is valuable and worthwhile?,My efforts feel meaningful to me.,I have a strong sense of purpose in life.,I work to attain goals.
"Occupational, Spiritual",I do everything I can to have a purposeful and meaningful life.,2,30,30,My work contributes to my sense of direction in life.,To what extent do you lead a purposeful and meaningful life?,To what extent do you feel that what you do in your life is valuable and worthwhile?,My efforts feel meaningful to me.,I have a strong sense of purpose in life.,I work to attain goals.
"Occupational, Spiritual",You should not include a single personality type in your self-report.,2,30,30,My work contributes to my sense of direction in life.,To what extent do you lead a purposeful and meaningful life?,To what extent do you feel that what you do in your life is valuable and worthwhile?,My efforts feel meaningful to me.,I have a strong sense of purpose in life.,I work to attain goals.
"Occupational, Spiritual",To what extent do you take ownership in your life?,2,30,30,My work contributes to my sense of direction in life.,To what extent do you lead a purposeful and meaningful life?,To what extent do you feel that what you do in your life is valuable and worthwhile?,My efforts feel meaningful to me.,I have a strong sense of purpose in life.,I work to attain goals.
"Occupational, Spiritual","My personal feelings, behaviors, or tendencies are self-reported in this self-report.",2,30,30,My work contributes to my sense of direction in life.,To what extent do you lead a purposeful and meaningful life?,To what extent do you feel that what you do in your life is valuable and worthwhile?,My efforts feel meaningful to me.,I have a strong sense of purpose in life.,I work to attain goals.
"Occupational, Spiritual",Personal opinions and feelings are important to self-report mental health.,2,30,30,My work contributes to my sense of direction in life.,To what extent do you lead a purposeful and meaningful life?,To what extent do you feel that what you do in your life is valuable and worthwhile?,My efforts feel meaningful to me.,I have a strong sense of purpose in life.,I work to attain goals.
"Occupational, Spiritual",Your thoughts and feelings are important to you and your goals are important to you.,2,30,30,My work contributes to my sense of direction in life.,To what extent do you lead a purposeful and meaningful life?,To what extent do you feel that what you do in your life is valuable and worthwhile?,My efforts feel meaningful to me.,I have a strong sense of purpose in life.,I work to attain goals.
"Occupational, Spiritual",I am strong in my work and are productive in my life.,2,30,30,My work contributes to my sense of direction in life.,To what extent do you lead a purposeful and meaningful life?,To what extent do you feel that what you do in your life is valuable and worthwhile?,My efforts feel meaningful to me.,I have a strong sense of purpose in life.,I work to attain goals.
"Occupational, Spiritual",I am self-reporting for my physical and spiritual self-reporting self-report.,2,30,30,My work contributes to my sense of direction in life.,To what extent do you lead a purposeful and meaningful life?,To what extent do you feel that what you do in your life is valuable and worthwhile?,My efforts feel meaningful to me.,I have a strong sense of purpose in life.,I work to attain goals.
"Occupational, Spiritual",A self-reporting self-reporting self-reporting self-reporting self-reporting a self-report,2,30,30,My work contributes to my sense of direction in life.,To what extent do you lead a purposeful and meaningful life?,To what extent do you feel that what you do in your life is valuable and worthwhile?,My efforts feel meaningful to me.,I have a strong sense of purpose in life.,I work to attain goals.
"Occupational, Spiritual",I take time to reflect on how I have been doing in my life.,2,30,30,My work contributes to my sense of direction in life.,To what extent do you lead a purposeful and meaningful life?,To what extent do you feel that what you do in your life is valuable and worthwhile?,My efforts feel meaningful to me.,I have a strong sense of purpose in life.,I work to attain goals.
"Occupational, Spiritual","The best way to help you determine what is most important to you is to have a clear, specific focus.",2,30,30,My work contributes to my sense of direction in life.,To what extent do you lead a purposeful and meaningful life?,To what extent do you feel that what you do in your life is valuable and worthwhile?,My efforts feel meaningful to me.,I have a strong sense of purpose in life.,I work to attain goals.
"Occupational, Spiritual",To what extent do you feel a sense of purpose in your life?,2,30,30,My work contributes to my sense of direction in life.,To what extent do you lead a purposeful and meaningful life?,To what extent do you feel that what you do in your life is valuable and worthwhile?,My efforts feel meaningful to me.,I have a strong sense of purpose in life.,I work to attain goals.
"Occupational, Spiritual",I am happy in my work but have trouble concentrating.,2,30,30,My work contributes to my sense of direction in life.,To what extent do you lead a purposeful and meaningful life?,To what extent do you feel that what you do in your life is valuable and worthwhile?,My efforts feel meaningful to me.,I have a strong sense of purpose in life.,I work to attain goals.
"Physical, Social","Compared to people I know, how is your mental health?",2,30,30,"Compared to people I know, my past physical health has been excellent.","Compared to others of your same age and sex, how is your health?",How would you say your health is?,"During the past month, how often has your bed partner or room mate reported legs twitching or jerking while asleep?","I tend to bounce back after illness, injury, or other hardships.",I like most parts of my personality.
"Physical, Social",How does your mental health vary from person to person?,2,30,30,"Compared to people I know, my past physical health has been excellent.","Compared to others of your same age and sex, how is your health?",How would you say your health is?,"During the past month, how often has your bed partner or room mate reported legs twitching or jerking while asleep?","I tend to bounce back after illness, injury, or other hardships.",I like most parts of my personality.
"Physical, Social",I want to know how often my roommate reported legs twitching or jerking while asleep?,2,30,30,"Compared to people I know, my past physical health has been excellent.","Compared to others of your same age and sex, how is your health?",How would you say your health is?,"During the past month, how often has your bed partner or room mate reported legs twitching or jerking while asleep?","I tend to bounce back after illness, injury, or other hardships.",I like most parts of my personality.
"Physical, Social",My physical health is improved by a change in my lifestyle.,2,30,30,"Compared to people I know, my past physical health has been excellent.","Compared to others of your same age and sex, how is your health?",How would you say your health is?,"During the past month, how often has your bed partner or room mate reported legs twitching or jerking while asleep?","I tend to bounce back after illness, injury, or other hardships.",I like most parts of my personality.
"Physical, Social","My personal health has improved over the past few years, how do you describe your physical health?",2,30,30,"Compared to people I know, my past physical health has been excellent.","Compared to others of your same age and sex, how is your health?",How would you say your health is?,"During the past month, how often has your bed partner or room mate reported legs twitching or jerking while asleep?","I tend to bounce back after illness, injury, or other hardships.",I like most parts of my personality.
"Physical, Social",I am generally a good person but frequently struggle with depression.,2,30,30,"Compared to people I know, my past physical health has been excellent.","Compared to others of your same age and sex, how is your health?",How would you say your health is?,"During the past month, how often has your bed partner or room mate reported legs twitching or jerking while asleep?","I tend to bounce back after illness, injury, or other hardships.",I like most parts of my personality.
"Physical, Social","I am not sure what the disease is, but I do not know the symptoms.",2,30,30,"Compared to people I know, my past physical health has been excellent.","Compared to others of your same age and sex, how is your health?",How would you say your health is?,"During the past month, how often has your bed partner or room mate reported legs twitching or jerking while asleep?","I tend to bounce back after illness, injury, or other hardships.",I like most parts of my personality.
"Physical, Social","I feel like I am going to fall into a sleepy, sleazy trance or something.",2,30,30,"Compared to people I know, my past physical health has been excellent.","Compared to others of your same age and sex, how is your health?",How would you say your health is?,"During the past month, how often has your bed partner or room mate reported legs twitching or jerking while asleep?","I tend to bounce back after illness, injury, or other hardships.",I like most parts of my personality.
"Physical, Social",I am having difficulty focusing on my physical and social features.,2,30,30,"Compared to people I know, my past physical health has been excellent.","Compared to others of your same age and sex, how is your health?",How would you say your health is?,"During the past month, how often has your bed partner or room mate reported legs twitching or jerking while asleep?","I tend to bounce back after illness, injury, or other hardships.",I like most parts of my personality.
"Physical, Social",I can't stand stressful situations without showing my feelings.,2,30,30,"Compared to people I know, my past physical health has been excellent.","Compared to others of your same age and sex, how is your health?",How would you say your health is?,"During the past month, how often has your bed partner or room mate reported legs twitching or jerking while asleep?","I tend to bounce back after illness, injury, or other hardships.",I like most parts of my personality.
"Physical, Social","I am healthy, but I have trouble keeping up with my physical health",2,30,30,"Compared to people I know, my past physical health has been excellent.","Compared to others of your same age and sex, how is your health?",How would you say your health is?,"During the past month, how often has your bed partner or room mate reported legs twitching or jerking while asleep?","I tend to bounce back after illness, injury, or other hardships.",I like most parts of my personality.
"Physical, Social",I am very healthy and I am having trouble losing weight.,2,30,30,"Compared to people I know, my past physical health has been excellent.","Compared to others of your same age and sex, how is your health?",How would you say your health is?,"During the past month, how often has your bed partner or room mate reported legs twitching or jerking while asleep?","I tend to bounce back after illness, injury, or other hardships.",I like most parts of my personality.
"Physical, Social",My mental health was not at its best in the past two years.,2,30,30,"Compared to people I know, my past physical health has been excellent.","Compared to others of your same age and sex, how is your health?",How would you say your health is?,"During the past month, how often has your bed partner or room mate reported legs twitching or jerking while asleep?","I tend to bounce back after illness, injury, or other hardships.",I like most parts of my personality.
"Physical, Social",You described how well your mental health was during a recent clinical study.,2,30,30,"Compared to people I know, my past physical health has been excellent.","Compared to others of your same age and sex, how is your health?",How would you say your health is?,"During the past month, how often has your bed partner or room mate reported legs twitching or jerking while asleep?","I tend to bounce back after illness, injury, or other hardships.",I like most parts of my personality.
"Physical, Social",I have been healthy for the past year and the past three years.,2,30,30,"Compared to people I know, my past physical health has been excellent.","Compared to others of your same age and sex, how is your health?",How would you say your health is?,"During the past month, how often has your bed partner or room mate reported legs twitching or jerking while asleep?","I tend to bounce back after illness, injury, or other hardships.",I like most parts of my personality.
"Physical, Social","I have been sick, injured, or injured in the past few years.",2,30,30,"Compared to people I know, my past physical health has been excellent.","Compared to others of your same age and sex, how is your health?",How would you say your health is?,"During the past month, how often has your bed partner or room mate reported legs twitching or jerking while asleep?","I tend to bounce back after illness, injury, or other hardships.",I like most parts of my personality.
"Physical, Social",My mental health has improved dramatically in the past year.,2,30,30,"Compared to people I know, my past physical health has been excellent.","Compared to others of your same age and sex, how is your health?",How would you say your health is?,"During the past month, how often has your bed partner or room mate reported legs twitching or jerking while asleep?","I tend to bounce back after illness, injury, or other hardships.",I like most parts of my personality.
"Physical, Social",I have been at a mental health center for two months now.,2,30,30,"Compared to people I know, my past physical health has been excellent.","Compared to others of your same age and sex, how is your health?",How would you say your health is?,"During the past month, how often has your bed partner or room mate reported legs twitching or jerking while asleep?","I tend to bounce back after illness, injury, or other hardships.",I like most parts of my personality.
"Physical, Social","I am well rested, I am feeling well, I like most parts of my personality.",2,30,30,"Compared to people I know, my past physical health has been excellent.","Compared to others of your same age and sex, how is your health?",How would you say your health is?,"During the past month, how often has your bed partner or room mate reported legs twitching or jerking while asleep?","I tend to bounce back after illness, injury, or other hardships.",I like most parts of my personality.
"Physical, Social",I am happy to be alive despite the loss of physical energy.,2,30,30,"Compared to people I know, my past physical health has been excellent.","Compared to others of your same age and sex, how is your health?",How would you say your health is?,"During the past month, how often has your bed partner or room mate reported legs twitching or jerking while asleep?","I tend to bounce back after illness, injury, or other hardships.",I like most parts of my personality.
"Physical, Social",I have been taking care of my mental health over the past few months.,2,30,30,"Compared to people I know, my past physical health has been excellent.","Compared to others of your same age and sex, how is your health?",How would you say your health is?,"During the past month, how often has your bed partner or room mate reported legs twitching or jerking while asleep?","I tend to bounce back after illness, injury, or other hardships.",I like most parts of my personality.
"Physical, Social",I have a feeling that my physical health is not good.,2,30,30,"Compared to people I know, my past physical health has been excellent.","Compared to others of your same age and sex, how is your health?",How would you say your health is?,"During the past month, how often has your bed partner or room mate reported legs twitching or jerking while asleep?","I tend to bounce back after illness, injury, or other hardships.",I like most parts of my personality.
"Physical, Social","I am feeling depressed and need to take care of myself, but I have not.",2,30,30,"Compared to people I know, my past physical health has been excellent.","Compared to others of your same age and sex, how is your health?",How would you say your health is?,"During the past month, how often has your bed partner or room mate reported legs twitching or jerking while asleep?","I tend to bounce back after illness, injury, or other hardships.",I like most parts of my personality.
"Physical, Social","I was healthy for the past year, but I haven't been healthy in the past year.",2,30,30,"Compared to people I know, my past physical health has been excellent.","Compared to others of your same age and sex, how is your health?",How would you say your health is?,"During the past month, how often has your bed partner or room mate reported legs twitching or jerking while asleep?","I tend to bounce back after illness, injury, or other hardships.",I like most parts of my personality.
"Physical, Social","Compared to people who have the same age and sex, how is your health?",2,30,30,"Compared to people I know, my past physical health has been excellent.","Compared to others of your same age and sex, how is your health?",How would you say your health is?,"During the past month, how often has your bed partner or room mate reported legs twitching or jerking while asleep?","I tend to bounce back after illness, injury, or other hardships.",I like most parts of my personality.
"Physical, Social","I am healthy and happy, but I think my past health was good.",2,30,30,"Compared to people I know, my past physical health has been excellent.","Compared to others of your same age and sex, how is your health?",How would you say your health is?,"During the past month, how often has your bed partner or room mate reported legs twitching or jerking while asleep?","I tend to bounce back after illness, injury, or other hardships.",I like most parts of my personality.
"Physical, Social","I have a weak immune system, and I feel a bit more emotional than others.",2,30,30,"Compared to people I know, my past physical health has been excellent.","Compared to others of your same age and sex, how is your health?",How would you say your health is?,"During the past month, how often has your bed partner or room mate reported legs twitching or jerking while asleep?","I tend to bounce back after illness, injury, or other hardships.",I like most parts of my personality.
"Physical, Social",I don't want to focus on physical and social issues,2,30,30,"Compared to people I know, my past physical health has been excellent.","Compared to others of your same age and sex, how is your health?",How would you say your health is?,"During the past month, how often has your bed partner or room mate reported legs twitching or jerking while asleep?","I tend to bounce back after illness, injury, or other hardships.",I like most parts of my personality.
"Physical, Social",A self-report that describes the physical and social aspects of your personality,2,30,30,"Compared to people I know, my past physical health has been excellent.","Compared to others of your same age and sex, how is your health?",How would you say your health is?,"During the past month, how often has your bed partner or room mate reported legs twitching or jerking while asleep?","I tend to bounce back after illness, injury, or other hardships.",I like most parts of my personality.
"Physical, Social",I am physically healthy enough to function at school or university level.,2,30,30,"Compared to people I know, my past physical health has been excellent.","Compared to others of your same age and sex, how is your health?",How would you say your health is?,"During the past month, how often has your bed partner or room mate reported legs twitching or jerking while asleep?","I tend to bounce back after illness, injury, or other hardships.",I like most parts of my personality.
"Physical, Spiritual",My physical health is great and I'm happy to live to see it improve.,2,30,30,My body seems to resist physical illness very well.,My physical health is excellent.,I expect my physical health to get worse.,How would you say your health is?,I feel the difference when I take good care of my body.,I pay attention to signs that my body needs recovery.
"Physical, Spiritual",I've suffered from mental health disorders and want to change them.,2,30,30,My body seems to resist physical illness very well.,My physical health is excellent.,I expect my physical health to get worse.,How would you say your health is?,I feel the difference when I take good care of my body.,I pay attention to signs that my body needs recovery.
"Physical, Spiritual",I think I can control my emotions during stressful situations.,2,30,30,My body seems to resist physical illness very well.,My physical health is excellent.,I expect my physical health to get worse.,How would you say your health is?,I feel the difference when I take good care of my body.,I pay attention to signs that my body needs recovery.
"Physical, Spiritual",My physical health is not enough to support my physical health.,2,30,30,My body seems to resist physical illness very well.,My physical health is excellent.,I expect my physical health to get worse.,How would you say your health is?,I feel the difference when I take good care of my body.,I pay attention to signs that my body needs recovery.
"Physical, Spiritual",My physical health has improved greatly over the past year.,2,30,30,My body seems to resist physical illness very well.,My physical health is excellent.,I expect my physical health to get worse.,How would you say your health is?,I feel the difference when I take good care of my body.,I pay attention to signs that my body needs recovery.
"Physical, Spiritual",I like the way I have a lot of health and well-being.,2,30,30,My body seems to resist physical illness very well.,My physical health is excellent.,I expect my physical health to get worse.,How would you say your health is?,I feel the difference when I take good care of my body.,I pay attention to signs that my body needs recovery.
"Physical, Spiritual",My body is able to take care of my physical health well.,2,30,30,My body seems to resist physical illness very well.,My physical health is excellent.,I expect my physical health to get worse.,How would you say your health is?,I feel the difference when I take good care of my body.,I pay attention to signs that my body needs recovery.
"Physical, Spiritual",I want to improve my physical health by taking good care of my body.,2,30,30,My body seems to resist physical illness very well.,My physical health is excellent.,I expect my physical health to get worse.,How would you say your health is?,I feel the difference when I take good care of my body.,I pay attention to signs that my body needs recovery.
"Physical, Spiritual",I need to keep my body strong enough to take good care of it.,2,30,30,My body seems to resist physical illness very well.,My physical health is excellent.,I expect my physical health to get worse.,How would you say your health is?,I feel the difference when I take good care of my body.,I pay attention to signs that my body needs recovery.
"Physical, Spiritual",I think I will recover from physical illness very well.,2,30,30,My body seems to resist physical illness very well.,My physical health is excellent.,I expect my physical health to get worse.,How would you say your health is?,I feel the difference when I take good care of my body.,I pay attention to signs that my body needs recovery.
"Physical, Spiritual",I am unable to care for myself in the same way I have other body parts.,2,30,30,My body seems to resist physical illness very well.,My physical health is excellent.,I expect my physical health to get worse.,How would you say your health is?,I feel the difference when I take good care of my body.,I pay attention to signs that my body needs recovery.
"Physical, Spiritual",I'm living my own life and I'm an apologist.,2,30,30,My body seems to resist physical illness very well.,My physical health is excellent.,I expect my physical health to get worse.,How would you say your health is?,I feel the difference when I take good care of my body.,I pay attention to signs that my body needs recovery.
"Physical, Spiritual",I enjoy being healthy and taking care of my body.,2,30,30,My body seems to resist physical illness very well.,My physical health is excellent.,I expect my physical health to get worse.,How would you say your health is?,I feel the difference when I take good care of my body.,I pay attention to signs that my body needs recovery.
"Physical, Spiritual",My physical health has been in the same position for a while now.,2,30,30,My body seems to resist physical illness very well.,My physical health is excellent.,I expect my physical health to get worse.,How would you say your health is?,I feel the difference when I take good care of my body.,I pay attention to signs that my body needs recovery.
"Physical, Spiritual",I have been feeling bad since my first bad fall.,2,30,30,My body seems to resist physical illness very well.,My physical health is excellent.,I expect my physical health to get worse.,How would you say your health is?,I feel the difference when I take good care of my body.,I pay attention to signs that my body needs recovery.
"Physical, Spiritual",My body is able to cope with the stresses of life.,2,30,30,My body seems to resist physical illness very well.,My physical health is excellent.,I expect my physical health to get worse.,How would you say your health is?,I feel the difference when I take good care of my body.,I pay attention to signs that my body needs recovery.
"Physical, Spiritual",I have a strong immune system and feel good about my physical health.,2,30,30,My body seems to resist physical illness very well.,My physical health is excellent.,I expect my physical health to get worse.,How would you say your health is?,I feel the difference when I take good care of my body.,I pay attention to signs that my body needs recovery.
"Physical, Spiritual",I take good care of my body and the heart.,2,30,30,My body seems to resist physical illness very well.,My physical health is excellent.,I expect my physical health to get worse.,How would you say your health is?,I feel the difference when I take good care of my body.,I pay attention to signs that my body needs recovery.
"Physical, Spiritual",I am satisfied with my physical health and believe that my body needs improvement.,2,30,30,My body seems to resist physical illness very well.,My physical health is excellent.,I expect my physical health to get worse.,How would you say your health is?,I feel the difference when I take good care of my body.,I pay attention to signs that my body needs recovery.
"Physical, Spiritual","I have physical health, but I expect it to improve.",2,30,30,My body seems to resist physical illness very well.,My physical health is excellent.,I expect my physical health to get worse.,How would you say your health is?,I feel the difference when I take good care of my body.,I pay attention to signs that my body needs recovery.
"Physical, Spiritual",My physical health does not seem to be working right.,2,30,30,My body seems to resist physical illness very well.,My physical health is excellent.,I expect my physical health to get worse.,How would you say your health is?,I feel the difference when I take good care of my body.,I pay attention to signs that my body needs recovery.
"Physical, Spiritual",I will be able to communicate my mental health to others.,2,30,30,My body seems to resist physical illness very well.,My physical health is excellent.,I expect my physical health to get worse.,How would you say your health is?,I feel the difference when I take good care of my body.,I pay attention to signs that my body needs recovery.
"Physical, Spiritual",My body seems to be able to manage my emotions effectively.,2,30,30,My body seems to resist physical illness very well.,My physical health is excellent.,I expect my physical health to get worse.,How would you say your health is?,I feel the difference when I take good care of my body.,I pay attention to signs that my body needs recovery.
"Physical, Spiritual","I am a healthy person, my physical health is excellent.",2,30,30,My body seems to resist physical illness very well.,My physical health is excellent.,I expect my physical health to get worse.,How would you say your health is?,I feel the difference when I take good care of my body.,I pay attention to signs that my body needs recovery.
"Physical, Spiritual",I feel like a well-rounded person in my physical health.,2,30,30,My body seems to resist physical illness very well.,My physical health is excellent.,I expect my physical health to get worse.,How would you say your health is?,I feel the difference when I take good care of my body.,I pay attention to signs that my body needs recovery.
"Physical, Spiritual",I know I should have a stronger immune system to avoid catching illnesses.,2,30,30,My body seems to resist physical illness very well.,My physical health is excellent.,I expect my physical health to get worse.,How would you say your health is?,I feel the difference when I take good care of my body.,I pay attention to signs that my body needs recovery.
"Physical, Spiritual",I worry about my mental health more than I worry about my physical health,2,30,30,My body seems to resist physical illness very well.,My physical health is excellent.,I expect my physical health to get worse.,How would you say your health is?,I feel the difference when I take good care of my body.,I pay attention to signs that my body needs recovery.
"Physical, Spiritual",I don't know how you feel about physical illness.,2,30,30,My body seems to resist physical illness very well.,My physical health is excellent.,I expect my physical health to get worse.,How would you say your health is?,I feel the difference when I take good care of my body.,I pay attention to signs that my body needs recovery.
"Physical, Spiritual",I am happy about my physical health and feel it is great.,2,30,30,My body seems to resist physical illness very well.,My physical health is excellent.,I expect my physical health to get worse.,How would you say your health is?,I feel the difference when I take good care of my body.,I pay attention to signs that my body needs recovery.
"Physical, Spiritual",I have been physically and spiritually healthy for 10 years now.,2,30,30,My body seems to resist physical illness very well.,My physical health is excellent.,I expect my physical health to get worse.,How would you say your health is?,I feel the difference when I take good care of my body.,I pay attention to signs that my body needs recovery.
"Social, Spiritual",I have no specific social or spiritual concerns with friends.,2,30,30,I have not experienced many warm and trusting relationships with others.,"In the past, I have not always had friends with whom I could share my joys and sorrows.","In the past, I have felt sure of myself among strangers.",I have one close and secure relationship.,I am no longer close to anyone,"People would describe me as a giving person, willing to share my time with others."
"Social, Spiritual",I have been feeling isolated in society and in the community.,2,30,30,I have not experienced many warm and trusting relationships with others.,"In the past, I have not always had friends with whom I could share my joys and sorrows.","In the past, I have felt sure of myself among strangers.",I have one close and secure relationship.,I am no longer close to anyone,"People would describe me as a giving person, willing to share my time with others."
"Social, Spiritual",I have been a rough person and have not always had a close and secure relationship with people.,2,30,30,I have not experienced many warm and trusting relationships with others.,"In the past, I have not always had friends with whom I could share my joys and sorrows.","In the past, I have felt sure of myself among strangers.",I have one close and secure relationship.,I am no longer close to anyone,"People would describe me as a giving person, willing to share my time with others."
"Social, Spiritual",I have not found friendships with people I could trust.,2,30,30,I have not experienced many warm and trusting relationships with others.,"In the past, I have not always had friends with whom I could share my joys and sorrows.","In the past, I have felt sure of myself among strangers.",I have one close and secure relationship.,I am no longer close to anyone,"People would describe me as a giving person, willing to share my time with others."
"Social, Spiritual",I have been close to someone in the past and have enjoyed spending time with them in the past.,2,30,30,I have not experienced many warm and trusting relationships with others.,"In the past, I have not always had friends with whom I could share my joys and sorrows.","In the past, I have felt sure of myself among strangers.",I have one close and secure relationship.,I am no longer close to anyone,"People would describe me as a giving person, willing to share my time with others."
"Social, Spiritual",I have not been physically present in a social setting for many years.,2,30,30,I have not experienced many warm and trusting relationships with others.,"In the past, I have not always had friends with whom I could share my joys and sorrows.","In the past, I have felt sure of myself among strangers.",I have one close and secure relationship.,I am no longer close to anyone,"People would describe me as a giving person, willing to share my time with others."
"Social, Spiritual",I have not lived in a secure and loving relationship with anyone in the past.,2,30,30,I have not experienced many warm and trusting relationships with others.,"In the past, I have not always had friends with whom I could share my joys and sorrows.","In the past, I have felt sure of myself among strangers.",I have one close and secure relationship.,I am no longer close to anyone,"People would describe me as a giving person, willing to share my time with others."
"Social, Spiritual",I have not always felt sure of myself among strangers.,2,30,30,I have not experienced many warm and trusting relationships with others.,"In the past, I have not always had friends with whom I could share my joys and sorrows.","In the past, I have felt sure of myself among strangers.",I have one close and secure relationship.,I am no longer close to anyone,"People would describe me as a giving person, willing to share my time with others."
"Social, Spiritual",I have a feeling that I am socially and spiritually vulnerable in the past.,2,30,30,I have not experienced many warm and trusting relationships with others.,"In the past, I have not always had friends with whom I could share my joys and sorrows.","In the past, I have felt sure of myself among strangers.",I have one close and secure relationship.,I am no longer close to anyone,"People would describe me as a giving person, willing to share my time with others."
"Social, Spiritual","My personal feelings, behaviors, and tendencies have not been consistent with my goals and self-worth.",2,30,30,I have not experienced many warm and trusting relationships with others.,"In the past, I have not always had friends with whom I could share my joys and sorrows.","In the past, I have felt sure of myself among strangers.",I have one close and secure relationship.,I am no longer close to anyone,"People would describe me as a giving person, willing to share my time with others."
"Social, Spiritual",I have experienced very poor social skills and have not received the support I need to be a healthy person.,2,30,30,I have not experienced many warm and trusting relationships with others.,"In the past, I have not always had friends with whom I could share my joys and sorrows.","In the past, I have felt sure of myself among strangers.",I have one close and secure relationship.,I am no longer close to anyone,"People would describe me as a giving person, willing to share my time with others."
"Social, Spiritual",I have not felt confident among strangers in my own life.,2,30,30,I have not experienced many warm and trusting relationships with others.,"In the past, I have not always had friends with whom I could share my joys and sorrows.","In the past, I have felt sure of myself among strangers.",I have one close and secure relationship.,I am no longer close to anyone,"People would describe me as a giving person, willing to share my time with others."
"Social, Spiritual","I have a strong immune system, feeling good in some things.",2,30,30,I have not experienced many warm and trusting relationships with others.,"In the past, I have not always had friends with whom I could share my joys and sorrows.","In the past, I have felt sure of myself among strangers.",I have one close and secure relationship.,I am no longer close to anyone,"People would describe me as a giving person, willing to share my time with others."
"Social, Spiritual",I have found that I am less open and trusting than I used to be.,2,30,30,I have not experienced many warm and trusting relationships with others.,"In the past, I have not always had friends with whom I could share my joys and sorrows.","In the past, I have felt sure of myself among strangers.",I have one close and secure relationship.,I am no longer close to anyone,"People would describe me as a giving person, willing to share my time with others."
"Social, Spiritual",I have not experienced many happy or peaceful experiences with others.,2,30,30,I have not experienced many warm and trusting relationships with others.,"In the past, I have not always had friends with whom I could share my joys and sorrows.","In the past, I have felt sure of myself among strangers.",I have one close and secure relationship.,I am no longer close to anyone,"People would describe me as a giving person, willing to share my time with others."
"Social, Spiritual",I have not always felt confident and safe among strangers.,2,30,30,I have not experienced many warm and trusting relationships with others.,"In the past, I have not always had friends with whom I could share my joys and sorrows.","In the past, I have felt sure of myself among strangers.",I have one close and secure relationship.,I am no longer close to anyone,"People would describe me as a giving person, willing to share my time with others."
"Social, Spiritual",I have not experienced much social or spiritual support with others.,2,30,30,I have not experienced many warm and trusting relationships with others.,"In the past, I have not always had friends with whom I could share my joys and sorrows.","In the past, I have felt sure of myself among strangers.",I have one close and secure relationship.,I am no longer close to anyone,"People would describe me as a giving person, willing to share my time with others."
"Social, Spiritual",I have not been well-balanced and emotionally stable in the past.,2,30,30,I have not experienced many warm and trusting relationships with others.,"In the past, I have not always had friends with whom I could share my joys and sorrows.","In the past, I have felt sure of myself among strangers.",I have one close and secure relationship.,I am no longer close to anyone,"People would describe me as a giving person, willing to share my time with others."
"Social, Spiritual","My personal thoughts, behaviors, or tendencies are not accounted for in this self-report.",2,30,30,I have not experienced many warm and trusting relationships with others.,"In the past, I have not always had friends with whom I could share my joys and sorrows.","In the past, I have felt sure of myself among strangers.",I have one close and secure relationship.,I am no longer close to anyone,"People would describe me as a giving person, willing to share my time with others."
"Social, Spiritual",I have been affected by a variety of emotional issues.,2,30,30,I have not experienced many warm and trusting relationships with others.,"In the past, I have not always had friends with whom I could share my joys and sorrows.","In the past, I have felt sure of myself among strangers.",I have one close and secure relationship.,I am no longer close to anyone,"People would describe me as a giving person, willing to share my time with others."
"Social, Spiritual",I have not experienced much physical and emotional health with people.,2,30,30,I have not experienced many warm and trusting relationships with others.,"In the past, I have not always had friends with whom I could share my joys and sorrows.","In the past, I have felt sure of myself among strangers.",I have one close and secure relationship.,I am no longer close to anyone,"People would describe me as a giving person, willing to share my time with others."
"Social, Spiritual",I have not learned to accept people and to enjoy life.,2,30,30,I have not experienced many warm and trusting relationships with others.,"In the past, I have not always had friends with whom I could share my joys and sorrows.","In the past, I have felt sure of myself among strangers.",I have one close and secure relationship.,I am no longer close to anyone,"People would describe me as a giving person, willing to share my time with others."
"Social, Spiritual",I have not enjoyed many warm and safe relationships with others.,2,30,30,I have not experienced many warm and trusting relationships with others.,"In the past, I have not always had friends with whom I could share my joys and sorrows.","In the past, I have felt sure of myself among strangers.",I have one close and secure relationship.,I am no longer close to anyone,"People would describe me as a giving person, willing to share my time with others."
"Social, Spiritual",I have been at the onset of psychosis in the past.,2,30,30,I have not experienced many warm and trusting relationships with others.,"In the past, I have not always had friends with whom I could share my joys and sorrows.","In the past, I have felt sure of myself among strangers.",I have one close and secure relationship.,I am no longer close to anyone,"People would describe me as a giving person, willing to share my time with others."
"Social, Spiritual",I have never experienced any close and secure relationships with others.,2,30,30,I have not experienced many warm and trusting relationships with others.,"In the past, I have not always had friends with whom I could share my joys and sorrows.","In the past, I have felt sure of myself among strangers.",I have one close and secure relationship.,I am no longer close to anyone,"People would describe me as a giving person, willing to share my time with others."
"Social, Spiritual",I have not experienced good interpersonal relationships with others in the past.,2,30,30,I have not experienced many warm and trusting relationships with others.,"In the past, I have not always had friends with whom I could share my joys and sorrows.","In the past, I have felt sure of myself among strangers.",I have one close and secure relationship.,I am no longer close to anyone,"People would describe me as a giving person, willing to share my time with others."
"Social, Spiritual",I have been unhappy with myself and have not felt positive about myself.,2,30,30,I have not experienced many warm and trusting relationships with others.,"In the past, I have not always had friends with whom I could share my joys and sorrows.","In the past, I have felt sure of myself among strangers.",I have one close and secure relationship.,I am no longer close to anyone,"People would describe me as a giving person, willing to share my time with others."
"Social, Spiritual",My self-report is a self-port for social and spiritual,2,30,30,I have not experienced many warm and trusting relationships with others.,"In the past, I have not always had friends with whom I could share my joys and sorrows.","In the past, I have felt sure of myself among strangers.",I have one close and secure relationship.,I am no longer close to anyone,"People would describe me as a giving person, willing to share my time with others."
"Social, Spiritual",I have not lived with any close and close friends.,2,30,30,I have not experienced many warm and trusting relationships with others.,"In the past, I have not always had friends with whom I could share my joys and sorrows.","In the past, I have felt sure of myself among strangers.",I have one close and secure relationship.,I am no longer close to anyone,"People would describe me as a giving person, willing to share my time with others."
"Social, Spiritual","I have not had people, family, friends, or social support.",2,30,30,I have not experienced many warm and trusting relationships with others.,"In the past, I have not always had friends with whom I could share my joys and sorrows.","In the past, I have felt sure of myself among strangers.",I have one close and secure relationship.,I am no longer close to anyone,"People would describe me as a giving person, willing to share my time with others."
