target_dims,generated_text,corr_score
"Emotional, Environmental, Financial",I am aware of stress related to my emotional and financial well being.,0.50384122133255
"Emotional, Environmental, Financial",I feel a lot of stress due to my financial situation.,0.49148473143577576
"Emotional, Environmental, Financial",My emotional stress and financial stress create stress for me.,0.48265787959098816
"Emotional, Environmental, Financial",My emotional situation is most likely a form of stress.,0.47185516357421875
"Emotional, Environmental, Financial",Stress is a problem that interferes with my peace of mind.,0.4662163257598877
"Emotional, Environmental, Financial",My mental health status has been influenced by financial and emotional stress.,0.46360448002815247
"Emotional, Environmental, Financial",I have a fear of stress because of my financial situation.,0.46299979090690613
"Emotional, Environmental, Financial",I feel stressed when I am unable to get enough sleep.,0.428397536277771
"Emotional, Environmental, Financial",I feel less secure in times of stress than I did in the past.,0.4279024004936218
"Emotional, Environmental, Financial",I've been feeling very stressed over the past month.,0.427457720041275
"Emotional, Environmental, Financial",Stress and anxiety are both things I feel anxious about.,0.40919229388237
"Emotional, Environmental, Financial",A self-report mental health survey report that describes how well I feel during stressful situations.,0.4074951112270355
"Emotional, Environmental, Financial",I need a new self-report to help me cope with stress.,0.3949776589870453
"Emotional, Environmental, Financial",I have been having more stress than I thought I was going to,0.39029669761657715
"Emotional, Environmental, Financial",I need to know how to manage my emotions when I are stressed.,0.3880101442337036
"Emotional, Environmental, Financial","I have experienced stress in the past month, how often have you had trouble sleeping.",0.37643569707870483
"Emotional, Environmental, Financial","When you feel stressed, you are more likely to have an anxiety attack.",0.37556320428848267
"Emotional, Environmental, Financial",I am experiencing issues that affect my physical and psychological health.,0.3645874261856079
"Emotional, Environmental, Financial",You have been through some difficult times and are struggling.,0.32036325335502625
"Emotional, Environmental, Financial",I feel less secure because I cannot save for the future.,0.28662973642349243
"Emotional, Environmental, Financial",I am aware of my financial situation and my financial situation.,0.2775794267654419
"Emotional, Environmental, Financial",Mental health can affect many aspects of a person's life.,0.2752765715122223
"Emotional, Environmental, Financial",I do not feel empowered or confident enough to change my lifestyle.,0.2751154601573944
"Emotional, Environmental, Financial",A self-report describing how your financial situation affects how secure you feel.,0.2730753719806671
"Emotional, Environmental, Financial",I have a negative attitude about things I have to change.,0.26890799403190613
"Emotional, Environmental, Financial",I had trouble sleeping in the past month because you cannot breathe comfortably?,0.2361069917678833
"Emotional, Environmental, Financial",The first self-report is a self-report about the mental health of adults.,0.2214084267616272
"Emotional, Environmental, Financial",How frequently do you have trouble sleeping because you cannot breathe comfortably?,0.2205282747745514
"Emotional, Environmental, Financial","My physical health is poor, so I feel pressured to eat a healthy diet.",0.1825960874557495
"Emotional, Environmental, Financial",I have a stable income that is less than what I used to earn.,0.17417024075984955
"Emotional, Environmental, Intellectual",I feel more relaxed when my surroundings are clean and organized.,0.5785833597183228
"Emotional, Environmental, Intellectual",I feel more relaxed in a place that is clean and organized.,0.5579133033752441
"Emotional, Environmental, Intellectual",I feel more at ease in my surroundings and have calm and calm surroundings.,0.5504831075668335
"Emotional, Environmental, Intellectual",I feel more calm and comfortable in my living space.,0.5497998595237732
"Emotional, Environmental, Intellectual",I feel more relaxed and more content in the environment.,0.5435038805007935
"Emotional, Environmental, Intellectual",I feel more relaxed and at ease when my surroundings help me feel calm and settled.,0.539213240146637
"Emotional, Environmental, Intellectual",I feel more relaxed and happier than before I felt anxious about myself.,0.5025755167007446
"Emotional, Environmental, Intellectual",I am more comfortable when my surroundings are clean and organized.,0.5022724866867065
"Emotional, Environmental, Intellectual",I am more aware of my stress or anxiety levels.,0.4994027316570282
"Emotional, Environmental, Intellectual",I am feeling anxious and anxious because of my surroundings.,0.4979296326637268
"Emotional, Environmental, Intellectual",I think my environment feels very stressful or out of control.,0.49685439467430115
"Emotional, Environmental, Intellectual",I feel more comfortable and happy when my environment is clean.,0.4950108826160431
"Emotional, Environmental, Intellectual",I feel more at ease when I am calm and settled.,0.48566028475761414
"Emotional, Environmental, Intellectual",I feel less stressed when my living space is clean.,0.47995713353157043
"Emotional, Environmental, Intellectual",I feel more at ease and relaxed when I am around people I like.,0.47158658504486084
"Emotional, Environmental, Intellectual",I feel more comfortable when my living room is clean.,0.46133098006248474
"Emotional, Environmental, Intellectual","I feel less overwhelmed in my environment, because of a lack of mental health support.",0.45582592487335205
"Emotional, Environmental, Intellectual",I feel more at ease in places that are clean and organized.,0.45374640822410583
"Emotional, Environmental, Intellectual",I find myself re-evaluating my mental health and looking at ways to improve it.,0.43189483880996704
"Emotional, Environmental, Intellectual",I often feel anxious about having to worry about my own mental health.,0.4257325828075409
"Emotional, Environmental, Intellectual",I often feel anxious or nervous when I am alone.,0.4127253592014313
"Emotional, Environmental, Intellectual","I can deal with physical changes, especially anger or sadness.",0.40438511967658997
"Emotional, Environmental, Intellectual",I feel a lot less nervous than usual and I feel less stressed.,0.40023335814476013
"Emotional, Environmental, Intellectual",I have an anxiety disorder and have very few emotional experiences.,0.38957348465919495
"Emotional, Environmental, Intellectual",I have an understanding of how to control the emotional experience.,0.3807099163532257
"Emotional, Environmental, Intellectual",I am less likely to develop depression if my environment is unbalanced.,0.3713468611240387
"Emotional, Environmental, Intellectual",I can't sleep but know that I can relax and move around.,0.36303120851516724
"Emotional, Environmental, Intellectual",I have been studying how to improve my mental health through my self-report.,0.3285534977912903
"Emotional, Environmental, Intellectual",I like all the things that my environment looks like.,0.31795942783355713
"Emotional, Environmental, Intellectual",I have been a member of the Society of Mental Health Practitioners for over 20 years.,0.25041860342025757
"Emotional, Environmental, Occupational",I am able to manage my emotional and environmental stress better.,0.5727478265762329
"Emotional, Environmental, Occupational","My environment is a good source of stress, anxiety, and depression.",0.5453547835350037
"Emotional, Environmental, Occupational",I am less stressed when my surroundings match my needs.,0.5393376350402832
"Emotional, Environmental, Occupational",I am able to manage my emotional or environmental health.,0.5371091961860657
"Emotional, Environmental, Occupational",I am more relaxed when my surroundings align my needs.,0.5219934582710266
"Emotional, Environmental, Occupational",I am able to cope with the stresses and anxiety of my life.,0.5189430117607117
"Emotional, Environmental, Occupational",My environment makes me easier to take care of myself.,0.5140954852104187
"Emotional, Environmental, Occupational",I am able to take care of myself when my surroundings match my needs.,0.513242244720459
"Emotional, Environmental, Occupational",I feel less stressed in the same environment as others.,0.5070438385009766
"Emotional, Environmental, Occupational",I am able to cope with the stress of the daily routine.,0.5060619115829468
"Emotional, Environmental, Occupational",I am feeling less relaxed and more comfortable when my surroundings match my needs.,0.49303537607192993
"Emotional, Environmental, Occupational",I am able to manage negative emotions easily during stressful situations.,0.4833131432533264
"Emotional, Environmental, Occupational",I feel more comfortable in my surroundings if my surroundings meet my needs.,0.48184677958488464
"Emotional, Environmental, Occupational",I am more aware of the health of my surroundings.,0.47235625982284546
"Emotional, Environmental, Occupational",I can handle emotions more effectively than I can when my surroundings are noisy.,0.4673996567726135
"Emotional, Environmental, Occupational",I am more likely to feel sad and upset when my surroundings match my needs.,0.46665459871292114
"Emotional, Environmental, Occupational",I am able to cope with unwanted or painful feelings.,0.4666500389575958
"Emotional, Environmental, Occupational",I'm in general the mood and have negative emotions about the environment.,0.4655328094959259
"Emotional, Environmental, Occupational",I find it easier for me to relax when my surroundings are quiet and orderly.,0.4489222466945648
"Emotional, Environmental, Occupational",I have anxiety about my environment and it's harmful.,0.4317109286785126
"Emotional, Environmental, Occupational",I'm more aware of my emotional symptoms than the other areas.,0.4258093535900116
"Emotional, Environmental, Occupational","I am able to treat emotional, physical, and occupational aches and pains.",0.41187775135040283
"Emotional, Environmental, Occupational",I think that my surroundings are a good place to have a good rest.,0.4115564823150635
"Emotional, Environmental, Occupational",I was able to take care of myself and the environment.,0.4102804958820343
"Emotional, Environmental, Occupational","I have a sense of humor, and I like being able to take care of myself.",0.34493011236190796
"Emotional, Environmental, Occupational","I have no other sources of income, so I am not able to control my mood.",0.3435055911540985
"Emotional, Environmental, Occupational","I am happy and well-balanced at work, but are not well-balanced at work.",0.33320096135139465
"Emotional, Environmental, Occupational",I am having trouble thinking about thoughts of loss or damage to my mental health.,0.3150097727775574
"Emotional, Environmental, Occupational",I want to write a self-report about my mental health.,0.2954053282737732
"Emotional, Environmental, Occupational",I have a strong immune system and have been a good sleeper.,0.2467411905527115
"Emotional, Environmental, Physical",My physical health has caused my mental health to increase.,0.5835786461830139
"Emotional, Environmental, Physical",My physical health has affected my emotional and physical health in the past.,0.573136031627655
"Emotional, Environmental, Physical",I have had a mental health issue that has affected my physical health.,0.5718912482261658
"Emotional, Environmental, Physical",My mental health is causing more stress than physical health.,0.5583292841911316
"Emotional, Environmental, Physical",I have physical health issues that interfere with my mental health.,0.557209849357605
"Emotional, Environmental, Physical",I am experiencing some emotional distress because of my physical health.,0.5534814596176147
"Emotional, Environmental, Physical",I have a physical health problem that affects my mental health.,0.5532627105712891
"Emotional, Environmental, Physical",I am worried that physical health may interfere with my mental health.,0.5492125153541565
"Emotional, Environmental, Physical",My physical health is indifferent to how well I function.,0.5467062592506409
"Emotional, Environmental, Physical",My physical health has been very positive in the past.,0.5336635112762451
"Emotional, Environmental, Physical",My current physical health is not affecting how well I function day to day.,0.5335456132888794
"Emotional, Environmental, Physical",My physical health has been in decline since I was diagnosed with a mental disorder in 2000.,0.5263024568557739
"Emotional, Environmental, Physical",My physical health is a significant measure of how well I am doing now.,0.5193121433258057
"Emotional, Environmental, Physical",How does your physical health affect your emotional and physical health?,0.5011540651321411
"Emotional, Environmental, Physical",My physical health has been affected by the physical environment.,0.4963623583316803
"Emotional, Environmental, Physical",I know that I have negative feelings about my mental health.,0.4861145615577698
"Emotional, Environmental, Physical",I am feeling sick and feeling depressed about myself and my physical health.,0.48401346802711487
"Emotional, Environmental, Physical","I see a physical condition, or mental illness, in my mental health.",0.47821101546287537
"Emotional, Environmental, Physical",My mental health is the number one factor in my psychological health.,0.4613952934741974
"Emotional, Environmental, Physical",I believe my physical health is at risk of making me lose weight.,0.4505121409893036
"Emotional, Environmental, Physical",I do not want to worry about my physical health.,0.4399583041667938
"Emotional, Environmental, Physical",My body isn't able to respond to a physical illness.,0.43488234281539917
"Emotional, Environmental, Physical",Whether you have depression or anxiety is a self-report item that should be labeled as an identifying factor.,0.33328455686569214
"Emotional, Environmental, Physical",I feel self-conscious about what I eat and to how I sleep.,0.3009627163410187
"Emotional, Environmental, Physical",I enjoy living by myself and not using alcohol and drugs.,0.2935775816440582
"Emotional, Environmental, Physical",I feel as if I am not having enough sleep.,0.2762000262737274
"Emotional, Environmental, Physical",The results of self-report psychological self-report items must be described accurately.,0.26298096776008606
"Emotional, Environmental, Physical",I am more likely to use pharmacological over-the-counter treatments in the past.,0.25974714756011963
"Emotional, Environmental, Physical",I find it difficult to manage my emotions in the past.,0.241935595870018
"Emotional, Environmental, Physical",Almost all of the information contained in this self-report is true or false.,0.20292825996875763
"Emotional, Environmental, Social",I feel less at peace in my social relationships with others.,0.4587375521659851
"Emotional, Environmental, Social",I feel emotionally strained by my relationships with people and relationships with others.,0.4426197409629822
"Emotional, Environmental, Social",I feel less isolated from others because of my social relationships,0.4362504482269287
"Emotional, Environmental, Social",I have a weak sense of trust and trust with others.,0.4246070086956024
"Emotional, Environmental, Social",I feel a strong sense of trust and trust in my relationships.,0.4114782512187958
"Emotional, Environmental, Social",I feel a desire to stay in my current social environment,0.4019395112991333
"Emotional, Environmental, Social",My social relationships have been more stable than my social relationships.,0.3964739441871643
"Emotional, Environmental, Social",I have not experienced many good and good relationships with others.,0.3930870592594147
"Emotional, Environmental, Social",I feel a lack of trust and friendliness in my relationships,0.3863327205181122
"Emotional, Environmental, Social",I feel isolated from others and have social relationships that are superficial,0.37626412510871887
"Emotional, Environmental, Social",I am more socially connected than I have ever been.,0.3738655745983124
"Emotional, Environmental, Social",I feel a sense of security in my social relationships.,0.37055647373199463
"Emotional, Environmental, Social",I'm feeling lonely because I haven't ever felt loved or welcomed.,0.36877238750457764
"Emotional, Environmental, Social",I feel a sense of security when I am comfortable with myself.,0.3597923517227173
"Emotional, Environmental, Social",I am likely to be emotional or physical more than emotionally.,0.3573687970638275
"Emotional, Environmental, Social","I feel happier, healthier, and more relaxed when I am around my family.",0.3554264307022095
"Emotional, Environmental, Social",I have never experienced close and trusting relationships with others.,0.35387280583381653
"Emotional, Environmental, Social",I feel alone in spaces where I cannot feel safe.,0.35208284854888916
"Emotional, Environmental, Social",I feel less at peace in spaces that are predictable and comfortable.,0.34757521748542786
"Emotional, Environmental, Social",I have not experienced any good emotionally or behavioral experiences.,0.3447630703449249
"Emotional, Environmental, Social",I can't express myself emotionally in situations that are stressful.,0.34149038791656494
"Emotional, Environmental, Social",I feel more comfortable when spaces around me are predictable and comfortable.,0.328342467546463
"Emotional, Environmental, Social",I am grateful that I have found a friend and I have a trusting relationship with my family.,0.3154446482658386
"Emotional, Environmental, Social",I am happy with the ways my mental health has improved in the last few years.,0.3108092248439789
"Emotional, Environmental, Social",I have a low self-report outlook and am struggling with depression.,0.29950544238090515
"Emotional, Environmental, Social",I have experienced mental health problems and it has been difficult to deal with them.,0.29360395669937134
"Emotional, Environmental, Social",I feel the need for an environment that is calm and familiar.,0.2753458023071289
"Emotional, Environmental, Social",My health is worse than it has been in years.,0.2409425675868988
"Emotional, Environmental, Social","My psychological self-report has been a challenge, which leads to low self-report accuracy and inadequate reporting.",0.23948943614959717
"Emotional, Environmental, Social",I want to know what helps you survive the stress of being stressed.,0.2356589436531067
"Emotional, Environmental, Spiritual",I am feeling more calm and settled in my surroundings.,0.5349413156509399
"Emotional, Environmental, Spiritual",I am happier and more calm in the environment than the surroundings.,0.531526505947113
"Emotional, Environmental, Spiritual",My environment and surroundings make me feel calm and settled.,0.520566999912262
"Emotional, Environmental, Spiritual",I feel better when I am relaxed in my environment.,0.5091214179992676
"Emotional, Environmental, Spiritual",I feel a sense of calm and settled in my surroundings.,0.49722787737846375
"Emotional, Environmental, Spiritual",I am very positive and able to deal with emotions in my environment.,0.4856017529964447
"Emotional, Environmental, Spiritual",I am happy and happy in places that are comfortable and calm.,0.47028085589408875
"Emotional, Environmental, Spiritual",I believe my surroundings make it harder for me to relax.,0.46791872382164
"Emotional, Environmental, Spiritual",I am able to take my own mood and body in the right direction.,0.45422208309173584
"Emotional, Environmental, Spiritual",I feel more energized or relaxed in space than in the past.,0.4535190463066101
"Emotional, Environmental, Spiritual",I have a great deal of energy and am able to deal with emotional and spiritual situations.,0.45198526978492737
"Emotional, Environmental, Spiritual",I find it easy to control my emotions during stressful situations.,0.451671302318573
"Emotional, Environmental, Spiritual",I am feeling more relaxed and re-energized than before.,0.4447207748889923
"Emotional, Environmental, Spiritual",I can cope with difficult emotions like anxiety and depression.,0.4310041069984436
"Emotional, Environmental, Spiritual",I am aware of how to deal with my emotions.,0.4297870695590973
"Emotional, Environmental, Spiritual",I have a higher level of stress than my normal self.,0.42469683289527893
"Emotional, Environmental, Spiritual",My body is responding to stress and can respond more emotionally to physical stress and anxiety.,0.41481807827949524
"Emotional, Environmental, Spiritual",I'm happier in spaces that are calm and familiar.,0.41457873582839966
"Emotional, Environmental, Spiritual",I feel happier when I can communicate and take notes.,0.4143412113189697
"Emotional, Environmental, Spiritual",I feel more at peace in my surroundings than I did in my previous self-report.,0.41367417573928833
"Emotional, Environmental, Spiritual",I have an altered perception of my own feelings and thoughts.,0.409361332654953
"Emotional, Environmental, Spiritual",I enjoy the things I do and am happy that I do.,0.4081611931324005
"Emotional, Environmental, Spiritual",I feel the physical reactions of my parents to my surroundings.,0.39444372057914734
"Emotional, Environmental, Spiritual",I am happier when I have space to move around.,0.39384910464286804
"Emotional, Environmental, Spiritual",I feel less self-centered when I am alone and less self-absorbed.,0.39118897914886475
"Emotional, Environmental, Spiritual",I have a higher level of self-esteem than I am on emotional levels.,0.38819143176078796
"Emotional, Environmental, Spiritual",I am more aware of my environment than I have been in years.,0.3879081904888153
"Emotional, Environmental, Spiritual",I am more than happy with what I am doing.,0.3701106905937195
"Emotional, Environmental, Spiritual",I have positive memories of positive events that have happened.,0.33063390851020813
"Emotional, Environmental, Spiritual",I enjoy the outdoors and am comfortable in cold weather.,0.28550785779953003
"Emotional, Financial, Intellectual","I feel more emotionally, financially, and intellectually affected by financial issues.",0.5303407311439514
"Emotional, Financial, Intellectual",I feel self-satisfied with my mental health and my financial situation.,0.5243175625801086
"Emotional, Financial, Intellectual",I feel better emotionally or financially when I have a clear financial plan.,0.5079579949378967
"Emotional, Financial, Intellectual",I feel more in control over my finances than my mood.,0.5040536522865295
"Emotional, Financial, Intellectual",My financial situation is having an impact on my mood.,0.49183061718940735
"Emotional, Financial, Intellectual","I feel more self-reporting about my emotional, financial, and intellectual health.",0.4900396168231964
"Emotional, Financial, Intellectual",I feel more determined when I make financial decisions that support my long-term needs.,0.48465314507484436
"Emotional, Financial, Intellectual",I am better at managing my emotional and financial health.,0.48115605115890503
"Emotional, Financial, Intellectual",I am emotionally calm and stable when I have a clear financial plan.,0.47949954867362976
"Emotional, Financial, Intellectual",I feel less likely to feel self-conscious about my finances.,0.4659508764743805
"Emotional, Financial, Intellectual","I am happier, more self-reported, and more financially stable.",0.46400588750839233
"Emotional, Financial, Intellectual",My financial situation and emotional state are not in focus.,0.457876592874527
"Emotional, Financial, Intellectual",I feel more alert when I have clear financial plans.,0.45479050278663635
"Emotional, Financial, Intellectual",I have the mental health to overcome my financial challenges.,0.43521231412887573
"Emotional, Financial, Intellectual",I feel more determined that I can make decisions that support my long-term needs.,0.434369295835495
"Emotional, Financial, Intellectual",I feel more organized when I have my finances under control.,0.4320567548274994
"Emotional, Financial, Intellectual",I feel more grounded when I have my financial situation under control.,0.4151157736778259
"Emotional, Financial, Intellectual",My mood and mood impact my empathetic and emotional self-report abilities.,0.38001662492752075
"Emotional, Financial, Intellectual",I feel less likely to be alone or alone during stressful situations.,0.3761398494243622
"Emotional, Financial, Intellectual",I feel more self-motivated compared to the last few years.,0.357328861951828
"Emotional, Financial, Intellectual",I am happy that I can make decisions for my money.,0.3548736572265625
"Emotional, Financial, Intellectual",I am aware of financial security and my financial plans.,0.34262725710868835
"Emotional, Financial, Intellectual",I feel emotionally repressed and worried about the way things are.,0.3304957449436188
"Emotional, Financial, Intellectual",I am not sure how my mood can go down.,0.32209643721580505
"Emotional, Financial, Intellectual","I can communicate effectively and in detail about my personal feelings, behaviors, or tendencies.",0.30268922448158264
"Emotional, Financial, Intellectual",I feel more satisfied than I had in my 30s,0.2985420525074005
"Emotional, Financial, Intellectual",I have been doing mental health assessments for about one week.,0.2763991951942444
"Emotional, Financial, Intellectual","I can feel more sombre, more erratic, and more anxious.",0.26981496810913086
"Emotional, Financial, Intellectual",I am well nourished and have clear goals and targets.,0.21637120842933655
"Emotional, Financial, Intellectual",I can't tell the difference between good and bad.,0.16958759725093842
"Emotional, Financial, Occupational",I feel more self-aware of my finances and can make decisions about my future.,0.6114063858985901
"Emotional, Financial, Occupational",I feel less stressed and less worried when my finances are under control.,0.6099116206169128
"Emotional, Financial, Occupational",I feel more determined when my finances are well-maintained.,0.6060456037521362
"Emotional, Financial, Occupational",I feel more relaxed when my financial situation is manageable.,0.6031426191329956
"Emotional, Financial, Occupational",I feel more comfortable with my finances than I have to live with.,0.5973604321479797
"Emotional, Financial, Occupational",I am less stressed when my financial situation influences my financial decisions.,0.5939001441001892
"Emotional, Financial, Occupational",I feel more positive when I manage my financial situation.,0.5907190442085266
"Emotional, Financial, Occupational",I feel less stressed and less stressed in my financial life.,0.5878965854644775
"Emotional, Financial, Occupational",I am happier with my finances than I am with my emotional problems.,0.5842761397361755
"Emotional, Financial, Occupational",I feel happier when my finances are well under control.,0.5837924480438232
"Emotional, Financial, Occupational",I am more in control of my finances than when I have finances.,0.5815364718437195
"Emotional, Financial, Occupational",I feel more financially stable after working hard and saving a lot.,0.5759957432746887
"Emotional, Financial, Occupational",I am able to make better financial decisions with my finances.,0.5740926265716553
"Emotional, Financial, Occupational",I am able to control my finances and I feel more self-reportable.,0.5730122923851013
"Emotional, Financial, Occupational",I am less stressed and have less stress in financial matters.,0.5632354021072388
"Emotional, Financial, Occupational",I am more flexible when my financial situation is under control.,0.562589704990387
"Emotional, Financial, Occupational",I am better equipped to manage my emotional health and finances.,0.5574042201042175
"Emotional, Financial, Occupational",I feel more focused on my health than on my financial status.,0.5559378862380981
"Emotional, Financial, Occupational","I feel more self-aware when I have a stable mental health, financial, and physical conditions.",0.5178951025009155
"Emotional, Financial, Occupational",I am able to make a sound decision based on my financial situation.,0.5001876354217529
"Emotional, Financial, Occupational",I am financially independent and can make decisions to keep my finances in check.,0.49378329515457153
"Emotional, Financial, Occupational",I feel less stressed and less likely to let go of my emotions.,0.4538381099700928
"Emotional, Financial, Occupational",I feel more likely to have a job that is fulfilling.,0.4154956638813019
"Emotional, Financial, Occupational",I feel happier when I am spending time with family.,0.41457659006118774
"Emotional, Financial, Occupational",I feel more stress than I have in the past.,0.39136815071105957
"Emotional, Financial, Occupational",I am able to make a strong decision when I make decisions.,0.3897276520729065
"Emotional, Financial, Occupational",I am able to make a living by investing my money.,0.38408443331718445
"Emotional, Financial, Occupational","I have low levels of depression, mood swings, and anxiety.",0.3533681333065033
"Emotional, Financial, Occupational",I have been in trouble with depression for most of my life.,0.3358616530895233
"Emotional, Financial, Occupational",I have learned to balance life's choices with my desires.,0.3344099521636963
"Emotional, Financial, Physical",I feel able to balance my financial and physical health.,0.5082663893699646
"Emotional, Financial, Physical",I have been working hard to recover from my mental health issues.,0.46289846301078796
"Emotional, Financial, Physical",I feel healthy and ready to take care of my finances.,0.4615361988544464
"Emotional, Financial, Physical",I feel the need to cope with physical and emotional challenges.,0.46150755882263184
"Emotional, Financial, Physical",I feel better about my finances than when I was healthy.,0.4398488998413086
"Emotional, Financial, Physical",I have had mental health issues for a long time.,0.4385051131248474
"Emotional, Financial, Physical","I am likely to feel a lot of stress in the past, and I feel very well prepared to handle routine financial responsibilities.",0.42458099126815796
"Emotional, Financial, Physical",I have a health condition that affects my physical well-being.,0.4160316288471222
"Emotional, Financial, Physical",I feel unable to survive a stressful or dangerous situation.,0.4144994914531708
"Emotional, Financial, Physical",I like how my emotional health has restricted me in the past.,0.4060077965259552
"Emotional, Financial, Physical",My mental health has been causing me to spend more time alone than usual.,0.40584757924079895
"Emotional, Financial, Physical",I feel able to make a plan for my financial future.,0.3983691334724426
"Emotional, Financial, Physical",I think I'm able to make a list of all the factors contributing to my mental health.,0.3974498510360718
"Emotional, Financial, Physical",I felt more healthy when I had a clear financial plan.,0.39713823795318604
"Emotional, Financial, Physical",I am aware of the effects of stress in my personality.,0.3891559839248657
"Emotional, Financial, Physical",I am determined to be safe while taking care of financial and physical needs.,0.3859085738658905
"Emotional, Financial, Physical",I feel very confident that I can manage my emotions during stressful situations.,0.3800824284553528
"Emotional, Financial, Physical",I have not been able to get over my past health problems.,0.36921751499176025
"Emotional, Financial, Physical",I have been diagnosed with a mental illness and have been on medication for a while.,0.3691462576389313
"Emotional, Financial, Physical",I am happy that I have access to healthy resources.,0.35719195008277893
"Emotional, Financial, Physical",I am able to work on my finances and make decisions that support my long-term needs.,0.3465286195278168
"Emotional, Financial, Physical",I am willing to help my family make decisions that support my long-term needs.,0.34235724806785583
"Emotional, Financial, Physical",I feel like I am in control and have a plan.,0.34020569920539856
"Emotional, Financial, Physical",I am aware of signs that my body needs recovery.,0.3320726454257965
"Emotional, Financial, Physical",I feel relieved that I am able to feel supported.,0.3319525122642517
"Emotional, Financial, Physical",I am not sure what health issues I have with my therapist.,0.30797526240348816
"Emotional, Financial, Physical",My mood swings have been on the decline over the past few weeks.,0.3061350882053375
"Emotional, Financial, Physical",I can't make financial decisions without a clear financial plan.,0.2819303870201111
"Emotional, Financial, Physical",I feel happy and excited to be back on track.,0.28042036294937134
"Emotional, Financial, Physical",I feel relieved that I am on top of the list of things to do on my self-report.,0.2683151364326477
"Emotional, Financial, Social",I have been aware of my emotional and financial status.,0.45950862765312195
"Emotional, Financial, Social",I have been a bit upset with my finances and social life lately.,0.4274453818798065
"Emotional, Financial, Social",My emotional and financial situation has been affected by the stress of a stressful situation.,0.4241640567779541
"Emotional, Financial, Social",I have been anxious about my financial status and that means I do not have the support I need to improve my mood and physical health.,0.41540834307670593
"Emotional, Financial, Social",I have recently become more self conscious of my financial situation.,0.4031132459640503
"Emotional, Financial, Social",I feel more self-reported and accountable for my finances.,0.3878014385700226
"Emotional, Financial, Social","I am happier now that I have a sense of accomplishment, and I feel less stressed now that I have a sense of responsibilities and responsibility.",0.38646528124809265
"Emotional, Financial, Social",I feel more free and more emotional than I have in years.,0.379915326833725
"Emotional, Financial, Social",I have a difficult time adjusting to my new life.,0.37746870517730713
"Emotional, Financial, Social",My social environment has a huge impact on my happiness.,0.3731527328491211
"Emotional, Financial, Social",I feel stressed and angry because I do not have friends that are supportive.,0.36894935369491577
"Emotional, Financial, Social",My mental health has been challenging and frustrating for me.,0.36759284138679504
"Emotional, Financial, Social",I am likely to feel more stressed when I have a family member with whom I can share my joys and sorrows.,0.3628315329551697
"Emotional, Financial, Social",I feel more self-reported when I have less stress.,0.36093226075172424
"Emotional, Financial, Social",I feel more self-aware when my finances are organized.,0.35172581672668457
"Emotional, Financial, Social",I think my financial status has affected my physical health.,0.3487001657485962
"Emotional, Financial, Social",I have a low self-esteem based on my negative social situations.,0.34415191411972046
"Emotional, Financial, Social",I have been a long-term mental health support provider.,0.3435232639312744
"Emotional, Financial, Social",I am still unsure how my financial situation will be.,0.3415664732456207
"Emotional, Financial, Social","I feel the following conditions affect my happiness: Physical health (i.e., financial health and social).",0.3408202528953552
"Emotional, Financial, Social",I was anxious and was worried about my financial situation.,0.32984334230422974
"Emotional, Financial, Social","I am not the best, but I have found my finances are in great shape.",0.327258437871933
"Emotional, Financial, Social",I feel more anxious in the past than the present.,0.3243817985057831
"Emotional, Financial, Social",I have a poor financial situation and lack of friends.,0.32224351167678833
"Emotional, Financial, Social",I feel that financial and social life is in the top three in my list.,0.31596046686172485
"Emotional, Financial, Social",I've been struggling with anxiety for 2 years and a year.,0.3151527941226959
"Emotional, Financial, Social",I have been diagnosed with depression after having a suicide attempt and felt in a deep depression by the time I received my first report.,0.2670251131057739
"Emotional, Financial, Social",I have been struggling to maintain close relationships with friends lately.,0.23414246737957
"Emotional, Financial, Social",I have been trying to find the best people to share my feelings.,0.23313073813915253
"Emotional, Financial, Social",I am a good listener of what I listen to.,0.12179233133792877
"Emotional, Financial, Spiritual","I have a high level of financial and spiritual stress, and this affects my mood.",0.44435563683509827
"Emotional, Financial, Spiritual",My mood improves when I am able to balance my finances and emotions.,0.4154466986656189
"Emotional, Financial, Spiritual","My self-report reveals my emotional, financial, and spiritual health",0.3901335895061493
"Emotional, Financial, Spiritual","I feel financially stable and self-sufficient, and I have peace of mind.",0.38978156447410583
"Emotional, Financial, Spiritual",My mood has improved and I enjoy my physical health.,0.3829253911972046
"Emotional, Financial, Spiritual","Having a deep attachment to my financial worries causes me to experience stress, depression, and anger.",0.37505990266799927
"Emotional, Financial, Spiritual",Financial and spiritual uncertainty are important factors that influence mood and mood.,0.3578697443008423
"Emotional, Financial, Spiritual",PTSD affects my mood and my financial and spiritual health.,0.3502749800682068
"Emotional, Financial, Spiritual",I find myself being a lot more aware of my emotions.,0.3374882936477661
"Emotional, Financial, Spiritual",I feel like a spiritual teacher when I am not trying to control my emotions.,0.3306789994239807
"Emotional, Financial, Spiritual","I am having trouble making sense of life, emotional, financial, and spiritual.",0.3303734362125397
"Emotional, Financial, Spiritual",I know that I want to be happy but I worry about everything.,0.3259426951408386
"Emotional, Financial, Spiritual","The Self-Report Self-Report Survey asked three factors (emotional, financial, and spiritual).",0.32064878940582275
"Emotional, Financial, Spiritual",I am not sure if I am happy and happy.,0.3176953196525574
"Emotional, Financial, Spiritual",You may take a self-report questionnaire to record your mental health.,0.3138631582260132
"Emotional, Financial, Spiritual",My mood has improved since I made the switch from the toxic chemical to the toxic to the positive.,0.3117790222167969
"Emotional, Financial, Spiritual","I have more clarity in my thoughts, perceptions, and emotions.",0.30585891008377075
"Emotional, Financial, Spiritual",I have been feeling low in my mood lately and have anxiety.,0.3028525114059448
"Emotional, Financial, Spiritual","I have mental health problems related to finances, money, and financial planning.",0.29903891682624817
"Emotional, Financial, Spiritual",The following topics have specific symptoms and/or characteristics that could indicate a mental health crisis or mood swing.,0.295472651720047
"Emotional, Financial, Spiritual","I believe I am healthy, and I am living in a healthy state of mind.",0.2947339117527008
"Emotional, Financial, Spiritual",I find success through faith in myself and faith in my family and friends.,0.28499212861061096
"Emotional, Financial, Spiritual",I believe in God and hope to overcome my fears.,0.26190510392189026
"Emotional, Financial, Spiritual",You may feel a lack of confidence in your ability to make decisions and are also feeling nervous.,0.2506178617477417
"Emotional, Financial, Spiritual",I have a deep belief system and a strong faith.,0.24532054364681244
"Emotional, Financial, Spiritual","The first few days are the most stressful, most stressful, and most uplifting in my life.",0.2317269891500473
"Emotional, Financial, Spiritual","You are not sure if you are a healthy person or not, but you do not know what to do about it.",0.2216286063194275
"Emotional, Financial, Spiritual",I understand that I need to take a break from the situation.,0.21563409268856049
"Emotional, Financial, Spiritual",I don't think it's safe for me to give up.,0.20412702858448029
"Emotional, Financial, Spiritual","I have been in debt for a long time, and have difficulty getting out of debt.",0.15280728042125702
"Emotional, Intellectual, Occupational",I find satisfaction in the ability to complete important tasks.,0.5400964617729187
"Emotional, Intellectual, Occupational",I find that I find satisfaction in accomplishmenting important tasks.,0.5367461442947388
"Emotional, Intellectual, Occupational",I find myself able to handle the demands of my work or studies.,0.5297045707702637
"Emotional, Intellectual, Occupational",I feel satisfied that my intellectual stimulation is helpful in my daily life.,0.5186681151390076
"Emotional, Intellectual, Occupational",I feel confident in myself and am able to handle stress.,0.5178404450416565
"Emotional, Intellectual, Occupational",I feel satisfied that I have made the effort to improve my intellectual abilities.,0.516071081161499
"Emotional, Intellectual, Occupational",I found satisfaction in doing my best to meet the demands of my job or studies.,0.4996638000011444
"Emotional, Intellectual, Occupational",I find myself energized about the work or studies I have been doing.,0.4930281937122345
"Emotional, Intellectual, Occupational",I find a variety of intellectual and physical challenges to meet my needs in my daily life.,0.48930251598358154
"Emotional, Intellectual, Occupational",My physical well-being is good because of my intellectual stimulation.,0.48925915360450745
"Emotional, Intellectual, Occupational","I feel competent, capable, and enthusiastic to achieve important tasks.",0.48769643902778625
"Emotional, Intellectual, Occupational",I feel confident that I am able to move at a good pace with the demands of my daily life.,0.4860117435455322
"Emotional, Intellectual, Occupational",I find my emotional stimulation to be essential to my overall well-being.,0.4786292314529419
"Emotional, Intellectual, Occupational",I am satisfied with what I receive from my intellectual stimulation.,0.47018176317214966
"Emotional, Intellectual, Occupational",I feel confident in my abilities to tackle a difficult situation.,0.4682575464248657
"Emotional, Intellectual, Occupational",I find myself very focused on my study or studies.,0.46691492199897766
"Emotional, Intellectual, Occupational",I found myself feeling self-aware and engaged in daily life.,0.4654883146286011
"Emotional, Intellectual, Occupational",I am proud of myself for being able to cope effectively with my daily life.,0.461884468793869
"Emotional, Intellectual, Occupational",I think that I feel more optimistic about my self-esteem than I feel about my academic or intellectual performance.,0.45748370885849
"Emotional, Intellectual, Occupational",I find it easier to be productive and satisfied with work.,0.4550252854824066
"Emotional, Intellectual, Occupational",I find it helpful to take my stress levels into account in my daily life.,0.4548497498035431
"Emotional, Intellectual, Occupational",I find my coping mechanisms of stress to be less intense than others.,0.45039302110671997
"Emotional, Intellectual, Occupational",I am working hard in my studies and I enjoy my work.,0.4459336996078491
"Emotional, Intellectual, Occupational",I find the stress of the job and the study difficult.,0.418077290058136
"Emotional, Intellectual, Occupational",I feel confident that I am not having too much self-esteem issues in my life.,0.4110189378261566
"Emotional, Intellectual, Occupational",I find myself being driven to do more in my life.,0.40440329909324646
"Emotional, Intellectual, Occupational","I think that I am the best at what I do, but I'm not the best at what I am doing.",0.3691314160823822
"Emotional, Intellectual, Occupational",I find it hard to get over my emotional stress.,0.36591222882270813
"Emotional, Intellectual, Occupational","I am having my emotional, intellectual, and occupational stress disorder.",0.3235594928264618
"Emotional, Intellectual, Occupational",I like what I do and what I do not like.,0.32175347208976746
"Emotional, Intellectual, Physical",My physical condition influences how me mentally and emotionally feel.,0.6016935110092163
"Emotional, Intellectual, Physical",My physical condition affects how cognitively and emotionally I feel.,0.592342734336853
"Emotional, Intellectual, Physical",My physical condition influences my ability to feel emotionally and emotionally.,0.5769684314727783
"Emotional, Intellectual, Physical",I feel strong when I am having issues in my mental health.,0.553385317325592
"Emotional, Intellectual, Physical",My emotional condition is affecting how well I feel mentally and emotionally.,0.5520753264427185
"Emotional, Intellectual, Physical",I noticed that my physical condition affected how capable I felt mentally and emotionally.,0.5477634072303772
"Emotional, Intellectual, Physical",My physical condition impacts how confident I feel mentally and emotionally.,0.5392751693725586
"Emotional, Intellectual, Physical",I feel anxious about how I feel mentally and emotionally.,0.5356395840644836
"Emotional, Intellectual, Physical",I feel the following physical symptoms are linked to how I feel mentally and emotionally.,0.5237380862236023
"Emotional, Intellectual, Physical",I feel well in my daily life but find that it is difficult to maintain a mental functioning.,0.5223469138145447
"Emotional, Intellectual, Physical","My emotional, intellectual, and physical health influence my mental and physical well being.",0.5129279494285583
"Emotional, Intellectual, Physical",I have to deal with stress because I feel emotionally and physically strong.,0.5063683986663818
"Emotional, Intellectual, Physical",I feel mentally and emotionally strained by my physical and emotional strain.,0.5034152269363403
"Emotional, Intellectual, Physical",My emotional status influences how competent I feel mentally and emotionally.,0.49261075258255005
"Emotional, Intellectual, Physical",I have a mood disorder that affects how me think in general.,0.4867861568927765
"Emotional, Intellectual, Physical",My personal attitude toward stress causes me to feel anxious.,0.4858981966972351
"Emotional, Intellectual, Physical","Generally, I feel a strong desire to be strong mentally and emotionally.",0.4821738302707672
"Emotional, Intellectual, Physical",I feel stressed because I do not have the mental stimulation I need.,0.4751334488391876
"Emotional, Intellectual, Physical",Mental health related activities can have a negative influence on how you feel mentally.,0.471973717212677
"Emotional, Intellectual, Physical",I feel more stressed than I expected in my daily life.,0.45867711305618286
"Emotional, Intellectual, Physical",I'm grateful that I can use my cognitive abilities to help me cope with stressful situations.,0.44583478569984436
"Emotional, Intellectual, Physical",I think depression is a negative mental health condition that has to do with my physical condition.,0.4303766191005707
"Emotional, Intellectual, Physical",I feel more calm than ever before and feel better than ever before.,0.430103063583374
"Emotional, Intellectual, Physical",Mental health and cognitive performance have a major impact on one's personality.,0.41701260209083557
"Emotional, Intellectual, Physical",I feel happy to receive intelligence stimulation in my daily life.,0.40606367588043213
"Emotional, Intellectual, Physical",I have a mental health condition and may not have mental health problems.,0.40042197704315186
"Emotional, Intellectual, Physical",I find it easier for me to concentrate in daily life.,0.3666921555995941
"Emotional, Intellectual, Physical","I find it hard to keep focus, thinking, and writing at work.",0.3141462802886963
"Emotional, Intellectual, Physical",I have physical problems and need to have physical therapy.,0.2234470397233963
"Emotional, Intellectual, Physical",The personality type of yourself may be a good or bad idea.,0.21944065392017365
"Emotional, Intellectual, Social",I have a wide range of emotional and intellectual challenges.,0.4265036880970001
"Emotional, Intellectual, Social",I have been experiencing emotional and social challenges since I was a child.,0.41889315843582153
"Emotional, Intellectual, Social",I find that I am able to deal with my emotions during stressful situations.,0.4086199700832367
"Emotional, Intellectual, Social",I have had a number of emotional challenges and have tried to control them.,0.4000113904476166
"Emotional, Intellectual, Social",My feelings and behaviors are self-soothing in the past.,0.3935323655605316
"Emotional, Intellectual, Social",I have an intellectual challenge and feel isolated from others.,0.3931865394115448
"Emotional, Intellectual, Social",I feel isolated from others and influenced by people with strong opinions.,0.3901970386505127
"Emotional, Intellectual, Social",I am very good at coping with the stress of everyday life.,0.38077521324157715
"Emotional, Intellectual, Social",I'm a person who has issues with socially and intellectually.,0.3651679754257202
"Emotional, Intellectual, Social","I found myself feeling a sense of belonging, which is important to my overall well-being.",0.36223456263542175
"Emotional, Intellectual, Social",I'm at risk of having emotional and physical problems.,0.35784730315208435
"Emotional, Intellectual, Social",I have found that I enjoy challenging people and people I like.,0.35439378023147583
"Emotional, Intellectual, Social",My past experience has been characterized by a lack of self-regulation and inability to communicate.,0.35338327288627625
"Emotional, Intellectual, Social",I have a unique set of strengths and abilities that have been essential for my overall well-being.,0.35310590267181396
"Emotional, Intellectual, Social",I feel like I am the most vulnerable person on earth.,0.3520393371582031
"Emotional, Intellectual, Social",I have had times when I have felt worse than everyone I knew.,0.3341962993144989
"Emotional, Intellectual, Social",I've been to many therapists and the staff have been supportive for me in my depression.,0.321487694978714
"Emotional, Intellectual, Social","I have a self-report to write about emotional, intellectual, and social mental health issues.",0.3212869465351105
"Emotional, Intellectual, Social",I am not satisfied with myself and am grateful to others for my efforts.,0.3151524066925049
"Emotional, Intellectual, Social",I am trying to improve my mental health with some help from my family and friends.,0.31272774934768677
"Emotional, Intellectual, Social",I feel insecure that I will be influenced by other people.,0.30679070949554443
"Emotional, Intellectual, Social",I have been influenced by people with strong opinions in the past.,0.30531466007232666
"Emotional, Intellectual, Social","I found that when I was younger, I felt happier and more creative.",0.30450132489204407
"Emotional, Intellectual, Social",I am happy with myself and have confidence in myself.,0.28600186109542847
"Emotional, Intellectual, Social","I felt discriminated against, excluded, and excluded in the past.",0.2838146984577179
"Emotional, Intellectual, Social","The study identified feelings, behaviors, and tendencies of people with mental health disorders.",0.2698614299297333
"Emotional, Intellectual, Social","I have developed cognitive deficits, including amygdala and amygdala disorder.",0.26351451873779297
"Emotional, Intellectual, Social",I have a difficult time adjusting to life on a low-income.,0.26069316267967224
"Emotional, Intellectual, Social",I have been feeling a lot like everyone I knew.,0.25728079676628113
"Emotional, Intellectual, Social","I found being in a job-assassinated, and being denied an apartment with a friend, especially in a complex, sensitive",0.1974920779466629
"Emotional, Intellectual, Spiritual",I have learned that my physical and emotional responses to challenges are important for my overall well-being.,0.552264392375946
"Emotional, Intellectual, Spiritual",I have found that I am able to deal with emotional challenges.,0.5395801663398743
"Emotional, Intellectual, Spiritual","I have a higher level of emotional, intellectual, and spiritual stress.",0.5276559591293335
"Emotional, Intellectual, Spiritual","I feel that I have experienced challenges that are meaningful to me, and that I am able to cope with them.",0.5158568620681763
"Emotional, Intellectual, Spiritual",I found the intellectual stimulation that I received in my daily life to be vital to my overall well-being.,0.5143576264381409
"Emotional, Intellectual, Spiritual",I feel that my brain is able to cope with my physical challenges.,0.5053043365478516
"Emotional, Intellectual, Spiritual",I believe my emotional stress is essential to my overall well-being.,0.49956774711608887
"Emotional, Intellectual, Spiritual",I think I am more likely to have difficulty handling my emotions than the physical challenges I've had.,0.4880044162273407
"Emotional, Intellectual, Spiritual",I feel satisfied with my intellectual stimulation in my daily life.,0.48748674988746643
"Emotional, Intellectual, Spiritual",I believe that intellectual stimulation is essential to my overall well-being.,0.4845995306968689
"Emotional, Intellectual, Spiritual",I feel that intellectual stimulation is the greatest way to maintain cognitive function in my life.,0.4806196391582489
"Emotional, Intellectual, Spiritual",I feel that my intelligence and intellectual stimulation are important to my well-being.,0.47871556878089905
"Emotional, Intellectual, Spiritual",I have found a variety of challenges that are necessary to my overall well-being.,0.4765900671482086
"Emotional, Intellectual, Spiritual",I find that new experiences challenge how I think about myself and the world.,0.46338263154029846
"Emotional, Intellectual, Spiritual",I feel that intellectual stimulation helps to improve my mental health.,0.46232283115386963
"Emotional, Intellectual, Spiritual",I think I feel good when I am working through problems.,0.46098291873931885
"Emotional, Intellectual, Spiritual",I have had intellectual challenges that have changed my self-worth.,0.4523210823535919
"Emotional, Intellectual, Spiritual","I have learned to deal with my feelings, behaviors, or tendencies more effectively than I have in the past.",0.4385448694229126
"Emotional, Intellectual, Spiritual",I am likely to be a good person and use new experiences to challenge my own self-esteem.,0.43535202741622925
"Emotional, Intellectual, Spiritual",My emotions are characterized by: - I often try to control my emotions during stressful situations.,0.42969611287117004
"Emotional, Intellectual, Spiritual",I feel happy and energized when my thoughts and actions change.,0.42411527037620544
"Emotional, Intellectual, Spiritual",I believe there are many types of challenges in my life.,0.4083680212497711
"Emotional, Intellectual, Spiritual",I was an emotionally stable person - but I was not able to cope with the emotions of others.,0.40226131677627563
"Emotional, Intellectual, Spiritual",My emotional self-reporting has developed to be a reflection of my mental health.,0.39905470609664917
"Emotional, Intellectual, Spiritual",I enjoy all the stimulation I receive in my daily life.,0.38851866126060486
"Emotional, Intellectual, Spiritual",My emotional struggles have been difficult for me for the past year.,0.38363221287727356
"Emotional, Intellectual, Spiritual",I feel more self-satisfied with my life than I am satisfied with my current life.,0.38260418176651
"Emotional, Intellectual, Spiritual","I feel like my moods are not making sense, and I need to be mindful of the times that I have to repress my emotions.",0.38033148646354675
"Emotional, Intellectual, Spiritual","Generally, I feel like I have a solid place to work.",0.3106129765510559
"Emotional, Intellectual, Spiritual",I am very well-trained in my area of interest.,0.21883735060691833
"Emotional, Occupational, Physical",My emotional health is affecting my ability to function day to day.,0.6123440861701965
"Emotional, Occupational, Physical","My physical health affects my emotional, physical, and psychological well being.",0.6087999939918518
"Emotional, Occupational, Physical","My mental health affects my emotional, occupational, and physical health.",0.6061229705810547
"Emotional, Occupational, Physical",My physical health is affecting my social abilities and affects my physical health and mental health.,0.5922501683235168
"Emotional, Occupational, Physical",I am satisfied about my mental health and it is affecting how well I function.,0.5797277092933655
"Emotional, Occupational, Physical",I have a physical condition that affects my emotional and psychological health.,0.5789138078689575
"Emotional, Occupational, Physical",My psychological health can affect how well I function day to day.,0.5777866840362549
"Emotional, Occupational, Physical",My emotional health influences how well I function day to day.,0.576593816280365
"Emotional, Occupational, Physical","I was healthy enough to be physically healthy but I have issues related to my emotions, responsibilities, and mood.",0.5762073397636414
"Emotional, Occupational, Physical",My physical health is unhealthy and affects how well I work.,0.5652838349342346
"Emotional, Occupational, Physical",My emotional health has been excellent for the last few years.,0.5584872961044312
"Emotional, Occupational, Physical",I feel I have a problem with my mental health.,0.5431609153747559
"Emotional, Occupational, Physical","My mental health is changing, how well I perform on a daily basis.",0.5360448360443115
"Emotional, Occupational, Physical","I am satisfied with my physical health, but I have anxiety.",0.5347941517829895
"Emotional, Occupational, Physical",My physical health has been improving and how well I function.,0.5313665270805359
"Emotional, Occupational, Physical",I think I have a lot of issues with mental health and have some issues with my emotions.,0.5298038125038147
"Emotional, Occupational, Physical",Is the physical condition an influence on your mental and emotional health?,0.5150609612464905
"Emotional, Occupational, Physical",I want to improve my mental health and my physical health.,0.5148068070411682
"Emotional, Occupational, Physical",My physical health has become worse over the past 10 years.,0.5099738836288452
"Emotional, Occupational, Physical","My current mental health isn't improving, but I'm improving.",0.5010296106338501
"Emotional, Occupational, Physical",I want to know what causes your current mental health.,0.4585540294647217
"Emotional, Occupational, Physical","I am happy with my current physical health, but I don't know what is wrong with it.",0.44876629114151
"Emotional, Occupational, Physical",I am trying to change the way I feel emotionally and physically.,0.43382129073143005
"Emotional, Occupational, Physical",I am unable to manage my emotions properly during stressful situations.,0.4242236912250519
"Emotional, Occupational, Physical",I have been in a bad relationship with my current physical health for 2 years.,0.4122658371925354
"Emotional, Occupational, Physical",I am feeling sick and have no sense of expressing my emotions.,0.40820252895355225
"Emotional, Occupational, Physical",My personal health is the most important piece of your life.,0.4058162569999695
"Emotional, Occupational, Physical","I feel the same as a person I know, but I'm having anxiety.",0.3616436719894409
"Emotional, Occupational, Physical",I enjoy doing the daily routine and I feel happy in the evening.,0.33026403188705444
"Emotional, Occupational, Physical",I feel very tired and feel a lot more tired.,0.28867265582084656
"Emotional, Occupational, Social",I have been coping with depression for a couple of years.,0.4072619676589966
"Emotional, Occupational, Social",I am aware of my emotional needs in daily life.,0.40159857273101807
"Emotional, Occupational, Social",A self-report describes how often a person feels sad or anxious.,0.4008418023586273
"Emotional, Occupational, Social",I am self conscious and have not been aware of my emotions in the past.,0.3981500566005707
"Emotional, Occupational, Social",I am good at expressing my emotions but I feel isolated from others.,0.3967520296573639
"Emotional, Occupational, Social",My moods can be emotionally strained because of me being emotionally unbalanced by others.,0.392493337392807
"Emotional, Occupational, Social",I have been having issues managing my emotions when I feel overwhelmed.,0.3921787738800049
"Emotional, Occupational, Social",I think that I are able to manage my emotions effectively during stressful situations.,0.37215009331703186
"Emotional, Occupational, Social",I have a great deal of self-care and self-esteem.,0.36852118372917175
"Emotional, Occupational, Social",I have been struggling to keep close relationships with friends that I could share my joys and sorrows.,0.36323267221450806
"Emotional, Occupational, Social","I am not feeling happy, though I think I feel good in the past.",0.35601115226745605
"Emotional, Occupational, Social",I have had experiences when I didn't feel very well in the past.,0.3548651337623596
"Emotional, Occupational, Social",I feel self-conscious about being alone in a world I do not know.,0.34398484230041504
"Emotional, Occupational, Social",I am feeling very anxious about how I might feel.,0.34295716881752014
"Emotional, Occupational, Social",I have been feeling sad lately and I am not getting enough support.,0.33092138171195984
"Emotional, Occupational, Social",The self-report self-report statement should describe how you feel about what you have been doing in your life in general.,0.3268561065196991
"Emotional, Occupational, Social",I have often been lonely and alone in my relationships.,0.32423776388168335
"Emotional, Occupational, Social",You may be feeling anxious or stressed during an emotional or social situation.,0.32363227009773254
"Emotional, Occupational, Social",I have been unable to communicate with others due to my feelings of inferiority.,0.32222041487693787
"Emotional, Occupational, Social",My self-report was a self-report describing my mental health.,0.3131287097930908
"Emotional, Occupational, Social",I find it difficult and frustrating to maintain close relationships.,0.30700182914733887
"Emotional, Occupational, Social",Describe a self-report item describing how much you and your family value your experience with your mental health.,0.29394763708114624
"Emotional, Occupational, Social","Often, people tell me that I am overcommitted to life.",0.28846633434295654
"Emotional, Occupational, Social","Symptoms of depression include: : Lack of trust in friends and family; Increased self-esteem in relationships with loved ones; Increased stress,",0.285076767206192
"Emotional, Occupational, Social","I feel drained of energy, and need a fresh start to life.",0.25981879234313965
"Emotional, Occupational, Social",I think that I have trouble keeping my family together.,0.25544244050979614
"Emotional, Occupational, Social",I have been in an upswing in my personality lately.,0.2516949772834778
"Emotional, Occupational, Social",I want to report that I am happy to be alive.,0.25027209520339966
"Emotional, Occupational, Social",I find it hard to maintain close relationships with those who I can trust.,0.24978318810462952
"Emotional, Occupational, Social",You will receive a self-report by analyzing self-report data.,0.19213677942752838
"Emotional, Occupational, Spiritual",My self-report describes how I view and handle physical and emotional reactions.,0.48176658153533936
"Emotional, Occupational, Spiritual","My self-report mental health is in general good, but I think I am able to cope with painful feelings",0.47471851110458374
"Emotional, Occupational, Spiritual",I have a self-report mental health report which describes the results of your self-report.,0.4474046528339386
"Emotional, Occupational, Spiritual","My emotional self-report self-report describes my personality, emotional, emotional, and spiritual self-report traits.",0.4395773708820343
"Emotional, Occupational, Spiritual",My feelings and behaviors are well-defined and related to my emotional quality and habits.,0.43577295541763306
"Emotional, Occupational, Spiritual","A self-report self-report includes all three dimensions: emotional, occupational, and spiritual",0.4355766177177429
"Emotional, Occupational, Spiritual","I am able to manage emotional, physical, and spiritual feelings like sadness, fear, and anger.",0.4221808910369873
"Emotional, Occupational, Spiritual",I have tried a variety of self-report tools in the past to identify the parts of my mental health.,0.41952377557754517
"Emotional, Occupational, Spiritual",A mental health self-report is written for individuals who live in stressful situations.,0.4122900664806366
"Emotional, Occupational, Spiritual",I am able to take stock of my emotional wellbeing.,0.40775254368782043
"Emotional, Occupational, Spiritual",I have a strong feeling of self-worth when I deal with life's challenges and difficulties.,0.4041726589202881
"Emotional, Occupational, Spiritual","My positive self-report mental health measures have been evaluated for depression, anxiety, mood swings, and social anxiety.",0.39991217851638794
"Emotional, Occupational, Spiritual",I have always felt that I am able to overcome emotional or emotional challenges.,0.38340240716934204
"Emotional, Occupational, Spiritual","You have some symptoms of mental illness that affect your emotional, arousal, and physical health.",0.3762575387954712
"Emotional, Occupational, Spiritual",I am happy in my day and know that I am able to accept my emotions and have compassion.,0.35764652490615845
"Emotional, Occupational, Spiritual",I have been having trouble with emotions during my life.,0.3499695062637329
"Emotional, Occupational, Spiritual",Your mental health has been deteriorating in the past year or so.,0.3471311330795288
"Emotional, Occupational, Spiritual",I have a strong sense of self-worth and purpose in life.,0.3462449014186859
"Emotional, Occupational, Spiritual",My family's experiences of depression and anxiety have been reported as highly affecting.,0.33743399381637573
"Emotional, Occupational, Spiritual",I have a sense of purpose when dealing with life's challenges and difficulties.,0.33438926935195923
"Emotional, Occupational, Spiritual",You may not be able to use your physical features to express your emotions.,0.31824207305908203
"Emotional, Occupational, Spiritual","A self-report does not describe the mental health state of someone, even if they have no physical symptoms.",0.31180012226104736
"Emotional, Occupational, Spiritual",The following characteristics of your personality are not associated with your self-report.,0.3100445568561554
"Emotional, Occupational, Spiritual",I am not happy about the way my life has been done.,0.30978381633758545
"Emotional, Occupational, Spiritual",The type of self-report item you are describing must be specific and simple.,0.29713934659957886
"Emotional, Occupational, Spiritual",My family members have been making significant changes to my life.,0.29710501432418823
"Emotional, Occupational, Spiritual",You have taken time to consider yourself important and influential and have considered yourself to be self-aware.,0.28451666235923767
"Emotional, Occupational, Spiritual","The passage outlines the dimensions of mental health disorders, including psychiatric disorders, anxiety disorder, bipolar disorder, alcoholism, obse",0.25887057185173035
"Emotional, Occupational, Spiritual",I have a strong heart but no desire to feel the way I do.,0.22675898671150208
"Emotional, Occupational, Spiritual",I feel less guilty for spending time with my parents and for making fun of my boyfriend.,0.191438689827919
"Emotional, Physical, Social",My physical health has been good for a few years.,0.5005460977554321
"Emotional, Physical, Social",I find that my physical health is worse than others.,0.48781687021255493
"Emotional, Physical, Social","I like my health, but I am very concerned about the health of others.",0.474653035402298
"Emotional, Physical, Social",My mental health has been improving for most of my life.,0.46674078702926636
"Emotional, Physical, Social",I want to tell you how I feel about my physical health.,0.4632090628147125
"Emotional, Physical, Social","I care about my mental health, but my health has been deteriorating.",0.4607411324977875
"Emotional, Physical, Social",I spend a lot of time looking at my own health.,0.4522596299648285
"Emotional, Physical, Social",I do not use my health to improve or improve my physical health.,0.4421771466732025
"Emotional, Physical, Social",I don't think my physical health has changed over the last decade.,0.43896418809890747
"Emotional, Physical, Social",I am more healthy when I have less physical stress.,0.43610772490501404
"Emotional, Physical, Social","I have a high level of depression, anxiety, and other psychological symptoms.",0.4166911244392395
"Emotional, Physical, Social",I have taken good care of my body over the past decade.,0.41500645875930786
"Emotional, Physical, Social",I am not healthy enough to have a full health test.,0.4127769470214844
"Emotional, Physical, Social",I want to take good care of my body and feel the difference in my health.,0.4081132113933563
"Emotional, Physical, Social",I have a history of chronic medical conditions that have led me to relapse.,0.40436288714408875
"Emotional, Physical, Social",I'm pleased that the mental health I have taken over the past three years has been improving.,0.387700617313385
"Emotional, Physical, Social",I have a weaker immune system and am more likely to suffer from depression.,0.3813142776489258
"Emotional, Physical, Social",I am not as healthy as others of your same age and sex.,0.37947404384613037
"Emotional, Physical, Social",I am less likely to take care of my body during pain or injury.,0.37919819355010986
"Emotional, Physical, Social",I am worried and unsure of what to do about my health.,0.375268816947937
"Emotional, Physical, Social",I have a fear that I can't deal with my illness.,0.37152519822120667
"Emotional, Physical, Social",I have a mental health disorder of a particular kind.,0.34516608715057373
"Emotional, Physical, Social",I was not feeling great in general and would like to make adjustments with my care.,0.34197479486465454
"Emotional, Physical, Social",I'm having a difficult time adjusting to having this illness.,0.3376257121562958
"Emotional, Physical, Social","I have a positive outlook on life, but it is difficult to keep it positive.",0.30002862215042114
"Emotional, Physical, Social",I'm worried about how I'm going to do in the future.,0.27441731095314026
"Emotional, Physical, Social",The physical health of women and men can be compared to the physical health of men and women.,0.25227174162864685
"Emotional, Physical, Social",I am an average person who enjoys spending time with friends and family.,0.24098016321659088
"Emotional, Physical, Social",I have a sense of what’s important to me.,0.1899094581604004
"Emotional, Physical, Social","I like people I know, but I also care about people I don't know.",0.1709204614162445
"Emotional, Physical, Spiritual",My physical health is helping me feel more emotional and more mentally strong.,0.6074273586273193
"Emotional, Physical, Spiritual",I noticed that my physical health began to affect my physical well being.,0.5703023672103882
"Emotional, Physical, Spiritual",I see how my physical health has affected my ability to feel mentally and emotionally.,0.5556959509849548
"Emotional, Physical, Spiritual",My physical condition affects how capable I feel emotionally and mentally.,0.553346574306488
"Emotional, Physical, Spiritual",My physical health also influences how a person feels mentally and emotionally.,0.5429404973983765
"Emotional, Physical, Spiritual",I have a physical condition that affects how capable I feel emotionally and physically.,0.5418168902397156
"Emotional, Physical, Spiritual",My body has an underlying system that influences my mental and emotional health.,0.5361722111701965
"Emotional, Physical, Spiritual",My physical condition influences how powerful I feel emotionally and physically.,0.5357033610343933
"Emotional, Physical, Spiritual",My physical health is not responding well to the stress I feel.,0.5313172936439514
"Emotional, Physical, Spiritual",My health may become more strained when the physical condition deteriorates.,0.5299443006515503
"Emotional, Physical, Spiritual",I'm not sure how my physical condition is affected by my physical health.,0.5291894674301147
"Emotional, Physical, Spiritual",I feel my physical health is going to get worse.,0.5289852619171143
"Emotional, Physical, Spiritual",I notice when I notice when I notice when my physical health starts to affect my body.,0.49662935733795166
"Emotional, Physical, Spiritual",I am satisfied that my physical condition is getting better.,0.4927466809749603
"Emotional, Physical, Spiritual",My physical health has been severely affected by my physical illness.,0.4870840013027191
"Emotional, Physical, Spiritual",My body begins to feel a lot worse than I do.,0.4785192012786865
"Emotional, Physical, Spiritual",I have a psychological condition that affects how I feel mentally and emotionally.,0.474960058927536
"Emotional, Physical, Spiritual",My emotional health has been improved and I am now satisfied.,0.4705849885940552
"Emotional, Physical, Spiritual",I notice when my body begins to suffer from stress.,0.4687727093696594
"Emotional, Physical, Spiritual","My body has been damaged in physical and emotional areas, and I feel like I'm experiencing a lot of stress.",0.4620390832424164
"Emotional, Physical, Spiritual","My physical health has improved in the past year, and I expect my physical health to improve in the future.",0.45981207489967346
"Emotional, Physical, Spiritual",My physical health and how emotionally and physically I feel affect my mental and emotional health.,0.45776814222335815
"Emotional, Physical, Spiritual",I notice when my body begins to start to feel less sick.,0.4528098702430725
"Emotional, Physical, Spiritual",I feel anxious that I am getting worse and worse.,0.4235752820968628
"Emotional, Physical, Spiritual",I notice when my body starts to need more rest.,0.4209214150905609
"Emotional, Physical, Spiritual",I notice when my body starts to have signs of anxiety.,0.41913944482803345
"Emotional, Physical, Spiritual",I notice when I notice when my body needs more rest.,0.40994417667388916
"Emotional, Physical, Spiritual",My body doesn't take its nutrients from my body as well as from my mind.,0.39122670888900757
"Emotional, Physical, Spiritual",I notice when I notice when I need more rest.,0.3869045078754425
"Emotional, Physical, Spiritual",My body doesn't seem to have a strong immune system.,0.37716758251190186
"Emotional, Social, Spiritual","I have experienced feelings of loneliness, desperation, depression, and anxiety.",0.48357126116752625
"Emotional, Social, Spiritual","I have not experienced many positive, loving and loving relationships with others.",0.45178401470184326
"Emotional, Social, Spiritual","I have been experiencing feelings of sadness, worry, loneliness, and stress.",0.45073622465133667
"Emotional, Social, Spiritual","I have experienced feelings of desperation, loneliness, and a lack of connection.",0.45020630955696106
"Emotional, Social, Spiritual","I have not experienced any emotional or social skills, either positive or negative.",0.4331821799278259
"Emotional, Social, Spiritual",My feelings on all of the social dimensions have been influenced by my mental health.,0.43130290508270264
"Emotional, Social, Spiritual",I have experienced many good and supportive relationships with others.,0.4294061064720154
"Emotional, Social, Spiritual",I often feel sad because I have a bad relationship with people.,0.42458513379096985
"Emotional, Social, Spiritual",My emotional health has been falling behind my social and spiritual skills.,0.4176897406578064
"Emotional, Social, Spiritual",My emotional states have improved since I've taken advantage of support groups and therapy.,0.414157897233963
"Emotional, Social, Spiritual","'My mental health has been improving', 'I have not felt enriched', 'I have not felt confident in myself among strangers",0.4115840792655945
"Emotional, Social, Spiritual",I have been struggling with self-esteem for the past year.,0.40644001960754395
"Emotional, Social, Spiritual",I feel like I have experienced a lot of stress in my life.,0.4062114655971527
"Emotional, Social, Spiritual","I feel less of a friend and less of a mentor, and feel more alone.",0.3974350094795227
"Emotional, Social, Spiritual","I have not had a good, good, or thriving life.",0.39689671993255615
"Emotional, Social, Spiritual",I have not had many close and trusting relationships with others.,0.38879111409187317
"Emotional, Social, Spiritual","I have never experienced any comforting feelings, emotions, or tendencies in my life.",0.3854251205921173
"Emotional, Social, Spiritual",I have not had close relationships with people in the past.,0.3659559190273285
"Emotional, Social, Spiritual",I have been feeling lonely for the past few months.,0.3585468828678131
"Emotional, Social, Spiritual",I have been in a bad mood because of the stress in my life.,0.3538401424884796
"Emotional, Social, Spiritual",I have not been very confident in my ability to communicate with others.,0.3411695659160614
"Emotional, Social, Spiritual",I have had several close relationships with people I knew.,0.34089910984039307
"Emotional, Social, Spiritual",I have been consistently feeling under-appreciated and under-appreciated among my close friends.,0.3399399518966675
"Emotional, Social, Spiritual",I've been feeling down for a long time now.,0.32807719707489014
"Emotional, Social, Spiritual",I have a tendency to develop a negative attitude toward self-report.,0.3059946298599243
"Emotional, Social, Spiritual","I have been diagnosed with depression, and I was not on the receiving end of a support group.",0.30065566301345825
"Emotional, Social, Spiritual",I feel like my life is going to be hard.,0.2778288722038269
"Emotional, Social, Spiritual",I feel like I am on the edge of being sick.,0.272602379322052
"Emotional, Social, Spiritual",I had been having high energy over the past few weeks.,0.24211467802524567
"Emotional, Social, Spiritual",The following characteristics of a healthy personality are included as part of this self-report: - A personality trait that affects the quality of life.,0.1947302371263504
"Environmental, Financial, Intellectual",I have changed my lifestyle because of my mental health issues.,0.3753397464752197
"Environmental, Financial, Intellectual",I'm living life for the most part in a non-threatening environment.,0.36908334493637085
"Environmental, Financial, Intellectual",I feel I have control of the situation in which I live.,0.36822986602783203
"Environmental, Financial, Intellectual","My feelings, behaviors, and tendencies are all related to my mental health.",0.3605649769306183
"Environmental, Financial, Intellectual",I feel self-conscious and self-conscious in my daily activities.,0.35259348154067993
"Environmental, Financial, Intellectual",I am happy to be alive and the situation in which I live.,0.35214802622795105
"Environmental, Financial, Intellectual",I believe I have power over my situation in which I live.,0.3437408208847046
"Environmental, Financial, Intellectual",I make decisions to live in the future and stay optimistic.,0.3421868085861206
"Environmental, Financial, Intellectual",I believe my mental health and emotional health are at the highest level of the world.,0.3421766459941864
"Environmental, Financial, Intellectual",I want my mental health to stay on track and my thoughts to be positive.,0.34082669019699097
"Environmental, Financial, Intellectual",I am happy and peaceful and am in charge of my situation.,0.3401558995246887
"Environmental, Financial, Intellectual",I make a negative decision that's not good for my health.,0.33989548683166504
"Environmental, Financial, Intellectual",I have a very strong immune system and am good at dealing with emotions,0.33000046014785767
"Environmental, Financial, Intellectual",I feel like I am in charge of my life.,0.32937079668045044
"Environmental, Financial, Intellectual",I have a strong immune system and have the ability to survive and thrive.,0.32201865315437317
"Environmental, Financial, Intellectual",I am not in charge of my environment or actions.,0.31942620873451233
"Environmental, Financial, Intellectual",I want my life to be the best it can be.,0.29600226879119873
"Environmental, Financial, Intellectual","I have a poor memory, in the absence of a sense of direction, when I am on a lonely, stressful journey.",0.2907096743583679
"Environmental, Financial, Intellectual",I made the choices that supported my energy throughout the day.,0.28851374983787537
"Environmental, Financial, Intellectual",I am unable to be present in situations that are dangerous.,0.2884311378002167
"Environmental, Financial, Intellectual",My family life has been a mess for me lately.,0.2862624228000641
"Environmental, Financial, Intellectual",I can't decide what to do about my energy.,0.28443869948387146
"Environmental, Financial, Intellectual",I want to improve my health and energy in the future.,0.2747439444065094
"Environmental, Financial, Intellectual",I can change my mind to make changes if I don't want to change my mind.,0.2739763557910919
"Environmental, Financial, Intellectual",I do not feel like I have a strong immune system.,0.2642822563648224
"Environmental, Financial, Intellectual",I use my mind to solve problems with self-report.,0.26064273715019226
"Environmental, Financial, Intellectual",I am very social and have a great sense of humor.,0.21120481193065643
"Environmental, Financial, Intellectual",I don't have any friends and am on the defensive.,0.18615838885307312
"Environmental, Financial, Intellectual",I ate a lot during the day and feel very tired.,0.13582247495651245
"Environmental, Financial, Intellectual",I am not sure why my heart skips on the track.,0.10119597613811493
"Environmental, Financial, Occupational",I'm able to manage my daily responsibilities in daily life.,0.556253969669342
"Environmental, Financial, Occupational",I am able to manage my responsibilities of daily life.,0.552688479423523
"Environmental, Financial, Occupational",I am able to deal with my daily responsibilities effectively.,0.546564519405365
"Environmental, Financial, Occupational",I'm good at managing my responsibilities of daily life.,0.5307132601737976
"Environmental, Financial, Occupational",I am able to handle my daily responsibilities more successfully.,0.5269259214401245
"Environmental, Financial, Occupational",I am at least able to manage the responsibilities of my daily life.,0.514814555644989
"Environmental, Financial, Occupational","Whether or not I like my daily responsibilities, I am good at managing my responsibilities.",0.4986015260219574
"Environmental, Financial, Occupational",I have a difficult time living and focus on my daily responsibilities.,0.4895716607570648
"Environmental, Financial, Occupational",I am able to manage my emotional patterns throughout my life.,0.46388107538223267
"Environmental, Financial, Occupational",I am doing my best to live a happy and healthy life.,0.4630524814128876
"Environmental, Financial, Occupational",I am well-structured and can manage my environmental responsibilities.,0.4501152038574219
"Environmental, Financial, Occupational",My economic situation influences the decisions I make in daily life.,0.42927223443984985
"Environmental, Financial, Occupational",My income affects the choices I make in daily life.,0.42541852593421936
"Environmental, Financial, Occupational",My psychological state is a good indicator of my mental health.,0.4236222207546234
"Environmental, Financial, Occupational",I am feeling better about my finances and my lifestyle.,0.42320993542671204
"Environmental, Financial, Occupational",The mental health of you is an important part of your daily life.,0.42293474078178406
"Environmental, Financial, Occupational",Managing my emotional and financial situation effectively increases my ability to stay focused during stressful situations.,0.4179251492023468
"Environmental, Financial, Occupational","I am aware of my environmental, financial, and occupational responsibilities.",0.41332221031188965
"Environmental, Financial, Occupational",I think the choices I make in daily life have value.,0.4068438410758972
"Environmental, Financial, Occupational",My current mental health status and personal traits are considered as indicators of physical health.,0.4034945070743561
"Environmental, Financial, Occupational",I am satisfied with my life's choices and that of my colleagues.,0.3963254392147064
"Environmental, Financial, Occupational",My physical and cognitive health is impacted by my mental health issues.,0.3852813243865967
"Environmental, Financial, Occupational",I enjoy the rewards that this gives me in daily life.,0.37345683574676514
"Environmental, Financial, Occupational",I am trying to figure out how my day goes and how I manage my stress.,0.36580222845077515
"Environmental, Financial, Occupational","My mental health problems include depression, anxiety, depression, anxiety, and obsessive eating.",0.3535711467266083
"Environmental, Financial, Occupational",I am very happy with the results of my health assessments.,0.3342646360397339
"Environmental, Financial, Occupational",The characteristics of your mental health include: - Physical: Physical and cognitive functions: social: Personal characteristics: social functions: Personal traits: Individual characteristics: Mental,0.3255065977573395
"Environmental, Financial, Occupational",My personality is well-balanced and has the capacity to accept different types of people.,0.3188464045524597
"Environmental, Financial, Occupational","I have a normal energy level and I work well, but I feel ill because of a lack of mental health.",0.29280656576156616
"Environmental, Financial, Occupational",A self-report does not state your current situation and what your financial situation is.,0.17415466904640198
"Environmental, Financial, Physical",I have a physical well-being that is in the physical health zone.,0.47577837109565735
"Environmental, Financial, Physical",I am physically healthy and can feel healthier and more focused.,0.4630362391471863
"Environmental, Financial, Physical",I am aware of what I do to support my physical well-being.,0.4526829123497009
"Environmental, Financial, Physical",I feel physically good because my physical health has impeded me in the past.,0.43859606981277466
"Environmental, Financial, Physical",I can sleep more efficiently and have better mental health.,0.43432778120040894
"Environmental, Financial, Physical",I want to make sure I keep my mental health strong.,0.4304210841655731
"Environmental, Financial, Physical",I find it helpful to get my physical well-being right.,0.42196452617645264
"Environmental, Financial, Physical",I have been trying to improve my mental health in the past.,0.4165031909942627
"Environmental, Financial, Physical",I maintain a habit that supports my physical well-being.,0.41538649797439575
"Environmental, Financial, Physical",I think about my health more than I think about my physical health.,0.41364407539367676
"Environmental, Financial, Physical",I feel physically good but I don't think I am able to function efficiently.,0.40896108746528625
"Environmental, Financial, Physical",I am trying to stay in control of my physical health.,0.4029407203197479
"Environmental, Financial, Physical",I feel like I am good and I am healthy and my environment supports my happiness.,0.39978712797164917
"Environmental, Financial, Physical",I believe that physical health is important in order to maintain my physical well-being.,0.3966659605503082
"Environmental, Financial, Physical","I am physically healthy, but I have limited access to space.",0.3916471004486084
"Environmental, Financial, Physical",I have a mental health status of an unhealthy state.,0.39144188165664673
"Environmental, Financial, Physical",I have been physically healthy for the past few weeks.,0.3786673843860626
"Environmental, Financial, Physical",I have a physical condition that is restricted me in the past.,0.37374812364578247
"Environmental, Financial, Physical",I understand that physical well-being may be a subjective quality of life.,0.3563217520713806
"Environmental, Financial, Physical","I am physically healthy, yet I have limits on how much I sleep.",0.3514164090156555
"Environmental, Financial, Physical",I've been struggling with depression for a while now.,0.3323975205421448
"Environmental, Financial, Physical",I have had issues with emotional disorders for a long time.,0.3203950524330139
"Environmental, Financial, Physical",I live within a reasonable driving distance of my work and exercise.,0.3076711893081665
"Environmental, Financial, Physical","I am an environmental, financial, and physical self-report item.",0.2995380759239197
"Environmental, Financial, Physical",I'm unable to live my life to the fullest.,0.2506314516067505
"Environmental, Financial, Physical",I enjoy the comforts and amenities of having access to a place where I can rest and recharge.,0.2461010366678238
"Environmental, Financial, Physical",I have a sense of purpose and have a strong personality.,0.22676393389701843
"Environmental, Financial, Physical",I am still in pain and have problems falling asleep.,0.18098144233226776
"Environmental, Financial, Physical",I have had problems sleeping but I am using an alarm clock.,0.14676174521446228
"Environmental, Financial, Physical",I want to have access to space where I can rest and recharge.,0.13054752349853516
"Environmental, Financial, Social",My family and friends have helped me maintain close relationships.,0.3873194754123688
"Environmental, Financial, Social",My mental health is stable and I feel safe in my interactions.,0.384151428937912
"Environmental, Financial, Social",I am healthy and have a good balance of mental health issues.,0.37765729427337646
"Environmental, Financial, Social",I have a family relationship that is solid and stable.,0.3632439970970154
"Environmental, Financial, Social",I feel overwhelmed in social settings and have little coping skills.,0.35864466428756714
"Environmental, Financial, Social",I have a coping mechanism that makes it difficult for me to deal with many of the changes in my life.,0.3475658595561981
"Environmental, Financial, Social",I am very satisfied with my social relationship and financial situation,0.34299471974372864
"Environmental, Financial, Social",I am having difficulty in coping with life's most stressful situations.,0.34169644117355347
"Environmental, Financial, Social","I am feeling psychologically detached from my friends, family, and the world.",0.3402882218360901
"Environmental, Financial, Social",I am not sure whether I have a close and secure relationship.,0.33431509137153625
"Environmental, Financial, Social",I have a family and relationship that is not close.,0.33412227034568787
"Environmental, Financial, Social",My emotional wellbeing has been characterized by a variety of causes,0.32768917083740234
"Environmental, Financial, Social",I feel lonely but have a close and secure relationship.,0.32765060663223267
"Environmental, Financial, Social",I am more aware of how my finances affect my moods.,0.3186075985431671
"Environmental, Financial, Social","I am a proud, successful person who has one close and secure relationship.",0.31803372502326965
"Environmental, Financial, Social",I have an obsession with money and not close and secure relationships.,0.31727930903434753
"Environmental, Financial, Social",I had a close and secure relationship with my boyfriend.,0.3058033585548401
"Environmental, Financial, Social",I have an economic situation that influences my personal self-report.,0.27552586793899536
"Environmental, Financial, Social",My social relationships are superficial and superficial in my relationship.,0.2549421787261963
"Environmental, Financial, Social",The results from my personal mental health survey show that I have an enhanced emotional IQ.,0.2535361051559448
"Environmental, Financial, Social","Using the words ""I am healthy"" or ""I am happy"" is helpful",0.25149229168891907
"Environmental, Financial, Social",I am feeling stressed and have little money to spend on living costs.,0.2514100670814514
"Environmental, Financial, Social",My family has made me feel like I've been abused by my parents.,0.24915240705013275
"Environmental, Financial, Social",I can tell my social friends I care about them.,0.2464274764060974
"Environmental, Financial, Social",The emotional self-report described in the article was a self-report.,0.21525315940380096
"Environmental, Financial, Social",I have a friend who has been with me for over 2 years.,0.21203674376010895
"Environmental, Financial, Social",I feel like I have a lot to be thankful for in the present.,0.19836169481277466
"Environmental, Financial, Social",The following are not the health conditions that make you feel safe or secure:,0.18439944088459015
"Environmental, Financial, Social",I do not know how to spend time in public.,0.178345188498497
"Environmental, Financial, Social",The following is a self-report statement: - I am a member of the United States Armed Forces and are the general manager of,0.14376410841941833
"Environmental, Financial, Spiritual",I have a sense of the need to take control of my life.,0.40126481652259827
"Environmental, Financial, Spiritual",I have a sense of self and I'm in charge of the situation in which I live.,0.4010828733444214
"Environmental, Financial, Spiritual",I am more focused on positive aspects of my life than negative aspects of my life.,0.38693803548812866
"Environmental, Financial, Spiritual",I am in control of my situation in which I live.,0.3687913715839386
"Environmental, Financial, Spiritual",I'm in charge of my environment and my spiritual well being.,0.3653377592563629
"Environmental, Financial, Spiritual",I want to live a life that is positive and productive.,0.36275631189346313
"Environmental, Financial, Spiritual",I am conscious of the future and feel good about myself,0.36048105359077454
"Environmental, Financial, Spiritual",I feel I have an important place in my life.,0.35950228571891785
"Environmental, Financial, Spiritual",I have a spirituality that doesn't interfere with my physical and emotional well-being.,0.33851557970046997
"Environmental, Financial, Spiritual","My peace of mind is not good, but not bad, it is difficult to control.",0.3371350169181824
"Environmental, Financial, Spiritual",I have difficulty in focusing on my goals and emotions.,0.33569246530532837
"Environmental, Financial, Spiritual",I have a clear sense of self and no one I can turn to,0.3350999653339386
"Environmental, Financial, Spiritual",I have a strong immune system and are able to manage my emotions effectively during stressful situations.,0.32970431447029114
"Environmental, Financial, Spiritual",I have an unhealthy attachment to my family and my mental health,0.31369566917419434
"Environmental, Financial, Spiritual","I do not have a good home, but I live life one day at a time.",0.3103986978530884
"Environmental, Financial, Spiritual",I have a strong immune system and think I am good.,0.3103886544704437
"Environmental, Financial, Spiritual",I have a unique sense of self and the ability to see the world from a different angle.,0.31018969416618347
"Environmental, Financial, Spiritual",I have control over my situation and my financial situation.,0.30869218707084656
"Environmental, Financial, Spiritual","I have a healthy lifestyle, and I have access to a healthy income.",0.28574490547180176
"Environmental, Financial, Spiritual",I like to live my life the way I like it.,0.26387667655944824
"Environmental, Financial, Spiritual",I was diagnosed with depression and have been feeling the effects of depression.,0.2612391412258148
"Environmental, Financial, Spiritual",I have access to resources to help me be more financially sound.,0.25329679250717163
"Environmental, Financial, Spiritual",I have a good understanding of how to communicate better,0.25011545419692993
"Environmental, Financial, Spiritual",I have many family relationships with a lot of resources,0.24651120603084564
"Environmental, Financial, Spiritual",I spend so much time in the present that I can't care what I'm up to.,0.24366247653961182
"Environmental, Financial, Spiritual",I want to be healthy but don't know where I can turn.,0.24289290606975555
"Environmental, Financial, Spiritual",I have access to the environments where I can relax and recharge.,0.2414999157190323
"Environmental, Financial, Spiritual",I was diagnosed with depression after a mental health event.,0.24128541350364685
"Environmental, Financial, Spiritual",I can't help but feel guilty about what I have done.,0.23857440054416656
"Environmental, Financial, Spiritual",I feel that my energy level is higher than normal.,0.21865546703338623
"Environmental, Intellectual, Occupational",My daily responsibilities make it harder for me to relax.,0.4792134463787079
"Environmental, Intellectual, Occupational",My stress levels during daily life make it harder for me to relax.,0.41784536838531494
"Environmental, Intellectual, Occupational",I feel happier when I am in a relaxed environment.,0.41029447317123413
"Environmental, Intellectual, Occupational",I do not feel happy or sad about my daily responsibilities.,0.4087764024734497
"Environmental, Intellectual, Occupational",I have good mental health by living well-designed and fulfilled lives.,0.40329134464263916
"Environmental, Intellectual, Occupational",I find it easier to manage my emotions during stressful situations.,0.39440518617630005
"Environmental, Intellectual, Occupational",I feel comfortable living in a clean and organized environment.,0.3935341238975525
"Environmental, Intellectual, Occupational",I do not take daily responsibilities that require me to concentrate.,0.3904837667942047
"Environmental, Intellectual, Occupational","My mental health is deteriorating, but I keep working hard to maintain a positive mental state.",0.39018404483795166
"Environmental, Intellectual, Occupational",I am good at managing my physical and mental health.,0.38835078477859497
"Environmental, Intellectual, Occupational",I am not aware of my environment and my cognitive capacity.,0.3866872191429138
"Environmental, Intellectual, Occupational","I am happy and successful, but I have been depressed and am in a low-stress environment.",0.384306937456131
"Environmental, Intellectual, Occupational",I often find it hard for me to relax in an environment that makes it harder for me to feel refreshed.,0.38408660888671875
"Environmental, Intellectual, Occupational",I have problems managing my emotions effectively during stressful situations.,0.37945467233657837
"Environmental, Intellectual, Occupational",I have an unusual sense of self-discipline and self-esteem.,0.37576746940612793
"Environmental, Intellectual, Occupational",I use my time wisely and I enjoy my daily responsibilities.,0.3745620548725128
"Environmental, Intellectual, Occupational",I am likely to do things which make me feel overwhelmed.,0.3734898269176483
"Environmental, Intellectual, Occupational",I was happy with my daily responsibilities and that I am good at managing my daily responsibilities.,0.367714524269104
"Environmental, Intellectual, Occupational",I have a mental health problem and I am overwhelmed by stress.,0.36058223247528076
"Environmental, Intellectual, Occupational",I am grateful for daily activities that challenge me to think and reason.,0.35871949791908264
"Environmental, Intellectual, Occupational",I feel less self-conscious about my environment when I am sitting up and walking out.,0.3453591763973236
"Environmental, Intellectual, Occupational",I am not sure which activities would make me happy.,0.33339667320251465
"Environmental, Intellectual, Occupational",I feel less comfortable spending my time in the home.,0.3286510109901428
"Environmental, Intellectual, Occupational",My ability to self-report is in the highest level of self-report mental health.,0.3050349950790405
"Environmental, Intellectual, Occupational",I do not have to worry too much about the environment.,0.2807573080062866
"Environmental, Intellectual, Occupational",My family has given me a high quality of life.,0.2807070314884186
"Environmental, Intellectual, Occupational",I am not interested in anything that causes me to feel uneasy or bored.,0.2612237334251404
"Environmental, Intellectual, Occupational","I want to express myself in an open, meaningful, and unbiased fashion.",0.20851491391658783
"Environmental, Intellectual, Occupational",I was diagnosed with ADHD and have symptoms such as high levels of sleep apnea.,0.1945757418870926
"Environmental, Intellectual, Occupational",I am trying to take advantage of a traumatic event - getting a bad headache.,0.17527757585048676
"Environmental, Intellectual, Physical","My mental health has declined, I try to maintain habits.",0.4289887547492981
"Environmental, Intellectual, Physical",My mental health and mental well-being is not improving.,0.4173003137111664
"Environmental, Intellectual, Physical",I have been a mental health sufferer for many years.,0.3977712094783783
"Environmental, Intellectual, Physical",I think I need to use my strengths and weaknesses to support my mental health.,0.3969654142856598
"Environmental, Intellectual, Physical",I feel depressed and think that things are not good enough.,0.3950726389884949
"Environmental, Intellectual, Physical",I want to know what I could do to improve my mental health.,0.3848804235458374
"Environmental, Intellectual, Physical",I use mental health measures that promote my physical health.,0.3801385760307312
"Environmental, Intellectual, Physical",My physical well-being and mental health have been very good.,0.37847501039505005
"Environmental, Intellectual, Physical",I have been thinking about my mental health for days now and it looks like my feelings are hurting.,0.3769482374191284
"Environmental, Intellectual, Physical",My environment is not conducive to my physical well-being.,0.3768804669380188
"Environmental, Intellectual, Physical",My self-report shows that I have to maintain habits that support my physical well-being.,0.37488073110580444
"Environmental, Intellectual, Physical",I feel left out because I do not want to get rid of what I am doing,0.34612876176834106
"Environmental, Intellectual, Physical",I take a break from activities that require me to concentrate.,0.3368046283721924
"Environmental, Intellectual, Physical",I can't concentrate well on what I want to do.,0.3365711569786072
"Environmental, Intellectual, Physical","I find that if I feel like an adult isn't there, I'm unable to function at all",0.33458420634269714
"Environmental, Intellectual, Physical",I am struggling to make sense of my thoughts and behaviors,0.3273678123950958
"Environmental, Intellectual, Physical",My physical well-being has changed since the last survey.,0.32502323389053345
"Environmental, Intellectual, Physical",I do not feel satisfied at work and I'm struggling with my energy levels.,0.3222895562648773
"Environmental, Intellectual, Physical",I find it hard to understand myself and try to work through my feelings.,0.31739044189453125
"Environmental, Intellectual, Physical","My feelings, behaviors, or tendencies are being recorded, and I want to know what has happened to them, in order to support my physical well-being",0.29932162165641785
"Environmental, Intellectual, Physical",I feel self-conscious about the ways in which I interact with people.,0.2977716624736786
"Environmental, Intellectual, Physical","I surveyed a range of personality traits, and I found that I can manage my emotions and behavior in a consistent manner.",0.2732234299182892
"Environmental, Intellectual, Physical",I felt that it was helpful to keep my energy level up.,0.27227458357810974
"Environmental, Intellectual, Physical",I feel the same emotions when I have been sad.,0.26963239908218384
"Environmental, Intellectual, Physical",I do not enjoy the activities that I am allowed to do.,0.26424989104270935
"Environmental, Intellectual, Physical",I find it harder to have any physical or intellectual relationships.,0.2569332420825958
"Environmental, Intellectual, Physical",I feel sick and don't want to be sick.,0.24642834067344666
"Environmental, Intellectual, Physical",I feel that I need to have more than a few extra hours of sleep.,0.24507653713226318
"Environmental, Intellectual, Physical",My mind is not clear about what I am thinking.,0.20517903566360474
"Environmental, Intellectual, Physical",I feel like I am going to go on a lurcher,0.14317616820335388
"Environmental, Intellectual, Social",My mental health is not as good as it used to be.,0.42726996541023254
"Environmental, Intellectual, Social",I have been in a downward spiral in my mental health.,0.42453455924987793
"Environmental, Intellectual, Social",I have a lot of problems in my mental health and I am unable to keep my self-esteem high.,0.4001915156841278
"Environmental, Intellectual, Social",I often feel down on my feelings and behaviors during stressful situations.,0.398499071598053
"Environmental, Intellectual, Social",My mental health has decreased drastically in the past few years.,0.38647982478141785
"Environmental, Intellectual, Social",I have depression - I have anxiety - I fear my mind is not strong enough,0.3803250193595886
"Environmental, Intellectual, Social",I am good at understanding other people's mental health issues,0.376091331243515
"Environmental, Intellectual, Social",My emotions are poor and I have low self-esteem,0.3698779046535492
"Environmental, Intellectual, Social",I am afraid to speak openly about my own mental health issues.,0.36960160732269287
"Environmental, Intellectual, Social","My self-report mental health concerns are general and include things like social relationships, eating habits, and lifestyles.",0.36899247765541077
"Environmental, Intellectual, Social",I have a negative outlook about things I have done before and in my life.,0.3641204833984375
"Environmental, Intellectual, Social","My mental health has improved drastically over the last six months, and I know that my mental health is improving.",0.36107924580574036
"Environmental, Intellectual, Social",My personality traits are a source of stress and stress.,0.35625097155570984
"Environmental, Intellectual, Social",My mental health problems are general and not so psychedelic.,0.35186266899108887
"Environmental, Intellectual, Social","My negative thoughts, behaviors, or tendencies are not the same as negative thoughts.",0.349271684885025
"Environmental, Intellectual, Social",I am on the phone with a mental health counselor,0.3452793061733246
"Environmental, Intellectual, Social",I am more likely to be irritable than calm in a life with no social relationships.,0.33378085494041443
"Environmental, Intellectual, Social",I had feelings of self-indiffference and dissatisfaction when I listened to other people talk about me.,0.3333883285522461
"Environmental, Intellectual, Social",I am a sad person who has no sense of responsibility for others.,0.29711124300956726
"Environmental, Intellectual, Social",I am unable to maintain a stable relationship with my friends.,0.2878013551235199
"Environmental, Intellectual, Social",I feel sad when my neighbors are away from me.,0.2723647356033325
"Environmental, Intellectual, Social",I am happy and happy in my own thoughts and opinions.,0.25701427459716797
"Environmental, Intellectual, Social",I am a slow person who has trouble keeping things together,0.25058844685554504
"Environmental, Intellectual, Social",I find it difficult for me to communicate with my friends,0.24853701889514923
"Environmental, Intellectual, Social",I have more confidence in my own opinions than most people think.,0.2318073809146881
"Environmental, Intellectual, Social",I have a sense of humor - I do not have any friends,0.21696271002292633
"Environmental, Intellectual, Social",My body tries to keep me alive while I am at work.,0.200025737285614
"Environmental, Intellectual, Social",I am happy when I can get my living space clean.,0.19307845830917358
"Environmental, Intellectual, Social",I am grateful for the support I receive from others.,0.18449799716472626
"Environmental, Intellectual, Social",I am sad that my boyfriend had a heart attack,0.13715550303459167
"Environmental, Intellectual, Spiritual",I enjoy a variety of activities and experiences that challenge me to think and reason.,0.4604148268699646
"Environmental, Intellectual, Spiritual",I enjoy activities that challenge myself to think and reason.,0.4350184500217438
"Environmental, Intellectual, Spiritual",I feel more aware of my own thoughts and feelings and know that I have a sense of purpose in life.,0.4126967489719391
"Environmental, Intellectual, Spiritual",I am more likely to seek out activities that challenge my thinking.,0.40518224239349365
"Environmental, Intellectual, Spiritual",I find that my environment is very relaxed and I feel energized.,0.39525821805000305
"Environmental, Intellectual, Spiritual",I feel the change in my environment makes me feel more cluttered and anxious.,0.3918507695198059
"Environmental, Intellectual, Spiritual",I find it easier to relax in a calm and familiar environment.,0.3877027630805969
"Environmental, Intellectual, Spiritual",I believe I need to focus on my spirituality to have a strong sense of purpose in life.,0.3727432191371918
"Environmental, Intellectual, Spiritual","I feel that in order to help me relax, I need to find activities that challenge my thinking.",0.37163278460502625
"Environmental, Intellectual, Spiritual",I like being alone and feel free in my environment.,0.37131983041763306
"Environmental, Intellectual, Spiritual",I often use my mind to find ways to achieve goals.,0.35371819138526917
"Environmental, Intellectual, Spiritual",I feel more peaceful when I feel calm and familiar.,0.3492065668106079
"Environmental, Intellectual, Spiritual",I know that I am not good at thinking and reason.,0.3397737443447113
"Environmental, Intellectual, Spiritual",I am aware of my physical and spiritual health levels.,0.3326765298843384
"Environmental, Intellectual, Spiritual",I have an innate ability to keep calm in certain situations.,0.32738566398620605
"Environmental, Intellectual, Spiritual",I like to go to places where I can relax.,0.32726365327835083
"Environmental, Intellectual, Spiritual",I want to be more social and intellectual and more spiritual.,0.32421886920928955
"Environmental, Intellectual, Spiritual",I can't concentrate in my mind or focus on what I'm thinking.,0.3198591470718384
"Environmental, Intellectual, Spiritual",I find being outside is important to me in general and I want to be alone.,0.31626152992248535
"Environmental, Intellectual, Spiritual","I think that the more I do what I say, the happier I will be in the world.",0.29397910833358765
"Environmental, Intellectual, Spiritual",I want to improve my mental health by taking up various activities.,0.28939124941825867
"Environmental, Intellectual, Spiritual","I like to be outside, have fun and have different interests.",0.2845643162727356
"Environmental, Intellectual, Spiritual",I do not feel good about my mood or health.,0.2769005000591278
"Environmental, Intellectual, Spiritual",I've always felt pressured by my own life experiences.,0.2679997384548187
"Environmental, Intellectual, Spiritual","My IQ has declined recently, but I feel stronger than ever before.",0.2576485872268677
"Environmental, Intellectual, Spiritual",I've learned more about self-talk through self-talk than I have on other subjects.,0.25052472949028015
"Environmental, Intellectual, Spiritual",I think I think the world is an interesting place.,0.24917954206466675
"Environmental, Intellectual, Spiritual",I am happy to be with people who I trust.,0.2462436556816101
"Environmental, Intellectual, Spiritual",I may be unable to think and reason in the present.,0.2305016666650772
"Environmental, Intellectual, Spiritual",I think that people should be guided by their own beliefs.,0.17058271169662476
"Environmental, Occupational, Physical",I believe that I have healthy and balanced physical health.,0.5526065826416016
"Environmental, Occupational, Physical",I am optimistic that my physical health will improve in the future.,0.5437644720077515
"Environmental, Occupational, Physical",I have physical health that influences how well I function day to day.,0.5406680703163147
"Environmental, Occupational, Physical",I am optimistic about the future of my physical health and I believe that I am good with my physical health.,0.5386011600494385
"Environmental, Occupational, Physical",I find my physical health is not as good as I expected.,0.5344579219818115
"Environmental, Occupational, Physical",I am optimistic about how much I can achieve in my physical health.,0.5323207378387451
"Environmental, Occupational, Physical",I expect physical health to increase and decrease in the future.,0.49002477526664734
"Environmental, Occupational, Physical","My mental health is a reflection of my personality, and not my physical health.",0.4889296889305115
"Environmental, Occupational, Physical",I have an unhealthy lifestyle and have an unhealthy physical fitness.,0.48497873544692993
"Environmental, Occupational, Physical",I know that I am very healthy and that I am happy.,0.4794524610042572
"Environmental, Occupational, Physical",I am more comfortable in general physical health than I think.,0.47505220770835876
"Environmental, Occupational, Physical",I do not want my physical health to get worse.,0.46926364302635193
"Environmental, Occupational, Physical",My personal characteristics are related to my mental health and physical health.,0.4556536376476288
"Environmental, Occupational, Physical","I want to be physically healthy, but I have a lot of stress in my life.",0.45131054520606995
"Environmental, Occupational, Physical","I want to be healthy, but I don't want to be a physical health advocate.",0.44688546657562256
"Environmental, Occupational, Physical","I am healthy, but I don't want to become unhealthy.",0.43507394194602966
"Environmental, Occupational, Physical",I expect that I will continue to take care of myself physically.,0.4252270460128784
"Environmental, Occupational, Physical",My mental health is the cause of my mental health issues.,0.4190627932548523
"Environmental, Occupational, Physical",I believe that eating healthy and exercising is important for improving mental health.,0.41634631156921387
"Environmental, Occupational, Physical",I don't have health related things to worry about.,0.4110803008079529
"Environmental, Occupational, Physical","I want to report my physical health, mental health, and physical health.",0.4109143316745758
"Environmental, Occupational, Physical",Is my mental health improving or improving by getting well?,0.4016146957874298
"Environmental, Occupational, Physical",I expect to feel good about the way I am feeling everyday.,0.3928810954093933
"Environmental, Occupational, Physical",I am optimistic and will get better physically in time.,0.39240556955337524
"Environmental, Occupational, Physical",I think I have an important personal mental health test.,0.3876018822193146
"Environmental, Occupational, Physical",I'm worried I won't feel good any longer.,0.36711153388023376
"Environmental, Occupational, Physical",I am satisfied that I have a strong immune system.,0.3666422367095947
"Environmental, Occupational, Physical",I was diagnosed with a mental health disorder and I'm not sure if I'm living or not.,0.3215365707874298
"Environmental, Occupational, Physical",I am confident I can control my emotions at the present time.,0.3032340705394745
"Environmental, Occupational, Physical","I was the first person to be interviewed for a survey, and I knew I could take part in the survey.",0.09710106253623962
"Environmental, Occupational, Social",My environment helps me feel more comfortable in my everyday life.,0.7373340129852295
"Environmental, Occupational, Social",My environment makes me feel more comfortable and helps me care for myself.,0.7368942499160767
"Environmental, Occupational, Social",My environment helps me to have a better sense of wellbeing.,0.7038227319717407
"Environmental, Occupational, Social",I feel more relaxed when my environment helps me to take care of myself.,0.7015761733055115
"Environmental, Occupational, Social",I feel less comfortable when my environment fits my needs.,0.6966363191604614
"Environmental, Occupational, Social",I feel comfortable in my daily life and my environment.,0.6948517560958862
"Environmental, Occupational, Social",I feel more comfortable when my surroundings support my well-being.,0.6948065161705017
"Environmental, Occupational, Social",I feel less happy when my environment supports my well-being.,0.685960054397583
"Environmental, Occupational, Social",My environment helps me focus and take care of myself.,0.6788041591644287
"Environmental, Occupational, Social",My environment is environment-friendly and supports my overall well-being.,0.6774082779884338
"Environmental, Occupational, Social",My environment is pleasing to my senses and I feel more at ease in my living space.,0.6754238605499268
"Environmental, Occupational, Social",I feel more at ease when my surroundings support my overall well-being.,0.6738497018814087
"Environmental, Occupational, Social",I feel more comfortable when my surroundings make it easier for me to take care of myself.,0.6719442009925842
"Environmental, Occupational, Social",My daily environment helps me to take care of myself.,0.6709589958190918
"Environmental, Occupational, Social",My environment is important for me and my emotional well-being.,0.6584218144416809
"Environmental, Occupational, Social",I feel happier with the way my surroundings support my overall well-being.,0.6486824750900269
"Environmental, Occupational, Social",I feel less comfortable when my living environment is clean and organized.,0.6437236666679382
"Environmental, Occupational, Social",I find that my environment does not support my overall well-being.,0.6325346827507019
"Environmental, Occupational, Social",I feel more comfortable when my environments align with my needs.,0.6301800012588501
"Environmental, Occupational, Social",I feel less comfortable and less supported in my everyday environment.,0.6126706600189209
"Environmental, Occupational, Social",I feel more comfortable in my living space than in other places.,0.607560932636261
"Environmental, Occupational, Social",I feel less social and energetic after living in a bad environment.,0.6047114133834839
"Environmental, Occupational, Social",I have a good environment and I'm in a good environment,0.5976638793945312
"Environmental, Occupational, Social",I feel happier in my daily environment than I did in the past.,0.5778895616531372
"Environmental, Occupational, Social",I feel more comfortable living in clean and organized rooms.,0.571152925491333
"Environmental, Occupational, Social",I feel more at ease in my surroundings when people are around me.,0.5670542120933533
"Environmental, Occupational, Social",I feel less well-informed and social in my daily environment.,0.5659069418907166
"Environmental, Occupational, Social",I have a family environment that supports my overall well-being.,0.5644017457962036
"Environmental, Occupational, Social","I am healthy, have a sense of belonging, and generally have good mental health.",0.5068700313568115
"Environmental, Occupational, Social",I feel a sense of connection to the people I interact with.,0.40694090723991394
"Environmental, Occupational, Spiritual",I am happy that my environment is conducive to my mental health.,0.44850948452949524
"Environmental, Occupational, Spiritual",My mental health is a lot like my spiritual health.,0.4274629056453705
"Environmental, Occupational, Spiritual",I am more likely to be able to cope with stress.,0.41380277276039124
"Environmental, Occupational, Spiritual",I'm happier in my environment than in my surroundings.,0.41303160786628723
"Environmental, Occupational, Spiritual",I feel the effects of living in a deprived environment are a factor in my mood.,0.4093005061149597
"Environmental, Occupational, Spiritual",I am aware that my stress levels are related to my physical and spiritual wellbeing.,0.4011725187301636
"Environmental, Occupational, Spiritual",I feel happier if I am more comfortable with my surroundings.,0.39839133620262146
"Environmental, Occupational, Spiritual","I am at risk for depression and anxiety, and I am not comfortable with my environment.",0.3822726309299469
"Environmental, Occupational, Spiritual",I find it difficult to relax in my own life.,0.3770911991596222
"Environmental, Occupational, Spiritual","I am an environmental, occupational, and spiritual self-report item.",0.37515127658843994
"Environmental, Occupational, Spiritual",I am the author of a self-report that describes my emotional state.,0.37493643164634705
"Environmental, Occupational, Spiritual",I am more likely to suffer from mental illness than physical illness.,0.3725087344646454
"Environmental, Occupational, Spiritual",My mood is lower in my life due to stress.,0.3681109845638275
"Environmental, Occupational, Spiritual",I am more relaxed and peaceful than I previously thought.,0.3639098107814789
"Environmental, Occupational, Spiritual",I am likely to feel more confident in my surroundings if my surroundings match my needs.,0.358869731426239
"Environmental, Occupational, Spiritual",My mood and energy levels are low and not in a positive range.,0.3566739559173584
"Environmental, Occupational, Spiritual",I have the ability to lead a purposeful and meaningful life.,0.34624436497688293
"Environmental, Occupational, Spiritual",I am the one who is the cause of my self-report mental health.,0.34518468379974365
"Environmental, Occupational, Spiritual",My self-report does not include the following environmental aspects: Physical (including mental health) and Spiritual (including physical health),0.3317163586616516
"Environmental, Occupational, Spiritual",I'm better at leading a purposeful and meaningful life than others.,0.33156511187553406
"Environmental, Occupational, Spiritual",I am more likely to sleep peacefully and peacefully than to stay awake.,0.3224879205226898
"Environmental, Occupational, Spiritual",I enjoy my life and I enjoy my life in general.,0.30946266651153564
"Environmental, Occupational, Spiritual",I enjoy working in an environment that provides a place to work.,0.3090003728866577
"Environmental, Occupational, Spiritual",The health of my body depends on my dietary and lifestyle choices.,0.30382221937179565
"Environmental, Occupational, Spiritual",The physical health of your brain is important to you.,0.2880883514881134
"Environmental, Occupational, Spiritual",I've been thinking about a purpose in life for a long time now.,0.28289806842803955
"Environmental, Occupational, Spiritual",I am not as healthy as I thought I would be.,0.2748079001903534
"Environmental, Occupational, Spiritual",My situation in the world has been a nightmare for me.,0.273720920085907
"Environmental, Occupational, Spiritual",I am more likely to spend more time thinking about my dreams.,0.2678360641002655
"Environmental, Occupational, Spiritual",I can't explain all the problems that are present.,0.13599839806556702
"Environmental, Physical, Social","My mental health is more or less in proportion to my environment, physical or social.",0.5658323168754578
"Environmental, Physical, Social",My personal environment has a noticeable effect on my mental health.,0.5534055829048157
"Environmental, Physical, Social",My mental health is correlated with environmental and physical things around me.,0.52933269739151
"Environmental, Physical, Social",Your mental health is not great; your surroundings are difficult for you to take care of yourself.,0.502385675907135
"Environmental, Physical, Social","I'm in good physical shape, but my mental health is fine.",0.5019262433052063
"Environmental, Physical, Social",I have had a healthy mental health for a number of years.,0.4995306134223938
"Environmental, Physical, Social",I want to describe my own mental health and environmental health.,0.4856463372707367
"Environmental, Physical, Social",How does your mental health compare to your previous physical health?,0.46844327449798584
"Environmental, Physical, Social",How can physical and social factors affect the mental health of a person?,0.45056748390197754
"Environmental, Physical, Social","My environment is a physical, psychological, and social environment that affects me emotionally and physically.",0.4478200674057007
"Environmental, Physical, Social","My mental health is not a test, but a way to measure my physical well-being.",0.4470706880092621
"Environmental, Physical, Social",How is your mental health in the last 4 years?,0.44594448804855347
"Environmental, Physical, Social",The study identified a variety of conditions that affected mental health.,0.4374643862247467
"Environmental, Physical, Social",Mental health is an important part of many people's daily routine.,0.4366547763347626
"Environmental, Physical, Social",I am more mentally relaxed in my environment than people I know.,0.436271071434021
"Environmental, Physical, Social",I like having a sense of direction and direction for my mental health.,0.43177008628845215
"Environmental, Physical, Social","I have anxiety and depression in general and am worried about other people, and my mental health is getting worse in my past years.",0.41576701402664185
"Environmental, Physical, Social","I have good mental health, but I can't do anything that will make me sad.",0.36428749561309814
"Environmental, Physical, Social",Mental health is the most common cause of mental disorders.,0.36208364367485046
"Environmental, Physical, Social","Compared to people I know, how does your physical health perform?",0.35915929079055786
"Environmental, Physical, Social",I like to take care of myself in my environment.,0.35346218943595886
"Environmental, Physical, Social",A self-report does not describe mental health; the subjective aspects are subjective and subjective.,0.33639392256736755
"Environmental, Physical, Social",I feel more comfortable around the house than when I am alone.,0.33477118611335754
"Environmental, Physical, Social",I feel less likely to feel like I am getting worse.,0.33451947569847107
"Environmental, Physical, Social",I have to use a safe place in the home for my thoughts and emotions.,0.3191261887550354
"Environmental, Physical, Social",I am healthier than others of my same age and sex.,0.2998729348182678
"Environmental, Physical, Social",I like the space around me and the safety of my living environment.,0.2972733974456787
"Environmental, Physical, Social",I felt safer when the spaces around me were predictable and comfortable.,0.21548768877983093
"Environmental, Physical, Social",I don't know why you say that you're not doing so well at work.,0.18853332102298737
"Environmental, Physical, Social",I do not believe that I have an overactive imagination.,0.1569444239139557
"Environmental, Physical, Spiritual",My physical health has a noticeable impact on my mental health.,0.6526434421539307
"Environmental, Physical, Spiritual",I feel that my physical health is better than my mental health.,0.6462681293487549
"Environmental, Physical, Spiritual",My physical health is a constant influence on my mental health.,0.637912929058075
"Environmental, Physical, Spiritual",My mental health has increased because I take care of my body.,0.6338925957679749
"Environmental, Physical, Spiritual",My physical health is normal and the physical surroundings have an effect on my mental health.,0.612761378288269
"Environmental, Physical, Spiritual",I believe my physical health is not affecting my mental health.,0.6072298288345337
"Environmental, Physical, Spiritual",I have better mental health in my physical and mental health in my physical and mental health.,0.6030166745185852
"Environmental, Physical, Spiritual",My mental health is not as great as it should be.,0.5996576547622681
"Environmental, Physical, Spiritual",I have a physical health that doesn't affect my mental health.,0.5926350951194763
"Environmental, Physical, Spiritual",I have health problems that have a strong effect on my mental health.,0.5739070773124695
"Environmental, Physical, Spiritual",My body seems to respond better to physical illness than my physical health.,0.5680477619171143
"Environmental, Physical, Spiritual",My mental health has been improving since I began eating healthy.,0.5496582984924316
"Environmental, Physical, Spiritual",I do not feel good about how I feel about my mental health.,0.5416665077209473
"Environmental, Physical, Spiritual",I have a healthy physical and mental health and I am happy with my physical health and mental health.,0.5268148183822632
"Environmental, Physical, Spiritual",My mental health is better now than when I first started it,0.5253807306289673
"Environmental, Physical, Spiritual",I have a problem with my mood and physical health.,0.498592734336853
"Environmental, Physical, Spiritual",I can control my physical health to my own benefit.,0.4840772747993469
"Environmental, Physical, Spiritual","Mental health, spiritual health, and physical health are all types of mental health.",0.4757640063762665
"Environmental, Physical, Spiritual",The changes my body is experiencing in the past 10 years have been a major factor in determining my health.,0.46921050548553467
"Environmental, Physical, Spiritual",The passage describes how I feel about my mental health.,0.4669938385486603
"Environmental, Physical, Spiritual",Mental health is the first step in a self-report.,0.46092841029167175
"Environmental, Physical, Spiritual","My body feels satisfied, even if I have physical health problems.",0.45156756043434143
"Environmental, Physical, Spiritual",I have a mental health problem and I'm not used to having to deal with it.,0.4490261971950531
"Environmental, Physical, Spiritual",The difference between physical health and mental health is the difference between physical and mental health.,0.44224587082862854
"Environmental, Physical, Spiritual",I am grateful for my body's response to my physical illness.,0.43868371844291687
"Environmental, Physical, Spiritual",I want to tell you what physical health means to me.,0.43037477135658264
"Environmental, Physical, Spiritual",The following self-reports are from a self-report on mental health:,0.42414751648902893
"Environmental, Physical, Spiritual",I felt the difference when I took good care of my body.,0.39872774481773376
"Environmental, Physical, Spiritual",I am happy that I can get out of my depression.,0.37247464060783386
"Environmental, Physical, Spiritual",I can think of three things that are important to me.,0.2724398076534271
"Environmental, Social, Spiritual",I have not had a long or secure relationship with people.,0.392189621925354
"Environmental, Social, Spiritual",I have not experienced any long-term healthy relationships with others.,0.37900498509407043
"Environmental, Social, Spiritual",I have never felt secure in my relationships with others.,0.3767121434211731
"Environmental, Social, Spiritual",I feel happier being close to people than to strangers.,0.37445929646492004
"Environmental, Social, Spiritual",I am an environmental person with multiple social relationships with others.,0.3650510609149933
"Environmental, Social, Spiritual",I have always been safe and secure in my relationships.,0.3582543432712555
"Environmental, Social, Spiritual",I have never been close to anyone - I have been close and secure relationships,0.35439786314964294
"Environmental, Social, Spiritual",I feel like I have never felt safe in my surroundings.,0.3495924472808838
"Environmental, Social, Spiritual","I have never experienced anything as good as I feel, even for myself.",0.34942391514778137
"Environmental, Social, Spiritual",I have never experienced a close and secure relationship with anyone.,0.3434426188468933
"Environmental, Social, Spiritual",My feeling of security is different than my ability to control my emotions.,0.33615484833717346
"Environmental, Social, Spiritual",I am better emotionally in relationships than in the past.,0.3352995812892914
"Environmental, Social, Spiritual",I am afraid to say I have no feelings of trust or connection.,0.3285844326019287
"Environmental, Social, Spiritual",I feel that I can change my feelings and behaviors.,0.32757145166397095
"Environmental, Social, Spiritual",I feel closer to people because I feel less isolated,0.32575252652168274
"Environmental, Social, Spiritual",I am happier if I have friends and family around me.,0.3137543201446533
"Environmental, Social, Spiritual",I have been able to manage my emotions successfully during stressful situations.,0.3104884922504425
"Environmental, Social, Spiritual",I feel happy in the outdoors and in my community.,0.30967894196510315
"Environmental, Social, Spiritual",I feel comfortable in places I haven't been to,0.3008021414279938
"Environmental, Social, Spiritual",I am in a strong family ties with many people.,0.293911337852478
"Environmental, Social, Spiritual",I have been spooked by people in the past and have been alone in the past,0.2866232395172119
"Environmental, Social, Spiritual",I have seen improvements in my ability to deal with stress.,0.2853119373321533
"Environmental, Social, Spiritual",I am healthy and feel satisfied with my own health.,0.2757866680622101
"Environmental, Social, Spiritual",I have not experienced any high-level spiritual self-reporting.,0.25769975781440735
"Environmental, Social, Spiritual",My self-report is a self-report of mental health.,0.24006085097789764
"Environmental, Social, Spiritual","I am a self-reporter, and I am a psychologist.",0.2347404509782791
"Environmental, Social, Spiritual",My emotions aren't the best or best of the three.,0.23356883227825165
"Environmental, Social, Spiritual",I have been very busy lately and have a busy lifestyle.,0.2297591269016266
"Environmental, Social, Spiritual",I have been feeling a lot stressed out and overwhelmed.,0.22379446029663086
"Environmental, Social, Spiritual",I'm not sure whether it's safe or not.,0.12284976243972778
"Financial, Intellectual, Occupational",I am able to make good decisions regarding my personal finances.,0.5787003636360168
"Financial, Intellectual, Occupational",I am able to make decisions about my future work or study.,0.551426112651825
"Financial, Intellectual, Occupational",I can make the choices I make in daily life that support my long-term needs.,0.5474188327789307
"Financial, Intellectual, Occupational",I am able to make decisions in my daily life.,0.5424794554710388
"Financial, Intellectual, Occupational",I am able to make the choices I make in daily life.,0.5328797698020935
"Financial, Intellectual, Occupational",I am able to identify financial decisions and make them financially viable.,0.5326443314552307
"Financial, Intellectual, Occupational",I am able to take stock of my financial situation and make a balanced financial decision for the future.,0.5314393639564514
"Financial, Intellectual, Occupational",My financial situation affects the decisions I make in daily life.,0.5221247673034668
"Financial, Intellectual, Occupational",I am able to focus on my long-term needs.,0.5200199484825134
"Financial, Intellectual, Occupational",I am happy to be able to make decisions for my future.,0.5188671350479126
"Financial, Intellectual, Occupational",I can take care of finances that support my long-term needs.,0.5160384774208069
"Financial, Intellectual, Occupational",I am able to make my own choices in my life.,0.5079885721206665
"Financial, Intellectual, Occupational",I am able to make budget and cash management decisions.,0.5002401471138
"Financial, Intellectual, Occupational",I can make a positive change in my financial situation.,0.5001452565193176
"Financial, Intellectual, Occupational",I am able to make money and spend it wisely.,0.49706515669822693
"Financial, Intellectual, Occupational",I am able to make good income and pursue a dream.,0.4779212772846222
"Financial, Intellectual, Occupational",I am confident that my financial situation supports my long-term needs.,0.4760235846042633
"Financial, Intellectual, Occupational",I am able to achieve goals and achieve my goal.,0.4605865776538849
"Financial, Intellectual, Occupational",My mental health is improving and I can accomplish goals.,0.44720274209976196
"Financial, Intellectual, Occupational",I can have mental health problems that affect my financial situation.,0.44060125946998596
"Financial, Intellectual, Occupational",I can make it easier for me to focus on my goals.,0.42387086153030396
"Financial, Intellectual, Occupational",My mental health situation influences the choices I make in everyday life.,0.4230043888092041
"Financial, Intellectual, Occupational",I can enlist a long-term mindset to achieve goals.,0.4132687747478485
"Financial, Intellectual, Occupational",I am satisfied with my direction in my work or studies.,0.3797069787979126
"Financial, Intellectual, Occupational",I am happy that I can afford to go to college.,0.36172017455101013
"Financial, Intellectual, Occupational",I have low mental health and can relate to my own mental health.,0.3469928503036499
"Financial, Intellectual, Occupational",I am not sure what to do about my finances.,0.33087027072906494
"Financial, Intellectual, Occupational",I have been on a budget since the late 1990s.,0.33064496517181396
"Financial, Intellectual, Occupational",I feel that I can successfully manage my emotions effectively during stressful situations.,0.29644712805747986
"Financial, Intellectual, Occupational",I have difficulty paying for my school and my work.,0.25557130575180054
"Financial, Intellectual, Physical",I feel confident and optimistic in my finances and I am able to make financial decisions.,0.5147403478622437
"Financial, Intellectual, Physical",I feel confident that I can achieve my goals financially.,0.503492534160614
"Financial, Intellectual, Physical",I feel confident that I can make smart financial choices.,0.4644811451435089
"Financial, Intellectual, Physical",I feel more optimistic and prepared to do things well.,0.4615796208381653
"Financial, Intellectual, Physical",I feel optimistic that I will be able to achieve my goals in the future.,0.4590313732624054
"Financial, Intellectual, Physical",I am confident that I have an effective financial plan.,0.44164198637008667
"Financial, Intellectual, Physical",I feel a lot of energy when I have a clear financial plan.,0.4173295497894287
"Financial, Intellectual, Physical",I feel better financially if I have a clear financial plan.,0.4171372652053833
"Financial, Intellectual, Physical",I am less likely to feel overwhelmed in the future.,0.4159204661846161
"Financial, Intellectual, Physical",I am ready to take care of my finances and maintain habits to support my physical well-being.,0.4110449552536011
"Financial, Intellectual, Physical",I am confident in my abilities in my physical well-being.,0.409336656332016
"Financial, Intellectual, Physical",I am sure that I am mentally able to make decisions.,0.4074527621269226
"Financial, Intellectual, Physical",I find that I feel anxious and ready to change.,0.39219942688941956
"Financial, Intellectual, Physical",I feel like I have a positive outlook on my mental health.,0.38825640082359314
"Financial, Intellectual, Physical",I was aware that I was feeling overwhelmed and overwhelmed by financial and economic obligations.,0.3833426535129547
"Financial, Intellectual, Physical",I feel that I have more of the necessary mental skills.,0.3772997558116913
"Financial, Intellectual, Physical",I feel a sense of security and safety when I have a clear financial plan.,0.37602636218070984
"Financial, Intellectual, Physical",I know how to manage my emotions and be able to make decisions for myself.,0.373328298330307
"Financial, Intellectual, Physical",I am not sure how I will do things in the future.,0.3696381747722626
"Financial, Intellectual, Physical","I feel more confident, more focused, and more energized in the end.",0.3675241470336914
"Financial, Intellectual, Physical",I am confident and ready to go for a walk without feeling overwhelmed.,0.36713021993637085
"Financial, Intellectual, Physical",I feel able to manage my emotional behaviors effectively during stressful situations.,0.36453595757484436
"Financial, Intellectual, Physical",I am struggling to maintain routine finances and make decisions.,0.36247503757476807
"Financial, Intellectual, Physical",I want to have a more balanced mindset about my mental health.,0.350705087184906
"Financial, Intellectual, Physical",I have a clear financial plan and want to pursue my goals.,0.33988049626350403
"Financial, Intellectual, Physical",I am not sure what I want to do in my life.,0.2987684905529022
"Financial, Intellectual, Physical",I want to make a strong mental health portfolio that can help me pay down my bills without feeling overwhelmed.,0.2966998517513275
"Financial, Intellectual, Physical",I am more likely to have psychological self-reporting issues than physical self-reporting issues.,0.29583337903022766
"Financial, Intellectual, Physical",I am very prone to feeling anxious when I have anxiety.,0.28343456983566284
"Financial, Intellectual, Physical",I'm ready for a new chapter in my life.,0.2628798186779022
"Financial, Intellectual, Social",I feel more determined and less uncertain about my financial situation.,0.5978562831878662
"Financial, Intellectual, Social",I feel more aware when I feel anxious about my finances.,0.5843236446380615
"Financial, Intellectual, Social",I feel more confident when I feel comfortable about my finances.,0.5751265287399292
"Financial, Intellectual, Social",I feel more financially motivated after having clear financial plans.,0.5726953148841858
"Financial, Intellectual, Social",I feel less stressed and more impulsive when I have a clear financial plan.,0.5671290159225464
"Financial, Intellectual, Social",I feel less stressed by having a clear financial plan.,0.561000645160675
"Financial, Intellectual, Social",I feel less likely to have a stable financial situation.,0.5402143597602844
"Financial, Intellectual, Social",I feel more satisfied if I have a clear financial situation.,0.5357317328453064
"Financial, Intellectual, Social",I feel a lot more free with my financial situation.,0.5330379009246826
"Financial, Intellectual, Social",I am more likely to focus on the future than on my finances.,0.531333863735199
"Financial, Intellectual, Social",I think my financial situation affects my choices in daily life.,0.5269643068313599
"Financial, Intellectual, Social",I feel less motivated to do things I normally would without worrying about money.,0.5216451287269592
"Financial, Intellectual, Social",I feel aware and self-aware when I have a clear financial situation.,0.5175917148590088
"Financial, Intellectual, Social",I feel less self-conscious when I worry about money.,0.514829695224762
"Financial, Intellectual, Social",I am not sure how I feel emotionally about my financial situation.,0.5073295831680298
"Financial, Intellectual, Social",I have learned my financial situation can cause me to overspend and make me more stressed.,0.500449001789093
"Financial, Intellectual, Social",I feel more grounded in my beliefs about money and spending,0.48813769221305847
"Financial, Intellectual, Social",I feel better financially than I have in the past year.,0.47651901841163635
"Financial, Intellectual, Social",I feel more likely to succeed if I am on a good financial path.,0.47325608134269714
"Financial, Intellectual, Social",I feel more stressed when I have no money in my bank account.,0.471954345703125
"Financial, Intellectual, Social",I feel that I am more confident about the future.,0.45697975158691406
"Financial, Intellectual, Social",I feel less guilty about spending too much in the past.,0.45067858695983887
"Financial, Intellectual, Social",I feel more resolute when I make decisions that support my decisions.,0.4307752549648285
"Financial, Intellectual, Social",I want to know how well I feel financially and whether I feel financially healthy.,0.4303683936595917
"Financial, Intellectual, Social",I feel less likely to fall for self-help or self-help resources than I was before.,0.40980786085128784
"Financial, Intellectual, Social",I feel more determined to make my goals a reality.,0.3832659423351288
"Financial, Intellectual, Social",I feel more likely to feel nervous when I'm in a stressful situation.,0.3786225914955139
"Financial, Intellectual, Social",I feel less stressed when I am not feeling sad.,0.377920538187027
"Financial, Intellectual, Social",I feel more determined than ever before in my life.,0.37524089217185974
"Financial, Intellectual, Social",I am at a higher risk for depression than the normal group.,0.3286445736885071
"Financial, Intellectual, Spiritual","My mood does not reflect my own thinking, reasoning, or overall health.",0.40128448605537415
"Financial, Intellectual, Spiritual",Mental health issues have a positive impact on my outlook.,0.3983573317527771
"Financial, Intellectual, Spiritual",I am able to maintain my positive mindset while feeling overwhelmed.,0.3928230106830597
"Financial, Intellectual, Spiritual",I am happy with the way I am able to balance my emotions under stress.,0.38690587878227234
"Financial, Intellectual, Spiritual",I am very positive and happy and have a healthy mindset.,0.38618311285972595
"Financial, Intellectual, Spiritual",My mental health is so bad that I am unable to control my emotions.,0.3840351104736328
"Financial, Intellectual, Spiritual","I am happy, motivated, and have a positive outlook on life.",0.3824039697647095
"Financial, Intellectual, Spiritual",I know how to balance my emotions during stress situations.,0.3774270713329315
"Financial, Intellectual, Spiritual",My mood is affected by my financial and spiritual instability.,0.374023973941803
"Financial, Intellectual, Spiritual",My mood swings are not aligned with the goals of my life.,0.35726359486579895
"Financial, Intellectual, Spiritual","I am more likely to have feelings of sadness or sadness, or anxiety and depression.",0.355298787355423
"Financial, Intellectual, Spiritual",My thoughts or feelings are mixed up with my thoughts and feelings.,0.3207375407218933
"Financial, Intellectual, Spiritual",My goals and beliefs are not shared by those around me,0.31325533986091614
"Financial, Intellectual, Spiritual",I have been diagnosed with depression in the last few months.,0.30975908041000366
"Financial, Intellectual, Spiritual","I have a healthy attitude and self confidence, but I have a difficult time understanding my situation.",0.3083013594150543
"Financial, Intellectual, Spiritual",I think it's important that I know what I can do in my life.,0.3028212785720825
"Financial, Intellectual, Spiritual",I can make decisions when I want to change my lifestyle.,0.3000815510749817
"Financial, Intellectual, Spiritual",I have a stress problem that interferes with my mind and mind.,0.2958379089832306
"Financial, Intellectual, Spiritual",I can help others by communicating their feelings and behaviors.,0.29461440443992615
"Financial, Intellectual, Spiritual",My thoughts and thoughts are filtered through my thinking process.,0.2929576337337494
"Financial, Intellectual, Spiritual",Those who want to self-report must communicate their mood.,0.27548328042030334
"Financial, Intellectual, Spiritual","I have a good sense of purpose, thinking with purpose.",0.2752024829387665
"Financial, Intellectual, Spiritual",Mental health is not a one-size-fits-all approach to health.,0.2664860785007477
"Financial, Intellectual, Spiritual","My personality traits are described in three categories: Physical, intellectual, and spiritual",0.2561996579170227
"Financial, Intellectual, Spiritual",I know what I like to do and what I dislike about the world.,0.24466480314731598
"Financial, Intellectual, Spiritual",Mental health measures can be helpful for a person's mental health and can improve the health of a person.,0.2207939773797989
"Financial, Intellectual, Spiritual",I want to spend more time with my family and friends.,0.21601980924606323
"Financial, Intellectual, Spiritual","I was under pressure to focus, and I had to work hard.",0.19325536489486694
"Financial, Intellectual, Spiritual",I can take the first steps in my financial planning.,0.18978182971477509
"Financial, Intellectual, Spiritual",I have more money than I ever thought I would.,0.18737582862377167
"Financial, Occupational, Physical",I am able to balance my goals with my long-term needs.,0.5343225002288818
"Financial, Occupational, Physical",I am able to balance my spending habits with my priorities.,0.525022566318512
"Financial, Occupational, Physical",I am able to balance my emotional and physical needs.,0.5202876925468445
"Financial, Occupational, Physical",I am able to make a positive adjustment to my family and work schedules.,0.5019009113311768
"Financial, Occupational, Physical",I am able to balance my emotional needs during stressful situations.,0.5007668137550354
"Financial, Occupational, Physical",I am able to maintain a positive outlook on my mental health.,0.49384889006614685
"Financial, Occupational, Physical",I feel I have the ability to make decisions that support my long-term needs.,0.491649866104126
"Financial, Occupational, Physical",I feel able to manage my emotional and physical self-reports.,0.48736169934272766
"Financial, Occupational, Physical",I can usually balance my finances with my life expectancy.,0.48019346594810486
"Financial, Occupational, Physical",I can usually balance my spending habits with my priorities.,0.47788435220718384
"Financial, Occupational, Physical",I can usually make budget decisions that support my long-term needs.,0.47248589992523193
"Financial, Occupational, Physical",I know I will be able to deal with routine financial responsibilities.,0.464756041765213
"Financial, Occupational, Physical",I can easily plan and control my spending habits without feeling overwhelmed.,0.45545291900634766
"Financial, Occupational, Physical",I can usually work out my goals and spend less money.,0.45354312658309937
"Financial, Occupational, Physical",I am able to make economical and balanced financial decisions.,0.4489310681819916
"Financial, Occupational, Physical",I can balance my thoughts and feelings efficiently during stressful situations.,0.44735971093177795
"Financial, Occupational, Physical","My budget is a strong asset, but my spending habits reflect my priorities.",0.43970584869384766
"Financial, Occupational, Physical",I am likely to focus on making decisions that support my long-term goals.,0.4372239410877228
"Financial, Occupational, Physical",I can usually be prepared to handle routine financial responsibilities.,0.43650081753730774
"Financial, Occupational, Physical",I feel prepared to manage my emotional needs during stressful situations.,0.4273604452610016
"Financial, Occupational, Physical",I am able to balance the energy and money that I use.,0.42636430263519287
"Financial, Occupational, Physical",I feel more financially prepared and less likely to spend.,0.3809807598590851
"Financial, Occupational, Physical",I am happy that I am able to keep my goals straight.,0.35606157779693604
"Financial, Occupational, Physical","I can have a healthy diet, but I have a stress-management disorder.",0.3267940878868103
"Financial, Occupational, Physical",I can find out how to manage my emotions effectively,0.3179611265659332
"Financial, Occupational, Physical",My health improves when I use my new electronic monitoring device and can make lifestyle changes based on that device.,0.3164331316947937
"Financial, Occupational, Physical",I have been spending less in the past month than in the last month.,0.2962796986103058
"Financial, Occupational, Physical",I am willing to talk to anyone who wants to talk about my mental health.,0.27812737226486206
"Financial, Occupational, Physical",My health is improving based on my past medical records.,0.26763057708740234
"Financial, Occupational, Physical",I have not been self-reported in mental health for years,0.1829737275838852
"Financial, Occupational, Social",I feel less self-conscious when my finances are under control.,0.4961577355861664
"Financial, Occupational, Social",My emotional experiences are influenced by my financial status and lifestyle.,0.48890018463134766
"Financial, Occupational, Social",I think I am more self-dependent when my finances are under control.,0.48696234822273254
"Financial, Occupational, Social","I think I am happier, less stressed, and more self-aware.",0.4770283102989197
"Financial, Occupational, Social",I feel more optimistic when my finances are in order.,0.4761287569999695
"Financial, Occupational, Social",My self-reporting mental health measures the ways I feel about my finances.,0.47094714641571045
"Financial, Occupational, Social",I feel more financially secure when I'm able to budget my spending habits.,0.46459776163101196
"Financial, Occupational, Social",I have a feeling of self-worth in my own financial situation.,0.454595685005188
"Financial, Occupational, Social",I am happy to be in control of my finances.,0.4543328881263733
"Financial, Occupational, Social",I think that my financial situation influences my choices and actions.,0.45124828815460205
"Financial, Occupational, Social",My mental health habits influence the choices I make in daily life.,0.44914761185646057
"Financial, Occupational, Social",I feel more happy when I have a stable income.,0.44733405113220215
"Financial, Occupational, Social",I feel more likely to be financially stable than I am in a stable job.,0.4380045533180237
"Financial, Occupational, Social",I think I'm more aware of my financial situation than I think I am,0.4264819324016571
"Financial, Occupational, Social",My finances and health are the major factors that influence my lifestyle.,0.41783851385116577
"Financial, Occupational, Social",I feel more successful at managing my emotions in daily life.,0.397828072309494
"Financial, Occupational, Social",I feel more self-sufficient than I ever thought I would.,0.3937613070011139
"Financial, Occupational, Social",I am more comfortable with the choices I make in daily life.,0.3936289846897125
"Financial, Occupational, Social",I feel less stressed and have less of a sense of control.,0.3912755250930786
"Financial, Occupational, Social",I feel happier in the relationships I have with my family.,0.38633444905281067
"Financial, Occupational, Social",I have some self-report items that are not based on your financial situation.,0.3541015088558197
"Financial, Occupational, Social",I feel more relaxed when I spend more time in the family.,0.35299861431121826
"Financial, Occupational, Social",I feel less likely to make purchases when I am under budget.,0.3527326285839081
"Financial, Occupational, Social",I've had some change in my mental health over the past few weeks.,0.344771146774292
"Financial, Occupational, Social",I have a mental health problem that impacts my income and expenses.,0.33336079120635986
"Financial, Occupational, Social",My physical state is the same as my mental state.,0.33017706871032715
"Financial, Occupational, Social",I feel more self conscious when I am spending my time with friends.,0.3297216296195984
"Financial, Occupational, Social",My mental health is a pillar of mine and I want to know what's going on at home.,0.31575366854667664
"Financial, Occupational, Social",I'm attracted to people who are self-aware and have strong emotional control.,0.3044109046459198
"Financial, Occupational, Social",I feel more self-report than I thought I would.,0.26908057928085327
"Financial, Occupational, Spiritual",I have mental health problems and wish I could balance my finances.,0.40128931403160095
"Financial, Occupational, Spiritual","I am a financial, physical, and spiritual self-report item.",0.40014177560806274
"Financial, Occupational, Spiritual","My financial, spiritual, and physical well being is characterized by good and good financial and physical health.",0.38918301463127136
"Financial, Occupational, Spiritual",I think I can do the same things as I do financially.,0.38711783289909363
"Financial, Occupational, Spiritual","I can find a happy, fulfilling, successful, self-satisfied life.",0.3742063343524933
"Financial, Occupational, Spiritual",I know that my mental health is improving mainly because I am able to balance current expenses with future goals.,0.3723415732383728
"Financial, Occupational, Spiritual",I need to balance my finances with my spiritual and physical needs.,0.3534337878227234
"Financial, Occupational, Spiritual","I have a long-term mental health condition, so I can do better.",0.3524478077888489
"Financial, Occupational, Spiritual",I want to make a change to my finances and maintain my health.,0.3511400520801544
"Financial, Occupational, Spiritual",I am likely to be a poor person in my life.,0.34945690631866455
"Financial, Occupational, Spiritual",I feel that my family is worth more than what I do financially.,0.33627593517303467
"Financial, Occupational, Spiritual",I want to know how much I want to help others financially.,0.33455854654312134
"Financial, Occupational, Spiritual",I need to focus on getting my life in order.,0.32720378041267395
"Financial, Occupational, Spiritual","People describe me as giving, willing to share my time with others.",0.321227490901947
"Financial, Occupational, Spiritual",I have a feeling that I am being selfish and need to focus on money and money and want to be selfish.,0.3177502751350403
"Financial, Occupational, Spiritual",I am a compassionate and caring person who likes to share my time with others.,0.3174879550933838
"Financial, Occupational, Spiritual",I'm not sure what to do in my life.,0.3034835457801819
"Financial, Occupational, Spiritual",I am financially stable and have an active immune system.,0.297361820936203
"Financial, Occupational, Spiritual",I'm a loving person but sometimes I have to do things I would never be able to do in my life.,0.2971591055393219
"Financial, Occupational, Spiritual","Generally, I believe that I am a competent and logical person and willing to share my time with others.",0.2960445284843445
"Financial, Occupational, Spiritual",I am grateful to have my time allocated to me.,0.293425977230072
"Financial, Occupational, Spiritual",I have a financial problem that is making me anxious.,0.2903311252593994
"Financial, Occupational, Spiritual",I am a helpful individual and want to share my time with others.,0.2845310866832733
"Financial, Occupational, Spiritual","I was not healthy, but I have goals for the future",0.273626446723938
"Financial, Occupational, Spiritual",I like to enjoy spending time with my family and family.,0.2688312530517578
"Financial, Occupational, Spiritual",A self-report indicates that a person has an increased ability to survive and thrive.,0.2559468150138855
"Financial, Occupational, Spiritual",I was asked what type of activities have affected your mental health.,0.23414035141468048
"Financial, Occupational, Spiritual",My emotional self-report self-report self-report self-report self-report self-report self-report self-,0.21985794603824615
"Financial, Occupational, Spiritual",I find it hard to get into other jobs when I work a lot of different jobs.,0.21250465512275696
"Financial, Occupational, Spiritual",You are not as smart as you think you are.,0.13626372814178467
"Financial, Physical, Social",I have a good understanding of how to cope with the stresses of life.,0.37494561076164246
"Financial, Physical, Social","I have been consistently consistent in my spending habits, lifestyle, and financial goals.",0.3734852373600006
"Financial, Physical, Social",I can survive and prosper when I have a clear financial plan.,0.373153954744339
"Financial, Physical, Social",I feel more stable after spending habits reflect my priorities.,0.37093010544776917
"Financial, Physical, Social",I feel happier when I have a clear finances plan.,0.3669264614582062
"Financial, Physical, Social",I know I can deal with the stress of my physical and mental health,0.36000165343284607
"Financial, Physical, Social",I rely on my family to help me through my rough times.,0.3581932783126831
"Financial, Physical, Social",I feel more satisfied and positive after a clear financial plan.,0.33987700939178467
"Financial, Physical, Social",I do not always feel happy when I have a clear plan.,0.3393914997577667
"Financial, Physical, Social",I've been spending my money on things I can't afford.,0.33486172556877136
"Financial, Physical, Social",My financial planning gives me a solid foundation for my future.,0.3320532739162445
"Financial, Physical, Social","I have had multiple depressions, anxiety, and other psychological issues.",0.32362300157546997
"Financial, Physical, Social",I am resilient but not confident in my ability to survive.,0.3216259479522705
"Financial, Physical, Social","I stayed away from the health consequences of having chronic illness, injury, or other hardships.",0.32057318091392517
"Financial, Physical, Social",My financial plan is a very important part of my self-report.,0.3195313513278961
"Financial, Physical, Social",I am a strong and stable individual with the ability to manage emotions effectively,0.30721738934516907
"Financial, Physical, Social",I feel a change from the last time I was with my family.,0.3032504916191101
"Financial, Physical, Social",I think I can survive in most situations I've been in.,0.2991465926170349
"Financial, Physical, Social",I have an abundance of self-report items in my finances.,0.2858802080154419
"Financial, Physical, Social",I am more secure and resilient with who I am.,0.28431954979896545
"Financial, Physical, Social",I've been told that I am not in a good financial position financially.,0.28306591510772705
"Financial, Physical, Social",I have a stressful life and I need to be able to manage my emotions effectively.,0.27472123503685
"Financial, Physical, Social","I feel that I am having negative thoughts, feelings, or tendencies.",0.26482075452804565
"Financial, Physical, Social",I feel like I am going to miss my parents.,0.2431991696357727
"Financial, Physical, Social","I often take an interdisciplinary approach to self-reporting, such as the Behavioral Health Questionnaire.",0.2395307570695877
"Financial, Physical, Social",I think I like my family more than I do.,0.23413248360157013
"Financial, Physical, Social",I know that I'm not a good family member.,0.23226454854011536
"Financial, Physical, Social",I want to feel safe and secure while I'm sick.,0.23107367753982544
"Financial, Physical, Social",I have difficulty concentrating at work due to being short at work and being under the influence of alcohol.,0.21178527176380157
"Financial, Physical, Social",I feel a little bit of a mess in my living room.,0.20260077714920044
"Financial, Physical, Spiritual",My emotional health is the only factor that I are able to manage in a very stressful situation.,0.4303893744945526
"Financial, Physical, Spiritual",My mental health has improved significantly and I am able to manage my emotional and physical health.,0.4259793162345886
"Financial, Physical, Spiritual",I am more focused and focused on self and mental health than on a physical or spiritual path.,0.42444750666618347
"Financial, Physical, Spiritual","My thoughts are focused on my physical, mental, and spiritual health.",0.4222595989704132
"Financial, Physical, Spiritual",I rely on self-report mental health research to make positive decisions for myself.,0.40028083324432373
"Financial, Physical, Spiritual",I have a healthy mindset and a healthy social life.,0.38954833149909973
"Financial, Physical, Spiritual",I can't seem to maintain focus on my health.,0.38751351833343506
"Financial, Physical, Spiritual",I feel self-centered after a stressful day or week.,0.38645491003990173
"Financial, Physical, Spiritual","I have mental health issues related to depression, anxiety, or fear.",0.38574254512786865
"Financial, Physical, Spiritual",I am happy to be able to keep up with my physical demands.,0.38158711791038513
"Financial, Physical, Spiritual","I feel physically strong and physically strong, but I need to change my mental health.",0.38057491183280945
"Financial, Physical, Spiritual",I have a healthy lifestyle and make the most of opportunities for relaxation.,0.37530699372291565
"Financial, Physical, Spiritual",I try to stay in control of my energy and desire throughout the day.,0.3744865357875824
"Financial, Physical, Spiritual",I experience mental health issues and have been diagnosed with a mental health problem.,0.372376412153244
"Financial, Physical, Spiritual",I feel a lot of frustration after things are stressful.,0.3679971694946289
"Financial, Physical, Spiritual",I have physical activity that provides my health and vitality.,0.34432128071784973
"Financial, Physical, Spiritual","My thoughts often focus on personal matters, not financial and physical matters",0.3345712125301361
"Financial, Physical, Spiritual",I have been diagnosed with mental health issues in the past few years and feel very bad about them.,0.33263927698135376
"Financial, Physical, Spiritual","I like to be active, and sometimes I even take up a challenge.",0.3253873586654663
"Financial, Physical, Spiritual",I feel stressed when I think I don't have time.,0.32322871685028076
"Financial, Physical, Spiritual","I feel the need to take a positive, loving approach to my self-talk.",0.3198156952857971
"Financial, Physical, Spiritual",I do not feel safe in situations that require a lot of energy.,0.29897844791412354
"Financial, Physical, Spiritual",I feel a sense of self-worth after the long day.,0.29834049940109253
"Financial, Physical, Spiritual",I enjoy having access to resources to help me move forward.,0.27538374066352844
"Financial, Physical, Spiritual",I try to have fun and learn from the experience.,0.2661445438861847
"Financial, Physical, Spiritual",I find it easier to be financially stable than physically fit than physically fit.,0.2438346892595291
"Financial, Physical, Spiritual",I was diagnosed with a condition characterized by chronic pain and anxiety,0.24098140001296997
"Financial, Physical, Spiritual",I want to get to know others more in a meaningful way.,0.23834198713302612
"Financial, Physical, Spiritual",I do not feel happy in the beginning of the month.,0.237080916762352
"Financial, Physical, Spiritual",i know what is important to me in life i have no idea what is important to me,0.22936557233333588
"Financial, Social, Spiritual",I have a coping mechanism in place for issues associated with financial and social well-being.,0.3769102692604065
"Financial, Social, Spiritual",I want to know how your financial and social habits affect your thoughts and feelings,0.35645896196365356
"Financial, Social, Spiritual",My personality and finances are not in an accurate state.,0.3361840844154358
"Financial, Social, Spiritual",Personal financial and social support of others can help you focus and remain focused.,0.3351359963417053
"Financial, Social, Spiritual",I believe it is important that I take care of my financial well-being.,0.33372974395751953
"Financial, Social, Spiritual",I work hard to be an effective financial and social self-reporter.,0.33257392048835754
"Financial, Social, Spiritual",I understand what I receive help and support from others when I need it.,0.3314582109451294
"Financial, Social, Spiritual",My finances are in a positive state and I have good financial health.,0.31285378336906433
"Financial, Social, Spiritual",I have a social life and is a person who does not have money.,0.308999627828598
"Financial, Social, Spiritual",How much do you receive help from others when you need it?,0.3068922162055969
"Financial, Social, Spiritual",Whether you have some financial concerns interfere with your peace of mind.,0.29655706882476807
"Financial, Social, Spiritual",I have a low balance between my family and lifestyle.,0.2953655421733856
"Financial, Social, Spiritual",I like my money well enough to give to others.,0.28180089592933655
"Financial, Social, Spiritual",People would describe me as giving because I like sharing time with others.,0.2803545594215393
"Financial, Social, Spiritual",I am willing to share my time and time with others.,0.25870808959007263
"Financial, Social, Spiritual",I have been diagnosed with depression and am not being very healthy.,0.2567320168018341
"Financial, Social, Spiritual",My income is more than I use to make money.,0.2544109523296356
"Financial, Social, Spiritual","Whether you are having a difficult time or just struggling with self-esteem, you're probably not getting enough support.",0.250654399394989
"Financial, Social, Spiritual",A self-report does not describe how well you or others treat you.,0.2480628937482834
"Financial, Social, Spiritual","I would describe myself as a loving person, willing to share my time with others.",0.24476376175880432
"Financial, Social, Spiritual",A self-report is a self-port to assess one's mental health and to evaluate other people's mental health.,0.24329327046871185
"Financial, Social, Spiritual",You are likely to feel your emotional levels in stress at the time.,0.23619718849658966
"Financial, Social, Spiritual",I understand what my money is going in each month.,0.2286486029624939
"Financial, Social, Spiritual",How many people do you have a close and secure relationship.,0.2127324342727661
"Financial, Social, Spiritual",The self-report is not likely to be a comprehensive self-report on your mental health.,0.21060749888420105
"Financial, Social, Spiritual",You say you are very honest and you are very kind to yourself.,0.2083211988210678
"Financial, Social, Spiritual",I have been to a counselor for the past ten years and have never had a therapist for 20 years.,0.19638819992542267
"Financial, Social, Spiritual",I have a tight heartbeat and am sensitive to other people.,0.18625730276107788
"Financial, Social, Spiritual",The following are some of the characteristics that a self-reporter may display,0.17888380587100983
"Financial, Social, Spiritual",I often get a jittery or anxious feeling from my stress.,0.16956691443920135
"Intellectual, Occupational, Physical",I feel happy that I have accomplished a few tasks each day.,0.5737821459770203
"Intellectual, Occupational, Physical",I feel relieved when I have completed the important tasks in my daily life.,0.5502893924713135
"Intellectual, Occupational, Physical",I feel generally good about what I'm doing daily.,0.5413444638252258
"Intellectual, Occupational, Physical",I feel physically and emotionally satisfied with how well I perform daily.,0.537052571773529
"Intellectual, Occupational, Physical",I feel glad I can accomplish important tasks and work everyday.,0.5317773222923279
"Intellectual, Occupational, Physical",I feel confident about my mental health and work to achieve goals.,0.5298495888710022
"Intellectual, Occupational, Physical",I feel happy because of the amount of physical stimulation I receive in my daily life.,0.5225841403007507
"Intellectual, Occupational, Physical",I am very happy in my daily life and I feel very happy to do something that makes me happy.,0.521798849105835
"Intellectual, Occupational, Physical",I am happy and excited about the amount of intellectual stimulation I receive in my daily life.,0.518582820892334
"Intellectual, Occupational, Physical",I feel physically healthy and work hard to achieve goals.,0.5115678310394287
"Intellectual, Occupational, Physical",I feel the emotional stimulation I received in my daily life.,0.4972086250782013
"Intellectual, Occupational, Physical",I feel excited about everything I do in my life.,0.49504923820495605
"Intellectual, Occupational, Physical",I feel a sense of fulfillment when I am driven by my hard work.,0.4830389618873596
"Intellectual, Occupational, Physical",I like to feel helpful and positive about what I do.,0.4803558588027954
"Intellectual, Occupational, Physical",I enjoy my daily life but sometimes I feel sad.,0.46708202362060547
"Intellectual, Occupational, Physical",I find myself more creative and productive on a daily basis.,0.46691399812698364
"Intellectual, Occupational, Physical",I find myself fulfilled by what I get in my daily life.,0.4526532292366028
"Intellectual, Occupational, Physical",I feel a lot more productive than other people who do my job.,0.4468698501586914
"Intellectual, Occupational, Physical",I feel energized and confident that I can solve problems.,0.4447144567966461
"Intellectual, Occupational, Physical",I feel that I am well-informed by what I receive in my daily life.,0.43792304396629333
"Intellectual, Occupational, Physical",I find it very important to keep working to my goals.,0.4368564486503601
"Intellectual, Occupational, Physical",I feel proud of the number of accomplishments in my daily life.,0.4367493987083435
"Intellectual, Occupational, Physical",I enjoy the way I interact with others in my daily life.,0.42279505729675293
"Intellectual, Occupational, Physical",I feel physically and emotionally healthier than the last few years.,0.4095175564289093
"Intellectual, Occupational, Physical",I often feel anxious about my personal and organizational health.,0.3930158317089081
"Intellectual, Occupational, Physical",I find it easier to balance productivity with rest and work.,0.3609963655471802
"Intellectual, Occupational, Physical",I think my mental health can be controlled through physical stimulation.,0.3315056562423706
"Intellectual, Occupational, Physical",I have difficulty in focusing or focusing on daily activities.,0.328635036945343
"Intellectual, Occupational, Physical",I enjoy eating a light lunch and enjoying watching a movie.,0.32338520884513855
"Intellectual, Occupational, Physical",I feel a strong immune system when I feel stressed.,0.30116480588912964
"Intellectual, Occupational, Social",I find that my intellectual abilities are fundamental to my overall well-being.,0.45220261812210083
"Intellectual, Occupational, Social",I find it important to have an intellectually stimulating lifestyle.,0.44880008697509766
"Intellectual, Occupational, Social",I find it rewarding to be able to achieve important tasks.,0.44764435291290283
"Intellectual, Occupational, Social",I find it difficult to achieve my goals without intellectual stimulation,0.4385477304458618
"Intellectual, Occupational, Social","I find myself getting a more positive mood, more physical and social development, and more productive activities.",0.43420323729515076
"Intellectual, Occupational, Social","I find it important to have a productive, productive, and caring life.",0.4220913052558899
"Intellectual, Occupational, Social",I find it more important than ever to pursue my own interests and ideas.,0.41440147161483765
"Intellectual, Occupational, Social",I find it easier to have a mental health challenge than to be overwhelmed by intellectual stimulation.,0.4106304943561554
"Intellectual, Occupational, Social",I like intellectual stimulation and want to participate in life.,0.4059321880340576
"Intellectual, Occupational, Social","I have found positive changes in my intellectual stimulation in the past, with my attention to cognitive learning and my ability to focus on learning.",0.4042501747608185
"Intellectual, Occupational, Social",I find it hard to handle daily life and sometimes I find that my work is unfulfilling.,0.401366651058197
"Intellectual, Occupational, Social",I find it hard to maintain myself when I am working.,0.3948960602283478
"Intellectual, Occupational, Social",I find myself happier when I can see progress in my work.,0.39394697546958923
"Intellectual, Occupational, Social",I find it hard to take on a stress-induced intellectual problem.,0.3778701722621918
"Intellectual, Occupational, Social",I am likely to report to my supervisor about my intellectual strengths.,0.37523725628852844
"Intellectual, Occupational, Social",I feel satisfied with how I spend my free time.,0.36960622668266296
"Intellectual, Occupational, Social",I feel less likely to make decisions that affect my goals.,0.36389899253845215
"Intellectual, Occupational, Social",I like to study intellectual challenges and achieve good results.,0.3555717468261719
"Intellectual, Occupational, Social",My intellectual activities and interests are not shared by others,0.35104304552078247
"Intellectual, Occupational, Social",I find it hard to understand why I feel anxious in my daily life.,0.32963329553604126
"Intellectual, Occupational, Social",I feel grateful for what I receive in my daily life.,0.32872846722602844
"Intellectual, Occupational, Social",I have a good sense of logical thinking and action.,0.3178079128265381
"Intellectual, Occupational, Social",I feel glad that I have a sense of accomplishment.,0.31294912099838257
"Intellectual, Occupational, Social",My hobbies and interests are not shared by those around me,0.3050619661808014
"Intellectual, Occupational, Social",I find it hard to get through a difficult life.,0.3041050136089325
"Intellectual, Occupational, Social","I enjoy working at my job, I enjoy playing my computer, I enjoy reading my newspaper, I enjoy the opportunity to meet new people, I enjoy getting good",0.30050188302993774
"Intellectual, Occupational, Social",I find it easier to learn in math than in my physical environment.,0.27279165387153625
"Intellectual, Occupational, Social",My personality type does not have the same dimensions as my other personality traits.,0.24157100915908813
"Intellectual, Occupational, Social",I have not had any physical physical physical physical changes in my life in the past 3 years.,0.21610407531261444
"Intellectual, Occupational, Social",My opinions have changed over the past year and a half.,0.10623311996459961
"Intellectual, Occupational, Spiritual",You feel good about the amount of intellectual stimulation you receive in your daily life.,0.5312134623527527
"Intellectual, Occupational, Spiritual",I feel pleasantly surprised to receive an intellectual stimulation in my daily life.,0.5216763615608215
"Intellectual, Occupational, Spiritual",I felt happy with the amount of intellectual stimulation I received in my daily life.,0.50718754529953
"Intellectual, Occupational, Spiritual","I am grateful for my intellectual stimulation, and I work to attain goals.",0.5010249614715576
"Intellectual, Occupational, Spiritual",I believe in intellectual stimulation and desire to do something worthwhile in my life.,0.49752023816108704
"Intellectual, Occupational, Spiritual",I feel happy and positive about my work and what I do in my life.,0.49141159653663635
"Intellectual, Occupational, Spiritual",I am more aware of my sense of direction in life than of my intellectual stimulation.,0.4824860095977783
"Intellectual, Occupational, Spiritual",I feel like I know how to balance my intellectual stimulation.,0.4759664237499237
"Intellectual, Occupational, Spiritual","I am very proud of my intellectual success, and I think the work I do contributes to my sense of direction in life.",0.4747735261917114
"Intellectual, Occupational, Spiritual","I'm grateful to my physical, intellectual, and spiritual stimulation.",0.4625861346721649
"Intellectual, Occupational, Spiritual",I feel like I feel happy in my daily life.,0.45549529790878296
"Intellectual, Occupational, Spiritual",I typically find my work to be vital to my overall well-being.,0.4502946734428406
"Intellectual, Occupational, Spiritual",I found my current intellectual challenges important to my overall well-being.,0.4494243264198303
"Intellectual, Occupational, Spiritual",I think I am more productive in my daily life.,0.4445691406726837
"Intellectual, Occupational, Spiritual",I find my personal life to be a positive and worthwhile life.,0.44227588176727295
"Intellectual, Occupational, Spiritual",I have a positive attitude towards my own well-being.,0.4406707286834717
"Intellectual, Occupational, Spiritual",I'm likely to receive more physical and cognitive stimulation than I would on any other day.,0.42623594403266907
"Intellectual, Occupational, Spiritual",I feel proud of what I do to achieve a specific goal or interest.,0.4228612184524536
"Intellectual, Occupational, Spiritual",I am more likely to feel depressed about my thoughts than physically or emotionally.,0.4030650854110718
"Intellectual, Occupational, Spiritual",I'm happy that I have been given opportunities to participate in a healthy lifestyle.,0.40049517154693604
"Intellectual, Occupational, Spiritual","I work for a good company, but I think intellectual challenges are vital to my overall well-being.",0.3976925015449524
"Intellectual, Occupational, Spiritual",I am often able to focus on the task at hand.,0.3873250484466553
"Intellectual, Occupational, Spiritual",I think I have a sense of direction in my life.,0.37366434931755066
"Intellectual, Occupational, Spiritual",I feel I am likely to spend some time in therapy in the morning.,0.3434348404407501
"Intellectual, Occupational, Spiritual",I often feel drained of energy in my daily life.,0.3387664556503296
"Intellectual, Occupational, Spiritual",I am an active participant in the National Institutes of Health Research in the Mental Health Survey.,0.33782336115837097
"Intellectual, Occupational, Spiritual",I have been studying intellectually for the past three years.,0.33466604351997375
"Intellectual, Occupational, Spiritual",I like having an avocation that contributes to my overall well-being.,0.3311411738395691
"Intellectual, Occupational, Spiritual",I find it hard to imagine myself in such a situation.,0.20718109607696533
"Intellectual, Occupational, Spiritual","The physical symptoms of mental health problems include: anxiety and depression, suicidal thoughts, and depression.",0.17445936799049377
"Intellectual, Physical, Social",I feel satisfied with my physical and social stimulation I receive in my daily life.,0.4777548015117645
"Intellectual, Physical, Social",I feel happy and self-satisfied with my daily life.,0.45688241720199585
"Intellectual, Physical, Social",I feel satisfied with my ability to deal with stress.,0.4454142451286316
"Intellectual, Physical, Social",I feel the same physical and physical stimulation every day.,0.43006718158721924
"Intellectual, Physical, Social","I feel energized and focused, and have a positive attitude.",0.41503703594207764
"Intellectual, Physical, Social",I feel happy with my physical and social development in the past month.,0.41233500838279724
"Intellectual, Physical, Social","Generally, I feel happy and successful in my daily life.",0.40449243783950806
"Intellectual, Physical, Social",I feel happy and content in the way I feel.,0.39507776498794556
"Intellectual, Physical, Social",I feel I am at an adequate level of intellectual stimulation.,0.39350879192352295
"Intellectual, Physical, Social",I am very active in my work and social life.,0.3763628900051117
"Intellectual, Physical, Social","I feel proud of myself, and I enjoy social activities.",0.3727407455444336
"Intellectual, Physical, Social","I enjoy my intellectual stimulation, even if it's not helpful.",0.361153781414032
"Intellectual, Physical, Social",I am happier in my daily life than in my adult life.,0.35504773259162903
"Intellectual, Physical, Social","My health, intellectual, physical, and social activities are related to my mental health.",0.35159462690353394
"Intellectual, Physical, Social",I feel better mentally and physically in the past month than before.,0.342710942029953
"Intellectual, Physical, Social",I find it difficult to maintain the same routine as my physical activities.,0.33243024349212646
"Intellectual, Physical, Social",I feel proud of my ability to solve the problems of my life.,0.3305896520614624
"Intellectual, Physical, Social",My physical and cognitive health has improved in the last month.,0.32163622975349426
"Intellectual, Physical, Social",I feel more alert when I feel sick than when I feel well.,0.3083373010158539
"Intellectual, Physical, Social",I find my personality to be more interesting and sociable.,0.3029845058917999
"Intellectual, Physical, Social","I have a good physical state, but can't seem to get much physical stimulation",0.30249181389808655
"Intellectual, Physical, Social","I feel energized in my life, but not pumped up about it.",0.29754650592803955
"Intellectual, Physical, Social",I have been diagnosed with depression and mental health disorders.,0.29213324189186096
"Intellectual, Physical, Social",My personality seems to be changing in the past few months.,0.28978925943374634
"Intellectual, Physical, Social","I do not think I feel well enough to write, do I?",0.25271713733673096
"Intellectual, Physical, Social",I often have a difficult time sitting in my bed with my legs twitching or jerking while asleep.,0.2337166965007782
"Intellectual, Physical, Social",I have never seen any physical or mental health problems before.,0.22016476094722748
"Intellectual, Physical, Social",Approximately how often do your room mate reported leg twitching or jerking while asleep?,0.16574271023273468
"Intellectual, Physical, Social",My bedroom partner reported legs twitching or jerking during sleep in the past month.,0.14767137169837952
"Intellectual, Physical, Social","The person may not want to talk, or will have to speak in a conversation.",0.07934998720884323
"Intellectual, Physical, Spiritual",I feel positive about my self-esteem and intellectual stimulation.,0.5528867840766907
"Intellectual, Physical, Spiritual",I feel happy and content with the way I get my daily life.,0.5449205636978149
"Intellectual, Physical, Spiritual",My feelings and beliefs are reflected in the positives of my daily life and my physical abilities.,0.5347169637680054
"Intellectual, Physical, Spiritual",I feel very happy and proud that I have good mental health.,0.531047523021698
"Intellectual, Physical, Spiritual","Generally, I feel good about my physical condition and spiritual health.",0.5168442130088806
"Intellectual, Physical, Spiritual",I feel resentful of my physical physical and spiritual stimulation.,0.5122135877609253
"Intellectual, Physical, Spiritual",I feel that I am a good individual and can manage my emotions effectively during stressful situations.,0.49106475710868835
"Intellectual, Physical, Spiritual",I am satisfied with my emotional stimulation I receive in my daily life.,0.4906117022037506
"Intellectual, Physical, Spiritual",I feel content in the way I handle my emotions.,0.4896959960460663
"Intellectual, Physical, Spiritual","Generally, I feel grateful to receive intellectual stimulation in my daily life.",0.4859324097633362
"Intellectual, Physical, Spiritual",I feel very happy and I feel motivated to work hard.,0.46925216913223267
"Intellectual, Physical, Spiritual",I think I am satisfied with the way I interact with my life.,0.4664478302001953
"Intellectual, Physical, Spiritual",I feel well-balanced and in charge of my energy throughout the day.,0.4537025988101959
"Intellectual, Physical, Spiritual",I feel I am the best of the best when I am in a good mood and I am happy and successful.,0.4475313425064087
"Intellectual, Physical, Spiritual",I feel the need to feel better physically and spiritually.,0.44480547308921814
"Intellectual, Physical, Spiritual",I feel happy that I feel energetic throughout the day.,0.44456490874290466
"Intellectual, Physical, Spiritual","In general, I feel excited and optimistic about my abilities.",0.4419010877609253
"Intellectual, Physical, Spiritual",I feel more conscious of my mental health than I ever thought I would in the next few weeks.,0.4415697753429413
"Intellectual, Physical, Spiritual",I feel a great deal of self-appreciation about my ability to take action.,0.4299219846725464
"Intellectual, Physical, Spiritual",I am more emotionally active in my life than I am in my work.,0.4295593202114105
"Intellectual, Physical, Spiritual",I don't feel like I am good in my own life.,0.4291929006576538
"Intellectual, Physical, Spiritual",I think I am successful and have a balanced personality.,0.4138011038303375
"Intellectual, Physical, Spiritual",I feel the need to know how I am doing in various ways.,0.411050409078598
"Intellectual, Physical, Spiritual",I feel like I can use many different areas of my personality to achieve my goals.,0.3878181278705597
"Intellectual, Physical, Spiritual",I feel sad when I know what I am doing wrong.,0.37518176436424255
"Intellectual, Physical, Spiritual",I feel self conscious about my desire to eat healthier.,0.3679114282131195
"Intellectual, Physical, Spiritual",I feel like I have a self-report mental health disorder.,0.36778852343559265
"Intellectual, Physical, Spiritual",My physical and spiritual physical and spiritual symptoms are the same as my physical and spiritual levels.,0.3575819730758667
"Intellectual, Physical, Spiritual",I am more than content with my current self-report.,0.34087422490119934
"Intellectual, Physical, Spiritual","My personality is not what I am used to, and I can't understand anything about it.",0.31644588708877563
"Intellectual, Social, Spiritual",I find that intellectual challenges are crucial to my overall well-being.,0.4578174948692322
"Intellectual, Social, Spiritual",I found that intellectual challenges were vital to my overall well-being.,0.4421677887439728
"Intellectual, Social, Spiritual",I think that new experiences that challenge my thinking about myself and the world are important to me.,0.4411129653453827
"Intellectual, Social, Spiritual",I have an intellectual challenge that makes me a better person.,0.42273178696632385
"Intellectual, Social, Spiritual",I have not learned that my intelligence and my intellectual challenges are vital to my overall well-being.,0.4221894145011902
"Intellectual, Social, Spiritual",I have had a few mental challenges to overcome in the past.,0.41194361448287964
"Intellectual, Social, Spiritual",I believe my own experiences challenge my beliefs in terms of myself and the world.,0.39228975772857666
"Intellectual, Social, Spiritual",My experience with intellectual challenges is not common to me,0.39107546210289
"Intellectual, Social, Spiritual","I believe that if I think it is important to have new experiences, I feel as if nobody really understands me",0.3820154368877411
"Intellectual, Social, Spiritual",My life isn't all that it seems to be and I'm feeling as if nobody really understands me,0.3659971356391907
"Intellectual, Social, Spiritual",I feel that I have not developed as a person.,0.36305007338523865
"Intellectual, Social, Spiritual",I have confidence in my own opinions that challenge how I think about myself and the world.,0.36236339807510376
"Intellectual, Social, Spiritual",My intellectual challenges were not shared by those around me,0.3607111871242523
"Intellectual, Social, Spiritual",I feel that there is no one else who understands me.,0.3582482635974884
"Intellectual, Social, Spiritual",I believe that intellectual challenges can lead to improved mental health.,0.35220077633857727
"Intellectual, Social, Spiritual",I find myself overwhelmed by the things I love and the things I dislike.,0.3497975170612335
"Intellectual, Social, Spiritual","I am more likely to be mentally healthy than physically, emotionally, and spiritually.",0.34832632541656494
"Intellectual, Social, Spiritual",I feel I am vulnerable to people that influence me.,0.3483181595802307
"Intellectual, Social, Spiritual","I feel that the world is unfair to my beliefs, ideas, and thoughts.",0.33269673585891724
"Intellectual, Social, Spiritual",I often find myself focusing on my own interests and ideas.,0.33269500732421875
"Intellectual, Social, Spiritual",I think I can live with what I'm experiencing.,0.3304692506790161
"Intellectual, Social, Spiritual",I have a strong attachment to people in my social circle.,0.326686292886734
"Intellectual, Social, Spiritual",My mental health may be good or bad and not good.,0.309357225894928
"Intellectual, Social, Spiritual","I have a strong sense of accomplishment, even if they are not shared by those around me.",0.30883854627609253
"Intellectual, Social, Spiritual",I have always felt sad because I am afraid of being alone in my life.,0.28503483533859253
"Intellectual, Social, Spiritual",I have a strong mental health disorder that has made me unbalanced.,0.2818326950073242
"Intellectual, Social, Spiritual",My friends have different views on defining what I want to live with.,0.2708428204059601
"Intellectual, Social, Spiritual",I like to be a person who does everything in my power,0.26808011531829834
"Intellectual, Social, Spiritual",I want to share my experiences and beliefs with others.,0.2640369236469269
"Intellectual, Social, Spiritual",I was not as well educated as I used to be.,0.20610684156417847
"Occupational, Physical, Social","I am happy doing so many things alone, how is your physical health?",0.521637499332428
"Occupational, Physical, Social",I find that my physical health has declined and that I am tired of doing so many things alone.,0.5035297274589539
"Occupational, Physical, Social","Compared to other people I know, my physical health has been exceptional.",0.49321600794792175
"Occupational, Physical, Social","I am happy and healthier, and it hurts when I have to do many things alone.",0.47139105200767517
"Occupational, Physical, Social",I want you to feel good about your physical health.,0.45747557282447815
"Occupational, Physical, Social",I don't know how I feel about my health.,0.4563375413417816
"Occupational, Physical, Social",I have been good at keeping my physical well-being under control.,0.45349571108818054
"Occupational, Physical, Social",I am unhappy with my physical health and feel very sick.,0.4455706477165222
"Occupational, Physical, Social",I want to know what my health is like in terms of mental health.,0.44279298186302185
"Occupational, Physical, Social",I have been in good health for over 25 years and am healthy as of 2016.,0.4342785179615021
"Occupational, Physical, Social",My physical health is worse than it could be because of my past physical health.,0.43370023369789124
"Occupational, Physical, Social","I am not happy with my body, but I feel happy when I have good care of my body.",0.4336722791194916
"Occupational, Physical, Social","Compared to your medical history, how is your current physical health?",0.42904922366142273
"Occupational, Physical, Social",I am happy that I am happy and have good mental health.,0.41840699315071106
"Occupational, Physical, Social","I'm happy doing so many things alone, but not very well.",0.4082469940185547
"Occupational, Physical, Social",I am glad that I have been healthy for a long time.,0.4060821831226349
"Occupational, Physical, Social",I want to think about how I am able to take good care of my body.,0.4056859314441681
"Occupational, Physical, Social",I have healthy lifestyle choices and I'm proud of myself.,0.40525367856025696
"Occupational, Physical, Social",I am very worried that my physical health is going down.,0.4017952084541321
"Occupational, Physical, Social",I am unhappy because I am alone and feel overwhelmed.,0.3889281749725342
"Occupational, Physical, Social","I have a healthy lifestyle, but am not working properly.",0.3785504400730133
"Occupational, Physical, Social","I am very ill at work, but I can manage my feelings when I feel overwhelmed.",0.3715452551841736
"Occupational, Physical, Social",I am happy when I do so many things alone.,0.3709338903427124
"Occupational, Physical, Social",I think I am having a good time doing so many things alone.,0.36641934514045715
"Occupational, Physical, Social",I want to know how you are coping with stress.,0.36126595735549927
"Occupational, Physical, Social",I have trouble focusing on the things I do and I am feeling overwhelmed.,0.30207574367523193
"Occupational, Physical, Social",A person who is not physically well has a higher chance of developing mental illnesses.,0.2702438235282898
"Occupational, Physical, Social",The following symptoms could be reported as a predictor of mental health.,0.2531127631664276
"Occupational, Physical, Social",I am sad and do n't want to make any changes.,0.22005212306976318
"Occupational, Physical, Social","A self-report has to describe personal feelings, behaviors, or tendencies.",0.21814584732055664
"Occupational, Physical, Spiritual",My physical health is a combination of good and bad.,0.5459737181663513
"Occupational, Physical, Spiritual",My health is a mixture of physical and mental health.,0.5388266444206238
"Occupational, Physical, Spiritual",My physical health seems to be at the right level.,0.5169090032577515
"Occupational, Physical, Spiritual",I have physical health issues that can impact my life.,0.5141816735267639
"Occupational, Physical, Spiritual",I find it hard to be positive about my physical health.,0.5050752758979797
"Occupational, Physical, Spiritual",I'm satisfied with my health and want to do something about it.,0.4922022223472595
"Occupational, Physical, Spiritual","I am living a healthy lifestyle, and am getting healthier physically.",0.4880828559398651
"Occupational, Physical, Spiritual",I have a high level of physical and mental health.,0.4869273900985718
"Occupational, Physical, Spiritual",My personal health is not a measure of health or happiness.,0.47862720489501953
"Occupational, Physical, Spiritual","I am not healthy enough to handle work, work, and social life.",0.4771248996257782
"Occupational, Physical, Spiritual",I have a chronic disease that affects my physical health.,0.4566061198711395
"Occupational, Physical, Spiritual",I have a healthy body and feel good about myself.,0.4551135003566742
"Occupational, Physical, Spiritual",I want to find out what other people say about my health.,0.44607576727867126
"Occupational, Physical, Spiritual",I do not feel I am healthy enough to work or live in a job.,0.44061610102653503
"Occupational, Physical, Spiritual","My mental health has deteriorated, and I expect my mental health to get worse.",0.42657047510147095
"Occupational, Physical, Spiritual",My mental health is not good enough to be a self-report item,0.4190598428249359
"Occupational, Physical, Spiritual",I find my body a natural defense system to avoid any physical illnesses.,0.41207048296928406
"Occupational, Physical, Spiritual",My mental health has improved substantially since I started my self-report.,0.40568408370018005
"Occupational, Physical, Spiritual",I feel that I have the health to do this.,0.40538156032562256
"Occupational, Physical, Spiritual",I like how healthy my body feels when I take good care of it.,0.3982815444469452
"Occupational, Physical, Spiritual",I have high energy and have a positive attitude towards life.,0.3911030888557434
"Occupational, Physical, Spiritual",I have an average of 20 different mental health disorders.,0.3819233179092407
"Occupational, Physical, Spiritual",I am very physically active and eat a lot of meat.,0.3746659755706787
"Occupational, Physical, Spiritual","I need more rest, and I need to get better.",0.32952597737312317
"Occupational, Physical, Spiritual",I am grateful for my body's ability to heal.,0.3143507242202759
"Occupational, Physical, Spiritual",I don't know how to do my job or how to survive.,0.2728745639324188
"Occupational, Physical, Spiritual",I have been told I need to rest for the past month.,0.2636588215827942
"Occupational, Physical, Spiritual",I was able to handle my emotions in stressful situations.,0.23337258398532867
"Occupational, Physical, Spiritual",My mind seems to be a little on the edge of degeneration.,0.22979611158370972
"Occupational, Physical, Spiritual",I don't want to be dead at the office.,0.18476182222366333
"Occupational, Social, Spiritual","My personal feelings, behaviors, or tendencies have been described as a coping mechanism.",0.4056380093097687
"Occupational, Social, Spiritual","I have found myself coping with stressful situations more often, often than others.",0.39363789558410645
"Occupational, Social, Spiritual",My self-report of mental health was positive in the past.,0.39038389921188354
"Occupational, Social, Spiritual",I have felt confident that I would be able to manage my emotions effectively during stressful situations.,0.37569329142570496
"Occupational, Social, Spiritual","I've been struggling with depression and anxiety, and haven't had a full mental health check up for almost a decade.",0.3647843301296234
"Occupational, Social, Spiritual",To what extent do you experience emotional disturbances and disorders?,0.3560243248939514
"Occupational, Social, Spiritual","Specifically, what do you think about yourself when you are having difficult times?",0.35508954524993896
"Occupational, Social, Spiritual",I have been in the most stressful situation in my life.,0.35428112745285034
"Occupational, Social, Spiritual",Emotional self-report is a self-report about emotional states,0.35237622261047363
"Occupational, Social, Spiritual","I have felt anxious, and I feel more secure in myself, but I have been unsatisfied in myself in the past, when in the past",0.3436039090156555
"Occupational, Social, Spiritual",I have some issues that I can't control or express myself in the moment.,0.33963078260421753
"Occupational, Social, Spiritual","If I have a self-report mental health problem, how are you treating it?",0.33856508135795593
"Occupational, Social, Spiritual",Describe the characteristics of your personality in relation to your social and emotional needs.,0.33443811535835266
"Occupational, Social, Spiritual",A self-report is a self-report that describes mental health.,0.3317047357559204
"Occupational, Social, Spiritual",I have been feeling overwhelmed in my life lately and am on the lookout for coping strategies for dealing with this.,0.3190213143825531
"Occupational, Social, Spiritual",I have found that my emotions are being developed through my relationships with others.,0.31378433108329773
"Occupational, Social, Spiritual","You need to describe your daily habits, such as your physical and mental health, your ability to think emotionally, your ability to maintain your social and physical connections,",0.3034173250198364
"Occupational, Social, Spiritual",My mental health has been very poor in the past.,0.29377520084381104
"Occupational, Social, Spiritual","I want to know how healthy I feel physically, emotionally, and spiritually.",0.27908462285995483
"Occupational, Social, Spiritual",The person's self-report shows that their personal life is of significant importance.,0.2635756731033325
"Occupational, Social, Spiritual","I feel a sense of security to myself, but no sense of security to others.",0.25750935077667236
"Occupational, Social, Spiritual",I am happy and satisfied that my family support me and that I am doing the best I can.,0.25144949555397034
"Occupational, Social, Spiritual",The following types of self-report is the best type of self-report item:,0.2344360202550888
"Occupational, Social, Spiritual",I was not the best of people and was not the most well-advanced person.,0.22121115028858185
"Occupational, Social, Spiritual",I feel I have not had as many friends as I would like.,0.21400494873523712
"Occupational, Social, Spiritual",The following are things that I am able to manage with support.,0.21296276152133942
"Occupational, Social, Spiritual",To what extent are you in the right places for work?,0.19595587253570557
"Occupational, Social, Spiritual",I am not in the same group as everyone else.,0.18828730285167694
"Occupational, Social, Spiritual",Forgiveness is a mental health issue that affects one's outlook on life.,0.18122757971286774
"Occupational, Social, Spiritual",I have never been on a mission to help others.,0.14540418982505798
"Physical, Social, Spiritual","My physical well-being is improved, but my mental health is poor.",0.45945245027542114
"Physical, Social, Spiritual",Your physical health appears to be normal and satisfies your needs.,0.4580205976963043
"Physical, Social, Spiritual","Your health is the result of your physical, social, and spiritual health.",0.45489099621772766
"Physical, Social, Spiritual","My health, compared to others of your same age and sex, is pretty good.",0.4539869427680969
"Physical, Social, Spiritual","A self-report about yourself is helpful to people looking to describe their physical, social, and spiritual health.",0.4341478943824768
"Physical, Social, Spiritual",I would like to know if you have a positive mental health assessment.,0.4267237186431885
"Physical, Social, Spiritual",A new self-report of mental health and health is being completed.,0.42554008960723877
"Physical, Social, Spiritual","My health is great, my physical and mental health are great, and my energy levels are booming!",0.42481911182403564
"Physical, Social, Spiritual","How would you say your physical, social, and spiritual health is?",0.418861448764801
"Physical, Social, Spiritual",I think that I am doing what I enjoy best to maintain health.,0.41299566626548767
"Physical, Social, Spiritual","I do not feel as healthy as others of my age and sex, how is your health?",0.4098171293735504
"Physical, Social, Spiritual",How many physical and social characteristics do you have that are deficient in your health?,0.393372118473053
"Physical, Social, Spiritual",A self-report is an individual’s mental health report.,0.39305558800697327
"Physical, Social, Spiritual",I want to know how I do better in my mental health.,0.39037391543388367
"Physical, Social, Spiritual",The first step to making the decision to self-report is to evaluate the situation in which you feel that you are mentally or physically ill.,0.38805651664733887
"Physical, Social, Spiritual",My health and mental health levels have fallen significantly in the past month.,0.3861326277256012
"Physical, Social, Spiritual",A self-report is the self-assignment of a mental health issue.,0.3753955364227295
"Physical, Social, Spiritual",You may be surprised at how many behaviors and behaviors you possess aren't related to your physical or mental health.,0.37487179040908813
"Physical, Social, Spiritual",I have taken some good care of myself in the past month.,0.36823248863220215
"Physical, Social, Spiritual",My body is great and my body needs more care.,0.36074692010879517
"Physical, Social, Spiritual",I am likely to take some time to relax and have a mental health evaluation.,0.36034905910491943
"Physical, Social, Spiritual",Mental health was considered an important component of the overall self-reporting process.,0.35570651292800903
"Physical, Social, Spiritual",My health has declined in the past month or so.,0.34786438941955566
"Physical, Social, Spiritual",My health is improving because my immune system is increasing.,0.34691324830055237
"Physical, Social, Spiritual",How does your health compare to your best friend's?,0.310575932264328
"Physical, Social, Spiritual",I am good in general and am good at physical and social activities.,0.2887280285358429
"Physical, Social, Spiritual",I was very happy when I saw someone with a large body and could feel their physical and emotional health.,0.27619099617004395
"Physical, Social, Spiritual",I think most people may not be as drained from their bodies as they think they are.,0.2471141517162323
"Physical, Social, Spiritual","I don't know if I'm having too much trouble in my personality, and it's hard to explain.",0.24183432757854462
"Physical, Social, Spiritual",How often does your companion report leg twitching while sleeping?,0.11347579210996628
