target_dims,generated_text,combo_size,target_count,generated_count,seed_1,seed_2,seed_3,seed_4,seed_5,seed_6
Emotional,I am able to control my emotions effectively during stressful situations.,1,30,30,"I am able to handle unpleasant or painful feelings like sadness, fear, and anger.",How often do you feel sad?,How often do you feel angry?,How often do you feel anxious?,I notice when stress begins to affect my body.,"In times of stress, I know where to find help."
Emotional,I am able to handle the emotional stress of life and have the ability to cope with stressful situations.,1,30,30,"I am able to handle unpleasant or painful feelings like sadness, fear, and anger.",How often do you feel sad?,How often do you feel angry?,How often do you feel anxious?,I notice when stress begins to affect my body.,"In times of stress, I know where to find help."
Emotional,I have a fear of my sadness and fear of the unknown.,1,30,30,"I am able to handle unpleasant or painful feelings like sadness, fear, and anger.",How often do you feel sad?,How often do you feel angry?,How often do you feel anxious?,I notice when stress begins to affect my body.,"In times of stress, I know where to find help."
Emotional,I am able to cope with emotional stress effectively during stressful situations.,1,30,30,"I am able to handle unpleasant or painful feelings like sadness, fear, and anger.",How often do you feel sad?,How often do you feel angry?,How often do you feel anxious?,I notice when stress begins to affect my body.,"In times of stress, I know where to find help."
Emotional,I'm not able to take care of the emotional stress I'm experiencing.,1,30,30,"I am able to handle unpleasant or painful feelings like sadness, fear, and anger.",How often do you feel sad?,How often do you feel angry?,How often do you feel anxious?,I notice when stress begins to affect my body.,"In times of stress, I know where to find help."
Emotional,"My feelings of sadness, fear, and anger are clearly defined and portrayed.",1,30,30,"I am able to handle unpleasant or painful feelings like sadness, fear, and anger.",How often do you feel sad?,How often do you feel angry?,How often do you feel anxious?,I notice when stress begins to affect my body.,"In times of stress, I know where to find help."
Emotional,I have a strong immune system and I feel the way I do in these stressful situations.,1,30,30,"I am able to handle unpleasant or painful feelings like sadness, fear, and anger.",How often do you feel sad?,How often do you feel angry?,How often do you feel anxious?,I notice when stress begins to affect my body.,"In times of stress, I know where to find help."
Emotional,"I feel comfortable in the presence of feelings of anxiety, depression, and anger.",1,30,30,"I am able to handle unpleasant or painful feelings like sadness, fear, and anger.",How often do you feel sad?,How often do you feel angry?,How often do you feel anxious?,I notice when stress begins to affect my body.,"In times of stress, I know where to find help."
Emotional,I have been to a therapist in a crisis before and after a crisis.,1,30,30,"I am able to handle unpleasant or painful feelings like sadness, fear, and anger.",How often do you feel sad?,How often do you feel angry?,How often do you feel anxious?,I notice when stress begins to affect my body.,"In times of stress, I know where to find help."
Emotional,"I am able to deal with unpleasant feelings like sadness, fear, and anger.",1,30,30,"I am able to handle unpleasant or painful feelings like sadness, fear, and anger.",How often do you feel sad?,How often do you feel angry?,How often do you feel anxious?,I notice when stress begins to affect my body.,"In times of stress, I know where to find help."
Emotional,I am able to handle emotional turmoil and feelings like sadness and fear.,1,30,30,"I am able to handle unpleasant or painful feelings like sadness, fear, and anger.",How often do you feel sad?,How often do you feel angry?,How often do you feel anxious?,I notice when stress begins to affect my body.,"In times of stress, I know where to find help."
Emotional,I can manage my emotional feelings effectively during stressful situations.,1,30,30,"I am able to handle unpleasant or painful feelings like sadness, fear, and anger.",How often do you feel sad?,How often do you feel angry?,How often do you feel anxious?,I notice when stress begins to affect my body.,"In times of stress, I know where to find help."
Emotional,"I have a tendency to be very sensitive to emotions like sadness, fear, and anger.",1,30,30,"I am able to handle unpleasant or painful feelings like sadness, fear, and anger.",How often do you feel sad?,How often do you feel angry?,How often do you feel anxious?,I notice when stress begins to affect my body.,"In times of stress, I know where to find help."
Emotional,I am able to deal with negative feelings like anxiety and stress.,1,30,30,"I am able to handle unpleasant or painful feelings like sadness, fear, and anger.",How often do you feel sad?,How often do you feel angry?,How often do you feel anxious?,I notice when stress begins to affect my body.,"In times of stress, I know where to find help."
Emotional,I am able to control my emotions in times of stress.,1,30,30,"I am able to handle unpleasant or painful feelings like sadness, fear, and anger.",How often do you feel sad?,How often do you feel angry?,How often do you feel anxious?,I notice when stress begins to affect my body.,"In times of stress, I know where to find help."
Emotional,I feel my emotions in situations I don't like.,1,30,30,"I am able to handle unpleasant or painful feelings like sadness, fear, and anger.",How often do you feel sad?,How often do you feel angry?,How often do you feel anxious?,I notice when stress begins to affect my body.,"In times of stress, I know where to find help."
Emotional,I know where to find help when stress begins to affect my body.,1,30,30,"I am able to handle unpleasant or painful feelings like sadness, fear, and anger.",How often do you feel sad?,How often do you feel angry?,How often do you feel anxious?,I notice when stress begins to affect my body.,"In times of stress, I know where to find help."
Emotional,I can take care of my feelings while feeling sad or anxious.,1,30,30,"I am able to handle unpleasant or painful feelings like sadness, fear, and anger.",How often do you feel sad?,How often do you feel angry?,How often do you feel anxious?,I notice when stress begins to affect my body.,"In times of stress, I know where to find help."
Emotional,I am able to deal with unpleasant or painful feelings.,1,30,30,"I am able to handle unpleasant or painful feelings like sadness, fear, and anger.",How often do you feel sad?,How often do you feel angry?,How often do you feel anxious?,I notice when stress begins to affect my body.,"In times of stress, I know where to find help."
Emotional,I can handle emotional pressure in a calm and centered way.,1,30,30,"I am able to handle unpleasant or painful feelings like sadness, fear, and anger.",How often do you feel sad?,How often do you feel angry?,How often do you feel anxious?,I notice when stress begins to affect my body.,"In times of stress, I know where to find help."
Emotional,I have the ability to manage my emotions effectively during stressful situations.,1,30,30,"I am able to handle unpleasant or painful feelings like sadness, fear, and anger.",How often do you feel sad?,How often do you feel angry?,How often do you feel anxious?,I notice when stress begins to affect my body.,"In times of stress, I know where to find help."
Emotional,I am able to manage my emotions during stressful situations.,1,30,30,"I am able to handle unpleasant or painful feelings like sadness, fear, and anger.",How often do you feel sad?,How often do you feel angry?,How often do you feel anxious?,I notice when stress begins to affect my body.,"In times of stress, I know where to find help."
Emotional,I am able to deal with emotional distress and fear.,1,30,30,"I am able to handle unpleasant or painful feelings like sadness, fear, and anger.",How often do you feel sad?,How often do you feel angry?,How often do you feel anxious?,I notice when stress begins to affect my body.,"In times of stress, I know where to find help."
Emotional,I am able to deal with physical and mental stresses effectively.,1,30,30,"I am able to handle unpleasant or painful feelings like sadness, fear, and anger.",How often do you feel sad?,How often do you feel angry?,How often do you feel anxious?,I notice when stress begins to affect my body.,"In times of stress, I know where to find help."
Emotional,I am able to handle emotional stress during stressful situations.,1,30,30,"I am able to handle unpleasant or painful feelings like sadness, fear, and anger.",How often do you feel sad?,How often do you feel angry?,How often do you feel anxious?,I notice when stress begins to affect my body.,"In times of stress, I know where to find help."
Emotional,"I can handle my feelings like anger, sadness, and anxiety.",1,30,30,"I am able to handle unpleasant or painful feelings like sadness, fear, and anger.",How often do you feel sad?,How often do you feel angry?,How often do you feel anxious?,I notice when stress begins to affect my body.,"In times of stress, I know where to find help."
Emotional,My emotions have a way of making me feel better.,1,30,30,"I am able to handle unpleasant or painful feelings like sadness, fear, and anger.",How often do you feel sad?,How often do you feel angry?,How often do you feel anxious?,I notice when stress begins to affect my body.,"In times of stress, I know where to find help."
Emotional,I feel like I am being influenced by other people.,1,30,30,"I am able to handle unpleasant or painful feelings like sadness, fear, and anger.",How often do you feel sad?,How often do you feel angry?,How often do you feel anxious?,I notice when stress begins to affect my body.,"In times of stress, I know where to find help."
Emotional,I am not able to handle emotions effectively during stressful situations.,1,30,30,"I am able to handle unpleasant or painful feelings like sadness, fear, and anger.",How often do you feel sad?,How often do you feel angry?,How often do you feel anxious?,I notice when stress begins to affect my body.,"In times of stress, I know where to find help."
Emotional,I feel anxious in the hospital because I can't find a medical provider.,1,30,30,"I am able to handle unpleasant or painful feelings like sadness, fear, and anger.",How often do you feel sad?,How often do you feel angry?,How often do you feel anxious?,I notice when stress begins to affect my body.,"In times of stress, I know where to find help."
Environmental,My environment can be a difficult place for me to relax.,1,30,30,My environment makes it easier for me to take care of myself.,Noise or clutter in my environment makes it harder for me to relax.,My home environment helps me feel secure.,I feel safer when the spaces around me are predictable and comfortable.,I feel more comfortable when my surroundings match my needs.,I feel more at ease when my living space is clean and organized.
Environmental,I feel more comfortable when my home environment is clean and organized.,1,30,30,My environment makes it easier for me to take care of myself.,Noise or clutter in my environment makes it harder for me to relax.,My home environment helps me feel secure.,I feel safer when the spaces around me are predictable and comfortable.,I feel more comfortable when my surroundings match my needs.,I feel more at ease when my living space is clean and organized.
Environmental,My environment can be a supportive environment for me to feel safe.,1,30,30,My environment makes it easier for me to take care of myself.,Noise or clutter in my environment makes it harder for me to relax.,My home environment helps me feel secure.,I feel safer when the spaces around me are predictable and comfortable.,I feel more comfortable when my surroundings match my needs.,I feel more at ease when my living space is clean and organized.
Environmental,I feel less at ease when my surroundings match my needs.,1,30,30,My environment makes it easier for me to take care of myself.,Noise or clutter in my environment makes it harder for me to relax.,My home environment helps me feel secure.,I feel safer when the spaces around me are predictable and comfortable.,I feel more comfortable when my surroundings match my needs.,I feel more at ease when my living space is clean and organized.
Environmental,My environment has a positive effect on me and helps me to keep me alive.,1,30,30,My environment makes it easier for me to take care of myself.,Noise or clutter in my environment makes it harder for me to relax.,My home environment helps me feel secure.,I feel safer when the spaces around me are predictable and comfortable.,I feel more comfortable when my surroundings match my needs.,I feel more at ease when my living space is clean and organized.
Environmental,I find it easier to relax after a stressful situation.,1,30,30,My environment makes it easier for me to take care of myself.,Noise or clutter in my environment makes it harder for me to relax.,My home environment helps me feel secure.,I feel safer when the spaces around me are predictable and comfortable.,I feel more comfortable when my surroundings match my needs.,I feel more at ease when my living space is clean and organized.
Environmental,I feel happier when my surroundings are safe and predictable.,1,30,30,My environment makes it easier for me to take care of myself.,Noise or clutter in my environment makes it harder for me to relax.,My home environment helps me feel secure.,I feel safer when the spaces around me are predictable and comfortable.,I feel more comfortable when my surroundings match my needs.,I feel more at ease when my living space is clean and organized.
Environmental,I can feel less stressed or angry when I occupy my living space.,1,30,30,My environment makes it easier for me to take care of myself.,Noise or clutter in my environment makes it harder for me to relax.,My home environment helps me feel secure.,I feel safer when the spaces around me are predictable and comfortable.,I feel more comfortable when my surroundings match my needs.,I feel more at ease when my living space is clean and organized.
Environmental,I feel safe and more comfortable in my living space.,1,30,30,My environment makes it easier for me to take care of myself.,Noise or clutter in my environment makes it harder for me to relax.,My home environment helps me feel secure.,I feel safer when the spaces around me are predictable and comfortable.,I feel more comfortable when my surroundings match my needs.,I feel more at ease when my living space is clean and organized.
Environmental,My home environment helps me relax and be more comfortable.,1,30,30,My environment makes it easier for me to take care of myself.,Noise or clutter in my environment makes it harder for me to relax.,My home environment helps me feel secure.,I feel safer when the spaces around me are predictable and comfortable.,I feel more comfortable when my surroundings match my needs.,I feel more at ease when my living space is clean and organized.
Environmental,My home environment makes it easier for me to relax.,1,30,30,My environment makes it easier for me to take care of myself.,Noise or clutter in my environment makes it harder for me to relax.,My home environment helps me feel secure.,I feel safer when the spaces around me are predictable and comfortable.,I feel more comfortable when my surroundings match my needs.,I feel more at ease when my living space is clean and organized.
Environmental,I feel more comfortable when my living space matches my needs.,1,30,30,My environment makes it easier for me to take care of myself.,Noise or clutter in my environment makes it harder for me to relax.,My home environment helps me feel secure.,I feel safer when the spaces around me are predictable and comfortable.,I feel more comfortable when my surroundings match my needs.,I feel more at ease when my living space is clean and organized.
Environmental,I feel happier when the places around me are predictable and comfortable.,1,30,30,My environment makes it easier for me to take care of myself.,Noise or clutter in my environment makes it harder for me to relax.,My home environment helps me feel secure.,I feel safer when the spaces around me are predictable and comfortable.,I feel more comfortable when my surroundings match my needs.,I feel more at ease when my living space is clean and organized.
Environmental,My environment has a positive impact on my mental health.,1,30,30,My environment makes it easier for me to take care of myself.,Noise or clutter in my environment makes it harder for me to relax.,My home environment helps me feel secure.,I feel safer when the spaces around me are predictable and comfortable.,I feel more comfortable when my surroundings match my needs.,I feel more at ease when my living space is clean and organized.
Environmental,I feel more at ease when my home environment matches my needs.,1,30,30,My environment makes it easier for me to take care of myself.,Noise or clutter in my environment makes it harder for me to relax.,My home environment helps me feel secure.,I feel safer when the spaces around me are predictable and comfortable.,I feel more comfortable when my surroundings match my needs.,I feel more at ease when my living space is clean and organized.
Environmental,My environment is healthier and is easier for me to relax.,1,30,30,My environment makes it easier for me to take care of myself.,Noise or clutter in my environment makes it harder for me to relax.,My home environment helps me feel secure.,I feel safer when the spaces around me are predictable and comfortable.,I feel more comfortable when my surroundings match my needs.,I feel more at ease when my living space is clean and organized.
Environmental,I feel better when my environment is clean and organized.,1,30,30,My environment makes it easier for me to take care of myself.,Noise or clutter in my environment makes it harder for me to relax.,My home environment helps me feel secure.,I feel safer when the spaces around me are predictable and comfortable.,I feel more comfortable when my surroundings match my needs.,I feel more at ease when my living space is clean and organized.
Environmental,I feel healthier and more comfortable when the space around me is conducive to my activities.,1,30,30,My environment makes it easier for me to take care of myself.,Noise or clutter in my environment makes it harder for me to relax.,My home environment helps me feel secure.,I feel safer when the spaces around me are predictable and comfortable.,I feel more comfortable when my surroundings match my needs.,I feel more at ease when my living space is clean and organized.
Environmental,I am healthier in my home environment and feel happier in my surrounding.,1,30,30,My environment makes it easier for me to take care of myself.,Noise or clutter in my environment makes it harder for me to relax.,My home environment helps me feel secure.,I feel safer when the spaces around me are predictable and comfortable.,I feel more comfortable when my surroundings match my needs.,I feel more at ease when my living space is clean and organized.
Environmental,I have a clear sense of direction and my mind is alert when I hear noise.,1,30,30,My environment makes it easier for me to take care of myself.,Noise or clutter in my environment makes it harder for me to relax.,My home environment helps me feel secure.,I feel safer when the spaces around me are predictable and comfortable.,I feel more comfortable when my surroundings match my needs.,I feel more at ease when my living space is clean and organized.
Environmental,I feel less anxious when my environment matches my needs.,1,30,30,My environment makes it easier for me to take care of myself.,Noise or clutter in my environment makes it harder for me to relax.,My home environment helps me feel secure.,I feel safer when the spaces around me are predictable and comfortable.,I feel more comfortable when my surroundings match my needs.,I feel more at ease when my living space is clean and organized.
Environmental,I think my environment is relaxing and I feel free.,1,30,30,My environment makes it easier for me to take care of myself.,Noise or clutter in my environment makes it harder for me to relax.,My home environment helps me feel secure.,I feel safer when the spaces around me are predictable and comfortable.,I feel more comfortable when my surroundings match my needs.,I feel more at ease when my living space is clean and organized.
Environmental,I need to make sure that my environment doesn't interfere with my emotional health.,1,30,30,My environment makes it easier for me to take care of myself.,Noise or clutter in my environment makes it harder for me to relax.,My home environment helps me feel secure.,I feel safer when the spaces around me are predictable and comfortable.,I feel more comfortable when my surroundings match my needs.,I feel more at ease when my living space is clean and organized.
Environmental,I feel more comfortable when my environment is well-maintained.,1,30,30,My environment makes it easier for me to take care of myself.,Noise or clutter in my environment makes it harder for me to relax.,My home environment helps me feel secure.,I feel safer when the spaces around me are predictable and comfortable.,I feel more comfortable when my surroundings match my needs.,I feel more at ease when my living space is clean and organized.
Environmental,I feel safer and more at ease when my surroundings are the right fit.,1,30,30,My environment makes it easier for me to take care of myself.,Noise or clutter in my environment makes it harder for me to relax.,My home environment helps me feel secure.,I feel safer when the spaces around me are predictable and comfortable.,I feel more comfortable when my surroundings match my needs.,I feel more at ease when my living space is clean and organized.
Environmental,I take care of myself in the way I feel.,1,30,30,My environment makes it easier for me to take care of myself.,Noise or clutter in my environment makes it harder for me to relax.,My home environment helps me feel secure.,I feel safer when the spaces around me are predictable and comfortable.,I feel more comfortable when my surroundings match my needs.,I feel more at ease when my living space is clean and organized.
Environmental,I'm more relaxed than I could have in my own environment.,1,30,30,My environment makes it easier for me to take care of myself.,Noise or clutter in my environment makes it harder for me to relax.,My home environment helps me feel secure.,I feel safer when the spaces around me are predictable and comfortable.,I feel more comfortable when my surroundings match my needs.,I feel more at ease when my living space is clean and organized.
Environmental,I am less likely to suffer from depression or anxiety.,1,30,30,My environment makes it easier for me to take care of myself.,Noise or clutter in my environment makes it harder for me to relax.,My home environment helps me feel secure.,I feel safer when the spaces around me are predictable and comfortable.,I feel more comfortable when my surroundings match my needs.,I feel more at ease when my living space is clean and organized.
Environmental,My environment helps me relax and have a good night's sleep.,1,30,30,My environment makes it easier for me to take care of myself.,Noise or clutter in my environment makes it harder for me to relax.,My home environment helps me feel secure.,I feel safer when the spaces around me are predictable and comfortable.,I feel more comfortable when my surroundings match my needs.,I feel more at ease when my living space is clean and organized.
Environmental,I feel more comfortable and more relaxed while my environment is clean and organized.,1,30,30,My environment makes it easier for me to take care of myself.,Noise or clutter in my environment makes it harder for me to relax.,My home environment helps me feel secure.,I feel safer when the spaces around me are predictable and comfortable.,I feel more comfortable when my surroundings match my needs.,I feel more at ease when my living space is clean and organized.
Financial,My financial situation has affected my lifestyle and the choices I make in my daily life.,1,30,30,My financial situation influences the choices I make in daily life.,My financial situation affects how secure I feel.,I feel more stable when I have a clear financial plan.,I feel informed about my financial situation.,I feel prepared to handle routine financial responsibilities.,I am able to make financial decisions that support my long-term needs.
Financial,I want to report on how financially you are financially and how well you are financially.,1,30,30,My financial situation influences the choices I make in daily life.,My financial situation affects how secure I feel.,I feel more stable when I have a clear financial plan.,I feel informed about my financial situation.,I feel prepared to handle routine financial responsibilities.,I am able to make financial decisions that support my long-term needs.
Financial,My financial situation affects my ability to make a stable financial decision.,1,30,30,My financial situation influences the choices I make in daily life.,My financial situation affects how secure I feel.,I feel more stable when I have a clear financial plan.,I feel informed about my financial situation.,I feel prepared to handle routine financial responsibilities.,I am able to make financial decisions that support my long-term needs.
Financial,I feel confident that I have a clear financial plan.,1,30,30,My financial situation influences the choices I make in daily life.,My financial situation affects how secure I feel.,I feel more stable when I have a clear financial plan.,I feel informed about my financial situation.,I feel prepared to handle routine financial responsibilities.,I am able to make financial decisions that support my long-term needs.
Financial,I feel more financially stable and more prepared to make decisions.,1,30,30,My financial situation influences the choices I make in daily life.,My financial situation affects how secure I feel.,I feel more stable when I have a clear financial plan.,I feel informed about my financial situation.,I feel prepared to handle routine financial responsibilities.,I am able to make financial decisions that support my long-term needs.
Financial,I am likely to be less financially stable than before.,1,30,30,My financial situation influences the choices I make in daily life.,My financial situation affects how secure I feel.,I feel more stable when I have a clear financial plan.,I feel informed about my financial situation.,I feel prepared to handle routine financial responsibilities.,I am able to make financial decisions that support my long-term needs.
Financial,I know my financial situation is impacting my life and it affects how I make financial decisions.,1,30,30,My financial situation influences the choices I make in daily life.,My financial situation affects how secure I feel.,I feel more stable when I have a clear financial plan.,I feel informed about my financial situation.,I feel prepared to handle routine financial responsibilities.,I am able to make financial decisions that support my long-term needs.
Financial,My financial situation affects how well I've been financially disciplined.,1,30,30,My financial situation influences the choices I make in daily life.,My financial situation affects how secure I feel.,I feel more stable when I have a clear financial plan.,I feel informed about my financial situation.,I feel prepared to handle routine financial responsibilities.,I am able to make financial decisions that support my long-term needs.
Financial,I feel mentally ill and have trouble managing my finances.,1,30,30,My financial situation influences the choices I make in daily life.,My financial situation affects how secure I feel.,I feel more stable when I have a clear financial plan.,I feel informed about my financial situation.,I feel prepared to handle routine financial responsibilities.,I am able to make financial decisions that support my long-term needs.
Financial,I feel the following: - I am ready to make lifestyle decisions.,1,30,30,My financial situation influences the choices I make in daily life.,My financial situation affects how secure I feel.,I feel more stable when I have a clear financial plan.,I feel informed about my financial situation.,I feel prepared to handle routine financial responsibilities.,I am able to make financial decisions that support my long-term needs.
Financial,My financial situation has a resemblance to how you feel.,1,30,30,My financial situation influences the choices I make in daily life.,My financial situation affects how secure I feel.,I feel more stable when I have a clear financial plan.,I feel informed about my financial situation.,I feel prepared to handle routine financial responsibilities.,I am able to make financial decisions that support my long-term needs.
Financial,My financial situation affects my ability to pay down bills.,1,30,30,My financial situation influences the choices I make in daily life.,My financial situation affects how secure I feel.,I feel more stable when I have a clear financial plan.,I feel informed about my financial situation.,I feel prepared to handle routine financial responsibilities.,I am able to make financial decisions that support my long-term needs.
Financial,My financial situation affects how well I perform in daily life.,1,30,30,My financial situation influences the choices I make in daily life.,My financial situation affects how secure I feel.,I feel more stable when I have a clear financial plan.,I feel informed about my financial situation.,I feel prepared to handle routine financial responsibilities.,I am able to make financial decisions that support my long-term needs.
Financial,I am able to make more decisions about my finances.,1,30,30,My financial situation influences the choices I make in daily life.,My financial situation affects how secure I feel.,I feel more stable when I have a clear financial plan.,I feel informed about my financial situation.,I feel prepared to handle routine financial responsibilities.,I am able to make financial decisions that support my long-term needs.
Financial,My financial situation influences my personal actions in daily life.,1,30,30,My financial situation influences the choices I make in daily life.,My financial situation affects how secure I feel.,I feel more stable when I have a clear financial plan.,I feel informed about my financial situation.,I feel prepared to handle routine financial responsibilities.,I am able to make financial decisions that support my long-term needs.
Financial,My financial situation influences how much I want to save.,1,30,30,My financial situation influences the choices I make in daily life.,My financial situation affects how secure I feel.,I feel more stable when I have a clear financial plan.,I feel informed about my financial situation.,I feel prepared to handle routine financial responsibilities.,I am able to make financial decisions that support my long-term needs.
Financial,My financial situation influences how I look at my future.,1,30,30,My financial situation influences the choices I make in daily life.,My financial situation affects how secure I feel.,I feel more stable when I have a clear financial plan.,I feel informed about my financial situation.,I feel prepared to handle routine financial responsibilities.,I am able to make financial decisions that support my long-term needs.
Financial,I am able to make the decisions I make in my life.,1,30,30,My financial situation influences the choices I make in daily life.,My financial situation affects how secure I feel.,I feel more stable when I have a clear financial plan.,I feel informed about my financial situation.,I feel prepared to handle routine financial responsibilities.,I am able to make financial decisions that support my long-term needs.
Financial,My financial situation influences the ways I make lifestyle choices.,1,30,30,My financial situation influences the choices I make in daily life.,My financial situation affects how secure I feel.,I feel more stable when I have a clear financial plan.,I feel informed about my financial situation.,I feel prepared to handle routine financial responsibilities.,I am able to make financial decisions that support my long-term needs.
Financial,I have a clear financial plan and am aware of my financial situation.,1,30,30,My financial situation influences the choices I make in daily life.,My financial situation affects how secure I feel.,I feel more stable when I have a clear financial plan.,I feel informed about my financial situation.,I feel prepared to handle routine financial responsibilities.,I am able to make financial decisions that support my long-term needs.
Financial,My financial situation affects how prepared I am for life.,1,30,30,My financial situation influences the choices I make in daily life.,My financial situation affects how secure I feel.,I feel more stable when I have a clear financial plan.,I feel informed about my financial situation.,I feel prepared to handle routine financial responsibilities.,I am able to make financial decisions that support my long-term needs.
Financial,I'm feeling more financially secure when I have a clear financial plan.,1,30,30,My financial situation influences the choices I make in daily life.,My financial situation affects how secure I feel.,I feel more stable when I have a clear financial plan.,I feel informed about my financial situation.,I feel prepared to handle routine financial responsibilities.,I am able to make financial decisions that support my long-term needs.
Financial,I feel anxious and stressed about the choices I make in daily life.,1,30,30,My financial situation influences the choices I make in daily life.,My financial situation affects how secure I feel.,I feel more stable when I have a clear financial plan.,I feel informed about my financial situation.,I feel prepared to handle routine financial responsibilities.,I am able to make financial decisions that support my long-term needs.
Financial,My financial situation impacts how successful I am in my current life.,1,30,30,My financial situation influences the choices I make in daily life.,My financial situation affects how secure I feel.,I feel more stable when I have a clear financial plan.,I feel informed about my financial situation.,I feel prepared to handle routine financial responsibilities.,I am able to make financial decisions that support my long-term needs.
Financial,My financial situation impacts my financial decisions in daily life.,1,30,30,My financial situation influences the choices I make in daily life.,My financial situation affects how secure I feel.,I feel more stable when I have a clear financial plan.,I feel informed about my financial situation.,I feel prepared to handle routine financial responsibilities.,I am able to make financial decisions that support my long-term needs.
Financial,I am aware that my financial situation affects my long-term needs.,1,30,30,My financial situation influences the choices I make in daily life.,My financial situation affects how secure I feel.,I feel more stable when I have a clear financial plan.,I feel informed about my financial situation.,I feel prepared to handle routine financial responsibilities.,I am able to make financial decisions that support my long-term needs.
Financial,I feel financially responsible for spending money on things I use frequently.,1,30,30,My financial situation influences the choices I make in daily life.,My financial situation affects how secure I feel.,I feel more stable when I have a clear financial plan.,I feel informed about my financial situation.,I feel prepared to handle routine financial responsibilities.,I am able to make financial decisions that support my long-term needs.
Financial,My financial situation influences the decisions I make in everyday life.,1,30,30,My financial situation influences the choices I make in daily life.,My financial situation affects how secure I feel.,I feel more stable when I have a clear financial plan.,I feel informed about my financial situation.,I feel prepared to handle routine financial responsibilities.,I am able to make financial decisions that support my long-term needs.
Financial,My financial situation influences how I make decisions in daily life.,1,30,30,My financial situation influences the choices I make in daily life.,My financial situation affects how secure I feel.,I feel more stable when I have a clear financial plan.,I feel informed about my financial situation.,I feel prepared to handle routine financial responsibilities.,I am able to make financial decisions that support my long-term needs.
Financial,My financial situation affects my physical health and well-being.,1,30,30,My financial situation influences the choices I make in daily life.,My financial situation affects how secure I feel.,I feel more stable when I have a clear financial plan.,I feel informed about my financial situation.,I feel prepared to handle routine financial responsibilities.,I am able to make financial decisions that support my long-term needs.
Intellectual,I feel glad that I am being able to handle my emotions effectively in the present.,1,30,30,"In the past, I have generally found intellectual challenges to be vital to my overall well-being.","Generally, I feel pleased with the amount of intellectual stimulation I receive in my daily life.",I prefer to take the lead in problem-solving.,My interests and ideas are not shared by those around me,To what extent do you feel excited and interested in things?,I am satisfied with the direction I am taking in my work or studies.
Intellectual,I have a very good understanding of mental health issues.,1,30,30,"In the past, I have generally found intellectual challenges to be vital to my overall well-being.","Generally, I feel pleased with the amount of intellectual stimulation I receive in my daily life.",I prefer to take the lead in problem-solving.,My interests and ideas are not shared by those around me,To what extent do you feel excited and interested in things?,I am satisfied with the direction I am taking in my work or studies.
Intellectual,My self-report indicates that I feel a lot of anxiety and stress at times in my life,1,30,30,"In the past, I have generally found intellectual challenges to be vital to my overall well-being.","Generally, I feel pleased with the amount of intellectual stimulation I receive in my daily life.",I prefer to take the lead in problem-solving.,My interests and ideas are not shared by those around me,To what extent do you feel excited and interested in things?,I am satisfied with the direction I am taking in my work or studies.
Intellectual,I feel glad that the physical demands I receive are important to my overall well-being.,1,30,30,"In the past, I have generally found intellectual challenges to be vital to my overall well-being.","Generally, I feel pleased with the amount of intellectual stimulation I receive in my daily life.",I prefer to take the lead in problem-solving.,My interests and ideas are not shared by those around me,To what extent do you feel excited and interested in things?,I am satisfied with the direction I am taking in my work or studies.
Intellectual,I am pleased with my daily life and intellectual stimulation I receive.,1,30,30,"In the past, I have generally found intellectual challenges to be vital to my overall well-being.","Generally, I feel pleased with the amount of intellectual stimulation I receive in my daily life.",I prefer to take the lead in problem-solving.,My interests and ideas are not shared by those around me,To what extent do you feel excited and interested in things?,I am satisfied with the direction I am taking in my work or studies.
Intellectual,I enjoy thinking about problems and thinking about the future,1,30,30,"In the past, I have generally found intellectual challenges to be vital to my overall well-being.","Generally, I feel pleased with the amount of intellectual stimulation I receive in my daily life.",I prefer to take the lead in problem-solving.,My interests and ideas are not shared by those around me,To what extent do you feel excited and interested in things?,I am satisfied with the direction I am taking in my work or studies.
Intellectual,I like to do everything I can to make my life better.,1,30,30,"In the past, I have generally found intellectual challenges to be vital to my overall well-being.","Generally, I feel pleased with the amount of intellectual stimulation I receive in my daily life.",I prefer to take the lead in problem-solving.,My interests and ideas are not shared by those around me,To what extent do you feel excited and interested in things?,I am satisfied with the direction I am taking in my work or studies.
Intellectual,I enjoy thinking about problems and ideas in my daily life.,1,30,30,"In the past, I have generally found intellectual challenges to be vital to my overall well-being.","Generally, I feel pleased with the amount of intellectual stimulation I receive in my daily life.",I prefer to take the lead in problem-solving.,My interests and ideas are not shared by those around me,To what extent do you feel excited and interested in things?,I am satisfied with the direction I am taking in my work or studies.
Intellectual,I feel glad that I don't have a lot of intellectual stimulation in my daily life,1,30,30,"In the past, I have generally found intellectual challenges to be vital to my overall well-being.","Generally, I feel pleased with the amount of intellectual stimulation I receive in my daily life.",I prefer to take the lead in problem-solving.,My interests and ideas are not shared by those around me,To what extent do you feel excited and interested in things?,I am satisfied with the direction I am taking in my work or studies.
Intellectual,"I enjoy doing research, but I am less interested in doing so than I am in my daily life.",1,30,30,"In the past, I have generally found intellectual challenges to be vital to my overall well-being.","Generally, I feel pleased with the amount of intellectual stimulation I receive in my daily life.",I prefer to take the lead in problem-solving.,My interests and ideas are not shared by those around me,To what extent do you feel excited and interested in things?,I am satisfied with the direction I am taking in my work or studies.
Intellectual,"My personality trait, mental health problems, and other factors are considered very important to me.",1,30,30,"In the past, I have generally found intellectual challenges to be vital to my overall well-being.","Generally, I feel pleased with the amount of intellectual stimulation I receive in my daily life.",I prefer to take the lead in problem-solving.,My interests and ideas are not shared by those around me,To what extent do you feel excited and interested in things?,I am satisfied with the direction I am taking in my work or studies.
Intellectual,I do not believe that intellectual challenges can be beneficial to my overall well-being.,1,30,30,"In the past, I have generally found intellectual challenges to be vital to my overall well-being.","Generally, I feel pleased with the amount of intellectual stimulation I receive in my daily life.",I prefer to take the lead in problem-solving.,My interests and ideas are not shared by those around me,To what extent do you feel excited and interested in things?,I am satisfied with the direction I am taking in my work or studies.
Intellectual,I find it helpful to communicate my strengths and weaknesses.,1,30,30,"In the past, I have generally found intellectual challenges to be vital to my overall well-being.","Generally, I feel pleased with the amount of intellectual stimulation I receive in my daily life.",I prefer to take the lead in problem-solving.,My interests and ideas are not shared by those around me,To what extent do you feel excited and interested in things?,I am satisfied with the direction I am taking in my work or studies.
Intellectual,I find intellectual stimulation to be important to my overall well-being.,1,30,30,"In the past, I have generally found intellectual challenges to be vital to my overall well-being.","Generally, I feel pleased with the amount of intellectual stimulation I receive in my daily life.",I prefer to take the lead in problem-solving.,My interests and ideas are not shared by those around me,To what extent do you feel excited and interested in things?,I am satisfied with the direction I am taking in my work or studies.
Intellectual,I often find myself unable to manage my emotions effectively during stressful situations.,1,30,30,"In the past, I have generally found intellectual challenges to be vital to my overall well-being.","Generally, I feel pleased with the amount of intellectual stimulation I receive in my daily life.",I prefer to take the lead in problem-solving.,My interests and ideas are not shared by those around me,To what extent do you feel excited and interested in things?,I am satisfied with the direction I am taking in my work or studies.
Intellectual,I believe my personality fits with the challenges I am facing.,1,30,30,"In the past, I have generally found intellectual challenges to be vital to my overall well-being.","Generally, I feel pleased with the amount of intellectual stimulation I receive in my daily life.",I prefer to take the lead in problem-solving.,My interests and ideas are not shared by those around me,To what extent do you feel excited and interested in things?,I am satisfied with the direction I am taking in my work or studies.
Intellectual,I have not been diagnosed with mental disorders since the 1980s.,1,30,30,"In the past, I have generally found intellectual challenges to be vital to my overall well-being.","Generally, I feel pleased with the amount of intellectual stimulation I receive in my daily life.",I prefer to take the lead in problem-solving.,My interests and ideas are not shared by those around me,To what extent do you feel excited and interested in things?,I am satisfied with the direction I am taking in my work or studies.
Intellectual,I enjoy intellectual stimulation because I feel it makes me more mentally sharp,1,30,30,"In the past, I have generally found intellectual challenges to be vital to my overall well-being.","Generally, I feel pleased with the amount of intellectual stimulation I receive in my daily life.",I prefer to take the lead in problem-solving.,My interests and ideas are not shared by those around me,To what extent do you feel excited and interested in things?,I am satisfied with the direction I am taking in my work or studies.
Intellectual,I have also tended to find intellectual challenges beneficial to my overall well-being.,1,30,30,"In the past, I have generally found intellectual challenges to be vital to my overall well-being.","Generally, I feel pleased with the amount of intellectual stimulation I receive in my daily life.",I prefer to take the lead in problem-solving.,My interests and ideas are not shared by those around me,To what extent do you feel excited and interested in things?,I am satisfied with the direction I am taking in my work or studies.
Intellectual,I was born a child and have been a psychologist for about two years.,1,30,30,"In the past, I have generally found intellectual challenges to be vital to my overall well-being.","Generally, I feel pleased with the amount of intellectual stimulation I receive in my daily life.",I prefer to take the lead in problem-solving.,My interests and ideas are not shared by those around me,To what extent do you feel excited and interested in things?,I am satisfied with the direction I am taking in my work or studies.
Intellectual,I find it helpful to have an intellectual stimulation program that is targeted to my intellectual needs.,1,30,30,"In the past, I have generally found intellectual challenges to be vital to my overall well-being.","Generally, I feel pleased with the amount of intellectual stimulation I receive in my daily life.",I prefer to take the lead in problem-solving.,My interests and ideas are not shared by those around me,To what extent do you feel excited and interested in things?,I am satisfied with the direction I am taking in my work or studies.
Intellectual,I feel a sense of fulfillment and joy in my daily life.,1,30,30,"In the past, I have generally found intellectual challenges to be vital to my overall well-being.","Generally, I feel pleased with the amount of intellectual stimulation I receive in my daily life.",I prefer to take the lead in problem-solving.,My interests and ideas are not shared by those around me,To what extent do you feel excited and interested in things?,I am satisfied with the direction I am taking in my work or studies.
Intellectual,"I was given intellectual stimulation for one year by a professional, and in two years I had a positive experience with it.",1,30,30,"In the past, I have generally found intellectual challenges to be vital to my overall well-being.","Generally, I feel pleased with the amount of intellectual stimulation I receive in my daily life.",I prefer to take the lead in problem-solving.,My interests and ideas are not shared by those around me,To what extent do you feel excited and interested in things?,I am satisfied with the direction I am taking in my work or studies.
Intellectual,I find it hard to keep up with the demands of intellectual stimulation.,1,30,30,"In the past, I have generally found intellectual challenges to be vital to my overall well-being.","Generally, I feel pleased with the amount of intellectual stimulation I receive in my daily life.",I prefer to take the lead in problem-solving.,My interests and ideas are not shared by those around me,To what extent do you feel excited and interested in things?,I am satisfied with the direction I am taking in my work or studies.
Intellectual,I feel pleased that I receive intellectual stimulation in my daily life.,1,30,30,"In the past, I have generally found intellectual challenges to be vital to my overall well-being.","Generally, I feel pleased with the amount of intellectual stimulation I receive in my daily life.",I prefer to take the lead in problem-solving.,My interests and ideas are not shared by those around me,To what extent do you feel excited and interested in things?,I am satisfied with the direction I am taking in my work or studies.
Intellectual,I have felt a connection with the physical world in the past.,1,30,30,"In the past, I have generally found intellectual challenges to be vital to my overall well-being.","Generally, I feel pleased with the amount of intellectual stimulation I receive in my daily life.",I prefer to take the lead in problem-solving.,My interests and ideas are not shared by those around me,To what extent do you feel excited and interested in things?,I am satisfied with the direction I am taking in my work or studies.
Intellectual,I am happy in my daily life with intellectual stimulation.,1,30,30,"In the past, I have generally found intellectual challenges to be vital to my overall well-being.","Generally, I feel pleased with the amount of intellectual stimulation I receive in my daily life.",I prefer to take the lead in problem-solving.,My interests and ideas are not shared by those around me,To what extent do you feel excited and interested in things?,I am satisfied with the direction I am taking in my work or studies.
Intellectual,I have the most intellectual challenges of any person I have ever had,1,30,30,"In the past, I have generally found intellectual challenges to be vital to my overall well-being.","Generally, I feel pleased with the amount of intellectual stimulation I receive in my daily life.",I prefer to take the lead in problem-solving.,My interests and ideas are not shared by those around me,To what extent do you feel excited and interested in things?,I am satisfied with the direction I am taking in my work or studies.
Intellectual,I feel relieved that I am getting a new job.,1,30,30,"In the past, I have generally found intellectual challenges to be vital to my overall well-being.","Generally, I feel pleased with the amount of intellectual stimulation I receive in my daily life.",I prefer to take the lead in problem-solving.,My interests and ideas are not shared by those around me,To what extent do you feel excited and interested in things?,I am satisfied with the direction I am taking in my work or studies.
Intellectual,I feel a lot of pleasure in my daily life,1,30,30,"In the past, I have generally found intellectual challenges to be vital to my overall well-being.","Generally, I feel pleased with the amount of intellectual stimulation I receive in my daily life.",I prefer to take the lead in problem-solving.,My interests and ideas are not shared by those around me,To what extent do you feel excited and interested in things?,I am satisfied with the direction I am taking in my work or studies.
Occupational,I want to stay motivated to do the things I need to complete each day.,1,30,30,I find satisfaction in accomplishing important tasks.,I work to attain goals.,I can usually balance productivity with rest.,I am satisfied with the direction I am taking in my work or studies.,I feel motivated by the tasks I need to complete each day.,To what extent do you feel that what you do in your life is valuable and worthwhile?
Occupational,I like to be able to manage my emotions effectively during stressful situations.,1,30,30,I find satisfaction in accomplishing important tasks.,I work to attain goals.,I can usually balance productivity with rest.,I am satisfied with the direction I am taking in my work or studies.,I feel motivated by the tasks I need to complete each day.,To what extent do you feel that what you do in your life is valuable and worthwhile?
Occupational,I like work but the quality of it is not as important as the quality of what I do.,1,30,30,I find satisfaction in accomplishing important tasks.,I work to attain goals.,I can usually balance productivity with rest.,I am satisfied with the direction I am taking in my work or studies.,I feel motivated by the tasks I need to complete each day.,To what extent do you feel that what you do in your life is valuable and worthwhile?
Occupational,I am satisfied with what I do in my life is worthwhile.,1,30,30,I find satisfaction in accomplishing important tasks.,I work to attain goals.,I can usually balance productivity with rest.,I am satisfied with the direction I am taking in my work or studies.,I feel motivated by the tasks I need to complete each day.,To what extent do you feel that what you do in your life is valuable and worthwhile?
Occupational,I find that doing important tasks is important in achieving my goals.,1,30,30,I find satisfaction in accomplishing important tasks.,I work to attain goals.,I can usually balance productivity with rest.,I am satisfied with the direction I am taking in my work or studies.,I feel motivated by the tasks I need to complete each day.,To what extent do you feel that what you do in your life is valuable and worthwhile?
Occupational,I find myself resolving my problems effectively during stressful situations.,1,30,30,I find satisfaction in accomplishing important tasks.,I work to attain goals.,I can usually balance productivity with rest.,I am satisfied with the direction I am taking in my work or studies.,I feel motivated by the tasks I need to complete each day.,To what extent do you feel that what you do in your life is valuable and worthwhile?
Occupational,I am satisfied with doing well in my job or studies.,1,30,30,I find satisfaction in accomplishing important tasks.,I work to attain goals.,I can usually balance productivity with rest.,I am satisfied with the direction I am taking in my work or studies.,I feel motivated by the tasks I need to complete each day.,To what extent do you feel that what you do in your life is valuable and worthwhile?
Occupational,I want to achieve my goal of fulfilling my own obligations.,1,30,30,I find satisfaction in accomplishing important tasks.,I work to attain goals.,I can usually balance productivity with rest.,I am satisfied with the direction I am taking in my work or studies.,I feel motivated by the tasks I need to complete each day.,To what extent do you feel that what you do in your life is valuable and worthwhile?
Occupational,I feel that what I do in my life is valuable and worthwhile?,1,30,30,I find satisfaction in accomplishing important tasks.,I work to attain goals.,I can usually balance productivity with rest.,I am satisfied with the direction I am taking in my work or studies.,I feel motivated by the tasks I need to complete each day.,To what extent do you feel that what you do in your life is valuable and worthwhile?
Occupational,I feel satisfied with how I am taking my work or studies.,1,30,30,I find satisfaction in accomplishing important tasks.,I work to attain goals.,I can usually balance productivity with rest.,I am satisfied with the direction I am taking in my work or studies.,I feel motivated by the tasks I need to complete each day.,To what extent do you feel that what you do in your life is valuable and worthwhile?
Occupational,I feel satisfied with doing what I need to complete each day.,1,30,30,I find satisfaction in accomplishing important tasks.,I work to attain goals.,I can usually balance productivity with rest.,I am satisfied with the direction I am taking in my work or studies.,I feel motivated by the tasks I need to complete each day.,To what extent do you feel that what you do in your life is valuable and worthwhile?
Occupational,I like the way I do it and I like the way I do it.,1,30,30,I find satisfaction in accomplishing important tasks.,I work to attain goals.,I can usually balance productivity with rest.,I am satisfied with the direction I am taking in my work or studies.,I feel motivated by the tasks I need to complete each day.,To what extent do you feel that what you do in your life is valuable and worthwhile?
Occupational,I think I am happy and productive in my work.,1,30,30,I find satisfaction in accomplishing important tasks.,I work to attain goals.,I can usually balance productivity with rest.,I am satisfied with the direction I am taking in my work or studies.,I feel motivated by the tasks I need to complete each day.,To what extent do you feel that what you do in your life is valuable and worthwhile?
Occupational,I feel motivated by what I do in my life is worthwhile and worthwhile?,1,30,30,I find satisfaction in accomplishing important tasks.,I work to attain goals.,I can usually balance productivity with rest.,I am satisfied with the direction I am taking in my work or studies.,I feel motivated by the tasks I need to complete each day.,To what extent do you feel that what you do in your life is valuable and worthwhile?
Occupational,I am satisfied about doing things that I need to complete each day.,1,30,30,I find satisfaction in accomplishing important tasks.,I work to attain goals.,I can usually balance productivity with rest.,I am satisfied with the direction I am taking in my work or studies.,I feel motivated by the tasks I need to complete each day.,To what extent do you feel that what you do in your life is valuable and worthwhile?
Occupational,I feel very content when I do things that make me feel good about myself.,1,30,30,I find satisfaction in accomplishing important tasks.,I work to attain goals.,I can usually balance productivity with rest.,I am satisfied with the direction I am taking in my work or studies.,I feel motivated by the tasks I need to complete each day.,To what extent do you feel that what you do in your life is valuable and worthwhile?
Occupational,I am satisfied with how much I work to achieve my goals.,1,30,30,I find satisfaction in accomplishing important tasks.,I work to attain goals.,I can usually balance productivity with rest.,I am satisfied with the direction I am taking in my work or studies.,I feel motivated by the tasks I need to complete each day.,To what extent do you feel that what you do in your life is valuable and worthwhile?
Occupational,I have an excellent sense of motivation and a strong sense of purpose.,1,30,30,I find satisfaction in accomplishing important tasks.,I work to attain goals.,I can usually balance productivity with rest.,I am satisfied with the direction I am taking in my work or studies.,I feel motivated by the tasks I need to complete each day.,To what extent do you feel that what you do in your life is valuable and worthwhile?
Occupational,I find that you make an important decision about the goals you are going to accomplish.,1,30,30,I find satisfaction in accomplishing important tasks.,I work to attain goals.,I can usually balance productivity with rest.,I am satisfied with the direction I am taking in my work or studies.,I feel motivated by the tasks I need to complete each day.,To what extent do you feel that what you do in your life is valuable and worthwhile?
Occupational,I am satisfied with doing the tasks I need to complete each day.,1,30,30,I find satisfaction in accomplishing important tasks.,I work to attain goals.,I can usually balance productivity with rest.,I am satisfied with the direction I am taking in my work or studies.,I feel motivated by the tasks I need to complete each day.,To what extent do you feel that what you do in your life is valuable and worthwhile?
Occupational,I do not live or study a day to day lifestyle.,1,30,30,I find satisfaction in accomplishing important tasks.,I work to attain goals.,I can usually balance productivity with rest.,I am satisfied with the direction I am taking in my work or studies.,I feel motivated by the tasks I need to complete each day.,To what extent do you feel that what you do in your life is valuable and worthwhile?
Occupational,I am happy about what I am doing in my life.,1,30,30,I find satisfaction in accomplishing important tasks.,I work to attain goals.,I can usually balance productivity with rest.,I am satisfied with the direction I am taking in my work or studies.,I feel motivated by the tasks I need to complete each day.,To what extent do you feel that what you do in your life is valuable and worthwhile?
Occupational,My focus is on how I can accomplish my goals.,1,30,30,I find satisfaction in accomplishing important tasks.,I work to attain goals.,I can usually balance productivity with rest.,I am satisfied with the direction I am taking in my work or studies.,I feel motivated by the tasks I need to complete each day.,To what extent do you feel that what you do in your life is valuable and worthwhile?
Occupational,"My depression has progressively deteriorated in the past year, and I have been working hard to control my depression.",1,30,30,I find satisfaction in accomplishing important tasks.,I work to attain goals.,I can usually balance productivity with rest.,I am satisfied with the direction I am taking in my work or studies.,I feel motivated by the tasks I need to complete each day.,To what extent do you feel that what you do in your life is valuable and worthwhile?
Occupational,I enjoy completing tasks in a short amount of time.,1,30,30,I find satisfaction in accomplishing important tasks.,I work to attain goals.,I can usually balance productivity with rest.,I am satisfied with the direction I am taking in my work or studies.,I feel motivated by the tasks I need to complete each day.,To what extent do you feel that what you do in your life is valuable and worthwhile?
Occupational,I am working toward my goal of having a productive work environment and doing well in all areas of my life.,1,30,30,I find satisfaction in accomplishing important tasks.,I work to attain goals.,I can usually balance productivity with rest.,I am satisfied with the direction I am taking in my work or studies.,I feel motivated by the tasks I need to complete each day.,To what extent do you feel that what you do in your life is valuable and worthwhile?
Occupational,I do what I think is worth doing in my life.,1,30,30,I find satisfaction in accomplishing important tasks.,I work to attain goals.,I can usually balance productivity with rest.,I am satisfied with the direction I am taking in my work or studies.,I feel motivated by the tasks I need to complete each day.,To what extent do you feel that what you do in your life is valuable and worthwhile?
Occupational,My self-report personality has been changing for the better and I am doing my best to make things better.,1,30,30,I find satisfaction in accomplishing important tasks.,I work to attain goals.,I can usually balance productivity with rest.,I am satisfied with the direction I am taking in my work or studies.,I feel motivated by the tasks I need to complete each day.,To what extent do you feel that what you do in your life is valuable and worthwhile?
Occupational,I have trouble focusing on something that makes me feel overwhelmed.,1,30,30,I find satisfaction in accomplishing important tasks.,I work to attain goals.,I can usually balance productivity with rest.,I am satisfied with the direction I am taking in my work or studies.,I feel motivated by the tasks I need to complete each day.,To what extent do you feel that what you do in your life is valuable and worthwhile?
Occupational,I am happy I can do more than I thought I would do.,1,30,30,I find satisfaction in accomplishing important tasks.,I work to attain goals.,I can usually balance productivity with rest.,I am satisfied with the direction I am taking in my work or studies.,I feel motivated by the tasks I need to complete each day.,To what extent do you feel that what you do in your life is valuable and worthwhile?
Physical,I feel I am depressed and unnerved by the fact that my physical health has declined.,1,30,30,My physical health is excellent.,I expect to always be physically healthy.,My physical health affects how well I function day to day.,How satisfied are you with your current physical health?,I expect my physical health to get worse.,My physical health has restricted me in the past.
Physical,My physical health has a negative impact on how well I function daily.,1,30,30,My physical health is excellent.,I expect to always be physically healthy.,My physical health affects how well I function day to day.,How satisfied are you with your current physical health?,I expect my physical health to get worse.,My physical health has restricted me in the past.
Physical,I expected my physical health to get worse in the past.,1,30,30,My physical health is excellent.,I expect to always be physically healthy.,My physical health affects how well I function day to day.,How satisfied are you with your current physical health?,I expect my physical health to get worse.,My physical health has restricted me in the past.
Physical,I'm feeling less self-conscious about my physical health.,1,30,30,My physical health is excellent.,I expect to always be physically healthy.,My physical health affects how well I function day to day.,How satisfied are you with your current physical health?,I expect my physical health to get worse.,My physical health has restricted me in the past.
Physical,I expect physical health to be better than my physical health in the past.,1,30,30,My physical health is excellent.,I expect to always be physically healthy.,My physical health affects how well I function day to day.,How satisfied are you with your current physical health?,I expect my physical health to get worse.,My physical health has restricted me in the past.
Physical,My physical health varies depending on how well I work.,1,30,30,My physical health is excellent.,I expect to always be physically healthy.,My physical health affects how well I function day to day.,How satisfied are you with your current physical health?,I expect my physical health to get worse.,My physical health has restricted me in the past.
Physical,My physical health has been controlled by your physical health.,1,30,30,My physical health is excellent.,I expect to always be physically healthy.,My physical health affects how well I function day to day.,How satisfied are you with your current physical health?,I expect my physical health to get worse.,My physical health has restricted me in the past.
Physical,I feel happy about how my physical health has changed in the past.,1,30,30,My physical health is excellent.,I expect to always be physically healthy.,My physical health affects how well I function day to day.,How satisfied are you with your current physical health?,I expect my physical health to get worse.,My physical health has restricted me in the past.
Physical,I expect my physical health to increase in the future.,1,30,30,My physical health is excellent.,I expect to always be physically healthy.,My physical health affects how well I function day to day.,How satisfied are you with your current physical health?,I expect my physical health to get worse.,My physical health has restricted me in the past.
Physical,My physical health was the most important to me in the past.,1,30,30,My physical health is excellent.,I expect to always be physically healthy.,My physical health affects how well I function day to day.,How satisfied are you with your current physical health?,I expect my physical health to get worse.,My physical health has restricted me in the past.
Physical,I know that I have an illness and that I would like to be physically healthy.,1,30,30,My physical health is excellent.,I expect to always be physically healthy.,My physical health affects how well I function day to day.,How satisfied are you with your current physical health?,I expect my physical health to get worse.,My physical health has restricted me in the past.
Physical,I expect physical health to get worse in the future.,1,30,30,My physical health is excellent.,I expect to always be physically healthy.,My physical health affects how well I function day to day.,How satisfied are you with your current physical health?,I expect my physical health to get worse.,My physical health has restricted me in the past.
Physical,I want to know the physical health of my current physical health.,1,30,30,My physical health is excellent.,I expect to always be physically healthy.,My physical health affects how well I function day to day.,How satisfied are you with your current physical health?,I expect my physical health to get worse.,My physical health has restricted me in the past.
Physical,My physical health is good and I expect to be physically healthy.,1,30,30,My physical health is excellent.,I expect to always be physically healthy.,My physical health affects how well I function day to day.,How satisfied are you with your current physical health?,I expect my physical health to get worse.,My physical health has restricted me in the past.
Physical,My physical health is fine and well-being is good.,1,30,30,My physical health is excellent.,I expect to always be physically healthy.,My physical health affects how well I function day to day.,How satisfied are you with your current physical health?,I expect my physical health to get worse.,My physical health has restricted me in the past.
Physical,I have the physical health to be great and healthy.,1,30,30,My physical health is excellent.,I expect to always be physically healthy.,My physical health affects how well I function day to day.,How satisfied are you with your current physical health?,I expect my physical health to get worse.,My physical health has restricted me in the past.
Physical,I look forward to my physical health for the future.,1,30,30,My physical health is excellent.,I expect to always be physically healthy.,My physical health affects how well I function day to day.,How satisfied are you with your current physical health?,I expect my physical health to get worse.,My physical health has restricted me in the past.
Physical,My physical health makes me feel more energetic and energetic.,1,30,30,My physical health is excellent.,I expect to always be physically healthy.,My physical health affects how well I function day to day.,How satisfied are you with your current physical health?,I expect my physical health to get worse.,My physical health has restricted me in the past.
Physical,My physical health has been decreasing for some time now.,1,30,30,My physical health is excellent.,I expect to always be physically healthy.,My physical health affects how well I function day to day.,How satisfied are you with your current physical health?,I expect my physical health to get worse.,My physical health has restricted me in the past.
Physical,I don't know if I'm having some physical issues.,1,30,30,My physical health is excellent.,I expect to always be physically healthy.,My physical health affects how well I function day to day.,How satisfied are you with your current physical health?,I expect my physical health to get worse.,My physical health has restricted me in the past.
Physical,My physical health has improved since the beginning of the survey.,1,30,30,My physical health is excellent.,I expect to always be physically healthy.,My physical health affects how well I function day to day.,How satisfied are you with your current physical health?,I expect my physical health to get worse.,My physical health has restricted me in the past.
Physical,I have a low energy and am constantly running late.,1,30,30,My physical health is excellent.,I expect to always be physically healthy.,My physical health affects how well I function day to day.,How satisfied are you with your current physical health?,I expect my physical health to get worse.,My physical health has restricted me in the past.
Physical,My physical health has a lot to do with how I function.,1,30,30,My physical health is excellent.,I expect to always be physically healthy.,My physical health affects how well I function day to day.,How satisfied are you with your current physical health?,I expect my physical health to get worse.,My physical health has restricted me in the past.
Physical,I have been physically fit for 5 years and am not in need of help.,1,30,30,My physical health is excellent.,I expect to always be physically healthy.,My physical health affects how well I function day to day.,How satisfied are you with your current physical health?,I expect my physical health to get worse.,My physical health has restricted me in the past.
Physical,My physical health affects my ability to move and be happy.,1,30,30,My physical health is excellent.,I expect to always be physically healthy.,My physical health affects how well I function day to day.,How satisfied are you with your current physical health?,I expect my physical health to get worse.,My physical health has restricted me in the past.
Physical,I am doing well for the first time in four years.,1,30,30,My physical health is excellent.,I expect to always be physically healthy.,My physical health affects how well I function day to day.,How satisfied are you with your current physical health?,I expect my physical health to get worse.,My physical health has restricted me in the past.
Physical,My physical health has made me weaker in the past.,1,30,30,My physical health is excellent.,I expect to always be physically healthy.,My physical health affects how well I function day to day.,How satisfied are you with your current physical health?,I expect my physical health to get worse.,My physical health has restricted me in the past.
Physical,I am very happy to have my physical health and fitness restored.,1,30,30,My physical health is excellent.,I expect to always be physically healthy.,My physical health affects how well I function day to day.,How satisfied are you with your current physical health?,I expect my physical health to get worse.,My physical health has restricted me in the past.
Physical,My physical health has had a negative impact on your mental health.,1,30,30,My physical health is excellent.,I expect to always be physically healthy.,My physical health affects how well I function day to day.,How satisfied are you with your current physical health?,I expect my physical health to get worse.,My physical health has restricted me in the past.
Physical,I expect that I will never get physical health anymore.,1,30,30,My physical health is excellent.,I expect to always be physically healthy.,My physical health affects how well I function day to day.,How satisfied are you with your current physical health?,I expect my physical health to get worse.,My physical health has restricted me in the past.
Social,It has been difficult for me to maintain close relationships with my friends.,1,30,30,My social relationships are superficial,I have not experienced many warm and trusting relationships with others.,It is difficult for me to make friends,"In the past, I have not always had friends with whom I could share my joys and sorrows.",I have one close and secure relationship.,Maintaining close relationships has been difficult and frustrating for me.
Social,I have had a strained relationship with someone who hurts me.,1,30,30,My social relationships are superficial,I have not experienced many warm and trusting relationships with others.,It is difficult for me to make friends,"In the past, I have not always had friends with whom I could share my joys and sorrows.",I have one close and secure relationship.,Maintaining close relationships has been difficult and frustrating for me.
Social,I have not been happy with my social relationships with others.,1,30,30,My social relationships are superficial,I have not experienced many warm and trusting relationships with others.,It is difficult for me to make friends,"In the past, I have not always had friends with whom I could share my joys and sorrows.",I have one close and secure relationship.,Maintaining close relationships has been difficult and frustrating for me.
Social,I have had a difficult and challenging time being social.,1,30,30,My social relationships are superficial,I have not experienced many warm and trusting relationships with others.,It is difficult for me to make friends,"In the past, I have not always had friends with whom I could share my joys and sorrows.",I have one close and secure relationship.,Maintaining close relationships has been difficult and frustrating for me.
Social,I have not experienced any close or secure relationships with others.,1,30,30,My social relationships are superficial,I have not experienced many warm and trusting relationships with others.,It is difficult for me to make friends,"In the past, I have not always had friends with whom I could share my joys and sorrows.",I have one close and secure relationship.,Maintaining close relationships has been difficult and frustrating for me.
Social,I have not experienced many close and secure relationships with others.,1,30,30,My social relationships are superficial,I have not experienced many warm and trusting relationships with others.,It is difficult for me to make friends,"In the past, I have not always had friends with whom I could share my joys and sorrows.",I have one close and secure relationship.,Maintaining close relationships has been difficult and frustrating for me.
Social,I have not been in a close and stable relationship with friends.,1,30,30,My social relationships are superficial,I have not experienced many warm and trusting relationships with others.,It is difficult for me to make friends,"In the past, I have not always had friends with whom I could share my joys and sorrows.",I have one close and secure relationship.,Maintaining close relationships has been difficult and frustrating for me.
Social,I have a close and secure relationship with my close friends.,1,30,30,My social relationships are superficial,I have not experienced many warm and trusting relationships with others.,It is difficult for me to make friends,"In the past, I have not always had friends with whom I could share my joys and sorrows.",I have one close and secure relationship.,Maintaining close relationships has been difficult and frustrating for me.
Social,"I am trying to change my social relationships, but they aren't strong enough.",1,30,30,My social relationships are superficial,I have not experienced many warm and trusting relationships with others.,It is difficult for me to make friends,"In the past, I have not always had friends with whom I could share my joys and sorrows.",I have one close and secure relationship.,Maintaining close relationships has been difficult and frustrating for me.
Social,I have a few close and secure relationships with people.,1,30,30,My social relationships are superficial,I have not experienced many warm and trusting relationships with others.,It is difficult for me to make friends,"In the past, I have not always had friends with whom I could share my joys and sorrows.",I have one close and secure relationship.,Maintaining close relationships has been difficult and frustrating for me.
Social,I have not ever had a close and secure relationship.,1,30,30,My social relationships are superficial,I have not experienced many warm and trusting relationships with others.,It is difficult for me to make friends,"In the past, I have not always had friends with whom I could share my joys and sorrows.",I have one close and secure relationship.,Maintaining close relationships has been difficult and frustrating for me.
Social,I have very few close and trusted relationships with others.,1,30,30,My social relationships are superficial,I have not experienced many warm and trusting relationships with others.,It is difficult for me to make friends,"In the past, I have not always had friends with whom I could share my joys and sorrows.",I have one close and secure relationship.,Maintaining close relationships has been difficult and frustrating for me.
Social,I have very high esteem for the people I have sex with.,1,30,30,My social relationships are superficial,I have not experienced many warm and trusting relationships with others.,It is difficult for me to make friends,"In the past, I have not always had friends with whom I could share my joys and sorrows.",I have one close and secure relationship.,Maintaining close relationships has been difficult and frustrating for me.
Social,I have yet to see a new therapist or counselor.,1,30,30,My social relationships are superficial,I have not experienced many warm and trusting relationships with others.,It is difficult for me to make friends,"In the past, I have not always had friends with whom I could share my joys and sorrows.",I have one close and secure relationship.,Maintaining close relationships has been difficult and frustrating for me.
Social,I have not always been able to share my joys and sorrows.,1,30,30,My social relationships are superficial,I have not experienced many warm and trusting relationships with others.,It is difficult for me to make friends,"In the past, I have not always had friends with whom I could share my joys and sorrows.",I have one close and secure relationship.,Maintaining close relationships has been difficult and frustrating for me.
Social,I have not had a stable relationship with anyone in the past.,1,30,30,My social relationships are superficial,I have not experienced many warm and trusting relationships with others.,It is difficult for me to make friends,"In the past, I have not always had friends with whom I could share my joys and sorrows.",I have one close and secure relationship.,Maintaining close relationships has been difficult and frustrating for me.
Social,I am unable to keep close and secure relationships with others.,1,30,30,My social relationships are superficial,I have not experienced many warm and trusting relationships with others.,It is difficult for me to make friends,"In the past, I have not always had friends with whom I could share my joys and sorrows.",I have one close and secure relationship.,Maintaining close relationships has been difficult and frustrating for me.
Social,I am more introverted and have a low social security number.,1,30,30,My social relationships are superficial,I have not experienced many warm and trusting relationships with others.,It is difficult for me to make friends,"In the past, I have not always had friends with whom I could share my joys and sorrows.",I have one close and secure relationship.,Maintaining close relationships has been difficult and frustrating for me.
Social,I have experienced few warm and trusting relationships with others.,1,30,30,My social relationships are superficial,I have not experienced many warm and trusting relationships with others.,It is difficult for me to make friends,"In the past, I have not always had friends with whom I could share my joys and sorrows.",I have one close and secure relationship.,Maintaining close relationships has been difficult and frustrating for me.
Social,I have been in a negative relationship for two years,1,30,30,My social relationships are superficial,I have not experienced many warm and trusting relationships with others.,It is difficult for me to make friends,"In the past, I have not always had friends with whom I could share my joys and sorrows.",I have one close and secure relationship.,Maintaining close relationships has been difficult and frustrating for me.
Social,I have not experienced a lot of relationships with others.,1,30,30,My social relationships are superficial,I have not experienced many warm and trusting relationships with others.,It is difficult for me to make friends,"In the past, I have not always had friends with whom I could share my joys and sorrows.",I have one close and secure relationship.,Maintaining close relationships has been difficult and frustrating for me.
Social,My social relationships have been difficult and frustrating for me.,1,30,30,My social relationships are superficial,I have not experienced many warm and trusting relationships with others.,It is difficult for me to make friends,"In the past, I have not always had friends with whom I could share my joys and sorrows.",I have one close and secure relationship.,Maintaining close relationships has been difficult and frustrating for me.
Social,I have experienced very good and stable relationships with my family and friends.,1,30,30,My social relationships are superficial,I have not experienced many warm and trusting relationships with others.,It is difficult for me to make friends,"In the past, I have not always had friends with whom I could share my joys and sorrows.",I have one close and secure relationship.,Maintaining close relationships has been difficult and frustrating for me.
Social,I am on the edge of a mental health crisis.,1,30,30,My social relationships are superficial,I have not experienced many warm and trusting relationships with others.,It is difficult for me to make friends,"In the past, I have not always had friends with whom I could share my joys and sorrows.",I have one close and secure relationship.,Maintaining close relationships has been difficult and frustrating for me.
Social,I have not lived in close relationships with my friends and family.,1,30,30,My social relationships are superficial,I have not experienced many warm and trusting relationships with others.,It is difficult for me to make friends,"In the past, I have not always had friends with whom I could share my joys and sorrows.",I have one close and secure relationship.,Maintaining close relationships has been difficult and frustrating for me.
Social,I have not experienced any social relationships with other people.,1,30,30,My social relationships are superficial,I have not experienced many warm and trusting relationships with others.,It is difficult for me to make friends,"In the past, I have not always had friends with whom I could share my joys and sorrows.",I have one close and secure relationship.,Maintaining close relationships has been difficult and frustrating for me.
Social,I have not had friends or even had close and secure relationships.,1,30,30,My social relationships are superficial,I have not experienced many warm and trusting relationships with others.,It is difficult for me to make friends,"In the past, I have not always had friends with whom I could share my joys and sorrows.",I have one close and secure relationship.,Maintaining close relationships has been difficult and frustrating for me.
Social,I have not had a strong immune system and do not have a strong immune system,1,30,30,My social relationships are superficial,I have not experienced many warm and trusting relationships with others.,It is difficult for me to make friends,"In the past, I have not always had friends with whom I could share my joys and sorrows.",I have one close and secure relationship.,Maintaining close relationships has been difficult and frustrating for me.
Social,I am more open to positive people and people with whom I feel comfortable.,1,30,30,My social relationships are superficial,I have not experienced many warm and trusting relationships with others.,It is difficult for me to make friends,"In the past, I have not always had friends with whom I could share my joys and sorrows.",I have one close and secure relationship.,Maintaining close relationships has been difficult and frustrating for me.
Social,I have a low social awareness and low self-esteem.,1,30,30,My social relationships are superficial,I have not experienced many warm and trusting relationships with others.,It is difficult for me to make friends,"In the past, I have not always had friends with whom I could share my joys and sorrows.",I have one close and secure relationship.,Maintaining close relationships has been difficult and frustrating for me.
Spiritual,I believe that everything is a source of joy in my life.,1,30,30,To what extent do you lead a purposeful and meaningful life?,"I judge myself by what I think is important, not by the values of what others think is important.",To what extent do you feel you have a sense of direction in your life?,Sometimes fate or God helps me.,I have a strong sense of purpose in life.,I believe most things happen for a reason.
Spiritual,"My thoughts, actions, and tendencies are different from other people's.",1,30,30,To what extent do you lead a purposeful and meaningful life?,"I judge myself by what I think is important, not by the values of what others think is important.",To what extent do you feel you have a sense of direction in your life?,Sometimes fate or God helps me.,I have a strong sense of purpose in life.,I believe most things happen for a reason.
Spiritual,I feel like I have a strong sense of direction in my life.,1,30,30,To what extent do you lead a purposeful and meaningful life?,"I judge myself by what I think is important, not by the values of what others think is important.",To what extent do you feel you have a sense of direction in your life?,Sometimes fate or God helps me.,I have a strong sense of purpose in life.,I believe most things happen for a reason.
Spiritual,"Is the amount of your self-report negative and positive, or negative?",1,30,30,To what extent do you lead a purposeful and meaningful life?,"I judge myself by what I think is important, not by the values of what others think is important.",To what extent do you feel you have a sense of direction in your life?,Sometimes fate or God helps me.,I have a strong sense of purpose in life.,I believe most things happen for a reason.
Spiritual,I feel I am guided by God in my life.,1,30,30,To what extent do you lead a purposeful and meaningful life?,"I judge myself by what I think is important, not by the values of what others think is important.",To what extent do you feel you have a sense of direction in your life?,Sometimes fate or God helps me.,I have a strong sense of purpose in life.,I believe most things happen for a reason.
Spiritual,"My spirituality, mental health, and spiritual values are being identified and re-examined.",1,30,30,To what extent do you lead a purposeful and meaningful life?,"I judge myself by what I think is important, not by the values of what others think is important.",To what extent do you feel you have a sense of direction in your life?,Sometimes fate or God helps me.,I have a strong sense of purpose in life.,I believe most things happen for a reason.
Spiritual,You are able to manage your emotions effectively during stressful situations.,1,30,30,To what extent do you lead a purposeful and meaningful life?,"I judge myself by what I think is important, not by the values of what others think is important.",To what extent do you feel you have a sense of direction in your life?,Sometimes fate or God helps me.,I have a strong sense of purpose in life.,I believe most things happen for a reason.
Spiritual,I know the answers to the questions in this self-report.,1,30,30,To what extent do you lead a purposeful and meaningful life?,"I judge myself by what I think is important, not by the values of what others think is important.",To what extent do you feel you have a sense of direction in your life?,Sometimes fate or God helps me.,I have a strong sense of purpose in life.,I believe most things happen for a reason.
Spiritual,You find it hard to find spiritual guidance in the context of your own existence.,1,30,30,To what extent do you lead a purposeful and meaningful life?,"I judge myself by what I think is important, not by the values of what others think is important.",To what extent do you feel you have a sense of direction in your life?,Sometimes fate or God helps me.,I have a strong sense of purpose in life.,I believe most things happen for a reason.
Spiritual,I believe my purpose in life has led me to my spiritual purpose.,1,30,30,To what extent do you lead a purposeful and meaningful life?,"I judge myself by what I think is important, not by the values of what others think is important.",To what extent do you feel you have a sense of direction in your life?,Sometimes fate or God helps me.,I have a strong sense of purpose in life.,I believe most things happen for a reason.
Spiritual,I believe you have a strong sense of purpose in your life.,1,30,30,To what extent do you lead a purposeful and meaningful life?,"I judge myself by what I think is important, not by the values of what others think is important.",To what extent do you feel you have a sense of direction in your life?,Sometimes fate or God helps me.,I have a strong sense of purpose in life.,I believe most things happen for a reason.
Spiritual,I want to know the reason I live my life and the reason I want to live my life.,1,30,30,To what extent do you lead a purposeful and meaningful life?,"I judge myself by what I think is important, not by the values of what others think is important.",To what extent do you feel you have a sense of direction in your life?,Sometimes fate or God helps me.,I have a strong sense of purpose in life.,I believe most things happen for a reason.
Spiritual,I'm trying to feel more connected to my spiritual beliefs.,1,30,30,To what extent do you lead a purposeful and meaningful life?,"I judge myself by what I think is important, not by the values of what others think is important.",To what extent do you feel you have a sense of direction in your life?,Sometimes fate or God helps me.,I have a strong sense of purpose in life.,I believe most things happen for a reason.
Spiritual,I like to see myself as a strong spiritual person.,1,30,30,To what extent do you lead a purposeful and meaningful life?,"I judge myself by what I think is important, not by the values of what others think is important.",To what extent do you feel you have a sense of direction in your life?,Sometimes fate or God helps me.,I have a strong sense of purpose in life.,I believe most things happen for a reason.
Spiritual,I believe a meaningful life means there is a reason that exists.,1,30,30,To what extent do you lead a purposeful and meaningful life?,"I judge myself by what I think is important, not by the values of what others think is important.",To what extent do you feel you have a sense of direction in your life?,Sometimes fate or God helps me.,I have a strong sense of purpose in life.,I believe most things happen for a reason.
Spiritual,I believe I'm the source of all my sadness.,1,30,30,To what extent do you lead a purposeful and meaningful life?,"I judge myself by what I think is important, not by the values of what others think is important.",To what extent do you feel you have a sense of direction in your life?,Sometimes fate or God helps me.,I have a strong sense of purpose in life.,I believe most things happen for a reason.
Spiritual,I believe I am responsible for my actions and actions.,1,30,30,To what extent do you lead a purposeful and meaningful life?,"I judge myself by what I think is important, not by the values of what others think is important.",To what extent do you feel you have a sense of direction in your life?,Sometimes fate or God helps me.,I have a strong sense of purpose in life.,I believe most things happen for a reason.
Spiritual,I feel I have a sense of direction in your life.,1,30,30,To what extent do you lead a purposeful and meaningful life?,"I judge myself by what I think is important, not by the values of what others think is important.",To what extent do you feel you have a sense of direction in your life?,Sometimes fate or God helps me.,I have a strong sense of purpose in life.,I believe most things happen for a reason.
Spiritual,"I am self conscious, but do not believe in anything outside of myself.",1,30,30,To what extent do you lead a purposeful and meaningful life?,"I judge myself by what I think is important, not by the values of what others think is important.",To what extent do you feel you have a sense of direction in your life?,Sometimes fate or God helps me.,I have a strong sense of purpose in life.,I believe most things happen for a reason.
Spiritual,I have an increased sense of purpose in my life.,1,30,30,To what extent do you lead a purposeful and meaningful life?,"I judge myself by what I think is important, not by the values of what others think is important.",To what extent do you feel you have a sense of direction in your life?,Sometimes fate or God helps me.,I have a strong sense of purpose in life.,I believe most things happen for a reason.
Spiritual,"I am religious in many ways, even though I am not religious",1,30,30,To what extent do you lead a purposeful and meaningful life?,"I judge myself by what I think is important, not by the values of what others think is important.",To what extent do you feel you have a sense of direction in your life?,Sometimes fate or God helps me.,I have a strong sense of purpose in life.,I believe most things happen for a reason.
Spiritual,I do not know my purpose or purpose in life.,1,30,30,To what extent do you lead a purposeful and meaningful life?,"I judge myself by what I think is important, not by the values of what others think is important.",To what extent do you feel you have a sense of direction in your life?,Sometimes fate or God helps me.,I have a strong sense of purpose in life.,I believe most things happen for a reason.
Spiritual,I've been in a relationship for over 12 years with a partner.,1,30,30,To what extent do you lead a purposeful and meaningful life?,"I judge myself by what I think is important, not by the values of what others think is important.",To what extent do you feel you have a sense of direction in your life?,Sometimes fate or God helps me.,I have a strong sense of purpose in life.,I believe most things happen for a reason.
Spiritual,"I believe that I can logically be helpful, but it is not possible to explain in a more profound way.",1,30,30,To what extent do you lead a purposeful and meaningful life?,"I judge myself by what I think is important, not by the values of what others think is important.",To what extent do you feel you have a sense of direction in your life?,Sometimes fate or God helps me.,I have a strong sense of purpose in life.,I believe most things happen for a reason.
Spiritual,My sense of direction in life is very important to me.,1,30,30,To what extent do you lead a purposeful and meaningful life?,"I judge myself by what I think is important, not by the values of what others think is important.",To what extent do you feel you have a sense of direction in your life?,Sometimes fate or God helps me.,I have a strong sense of purpose in life.,I believe most things happen for a reason.
Spiritual,I believe the most important thing in my life is God.,1,30,30,To what extent do you lead a purposeful and meaningful life?,"I judge myself by what I think is important, not by the values of what others think is important.",To what extent do you feel you have a sense of direction in your life?,Sometimes fate or God helps me.,I have a strong sense of purpose in life.,I believe most things happen for a reason.
Spiritual,I believe that life is a continuous cycle of meaningless events.,1,30,30,To what extent do you lead a purposeful and meaningful life?,"I judge myself by what I think is important, not by the values of what others think is important.",To what extent do you feel you have a sense of direction in your life?,Sometimes fate or God helps me.,I have a strong sense of purpose in life.,I believe most things happen for a reason.
Spiritual,I think it's okay to have compassion in your own life.,1,30,30,To what extent do you lead a purposeful and meaningful life?,"I judge myself by what I think is important, not by the values of what others think is important.",To what extent do you feel you have a sense of direction in your life?,Sometimes fate or God helps me.,I have a strong sense of purpose in life.,I believe most things happen for a reason.
Spiritual,To what extent do you feel that you are strong in your spirituality?,1,30,30,To what extent do you lead a purposeful and meaningful life?,"I judge myself by what I think is important, not by the values of what others think is important.",To what extent do you feel you have a sense of direction in your life?,Sometimes fate or God helps me.,I have a strong sense of purpose in life.,I believe most things happen for a reason.
Spiritual,I had a strong sense of purpose in my life.,1,30,30,To what extent do you lead a purposeful and meaningful life?,"I judge myself by what I think is important, not by the values of what others think is important.",To what extent do you feel you have a sense of direction in your life?,Sometimes fate or God helps me.,I have a strong sense of purpose in life.,I believe most things happen for a reason.
