target_dims,generated_text,combo_size,target_count,generated_count,seed_1,seed_2,seed_3,seed_4,seed_5,seed_6
"Emotional, Environmental",I have had problems sleeping for the last month.,2,30,30,"I am able to handle unpleasant or painful feelings like sadness, fear, and anger.","During the past month, how often have you had trouble sleeping because you cannot breathe comfortably?",How often do you feel anxious?,"In times of stress, I know where to find help.","During the past month, how often have you had trouble sleeping because you have to get up to use the bathroom?","In general, I feel I am in charge of the situation in which I live."
"Emotional, Environmental",I am able to maintain positive outlook on life.,2,30,30,"I am able to handle unpleasant or painful feelings like sadness, fear, and anger.","During the past month, how often have you had trouble sleeping because you cannot breathe comfortably?",How often do you feel anxious?,"In times of stress, I know where to find help.","During the past month, how often have you had trouble sleeping because you have to get up to use the bathroom?","In general, I feel I am in charge of the situation in which I live."
"Emotional, Environmental",I can handle emotional and environmental.,2,30,30,"I am able to handle unpleasant or painful feelings like sadness, fear, and anger.","During the past month, how often have you had trouble sleeping because you cannot breathe comfortably?",How often do you feel anxious?,"In times of stress, I know where to find help.","During the past month, how often have you had trouble sleeping because you have to get up to use the bathroom?","In general, I feel I am in charge of the situation in which I live."
"Emotional, Environmental",I have had issues in the past month with anxiety and depression.,2,30,30,"I am able to handle unpleasant or painful feelings like sadness, fear, and anger.","During the past month, how often have you had trouble sleeping because you cannot breathe comfortably?",How often do you feel anxious?,"In times of stress, I know where to find help.","During the past month, how often have you had trouble sleeping because you have to get up to use the bathroom?","In general, I feel I am in charge of the situation in which I live."
"Emotional, Environmental",I feel that I can handle my emotional and environmental stress.,2,30,30,"I am able to handle unpleasant or painful feelings like sadness, fear, and anger.","During the past month, how often have you had trouble sleeping because you cannot breathe comfortably?",How often do you feel anxious?,"In times of stress, I know where to find help.","During the past month, how often have you had trouble sleeping because you have to get up to use the bathroom?","In general, I feel I am in charge of the situation in which I live."
"Emotional, Environmental",I have a strong memory of my own issues.,2,30,30,"I am able to handle unpleasant or painful feelings like sadness, fear, and anger.","During the past month, how often have you had trouble sleeping because you cannot breathe comfortably?",How often do you feel anxious?,"In times of stress, I know where to find help.","During the past month, how often have you had trouble sleeping because you have to get up to use the bathroom?","In general, I feel I am in charge of the situation in which I live."
"Emotional, Environmental",I am in charge of situations that I live in.,2,30,30,"I am able to handle unpleasant or painful feelings like sadness, fear, and anger.","During the past month, how often have you had trouble sleeping because you cannot breathe comfortably?",How often do you feel anxious?,"In times of stress, I know where to find help.","During the past month, how often have you had trouble sleeping because you have to get up to use the bathroom?","In general, I feel I am in charge of the situation in which I live."
"Emotional, Environmental",I am able to take responsibility for my actions and in my life.,2,30,30,"I am able to handle unpleasant or painful feelings like sadness, fear, and anger.","During the past month, how often have you had trouble sleeping because you cannot breathe comfortably?",How often do you feel anxious?,"In times of stress, I know where to find help.","During the past month, how often have you had trouble sleeping because you have to get up to use the bathroom?","In general, I feel I am in charge of the situation in which I live."
"Emotional, Environmental",I am an in charge of the situation in which I live.,2,30,30,"I am able to handle unpleasant or painful feelings like sadness, fear, and anger.","During the past month, how often have you had trouble sleeping because you cannot breathe comfortably?",How often do you feel anxious?,"In times of stress, I know where to find help.","During the past month, how often have you had trouble sleeping because you have to get up to use the bathroom?","In general, I feel I am in charge of the situation in which I live."
"Emotional, Environmental",I can handle negative and negative feelings both physically and emotionally.,2,30,30,"I am able to handle unpleasant or painful feelings like sadness, fear, and anger.","During the past month, how often have you had trouble sleeping because you cannot breathe comfortably?",How often do you feel anxious?,"In times of stress, I know where to find help.","During the past month, how often have you had trouble sleeping because you have to get up to use the bathroom?","In general, I feel I am in charge of the situation in which I live."
"Emotional, Environmental",My mental health has been improving and I am able to manage feelings of anxiety and irritability.,2,30,30,"I am able to handle unpleasant or painful feelings like sadness, fear, and anger.","During the past month, how often have you had trouble sleeping because you cannot breathe comfortably?",How often do you feel anxious?,"In times of stress, I know where to find help.","During the past month, how often have you had trouble sleeping because you have to get up to use the bathroom?","In general, I feel I am in charge of the situation in which I live."
"Emotional, Environmental",I feel as if I have control over my own situation in which I live.,2,30,30,"I am able to handle unpleasant or painful feelings like sadness, fear, and anger.","During the past month, how often have you had trouble sleeping because you cannot breathe comfortably?",How often do you feel anxious?,"In times of stress, I know where to find help.","During the past month, how often have you had trouble sleeping because you have to get up to use the bathroom?","In general, I feel I am in charge of the situation in which I live."
"Emotional, Environmental","I have a strong understanding of the things I need to change, that I can help and that I can help you.",2,30,30,"I am able to handle unpleasant or painful feelings like sadness, fear, and anger.","During the past month, how often have you had trouble sleeping because you cannot breathe comfortably?",How often do you feel anxious?,"In times of stress, I know where to find help.","During the past month, how often have you had trouble sleeping because you have to get up to use the bathroom?","In general, I feel I am in charge of the situation in which I live."
"Emotional, Environmental","I feel able to deal with stressful emotions, and am well prepared to deal with unpleasant emotions.",2,30,30,"I am able to handle unpleasant or painful feelings like sadness, fear, and anger.","During the past month, how often have you had trouble sleeping because you cannot breathe comfortably?",How often do you feel anxious?,"In times of stress, I know where to find help.","During the past month, how often have you had trouble sleeping because you have to get up to use the bathroom?","In general, I feel I am in charge of the situation in which I live."
"Emotional, Environmental","I feel I have a duty to the environment, especially in times of conflict.",2,30,30,"I am able to handle unpleasant or painful feelings like sadness, fear, and anger.","During the past month, how often have you had trouble sleeping because you cannot breathe comfortably?",How often do you feel anxious?,"In times of stress, I know where to find help.","During the past month, how often have you had trouble sleeping because you have to get up to use the bathroom?","In general, I feel I am in charge of the situation in which I live."
"Emotional, Environmental",I am able to take care of all my emotions.,2,30,30,"I am able to handle unpleasant or painful feelings like sadness, fear, and anger.","During the past month, how often have you had trouble sleeping because you cannot breathe comfortably?",How often do you feel anxious?,"In times of stress, I know where to find help.","During the past month, how often have you had trouble sleeping because you have to get up to use the bathroom?","In general, I feel I am in charge of the situation in which I live."
"Emotional, Environmental",I have a lot of mental health problems and have a lot of positive thinking and problem solving skills.,2,30,30,"I am able to handle unpleasant or painful feelings like sadness, fear, and anger.","During the past month, how often have you had trouble sleeping because you cannot breathe comfortably?",How often do you feel anxious?,"In times of stress, I know where to find help.","During the past month, how often have you had trouble sleeping because you have to get up to use the bathroom?","In general, I feel I am in charge of the situation in which I live."
"Emotional, Environmental",I know that you are in charge of your living.,2,30,30,"I am able to handle unpleasant or painful feelings like sadness, fear, and anger.","During the past month, how often have you had trouble sleeping because you cannot breathe comfortably?",How often do you feel anxious?,"In times of stress, I know where to find help.","During the past month, how often have you had trouble sleeping because you have to get up to use the bathroom?","In general, I feel I am in charge of the situation in which I live."
"Emotional, Environmental",I can live an emotional and environmental life.,2,30,30,"I am able to handle unpleasant or painful feelings like sadness, fear, and anger.","During the past month, how often have you had trouble sleeping because you cannot breathe comfortably?",How often do you feel anxious?,"In times of stress, I know where to find help.","During the past month, how often have you had trouble sleeping because you have to get up to use the bathroom?","In general, I feel I am in charge of the situation in which I live."
"Emotional, Environmental",I have a personality disorder called the socially challenged personality disorder.,2,30,30,"I am able to handle unpleasant or painful feelings like sadness, fear, and anger.","During the past month, how often have you had trouble sleeping because you cannot breathe comfortably?",How often do you feel anxious?,"In times of stress, I know where to find help.","During the past month, how often have you had trouble sleeping because you have to get up to use the bathroom?","In general, I feel I am in charge of the situation in which I live."
"Emotional, Environmental",I feel I am the one who controls my situation.,2,30,30,"I am able to handle unpleasant or painful feelings like sadness, fear, and anger.","During the past month, how often have you had trouble sleeping because you cannot breathe comfortably?",How often do you feel anxious?,"In times of stress, I know where to find help.","During the past month, how often have you had trouble sleeping because you have to get up to use the bathroom?","In general, I feel I am in charge of the situation in which I live."
"Emotional, Environmental",I know I can control my environment.,2,30,30,"I am able to handle unpleasant or painful feelings like sadness, fear, and anger.","During the past month, how often have you had trouble sleeping because you cannot breathe comfortably?",How often do you feel anxious?,"In times of stress, I know where to find help.","During the past month, how often have you had trouble sleeping because you have to get up to use the bathroom?","In general, I feel I am in charge of the situation in which I live."
"Emotional, Environmental","I am able to cope with feelings of anger, sadness, fear, or anxiety.",2,30,30,"I am able to handle unpleasant or painful feelings like sadness, fear, and anger.","During the past month, how often have you had trouble sleeping because you cannot breathe comfortably?",How often do you feel anxious?,"In times of stress, I know where to find help.","During the past month, how often have you had trouble sleeping because you have to get up to use the bathroom?","In general, I feel I am in charge of the situation in which I live."
"Emotional, Environmental",I have trouble sleeping because I cannot breathe comfortably and I have to get up to use the bathroom.,2,30,30,"I am able to handle unpleasant or painful feelings like sadness, fear, and anger.","During the past month, how often have you had trouble sleeping because you cannot breathe comfortably?",How often do you feel anxious?,"In times of stress, I know where to find help.","During the past month, how often have you had trouble sleeping because you have to get up to use the bathroom?","In general, I feel I am in charge of the situation in which I live."
"Emotional, Environmental",I am able to work through emotional and environmental issues.,2,30,30,"I am able to handle unpleasant or painful feelings like sadness, fear, and anger.","During the past month, how often have you had trouble sleeping because you cannot breathe comfortably?",How often do you feel anxious?,"In times of stress, I know where to find help.","During the past month, how often have you had trouble sleeping because you have to get up to use the bathroom?","In general, I feel I am in charge of the situation in which I live."
"Emotional, Environmental",I have the ability to take care of the situation in which I live.,2,30,30,"I am able to handle unpleasant or painful feelings like sadness, fear, and anger.","During the past month, how often have you had trouble sleeping because you cannot breathe comfortably?",How often do you feel anxious?,"In times of stress, I know where to find help.","During the past month, how often have you had trouble sleeping because you have to get up to use the bathroom?","In general, I feel I am in charge of the situation in which I live."
"Emotional, Environmental","I have been feeling anxious, anxious, or anxious about what will happen to me in my life.",2,30,30,"I am able to handle unpleasant or painful feelings like sadness, fear, and anger.","During the past month, how often have you had trouble sleeping because you cannot breathe comfortably?",How often do you feel anxious?,"In times of stress, I know where to find help.","During the past month, how often have you had trouble sleeping because you have to get up to use the bathroom?","In general, I feel I am in charge of the situation in which I live."
"Emotional, Environmental",I have a strong sense of self and a strong desire to do my best.,2,30,30,"I am able to handle unpleasant or painful feelings like sadness, fear, and anger.","During the past month, how often have you had trouble sleeping because you cannot breathe comfortably?",How often do you feel anxious?,"In times of stress, I know where to find help.","During the past month, how often have you had trouble sleeping because you have to get up to use the bathroom?","In general, I feel I am in charge of the situation in which I live."
"Emotional, Environmental",I have been on the verge of having mental health issues.,2,30,30,"I am able to handle unpleasant or painful feelings like sadness, fear, and anger.","During the past month, how often have you had trouble sleeping because you cannot breathe comfortably?",How often do you feel anxious?,"In times of stress, I know where to find help.","During the past month, how often have you had trouble sleeping because you have to get up to use the bathroom?","In general, I feel I am in charge of the situation in which I live."
"Emotional, Environmental","I have a strong personality, especially in social situations.",2,30,30,"I am able to handle unpleasant or painful feelings like sadness, fear, and anger.","During the past month, how often have you had trouble sleeping because you cannot breathe comfortably?",How often do you feel anxious?,"In times of stress, I know where to find help.","During the past month, how often have you had trouble sleeping because you have to get up to use the bathroom?","In general, I feel I am in charge of the situation in which I live."
"Emotional, Financial",I feel lonely being alone and lonely,2,30,30,"In times of stress, I know where to find help.","Even when hopeless, I do not give up.",Maintaining close relationships has been difficult and frustrating for me.,I feel starved for company,My family has been available to support me in the past.,I am unhappy being so withdrawn
"Emotional, Financial",I have a low sense of direction,2,30,30,"In times of stress, I know where to find help.","Even when hopeless, I do not give up.",Maintaining close relationships has been difficult and frustrating for me.,I feel starved for company,My family has been available to support me in the past.,I am unhappy being so withdrawn
"Emotional, Financial",Having so many people has been hard and frustrating to me.,2,30,30,"In times of stress, I know where to find help.","Even when hopeless, I do not give up.",Maintaining close relationships has been difficult and frustrating for me.,I feel starved for company,My family has been available to support me in the past.,I am unhappy being so withdrawn
"Emotional, Financial",I feel withdrawn because I have withdrawn.,2,30,30,"In times of stress, I know where to find help.","Even when hopeless, I do not give up.",Maintaining close relationships has been difficult and frustrating for me.,I feel starved for company,My family has been available to support me in the past.,I am unhappy being so withdrawn
"Emotional, Financial",I feel a loss of confidence,2,30,30,"In times of stress, I know where to find help.","Even when hopeless, I do not give up.",Maintaining close relationships has been difficult and frustrating for me.,I feel starved for company,My family has been available to support me in the past.,I am unhappy being so withdrawn
"Emotional, Financial",I think that it is a good idea to get support from my close family.,2,30,30,"In times of stress, I know where to find help.","Even when hopeless, I do not give up.",Maintaining close relationships has been difficult and frustrating for me.,I feel starved for company,My family has been available to support me in the past.,I am unhappy being so withdrawn
"Emotional, Financial",My family and friends have been available to support me in the past.,2,30,30,"In times of stress, I know where to find help.","Even when hopeless, I do not give up.",Maintaining close relationships has been difficult and frustrating for me.,I feel starved for company,My family has been available to support me in the past.,I am unhappy being so withdrawn
"Emotional, Financial",I feel detached from my family,2,30,30,"In times of stress, I know where to find help.","Even when hopeless, I do not give up.",Maintaining close relationships has been difficult and frustrating for me.,I feel starved for company,My family has been available to support me in the past.,I am unhappy being so withdrawn
"Emotional, Financial",I have feelings of anger and depression.,2,30,30,"In times of stress, I know where to find help.","Even when hopeless, I do not give up.",Maintaining close relationships has been difficult and frustrating for me.,I feel starved for company,My family has been available to support me in the past.,I am unhappy being so withdrawn
"Emotional, Financial",I don't trust my instincts,2,30,30,"In times of stress, I know where to find help.","Even when hopeless, I do not give up.",Maintaining close relationships has been difficult and frustrating for me.,I feel starved for company,My family has been available to support me in the past.,I am unhappy being so withdrawn
"Emotional, Financial",My emotional health is low and I feel empathetically supported.,2,30,30,"In times of stress, I know where to find help.","Even when hopeless, I do not give up.",Maintaining close relationships has been difficult and frustrating for me.,I feel starved for company,My family has been available to support me in the past.,I am unhappy being so withdrawn
"Emotional, Financial",I feel selfish and self-centered.,2,30,30,"In times of stress, I know where to find help.","Even when hopeless, I do not give up.",Maintaining close relationships has been difficult and frustrating for me.,I feel starved for company,My family has been available to support me in the past.,I am unhappy being so withdrawn
"Emotional, Financial",I feel so distant from my family.,2,30,30,"In times of stress, I know where to find help.","Even when hopeless, I do not give up.",Maintaining close relationships has been difficult and frustrating for me.,I feel starved for company,My family has been available to support me in the past.,I am unhappy being so withdrawn
"Emotional, Financial",I feel unloved / outspoken / not loved,2,30,30,"In times of stress, I know where to find help.","Even when hopeless, I do not give up.",Maintaining close relationships has been difficult and frustrating for me.,I feel starved for company,My family has been available to support me in the past.,I am unhappy being so withdrawn
"Emotional, Financial","My emotional wellbeing has been deteriorating, I don't know where to go.",2,30,30,"In times of stress, I know where to find help.","Even when hopeless, I do not give up.",Maintaining close relationships has been difficult and frustrating for me.,I feel starved for company,My family has been available to support me in the past.,I am unhappy being so withdrawn
"Emotional, Financial",I can't handle being depressed,2,30,30,"In times of stress, I know where to find help.","Even when hopeless, I do not give up.",Maintaining close relationships has been difficult and frustrating for me.,I feel starved for company,My family has been available to support me in the past.,I am unhappy being so withdrawn
"Emotional, Financial",I have a shattered sense of self-worth,2,30,30,"In times of stress, I know where to find help.","Even when hopeless, I do not give up.",Maintaining close relationships has been difficult and frustrating for me.,I feel starved for company,My family has been available to support me in the past.,I am unhappy being so withdrawn
"Emotional, Financial",I feel like my self-abuse is increasing.,2,30,30,"In times of stress, I know where to find help.","Even when hopeless, I do not give up.",Maintaining close relationships has been difficult and frustrating for me.,I feel starved for company,My family has been available to support me in the past.,I am unhappy being so withdrawn
"Emotional, Financial",I feel obligated to stay if I can.,2,30,30,"In times of stress, I know where to find help.","Even when hopeless, I do not give up.",Maintaining close relationships has been difficult and frustrating for me.,I feel starved for company,My family has been available to support me in the past.,I am unhappy being so withdrawn
"Emotional, Financial",My social circle is struggling financially.,2,30,30,"In times of stress, I know where to find help.","Even when hopeless, I do not give up.",Maintaining close relationships has been difficult and frustrating for me.,I feel starved for company,My family has been available to support me in the past.,I am unhappy being so withdrawn
"Emotional, Financial",i feel like the world is too small and unfair.,2,30,30,"In times of stress, I know where to find help.","Even when hopeless, I do not give up.",Maintaining close relationships has been difficult and frustrating for me.,I feel starved for company,My family has been available to support me in the past.,I am unhappy being so withdrawn
"Emotional, Financial",My anxiety has made maintaining close relationships difficult and frustrating for me.,2,30,30,"In times of stress, I know where to find help.","Even when hopeless, I do not give up.",Maintaining close relationships has been difficult and frustrating for me.,I feel starved for company,My family has been available to support me in the past.,I am unhappy being so withdrawn
"Emotional, Financial",I feel anxious I have been withdrawn.,2,30,30,"In times of stress, I know where to find help.","Even when hopeless, I do not give up.",Maintaining close relationships has been difficult and frustrating for me.,I feel starved for company,My family has been available to support me in the past.,I am unhappy being so withdrawn
"Emotional, Financial",I am emotionally dependent on my family.,2,30,30,"In times of stress, I know where to find help.","Even when hopeless, I do not give up.",Maintaining close relationships has been difficult and frustrating for me.,I feel starved for company,My family has been available to support me in the past.,I am unhappy being so withdrawn
"Emotional, Financial",I feel isolated in my relationships,2,30,30,"In times of stress, I know where to find help.","Even when hopeless, I do not give up.",Maintaining close relationships has been difficult and frustrating for me.,I feel starved for company,My family has been available to support me in the past.,I am unhappy being so withdrawn
"Emotional, Financial",I feel emotionally and financially strained.,2,30,30,"In times of stress, I know where to find help.","Even when hopeless, I do not give up.",Maintaining close relationships has been difficult and frustrating for me.,I feel starved for company,My family has been available to support me in the past.,I am unhappy being so withdrawn
"Emotional, Financial",I feel guilty and frustrated about my friends being so withdrawn.,2,30,30,"In times of stress, I know where to find help.","Even when hopeless, I do not give up.",Maintaining close relationships has been difficult and frustrating for me.,I feel starved for company,My family has been available to support me in the past.,I am unhappy being so withdrawn
"Emotional, Financial",I am emotional and financially responsible for being withdrawn.,2,30,30,"In times of stress, I know where to find help.","Even when hopeless, I do not give up.",Maintaining close relationships has been difficult and frustrating for me.,I feel starved for company,My family has been available to support me in the past.,I am unhappy being so withdrawn
"Emotional, Financial",I feel lonely because of my lack of socialization.,2,30,30,"In times of stress, I know where to find help.","Even when hopeless, I do not give up.",Maintaining close relationships has been difficult and frustrating for me.,I feel starved for company,My family has been available to support me in the past.,I am unhappy being so withdrawn
"Emotional, Financial",I am happy that i do not feel lonely,2,30,30,"In times of stress, I know where to find help.","Even when hopeless, I do not give up.",Maintaining close relationships has been difficult and frustrating for me.,I feel starved for company,My family has been available to support me in the past.,I am unhappy being so withdrawn
"Emotional, Intellectual",Generally I feel excited and interested in things but have been overwhelmed by intellectual stimulation in the past month.,2,30,30,"In the past, I have generally found intellectual challenges to be vital to my overall well-being.",How often do you feel angry?,"I am able to handle unpleasant or painful feelings like sadness, fear, and anger.","Generally, I feel pleased with the amount of intellectual stimulation I receive in my daily life.",To what extent do you feel excited and interested in things?,"During the past month, how much of a problem has it been for you to keep up enough enthusiasm to get things done?"
"Emotional, Intellectual",I have found intellectual challenges vital to my overall well-being.,2,30,30,"In the past, I have generally found intellectual challenges to be vital to my overall well-being.",How often do you feel angry?,"I am able to handle unpleasant or painful feelings like sadness, fear, and anger.","Generally, I feel pleased with the amount of intellectual stimulation I receive in my daily life.",To what extent do you feel excited and interested in things?,"During the past month, how much of a problem has it been for you to keep up enough enthusiasm to get things done?"
"Emotional, Intellectual",I am proud to be a successful person.,2,30,30,"In the past, I have generally found intellectual challenges to be vital to my overall well-being.",How often do you feel angry?,"I am able to handle unpleasant or painful feelings like sadness, fear, and anger.","Generally, I feel pleased with the amount of intellectual stimulation I receive in my daily life.",To what extent do you feel excited and interested in things?,"During the past month, how much of a problem has it been for you to keep up enough enthusiasm to get things done?"
"Emotional, Intellectual",I am happy and have a good mood.,2,30,30,"In the past, I have generally found intellectual challenges to be vital to my overall well-being.",How often do you feel angry?,"I am able to handle unpleasant or painful feelings like sadness, fear, and anger.","Generally, I feel pleased with the amount of intellectual stimulation I receive in my daily life.",To what extent do you feel excited and interested in things?,"During the past month, how much of a problem has it been for you to keep up enough enthusiasm to get things done?"
"Emotional, Intellectual",I feel satisfied with my intellectual stimulation.,2,30,30,"In the past, I have generally found intellectual challenges to be vital to my overall well-being.",How often do you feel angry?,"I am able to handle unpleasant or painful feelings like sadness, fear, and anger.","Generally, I feel pleased with the amount of intellectual stimulation I receive in my daily life.",To what extent do you feel excited and interested in things?,"During the past month, how much of a problem has it been for you to keep up enough enthusiasm to get things done?"
"Emotional, Intellectual","I have an intellectual challenge, and generally feel pleased and interested in things.",2,30,30,"In the past, I have generally found intellectual challenges to be vital to my overall well-being.",How often do you feel angry?,"I am able to handle unpleasant or painful feelings like sadness, fear, and anger.","Generally, I feel pleased with the amount of intellectual stimulation I receive in my daily life.",To what extent do you feel excited and interested in things?,"During the past month, how much of a problem has it been for you to keep up enough enthusiasm to get things done?"
"Emotional, Intellectual",I feel that I have good intelligence and intellectual intelligence.,2,30,30,"In the past, I have generally found intellectual challenges to be vital to my overall well-being.",How often do you feel angry?,"I am able to handle unpleasant or painful feelings like sadness, fear, and anger.","Generally, I feel pleased with the amount of intellectual stimulation I receive in my daily life.",To what extent do you feel excited and interested in things?,"During the past month, how much of a problem has it been for you to keep up enough enthusiasm to get things done?"
"Emotional, Intellectual",I found intellectual stimulation to be vital to my overall well-being.,2,30,30,"In the past, I have generally found intellectual challenges to be vital to my overall well-being.",How often do you feel angry?,"I am able to handle unpleasant or painful feelings like sadness, fear, and anger.","Generally, I feel pleased with the amount of intellectual stimulation I receive in my daily life.",To what extent do you feel excited and interested in things?,"During the past month, how much of a problem has it been for you to keep up enough enthusiasm to get things done?"
"Emotional, Intellectual","Generally, I enjoy a pleasant feeling of intellectual stimulation I receive in my daily life.",2,30,30,"In the past, I have generally found intellectual challenges to be vital to my overall well-being.",How often do you feel angry?,"I am able to handle unpleasant or painful feelings like sadness, fear, and anger.","Generally, I feel pleased with the amount of intellectual stimulation I receive in my daily life.",To what extent do you feel excited and interested in things?,"During the past month, how much of a problem has it been for you to keep up enough enthusiasm to get things done?"
"Emotional, Intellectual",I feel curious and interested in things.,2,30,30,"In the past, I have generally found intellectual challenges to be vital to my overall well-being.",How often do you feel angry?,"I am able to handle unpleasant or painful feelings like sadness, fear, and anger.","Generally, I feel pleased with the amount of intellectual stimulation I receive in my daily life.",To what extent do you feel excited and interested in things?,"During the past month, how much of a problem has it been for you to keep up enough enthusiasm to get things done?"
"Emotional, Intellectual","I feel emotional and intellectually challenged, in particular.",2,30,30,"In the past, I have generally found intellectual challenges to be vital to my overall well-being.",How often do you feel angry?,"I am able to handle unpleasant or painful feelings like sadness, fear, and anger.","Generally, I feel pleased with the amount of intellectual stimulation I receive in my daily life.",To what extent do you feel excited and interested in things?,"During the past month, how much of a problem has it been for you to keep up enough enthusiasm to get things done?"
"Emotional, Intellectual",What does your current mental health state look like?,2,30,30,"In the past, I have generally found intellectual challenges to be vital to my overall well-being.",How often do you feel angry?,"I am able to handle unpleasant or painful feelings like sadness, fear, and anger.","Generally, I feel pleased with the amount of intellectual stimulation I receive in my daily life.",To what extent do you feel excited and interested in things?,"During the past month, how much of a problem has it been for you to keep up enough enthusiasm to get things done?"
"Emotional, Intellectual",I feel pleased and interested in intellectual stimulation I receive in my daily life.,2,30,30,"In the past, I have generally found intellectual challenges to be vital to my overall well-being.",How often do you feel angry?,"I am able to handle unpleasant or painful feelings like sadness, fear, and anger.","Generally, I feel pleased with the amount of intellectual stimulation I receive in my daily life.",To what extent do you feel excited and interested in things?,"During the past month, how much of a problem has it been for you to keep up enough enthusiasm to get things done?"
"Emotional, Intellectual",I feel bored and anxious because I miss being at my best.,2,30,30,"In the past, I have generally found intellectual challenges to be vital to my overall well-being.",How often do you feel angry?,"I am able to handle unpleasant or painful feelings like sadness, fear, and anger.","Generally, I feel pleased with the amount of intellectual stimulation I receive in my daily life.",To what extent do you feel excited and interested in things?,"During the past month, how much of a problem has it been for you to keep up enough enthusiasm to get things done?"
"Emotional, Intellectual",I feel very happy with all that I receive in my daily life.,2,30,30,"In the past, I have generally found intellectual challenges to be vital to my overall well-being.",How often do you feel angry?,"I am able to handle unpleasant or painful feelings like sadness, fear, and anger.","Generally, I feel pleased with the amount of intellectual stimulation I receive in my daily life.",To what extent do you feel excited and interested in things?,"During the past month, how much of a problem has it been for you to keep up enough enthusiasm to get things done?"
"Emotional, Intellectual",My anxiety and depression have become more problematic in the past months.,2,30,30,"In the past, I have generally found intellectual challenges to be vital to my overall well-being.",How often do you feel angry?,"I am able to handle unpleasant or painful feelings like sadness, fear, and anger.","Generally, I feel pleased with the amount of intellectual stimulation I receive in my daily life.",To what extent do you feel excited and interested in things?,"During the past month, how much of a problem has it been for you to keep up enough enthusiasm to get things done?"
"Emotional, Intellectual","I found it easy to deal with unpleasant or painful emotions like sadness, fear, and anger.",2,30,30,"In the past, I have generally found intellectual challenges to be vital to my overall well-being.",How often do you feel angry?,"I am able to handle unpleasant or painful feelings like sadness, fear, and anger.","Generally, I feel pleased with the amount of intellectual stimulation I receive in my daily life.",To what extent do you feel excited and interested in things?,"During the past month, how much of a problem has it been for you to keep up enough enthusiasm to get things done?"
"Emotional, Intellectual",I feel happy and excited with intellectual stimulation.,2,30,30,"In the past, I have generally found intellectual challenges to be vital to my overall well-being.",How often do you feel angry?,"I am able to handle unpleasant or painful feelings like sadness, fear, and anger.","Generally, I feel pleased with the amount of intellectual stimulation I receive in my daily life.",To what extent do you feel excited and interested in things?,"During the past month, how much of a problem has it been for you to keep up enough enthusiasm to get things done?"
"Emotional, Intellectual",I am both excited and interested.,2,30,30,"In the past, I have generally found intellectual challenges to be vital to my overall well-being.",How often do you feel angry?,"I am able to handle unpleasant or painful feelings like sadness, fear, and anger.","Generally, I feel pleased with the amount of intellectual stimulation I receive in my daily life.",To what extent do you feel excited and interested in things?,"During the past month, how much of a problem has it been for you to keep up enough enthusiasm to get things done?"
"Emotional, Intellectual",I find that my ability to handle unpleasant or painful feelings is vital to my overall well-being.,2,30,30,"In the past, I have generally found intellectual challenges to be vital to my overall well-being.",How often do you feel angry?,"I am able to handle unpleasant or painful feelings like sadness, fear, and anger.","Generally, I feel pleased with the amount of intellectual stimulation I receive in my daily life.",To what extent do you feel excited and interested in things?,"During the past month, how much of a problem has it been for you to keep up enough enthusiasm to get things done?"
"Emotional, Intellectual",I feel confident in my abilities to deal with intellectual challenges.,2,30,30,"In the past, I have generally found intellectual challenges to be vital to my overall well-being.",How often do you feel angry?,"I am able to handle unpleasant or painful feelings like sadness, fear, and anger.","Generally, I feel pleased with the amount of intellectual stimulation I receive in my daily life.",To what extent do you feel excited and interested in things?,"During the past month, how much of a problem has it been for you to keep up enough enthusiasm to get things done?"
"Emotional, Intellectual",How long have you been working hard to maintain enthusiasm?,2,30,30,"In the past, I have generally found intellectual challenges to be vital to my overall well-being.",How often do you feel angry?,"I am able to handle unpleasant or painful feelings like sadness, fear, and anger.","Generally, I feel pleased with the amount of intellectual stimulation I receive in my daily life.",To what extent do you feel excited and interested in things?,"During the past month, how much of a problem has it been for you to keep up enough enthusiasm to get things done?"
"Emotional, Intellectual",I feel frustrated and in dissatisfaction with intellectual stimulation.,2,30,30,"In the past, I have generally found intellectual challenges to be vital to my overall well-being.",How often do you feel angry?,"I am able to handle unpleasant or painful feelings like sadness, fear, and anger.","Generally, I feel pleased with the amount of intellectual stimulation I receive in my daily life.",To what extent do you feel excited and interested in things?,"During the past month, how much of a problem has it been for you to keep up enough enthusiasm to get things done?"
"Emotional, Intellectual",I find myself attracted to intellectual stimulation.,2,30,30,"In the past, I have generally found intellectual challenges to be vital to my overall well-being.",How often do you feel angry?,"I am able to handle unpleasant or painful feelings like sadness, fear, and anger.","Generally, I feel pleased with the amount of intellectual stimulation I receive in my daily life.",To what extent do you feel excited and interested in things?,"During the past month, how much of a problem has it been for you to keep up enough enthusiasm to get things done?"
"Emotional, Intellectual",I feel both emotional and intellectual in the past.,2,30,30,"In the past, I have generally found intellectual challenges to be vital to my overall well-being.",How often do you feel angry?,"I am able to handle unpleasant or painful feelings like sadness, fear, and anger.","Generally, I feel pleased with the amount of intellectual stimulation I receive in my daily life.",To what extent do you feel excited and interested in things?,"During the past month, how much of a problem has it been for you to keep up enough enthusiasm to get things done?"
"Emotional, Intellectual",I am very energetic and enthusiastic with my enthusiasm.,2,30,30,"In the past, I have generally found intellectual challenges to be vital to my overall well-being.",How often do you feel angry?,"I am able to handle unpleasant or painful feelings like sadness, fear, and anger.","Generally, I feel pleased with the amount of intellectual stimulation I receive in my daily life.",To what extent do you feel excited and interested in things?,"During the past month, how much of a problem has it been for you to keep up enough enthusiasm to get things done?"
"Emotional, Intellectual",Do you think you are happy or excited by the amount of intellectual stimulation you receive in your daily life?,2,30,30,"In the past, I have generally found intellectual challenges to be vital to my overall well-being.",How often do you feel angry?,"I am able to handle unpleasant or painful feelings like sadness, fear, and anger.","Generally, I feel pleased with the amount of intellectual stimulation I receive in my daily life.",To what extent do you feel excited and interested in things?,"During the past month, how much of a problem has it been for you to keep up enough enthusiasm to get things done?"
"Emotional, Intellectual",I feel eager to learn and to learn and to learn and to learn and to learn and to learn and to learn and to learn and to learn and to learn,2,30,30,"In the past, I have generally found intellectual challenges to be vital to my overall well-being.",How often do you feel angry?,"I am able to handle unpleasant or painful feelings like sadness, fear, and anger.","Generally, I feel pleased with the amount of intellectual stimulation I receive in my daily life.",To what extent do you feel excited and interested in things?,"During the past month, how much of a problem has it been for you to keep up enough enthusiasm to get things done?"
"Emotional, Intellectual",I enjoy my intellectual stimulation but I have found myself having a problem getting things done.,2,30,30,"In the past, I have generally found intellectual challenges to be vital to my overall well-being.",How often do you feel angry?,"I am able to handle unpleasant or painful feelings like sadness, fear, and anger.","Generally, I feel pleased with the amount of intellectual stimulation I receive in my daily life.",To what extent do you feel excited and interested in things?,"During the past month, how much of a problem has it been for you to keep up enough enthusiasm to get things done?"
"Emotional, Intellectual",I am very excited and excited.,2,30,30,"In the past, I have generally found intellectual challenges to be vital to my overall well-being.",How often do you feel angry?,"I am able to handle unpleasant or painful feelings like sadness, fear, and anger.","Generally, I feel pleased with the amount of intellectual stimulation I receive in my daily life.",To what extent do you feel excited and interested in things?,"During the past month, how much of a problem has it been for you to keep up enough enthusiasm to get things done?"
"Emotional, Occupational",My mood is fine with me and I know how to deal with bad emotions.,2,30,30,How often do you feel sad?,"I am able to handle unpleasant or painful feelings like sadness, fear, and anger.",How often do you feel joyful?,How often do you feel angry?,To what extent do you feel loved?,To what extent do you feel contented?
"Emotional, Occupational",How often do you feel the way I do?,2,30,30,How often do you feel sad?,"I am able to handle unpleasant or painful feelings like sadness, fear, and anger.",How often do you feel joyful?,How often do you feel angry?,To what extent do you feel loved?,To what extent do you feel contented?
"Emotional, Occupational",I have trouble concentrating and not focusing on the things that are important to me.,2,30,30,How often do you feel sad?,"I am able to handle unpleasant or painful feelings like sadness, fear, and anger.",How often do you feel joyful?,How often do you feel angry?,To what extent do you feel loved?,To what extent do you feel contented?
"Emotional, Occupational",My depression is characterized by negative emotions.,2,30,30,How often do you feel sad?,"I am able to handle unpleasant or painful feelings like sadness, fear, and anger.",How often do you feel joyful?,How often do you feel angry?,To what extent do you feel loved?,To what extent do you feel contented?
"Emotional, Occupational","I am able to deal with unpleasant or painful feelings like sadness, fear, anger.",2,30,30,How often do you feel sad?,"I am able to handle unpleasant or painful feelings like sadness, fear, and anger.",How often do you feel joyful?,How often do you feel angry?,To what extent do you feel loved?,To what extent do you feel contented?
"Emotional, Occupational",I have a very calm and controlled personality with an ability to control and identify emotions that I am able to tolerate.,2,30,30,How often do you feel sad?,"I am able to handle unpleasant or painful feelings like sadness, fear, and anger.",How often do you feel joyful?,How often do you feel angry?,To what extent do you feel loved?,To what extent do you feel contented?
"Emotional, Occupational","I can tolerate unpleasant or painful feelings like sadness, fear, and anger.",2,30,30,How often do you feel sad?,"I am able to handle unpleasant or painful feelings like sadness, fear, and anger.",How often do you feel joyful?,How often do you feel angry?,To what extent do you feel loved?,To what extent do you feel contented?
"Emotional, Occupational",I have a tendency to enjoy my life.,2,30,30,How often do you feel sad?,"I am able to handle unpleasant or painful feelings like sadness, fear, and anger.",How often do you feel joyful?,How often do you feel angry?,To what extent do you feel loved?,To what extent do you feel contented?
"Emotional, Occupational",You are more likely to be emotional than emotionally.,2,30,30,How often do you feel sad?,"I am able to handle unpleasant or painful feelings like sadness, fear, and anger.",How often do you feel joyful?,How often do you feel angry?,To what extent do you feel loved?,To what extent do you feel contented?
"Emotional, Occupational","I can handle unpleasant or painful feelings like sadness, fear, anger.",2,30,30,How often do you feel sad?,"I am able to handle unpleasant or painful feelings like sadness, fear, and anger.",How often do you feel joyful?,How often do you feel angry?,To what extent do you feel loved?,To what extent do you feel contented?
"Emotional, Occupational",a person whose behavior is normal or a situation that evokes emotions.,2,30,30,How often do you feel sad?,"I am able to handle unpleasant or painful feelings like sadness, fear, and anger.",How often do you feel joyful?,How often do you feel angry?,To what extent do you feel loved?,To what extent do you feel contented?
"Emotional, Occupational","I have positive feelings like joy, joy, and sadness.",2,30,30,How often do you feel sad?,"I am able to handle unpleasant or painful feelings like sadness, fear, and anger.",How often do you feel joyful?,How often do you feel angry?,To what extent do you feel loved?,To what extent do you feel contented?
"Emotional, Occupational",You can manage sadness and anger easily.,2,30,30,How often do you feel sad?,"I am able to handle unpleasant or painful feelings like sadness, fear, and anger.",How often do you feel joyful?,How often do you feel angry?,To what extent do you feel loved?,To what extent do you feel contented?
"Emotional, Occupational","I can handle unpleasant feelings like sadness, fear, and anger.",2,30,30,How often do you feel sad?,"I am able to handle unpleasant or painful feelings like sadness, fear, and anger.",How often do you feel joyful?,How often do you feel angry?,To what extent do you feel loved?,To what extent do you feel contented?
"Emotional, Occupational","I have a sense of balance and enjoy life and it helps me to be able to handle unpleasant or painful feelings like sadness, fear, and anger.",2,30,30,How often do you feel sad?,"I am able to handle unpleasant or painful feelings like sadness, fear, and anger.",How often do you feel joyful?,How often do you feel angry?,To what extent do you feel loved?,To what extent do you feel contented?
"Emotional, Occupational",I feel happy and have a strong sense of companionship.,2,30,30,How often do you feel sad?,"I am able to handle unpleasant or painful feelings like sadness, fear, and anger.",How often do you feel joyful?,How often do you feel angry?,To what extent do you feel loved?,To what extent do you feel contented?
"Emotional, Occupational",I can deal with both emotional and Occupational.,2,30,30,How often do you feel sad?,"I am able to handle unpleasant or painful feelings like sadness, fear, and anger.",How often do you feel joyful?,How often do you feel angry?,To what extent do you feel loved?,To what extent do you feel contented?
"Emotional, Occupational",My mood fluctuates on the basis of my social circumstances and my physical and occupational conditions.,2,30,30,How often do you feel sad?,"I am able to handle unpleasant or painful feelings like sadness, fear, and anger.",How often do you feel joyful?,How often do you feel angry?,To what extent do you feel loved?,To what extent do you feel contented?
"Emotional, Occupational",My attitude toward being loved has increased.,2,30,30,How often do you feel sad?,"I am able to handle unpleasant or painful feelings like sadness, fear, and anger.",How often do you feel joyful?,How often do you feel angry?,To what extent do you feel loved?,To what extent do you feel contented?
"Emotional, Occupational","I have a lot of energy and enthusiasm, and I can handle stressful, emotional or traumatic situations.",2,30,30,How often do you feel sad?,"I am able to handle unpleasant or painful feelings like sadness, fear, and anger.",How often do you feel joyful?,How often do you feel angry?,To what extent do you feel loved?,To what extent do you feel contented?
"Emotional, Occupational","I can handle negative feelings like sadness, fear, and anger.",2,30,30,How often do you feel sad?,"I am able to handle unpleasant or painful feelings like sadness, fear, and anger.",How often do you feel joyful?,How often do you feel angry?,To what extent do you feel loved?,To what extent do you feel contented?
"Emotional, Occupational","I feel joy, gratitude, and compassion.",2,30,30,How often do you feel sad?,"I am able to handle unpleasant or painful feelings like sadness, fear, and anger.",How often do you feel joyful?,How often do you feel angry?,To what extent do you feel loved?,To what extent do you feel contented?
"Emotional, Occupational","I feel happy when I feel sad, but when I feel angry or unhappy when I feel sad.",2,30,30,How often do you feel sad?,"I am able to handle unpleasant or painful feelings like sadness, fear, and anger.",How often do you feel joyful?,How often do you feel angry?,To what extent do you feel loved?,To what extent do you feel contented?
"Emotional, Occupational","I have a positive attitude towards my feelings, and I enjoy making decisions with my emotions.",2,30,30,How often do you feel sad?,"I am able to handle unpleasant or painful feelings like sadness, fear, and anger.",How often do you feel joyful?,How often do you feel angry?,To what extent do you feel loved?,To what extent do you feel contented?
"Emotional, Occupational","I have trouble with emotions, both emotional and occupational.",2,30,30,How often do you feel sad?,"I am able to handle unpleasant or painful feelings like sadness, fear, and anger.",How often do you feel joyful?,How often do you feel angry?,To what extent do you feel loved?,To what extent do you feel contented?
"Emotional, Occupational","My ability to deal with unpleasant or painful feelings like sadness, fear, and anger is a positive attribute.",2,30,30,How often do you feel sad?,"I am able to handle unpleasant or painful feelings like sadness, fear, and anger.",How often do you feel joyful?,How often do you feel angry?,To what extent do you feel loved?,To what extent do you feel contented?
"Emotional, Occupational",My emotional health level is high.,2,30,30,How often do you feel sad?,"I am able to handle unpleasant or painful feelings like sadness, fear, and anger.",How often do you feel joyful?,How often do you feel angry?,To what extent do you feel loved?,To what extent do you feel contented?
"Emotional, Occupational",I have a high level of empathy and self-awareness.,2,30,30,How often do you feel sad?,"I am able to handle unpleasant or painful feelings like sadness, fear, and anger.",How often do you feel joyful?,How often do you feel angry?,To what extent do you feel loved?,To what extent do you feel contented?
"Emotional, Occupational",My emotional and occupational health is a self-report mental health statement.,2,30,30,How often do you feel sad?,"I am able to handle unpleasant or painful feelings like sadness, fear, and anger.",How often do you feel joyful?,How often do you feel angry?,To what extent do you feel loved?,To what extent do you feel contented?
"Emotional, Occupational",How often do you feel withdrawn or depressed?,2,30,30,How often do you feel sad?,"I am able to handle unpleasant or painful feelings like sadness, fear, and anger.",How often do you feel joyful?,How often do you feel angry?,To what extent do you feel loved?,To what extent do you feel contented?
"Emotional, Physical",I believe physical and emotional health are important.,2,30,30,My physical health has restricted me in the past.,I expect my physical health to get worse.,How satisfied are you with your current physical health?,My body seems to resist physical illness very well.,"Compared to people I know, my past physical health has been excellent.",How would you say your health is?
"Emotional, Physical",My physical health has been a poor predictor for the future.,2,30,30,My physical health has restricted me in the past.,I expect my physical health to get worse.,How satisfied are you with your current physical health?,My body seems to resist physical illness very well.,"Compared to people I know, my past physical health has been excellent.",How would you say your health is?
"Emotional, Physical",My physical health is in great shape and in good shape.,2,30,30,My physical health has restricted me in the past.,I expect my physical health to get worse.,How satisfied are you with your current physical health?,My body seems to resist physical illness very well.,"Compared to people I know, my past physical health has been excellent.",How would you say your health is?
"Emotional, Physical",My current physical health has been good.,2,30,30,My physical health has restricted me in the past.,I expect my physical health to get worse.,How satisfied are you with your current physical health?,My body seems to resist physical illness very well.,"Compared to people I know, my past physical health has been excellent.",How would you say your health is?
"Emotional, Physical",I am happy in the present.,2,30,30,My physical health has restricted me in the past.,I expect my physical health to get worse.,How satisfied are you with your current physical health?,My body seems to resist physical illness very well.,"Compared to people I know, my past physical health has been excellent.",How would you say your health is?
"Emotional, Physical",My physical health is in good condition.,2,30,30,My physical health has restricted me in the past.,I expect my physical health to get worse.,How satisfied are you with your current physical health?,My body seems to resist physical illness very well.,"Compared to people I know, my past physical health has been excellent.",How would you say your health is?
"Emotional, Physical",I think the physical health is good.,2,30,30,My physical health has restricted me in the past.,I expect my physical health to get worse.,How satisfied are you with your current physical health?,My body seems to resist physical illness very well.,"Compared to people I know, my past physical health has been excellent.",How would you say your health is?
"Emotional, Physical","I've been going through a rough patch, I've suffered a lot.",2,30,30,My physical health has restricted me in the past.,I expect my physical health to get worse.,How satisfied are you with your current physical health?,My body seems to resist physical illness very well.,"Compared to people I know, my past physical health has been excellent.",How would you say your health is?
"Emotional, Physical",My current physical health is very stable.,2,30,30,My physical health has restricted me in the past.,I expect my physical health to get worse.,How satisfied are you with your current physical health?,My body seems to resist physical illness very well.,"Compared to people I know, my past physical health has been excellent.",How would you say your health is?
"Emotional, Physical",My physical health has been perfect for a while.,2,30,30,My physical health has restricted me in the past.,I expect my physical health to get worse.,How satisfied are you with your current physical health?,My body seems to resist physical illness very well.,"Compared to people I know, my past physical health has been excellent.",How would you say your health is?
"Emotional, Physical",I do not think I have any negative emotions or negative thoughts.,2,30,30,My physical health has restricted me in the past.,I expect my physical health to get worse.,How satisfied are you with your current physical health?,My body seems to resist physical illness very well.,"Compared to people I know, my past physical health has been excellent.",How would you say your health is?
"Emotional, Physical",My physical health isn't so bad.,2,30,30,My physical health has restricted me in the past.,I expect my physical health to get worse.,How satisfied are you with your current physical health?,My body seems to resist physical illness very well.,"Compared to people I know, my past physical health has been excellent.",How would you say your health is?
"Emotional, Physical",I feel like I have a great body.,2,30,30,My physical health has restricted me in the past.,I expect my physical health to get worse.,How satisfied are you with your current physical health?,My body seems to resist physical illness very well.,"Compared to people I know, my past physical health has been excellent.",How would you say your health is?
"Emotional, Physical",I feel my physical health has reduced.,2,30,30,My physical health has restricted me in the past.,I expect my physical health to get worse.,How satisfied are you with your current physical health?,My body seems to resist physical illness very well.,"Compared to people I know, my past physical health has been excellent.",How would you say your health is?
"Emotional, Physical",Your physical health is a matter of how well you do on your feet and feet.,2,30,30,My physical health has restricted me in the past.,I expect my physical health to get worse.,How satisfied are you with your current physical health?,My body seems to resist physical illness very well.,"Compared to people I know, my past physical health has been excellent.",How would you say your health is?
"Emotional, Physical",My mental health is not great.,2,30,30,My physical health has restricted me in the past.,I expect my physical health to get worse.,How satisfied are you with your current physical health?,My body seems to resist physical illness very well.,"Compared to people I know, my past physical health has been excellent.",How would you say your health is?
"Emotional, Physical",My physical health has been fantastic for a long time.,2,30,30,My physical health has restricted me in the past.,I expect my physical health to get worse.,How satisfied are you with your current physical health?,My body seems to resist physical illness very well.,"Compared to people I know, my past physical health has been excellent.",How would you say your health is?
"Emotional, Physical",My physical health is not good.,2,30,30,My physical health has restricted me in the past.,I expect my physical health to get worse.,How satisfied are you with your current physical health?,My body seems to resist physical illness very well.,"Compared to people I know, my past physical health has been excellent.",How would you say your health is?
"Emotional, Physical",My physical health has been a major issue in the past.,2,30,30,My physical health has restricted me in the past.,I expect my physical health to get worse.,How satisfied are you with your current physical health?,My body seems to resist physical illness very well.,"Compared to people I know, my past physical health has been excellent.",How would you say your health is?
"Emotional, Physical",My physical health seems to be very good.,2,30,30,My physical health has restricted me in the past.,I expect my physical health to get worse.,How satisfied are you with your current physical health?,My body seems to resist physical illness very well.,"Compared to people I know, my past physical health has been excellent.",How would you say your health is?
"Emotional, Physical",I have a bad mental health.,2,30,30,My physical health has restricted me in the past.,I expect my physical health to get worse.,How satisfied are you with your current physical health?,My body seems to resist physical illness very well.,"Compared to people I know, my past physical health has been excellent.",How would you say your health is?
"Emotional, Physical",My previous physical health has been terrible.,2,30,30,My physical health has restricted me in the past.,I expect my physical health to get worse.,How satisfied are you with your current physical health?,My body seems to resist physical illness very well.,"Compared to people I know, my past physical health has been excellent.",How would you say your health is?
"Emotional, Physical",I have a lot of problems with my physical health.,2,30,30,My physical health has restricted me in the past.,I expect my physical health to get worse.,How satisfied are you with your current physical health?,My body seems to resist physical illness very well.,"Compared to people I know, my past physical health has been excellent.",How would you say your health is?
"Emotional, Physical",I do not have good physical health.,2,30,30,My physical health has restricted me in the past.,I expect my physical health to get worse.,How satisfied are you with your current physical health?,My body seems to resist physical illness very well.,"Compared to people I know, my past physical health has been excellent.",How would you say your health is?
"Emotional, Physical",What is your current mental health?,2,30,30,My physical health has restricted me in the past.,I expect my physical health to get worse.,How satisfied are you with your current physical health?,My body seems to resist physical illness very well.,"Compared to people I know, my past physical health has been excellent.",How would you say your health is?
"Emotional, Physical",My mental health seems to be good.,2,30,30,My physical health has restricted me in the past.,I expect my physical health to get worse.,How satisfied are you with your current physical health?,My body seems to resist physical illness very well.,"Compared to people I know, my past physical health has been excellent.",How would you say your health is?
"Emotional, Physical",My overall mental health is very good.,2,30,30,My physical health has restricted me in the past.,I expect my physical health to get worse.,How satisfied are you with your current physical health?,My body seems to resist physical illness very well.,"Compared to people I know, my past physical health has been excellent.",How would you say your health is?
"Emotional, Physical",I am not sure I have any physical symptoms.,2,30,30,My physical health has restricted me in the past.,I expect my physical health to get worse.,How satisfied are you with your current physical health?,My body seems to resist physical illness very well.,"Compared to people I know, my past physical health has been excellent.",How would you say your health is?
"Emotional, Physical",My physical health has been so good for a few years now that I am hoping for better.,2,30,30,My physical health has restricted me in the past.,I expect my physical health to get worse.,How satisfied are you with your current physical health?,My body seems to resist physical illness very well.,"Compared to people I know, my past physical health has been excellent.",How would you say your health is?
"Emotional, Physical",I think my physical health has been good for about a year.,2,30,30,My physical health has restricted me in the past.,I expect my physical health to get worse.,How satisfied are you with your current physical health?,My body seems to resist physical illness very well.,"Compared to people I know, my past physical health has been excellent.",How would you say your health is?
"Emotional, Social",I have been shattered by the passing of a friend,2,30,30,"In the past, I have not always had friends with whom I could share my joys and sorrows.",I have not experienced many warm and trusting relationships with others.,Maintaining close relationships has been difficult and frustrating for me.,It is difficult for me to make friends,There have been times when I felt inferior to most of the people I knew.,How often do you feel sad?
"Emotional, Social",I feel sad and lonely often.,2,30,30,"In the past, I have not always had friends with whom I could share my joys and sorrows.",I have not experienced many warm and trusting relationships with others.,Maintaining close relationships has been difficult and frustrating for me.,It is difficult for me to make friends,There have been times when I felt inferior to most of the people I knew.,How often do you feel sad?
"Emotional, Social",I have not always felt comfortable around people I was not good at.,2,30,30,"In the past, I have not always had friends with whom I could share my joys and sorrows.",I have not experienced many warm and trusting relationships with others.,Maintaining close relationships has been difficult and frustrating for me.,It is difficult for me to make friends,There have been times when I felt inferior to most of the people I knew.,How often do you feel sad?
"Emotional, Social",I feel sad when I feel like I'm fucked,2,30,30,"In the past, I have not always had friends with whom I could share my joys and sorrows.",I have not experienced many warm and trusting relationships with others.,Maintaining close relationships has been difficult and frustrating for me.,It is difficult for me to make friends,There have been times when I felt inferior to most of the people I knew.,How often do you feel sad?
"Emotional, Social",The emotional aspects of my mental health are both emotional and social.,2,30,30,"In the past, I have not always had friends with whom I could share my joys and sorrows.",I have not experienced many warm and trusting relationships with others.,Maintaining close relationships has been difficult and frustrating for me.,It is difficult for me to make friends,There have been times when I felt inferior to most of the people I knew.,How often do you feel sad?
"Emotional, Social","I feel bad, but have never experienced anything like it.",2,30,30,"In the past, I have not always had friends with whom I could share my joys and sorrows.",I have not experienced many warm and trusting relationships with others.,Maintaining close relationships has been difficult and frustrating for me.,It is difficult for me to make friends,There have been times when I felt inferior to most of the people I knew.,How often do you feel sad?
"Emotional, Social",I feel sad about the world and being ripped apart,2,30,30,"In the past, I have not always had friends with whom I could share my joys and sorrows.",I have not experienced many warm and trusting relationships with others.,Maintaining close relationships has been difficult and frustrating for me.,It is difficult for me to make friends,There have been times when I felt inferior to most of the people I knew.,How often do you feel sad?
"Emotional, Social",I feel sadness because of a mistake in my decisions,2,30,30,"In the past, I have not always had friends with whom I could share my joys and sorrows.",I have not experienced many warm and trusting relationships with others.,Maintaining close relationships has been difficult and frustrating for me.,It is difficult for me to make friends,There have been times when I felt inferior to most of the people I knew.,How often do you feel sad?
"Emotional, Social",I feel sad when I are sad.,2,30,30,"In the past, I have not always had friends with whom I could share my joys and sorrows.",I have not experienced many warm and trusting relationships with others.,Maintaining close relationships has been difficult and frustrating for me.,It is difficult for me to make friends,There have been times when I felt inferior to most of the people I knew.,How often do you feel sad?
"Emotional, Social",I have not had warm and trusting relationships with others.,2,30,30,"In the past, I have not always had friends with whom I could share my joys and sorrows.",I have not experienced many warm and trusting relationships with others.,Maintaining close relationships has been difficult and frustrating for me.,It is difficult for me to make friends,There have been times when I felt inferior to most of the people I knew.,How often do you feel sad?
"Emotional, Social",My family has been in a state of crisis.,2,30,30,"In the past, I have not always had friends with whom I could share my joys and sorrows.",I have not experienced many warm and trusting relationships with others.,Maintaining close relationships has been difficult and frustrating for me.,It is difficult for me to make friends,There have been times when I felt inferior to most of the people I knew.,How often do you feel sad?
"Emotional, Social",I am sad most of the time,2,30,30,"In the past, I have not always had friends with whom I could share my joys and sorrows.",I have not experienced many warm and trusting relationships with others.,Maintaining close relationships has been difficult and frustrating for me.,It is difficult for me to make friends,There have been times when I felt inferior to most of the people I knew.,How often do you feel sad?
"Emotional, Social",I've felt lonely in the past.,2,30,30,"In the past, I have not always had friends with whom I could share my joys and sorrows.",I have not experienced many warm and trusting relationships with others.,Maintaining close relationships has been difficult and frustrating for me.,It is difficult for me to make friends,There have been times when I felt inferior to most of the people I knew.,How often do you feel sad?
"Emotional, Social",I have had experiences with anxiety and depression.,2,30,30,"In the past, I have not always had friends with whom I could share my joys and sorrows.",I have not experienced many warm and trusting relationships with others.,Maintaining close relationships has been difficult and frustrating for me.,It is difficult for me to make friends,There have been times when I felt inferior to most of the people I knew.,How often do you feel sad?
"Emotional, Social",I feel a sense of loss and dissatisfaction.,2,30,30,"In the past, I have not always had friends with whom I could share my joys and sorrows.",I have not experienced many warm and trusting relationships with others.,Maintaining close relationships has been difficult and frustrating for me.,It is difficult for me to make friends,There have been times when I felt inferior to most of the people I knew.,How often do you feel sad?
"Emotional, Social",I feel sad every time I have a loss.,2,30,30,"In the past, I have not always had friends with whom I could share my joys and sorrows.",I have not experienced many warm and trusting relationships with others.,Maintaining close relationships has been difficult and frustrating for me.,It is difficult for me to make friends,There have been times when I felt inferior to most of the people I knew.,How often do you feel sad?
"Emotional, Social",I am sad about my past experiences of depression.,2,30,30,"In the past, I have not always had friends with whom I could share my joys and sorrows.",I have not experienced many warm and trusting relationships with others.,Maintaining close relationships has been difficult and frustrating for me.,It is difficult for me to make friends,There have been times when I felt inferior to most of the people I knew.,How often do you feel sad?
"Emotional, Social",Sometimes I feel sad because of someone else.,2,30,30,"In the past, I have not always had friends with whom I could share my joys and sorrows.",I have not experienced many warm and trusting relationships with others.,Maintaining close relationships has been difficult and frustrating for me.,It is difficult for me to make friends,There have been times when I felt inferior to most of the people I knew.,How often do you feel sad?
"Emotional, Social",What are my feelings of sadness?,2,30,30,"In the past, I have not always had friends with whom I could share my joys and sorrows.",I have not experienced many warm and trusting relationships with others.,Maintaining close relationships has been difficult and frustrating for me.,It is difficult for me to make friends,There have been times when I felt inferior to most of the people I knew.,How often do you feel sad?
"Emotional, Social",I feel sad because I dont have a lot of people to talk to,2,30,30,"In the past, I have not always had friends with whom I could share my joys and sorrows.",I have not experienced many warm and trusting relationships with others.,Maintaining close relationships has been difficult and frustrating for me.,It is difficult for me to make friends,There have been times when I felt inferior to most of the people I knew.,How often do you feel sad?
"Emotional, Social","A feeling of emptiness, depression and sadness",2,30,30,"In the past, I have not always had friends with whom I could share my joys and sorrows.",I have not experienced many warm and trusting relationships with others.,Maintaining close relationships has been difficult and frustrating for me.,It is difficult for me to make friends,There have been times when I felt inferior to most of the people I knew.,How often do you feel sad?
"Emotional, Social",I felt bad when I was a child,2,30,30,"In the past, I have not always had friends with whom I could share my joys and sorrows.",I have not experienced many warm and trusting relationships with others.,Maintaining close relationships has been difficult and frustrating for me.,It is difficult for me to make friends,There have been times when I felt inferior to most of the people I knew.,How often do you feel sad?
"Emotional, Social",I feel sad because I'm afraid of my emotions,2,30,30,"In the past, I have not always had friends with whom I could share my joys and sorrows.",I have not experienced many warm and trusting relationships with others.,Maintaining close relationships has been difficult and frustrating for me.,It is difficult for me to make friends,There have been times when I felt inferior to most of the people I knew.,How often do you feel sad?
"Emotional, Social",I feel down when my heart stops beating.,2,30,30,"In the past, I have not always had friends with whom I could share my joys and sorrows.",I have not experienced many warm and trusting relationships with others.,Maintaining close relationships has been difficult and frustrating for me.,It is difficult for me to make friends,There have been times when I felt inferior to most of the people I knew.,How often do you feel sad?
"Emotional, Social",I have felt unable to find people I could share my joys and sorrows with.,2,30,30,"In the past, I have not always had friends with whom I could share my joys and sorrows.",I have not experienced many warm and trusting relationships with others.,Maintaining close relationships has been difficult and frustrating for me.,It is difficult for me to make friends,There have been times when I felt inferior to most of the people I knew.,How often do you feel sad?
"Emotional, Social",I feel a lot of emotions and socially are very important.,2,30,30,"In the past, I have not always had friends with whom I could share my joys and sorrows.",I have not experienced many warm and trusting relationships with others.,Maintaining close relationships has been difficult and frustrating for me.,It is difficult for me to make friends,There have been times when I felt inferior to most of the people I knew.,How often do you feel sad?
"Emotional, Social",I feel sad every time I think about being sad.,2,30,30,"In the past, I have not always had friends with whom I could share my joys and sorrows.",I have not experienced many warm and trusting relationships with others.,Maintaining close relationships has been difficult and frustrating for me.,It is difficult for me to make friends,There have been times when I felt inferior to most of the people I knew.,How often do you feel sad?
"Emotional, Social",I feel bad about my emotional and social wellbeing.,2,30,30,"In the past, I have not always had friends with whom I could share my joys and sorrows.",I have not experienced many warm and trusting relationships with others.,Maintaining close relationships has been difficult and frustrating for me.,It is difficult for me to make friends,There have been times when I felt inferior to most of the people I knew.,How often do you feel sad?
"Emotional, Social",I have been avoiding myself by not sharing my sorrows with my partner.,2,30,30,"In the past, I have not always had friends with whom I could share my joys and sorrows.",I have not experienced many warm and trusting relationships with others.,Maintaining close relationships has been difficult and frustrating for me.,It is difficult for me to make friends,There have been times when I felt inferior to most of the people I knew.,How often do you feel sad?
"Emotional, Social",I have an unbalanced body and a strong desire to regain my emotional health.,2,30,30,"In the past, I have not always had friends with whom I could share my joys and sorrows.",I have not experienced many warm and trusting relationships with others.,Maintaining close relationships has been difficult and frustrating for me.,It is difficult for me to make friends,There have been times when I felt inferior to most of the people I knew.,How often do you feel sad?
"Emotional, Spiritual","I am able to cope with my emotions like sadness, fear, and anger.",2,30,30,"I am able to handle unpleasant or painful feelings like sadness, fear, and anger.",How often do you feel sad?,I think of myself as a strong person when dealing with life's challenges and difficulties.,How often do you feel angry?,"In the past, I have not always had friends with whom I could share my joys and sorrows.",To what extent do you feel loved?
"Emotional, Spiritual",I have a strong and loving personality.,2,30,30,"I am able to handle unpleasant or painful feelings like sadness, fear, and anger.",How often do you feel sad?,I think of myself as a strong person when dealing with life's challenges and difficulties.,How often do you feel angry?,"In the past, I have not always had friends with whom I could share my joys and sorrows.",To what extent do you feel loved?
"Emotional, Spiritual","I am able to deal with negative emotions like sadness, fear, and anger.",2,30,30,"I am able to handle unpleasant or painful feelings like sadness, fear, and anger.",How often do you feel sad?,I think of myself as a strong person when dealing with life's challenges and difficulties.,How often do you feel angry?,"In the past, I have not always had friends with whom I could share my joys and sorrows.",To what extent do you feel loved?
"Emotional, Spiritual",I feel grateful and confident for myself.,2,30,30,"I am able to handle unpleasant or painful feelings like sadness, fear, and anger.",How often do you feel sad?,I think of myself as a strong person when dealing with life's challenges and difficulties.,How often do you feel angry?,"In the past, I have not always had friends with whom I could share my joys and sorrows.",To what extent do you feel loved?
"Emotional, Spiritual","I like my relationship with my family, my friends, and friends to be peaceful and comfortable.",2,30,30,"I am able to handle unpleasant or painful feelings like sadness, fear, and anger.",How often do you feel sad?,I think of myself as a strong person when dealing with life's challenges and difficulties.,How often do you feel angry?,"In the past, I have not always had friends with whom I could share my joys and sorrows.",To what extent do you feel loved?
"Emotional, Spiritual",I feel good about myself emotionally and spiritually.,2,30,30,"I am able to handle unpleasant or painful feelings like sadness, fear, and anger.",How often do you feel sad?,I think of myself as a strong person when dealing with life's challenges and difficulties.,How often do you feel angry?,"In the past, I have not always had friends with whom I could share my joys and sorrows.",To what extent do you feel loved?
"Emotional, Spiritual","I can handle a lot of emotions, such as sadness, fear, and anger.",2,30,30,"I am able to handle unpleasant or painful feelings like sadness, fear, and anger.",How often do you feel sad?,I think of myself as a strong person when dealing with life's challenges and difficulties.,How often do you feel angry?,"In the past, I have not always had friends with whom I could share my joys and sorrows.",To what extent do you feel loved?
"Emotional, Spiritual",I feel grateful for my friend who cares about me and my family.,2,30,30,"I am able to handle unpleasant or painful feelings like sadness, fear, and anger.",How often do you feel sad?,I think of myself as a strong person when dealing with life's challenges and difficulties.,How often do you feel angry?,"In the past, I have not always had friends with whom I could share my joys and sorrows.",To what extent do you feel loved?
"Emotional, Spiritual",Love is a positive part of my self esteem.,2,30,30,"I am able to handle unpleasant or painful feelings like sadness, fear, and anger.",How often do you feel sad?,I think of myself as a strong person when dealing with life's challenges and difficulties.,How often do you feel angry?,"In the past, I have not always had friends with whom I could share my joys and sorrows.",To what extent do you feel loved?
"Emotional, Spiritual",I feel love when I feel happy and content.,2,30,30,"I am able to handle unpleasant or painful feelings like sadness, fear, and anger.",How often do you feel sad?,I think of myself as a strong person when dealing with life's challenges and difficulties.,How often do you feel angry?,"In the past, I have not always had friends with whom I could share my joys and sorrows.",To what extent do you feel loved?
"Emotional, Spiritual",I have a strong family with whom I can share my joys and sorrows.,2,30,30,"I am able to handle unpleasant or painful feelings like sadness, fear, and anger.",How often do you feel sad?,I think of myself as a strong person when dealing with life's challenges and difficulties.,How often do you feel angry?,"In the past, I have not always had friends with whom I could share my joys and sorrows.",To what extent do you feel loved?
"Emotional, Spiritual","I have been able to cope with unpleasant or painful feelings like sadness, fear, and anger.",2,30,30,"I am able to handle unpleasant or painful feelings like sadness, fear, and anger.",How often do you feel sad?,I think of myself as a strong person when dealing with life's challenges and difficulties.,How often do you feel angry?,"In the past, I have not always had friends with whom I could share my joys and sorrows.",To what extent do you feel loved?
"Emotional, Spiritual",I feel strong and powerful because of my faith in myself.,2,30,30,"I am able to handle unpleasant or painful feelings like sadness, fear, and anger.",How often do you feel sad?,I think of myself as a strong person when dealing with life's challenges and difficulties.,How often do you feel angry?,"In the past, I have not always had friends with whom I could share my joys and sorrows.",To what extent do you feel loved?
"Emotional, Spiritual",I love my family and being with them.,2,30,30,"I am able to handle unpleasant or painful feelings like sadness, fear, and anger.",How often do you feel sad?,I think of myself as a strong person when dealing with life's challenges and difficulties.,How often do you feel angry?,"In the past, I have not always had friends with whom I could share my joys and sorrows.",To what extent do you feel loved?
"Emotional, Spiritual",I feel a lot of love toward myself and my family.,2,30,30,"I am able to handle unpleasant or painful feelings like sadness, fear, and anger.",How often do you feel sad?,I think of myself as a strong person when dealing with life's challenges and difficulties.,How often do you feel angry?,"In the past, I have not always had friends with whom I could share my joys and sorrows.",To what extent do you feel loved?
"Emotional, Spiritual",I feel loved in the long term.,2,30,30,"I am able to handle unpleasant or painful feelings like sadness, fear, and anger.",How often do you feel sad?,I think of myself as a strong person when dealing with life's challenges and difficulties.,How often do you feel angry?,"In the past, I have not always had friends with whom I could share my joys and sorrows.",To what extent do you feel loved?
"Emotional, Spiritual",I feel more loving when I share my joys and sorrows.,2,30,30,"I am able to handle unpleasant or painful feelings like sadness, fear, and anger.",How often do you feel sad?,I think of myself as a strong person when dealing with life's challenges and difficulties.,How often do you feel angry?,"In the past, I have not always had friends with whom I could share my joys and sorrows.",To what extent do you feel loved?
"Emotional, Spiritual",I feel more loving than I did before.,2,30,30,"I am able to handle unpleasant or painful feelings like sadness, fear, and anger.",How often do you feel sad?,I think of myself as a strong person when dealing with life's challenges and difficulties.,How often do you feel angry?,"In the past, I have not always had friends with whom I could share my joys and sorrows.",To what extent do you feel loved?
"Emotional, Spiritual",I have a healthy desire for God.,2,30,30,"I am able to handle unpleasant or painful feelings like sadness, fear, and anger.",How often do you feel sad?,I think of myself as a strong person when dealing with life's challenges and difficulties.,How often do you feel angry?,"In the past, I have not always had friends with whom I could share my joys and sorrows.",To what extent do you feel loved?
"Emotional, Spiritual",I feel a strong emotional and spiritual person.,2,30,30,"I am able to handle unpleasant or painful feelings like sadness, fear, and anger.",How often do you feel sad?,I think of myself as a strong person when dealing with life's challenges and difficulties.,How often do you feel angry?,"In the past, I have not always had friends with whom I could share my joys and sorrows.",To what extent do you feel loved?
"Emotional, Spiritual",I feel more self-confident and hopeful than I previously thought.,2,30,30,"I am able to handle unpleasant or painful feelings like sadness, fear, and anger.",How often do you feel sad?,I think of myself as a strong person when dealing with life's challenges and difficulties.,How often do you feel angry?,"In the past, I have not always had friends with whom I could share my joys and sorrows.",To what extent do you feel loved?
"Emotional, Spiritual",I have an open heart and enjoy playing cards with my boyfriend and I.,2,30,30,"I am able to handle unpleasant or painful feelings like sadness, fear, and anger.",How often do you feel sad?,I think of myself as a strong person when dealing with life's challenges and difficulties.,How often do you feel angry?,"In the past, I have not always had friends with whom I could share my joys and sorrows.",To what extent do you feel loved?
"Emotional, Spiritual",I have loved people for years.,2,30,30,"I am able to handle unpleasant or painful feelings like sadness, fear, and anger.",How often do you feel sad?,I think of myself as a strong person when dealing with life's challenges and difficulties.,How often do you feel angry?,"In the past, I have not always had friends with whom I could share my joys and sorrows.",To what extent do you feel loved?
"Emotional, Spiritual","Often, I experience negative emotions like fear and anger.",2,30,30,"I am able to handle unpleasant or painful feelings like sadness, fear, and anger.",How often do you feel sad?,I think of myself as a strong person when dealing with life's challenges and difficulties.,How often do you feel angry?,"In the past, I have not always had friends with whom I could share my joys and sorrows.",To what extent do you feel loved?
"Emotional, Spiritual",I feel a strong sense of humor and an appreciation for all of life's problems.,2,30,30,"I am able to handle unpleasant or painful feelings like sadness, fear, and anger.",How often do you feel sad?,I think of myself as a strong person when dealing with life's challenges and difficulties.,How often do you feel angry?,"In the past, I have not always had friends with whom I could share my joys and sorrows.",To what extent do you feel loved?
"Emotional, Spiritual","I have been blessed with positive, supportive, and loving relationships.",2,30,30,"I am able to handle unpleasant or painful feelings like sadness, fear, and anger.",How often do you feel sad?,I think of myself as a strong person when dealing with life's challenges and difficulties.,How often do you feel angry?,"In the past, I have not always had friends with whom I could share my joys and sorrows.",To what extent do you feel loved?
"Emotional, Spiritual",I have positive energy and a strong sense of humor.,2,30,30,"I am able to handle unpleasant or painful feelings like sadness, fear, and anger.",How often do you feel sad?,I think of myself as a strong person when dealing with life's challenges and difficulties.,How often do you feel angry?,"In the past, I have not always had friends with whom I could share my joys and sorrows.",To what extent do you feel loved?
"Emotional, Spiritual","I feel loved, and when I get to know someone, I feel happy and happy.",2,30,30,"I am able to handle unpleasant or painful feelings like sadness, fear, and anger.",How often do you feel sad?,I think of myself as a strong person when dealing with life's challenges and difficulties.,How often do you feel angry?,"In the past, I have not always had friends with whom I could share my joys and sorrows.",To what extent do you feel loved?
"Emotional, Spiritual",I feel emotionally and spiritually loved.,2,30,30,"I am able to handle unpleasant or painful feelings like sadness, fear, and anger.",How often do you feel sad?,I think of myself as a strong person when dealing with life's challenges and difficulties.,How often do you feel angry?,"In the past, I have not always had friends with whom I could share my joys and sorrows.",To what extent do you feel loved?
"Emotional, Spiritual",I have not always felt loved by people I knew at my age.,2,30,30,"I am able to handle unpleasant or painful feelings like sadness, fear, and anger.",How often do you feel sad?,I think of myself as a strong person when dealing with life's challenges and difficulties.,How often do you feel angry?,"In the past, I have not always had friends with whom I could share my joys and sorrows.",To what extent do you feel loved?
"Environmental, Financial","During the past month, how often have you had trouble sleeping because you have been up for work or have taken a walk?",2,30,30,"During the past month, how often have you had trouble sleeping because you have to get up to use the bathroom?","During the past month, how often have you had trouble sleeping because you cannot breathe comfortably?",I have one close and secure relationship.,I can deal with whatever comes my way.,"During the past month, how often have you had trouble sleeping because of other reasons?","In general, I feel I am in charge of the situation in which I live."
"Environmental, Financial",When I'm alone and I feel I have to deal with nothing.,2,30,30,"During the past month, how often have you had trouble sleeping because you have to get up to use the bathroom?","During the past month, how often have you had trouble sleeping because you cannot breathe comfortably?",I have one close and secure relationship.,I can deal with whatever comes my way.,"During the past month, how often have you had trouble sleeping because of other reasons?","In general, I feel I am in charge of the situation in which I live."
"Environmental, Financial",I feel I am in charge of my situation.,2,30,30,"During the past month, how often have you had trouble sleeping because you have to get up to use the bathroom?","During the past month, how often have you had trouble sleeping because you cannot breathe comfortably?",I have one close and secure relationship.,I can deal with whatever comes my way.,"During the past month, how often have you had trouble sleeping because of other reasons?","In general, I feel I am in charge of the situation in which I live."
"Environmental, Financial",I have only one close and secure relationship.,2,30,30,"During the past month, how often have you had trouble sleeping because you have to get up to use the bathroom?","During the past month, how often have you had trouble sleeping because you cannot breathe comfortably?",I have one close and secure relationship.,I can deal with whatever comes my way.,"During the past month, how often have you had trouble sleeping because of other reasons?","In general, I feel I am in charge of the situation in which I live."
"Environmental, Financial","I have my own feelings toward life, including love and life's struggles.",2,30,30,"During the past month, how often have you had trouble sleeping because you have to get up to use the bathroom?","During the past month, how often have you had trouble sleeping because you cannot breathe comfortably?",I have one close and secure relationship.,I can deal with whatever comes my way.,"During the past month, how often have you had trouble sleeping because of other reasons?","In general, I feel I am in charge of the situation in which I live."
"Environmental, Financial",I have a close and secure relationship.,2,30,30,"During the past month, how often have you had trouble sleeping because you have to get up to use the bathroom?","During the past month, how often have you had trouble sleeping because you cannot breathe comfortably?",I have one close and secure relationship.,I can deal with whatever comes my way.,"During the past month, how often have you had trouble sleeping because of other reasons?","In general, I feel I am in charge of the situation in which I live."
"Environmental, Financial",I am in charge of my own situation.,2,30,30,"During the past month, how often have you had trouble sleeping because you have to get up to use the bathroom?","During the past month, how often have you had trouble sleeping because you cannot breathe comfortably?",I have one close and secure relationship.,I can deal with whatever comes my way.,"During the past month, how often have you had trouble sleeping because of other reasons?","In general, I feel I am in charge of the situation in which I live."
"Environmental, Financial",I have had trouble sleeping because of my family.,2,30,30,"During the past month, how often have you had trouble sleeping because you have to get up to use the bathroom?","During the past month, how often have you had trouble sleeping because you cannot breathe comfortably?",I have one close and secure relationship.,I can deal with whatever comes my way.,"During the past month, how often have you had trouble sleeping because of other reasons?","In general, I feel I am in charge of the situation in which I live."
"Environmental, Financial",I feel I can manage everything in my life.,2,30,30,"During the past month, how often have you had trouble sleeping because you have to get up to use the bathroom?","During the past month, how often have you had trouble sleeping because you cannot breathe comfortably?",I have one close and secure relationship.,I can deal with whatever comes my way.,"During the past month, how often have you had trouble sleeping because of other reasons?","In general, I feel I am in charge of the situation in which I live."
"Environmental, Financial",My family has contributed to the mental health of me.,2,30,30,"During the past month, how often have you had trouble sleeping because you have to get up to use the bathroom?","During the past month, how often have you had trouble sleeping because you cannot breathe comfortably?",I have one close and secure relationship.,I can deal with whatever comes my way.,"During the past month, how often have you had trouble sleeping because of other reasons?","In general, I feel I am in charge of the situation in which I live."
"Environmental, Financial",I have been feeling sluggish lately.,2,30,30,"During the past month, how often have you had trouble sleeping because you have to get up to use the bathroom?","During the past month, how often have you had trouble sleeping because you cannot breathe comfortably?",I have one close and secure relationship.,I can deal with whatever comes my way.,"During the past month, how often have you had trouble sleeping because of other reasons?","In general, I feel I am in charge of the situation in which I live."
"Environmental, Financial","When I awake, I feel very anxious and confused.",2,30,30,"During the past month, how often have you had trouble sleeping because you have to get up to use the bathroom?","During the past month, how often have you had trouble sleeping because you cannot breathe comfortably?",I have one close and secure relationship.,I can deal with whatever comes my way.,"During the past month, how often have you had trouble sleeping because of other reasons?","In general, I feel I am in charge of the situation in which I live."
"Environmental, Financial",I have two close and close relationships.,2,30,30,"During the past month, how often have you had trouble sleeping because you have to get up to use the bathroom?","During the past month, how often have you had trouble sleeping because you cannot breathe comfortably?",I have one close and secure relationship.,I can deal with whatever comes my way.,"During the past month, how often have you had trouble sleeping because of other reasons?","In general, I feel I am in charge of the situation in which I live."
"Environmental, Financial","I enjoy my job, but I am in charge of my life.",2,30,30,"During the past month, how often have you had trouble sleeping because you have to get up to use the bathroom?","During the past month, how often have you had trouble sleeping because you cannot breathe comfortably?",I have one close and secure relationship.,I can deal with whatever comes my way.,"During the past month, how often have you had trouble sleeping because of other reasons?","In general, I feel I am in charge of the situation in which I live."
"Environmental, Financial",I want to change a situation.,2,30,30,"During the past month, how often have you had trouble sleeping because you have to get up to use the bathroom?","During the past month, how often have you had trouble sleeping because you cannot breathe comfortably?",I have one close and secure relationship.,I can deal with whatever comes my way.,"During the past month, how often have you had trouble sleeping because of other reasons?","In general, I feel I am in charge of the situation in which I live."
"Environmental, Financial",I want to be responsible for the situation in which I live.,2,30,30,"During the past month, how often have you had trouble sleeping because you have to get up to use the bathroom?","During the past month, how often have you had trouble sleeping because you cannot breathe comfortably?",I have one close and secure relationship.,I can deal with whatever comes my way.,"During the past month, how often have you had trouble sleeping because of other reasons?","In general, I feel I am in charge of the situation in which I live."
"Environmental, Financial","I have a high sense of community, self-esteem, and compassion.",2,30,30,"During the past month, how often have you had trouble sleeping because you have to get up to use the bathroom?","During the past month, how often have you had trouble sleeping because you cannot breathe comfortably?",I have one close and secure relationship.,I can deal with whatever comes my way.,"During the past month, how often have you had trouble sleeping because of other reasons?","In general, I feel I am in charge of the situation in which I live."
"Environmental, Financial",I had trouble sleeping because I had to get up to use the bathroom.,2,30,30,"During the past month, how often have you had trouble sleeping because you have to get up to use the bathroom?","During the past month, how often have you had trouble sleeping because you cannot breathe comfortably?",I have one close and secure relationship.,I can deal with whatever comes my way.,"During the past month, how often have you had trouble sleeping because of other reasons?","In general, I feel I am in charge of the situation in which I live."
"Environmental, Financial",I live in a secure environment that is dependable and comfortable to me.,2,30,30,"During the past month, how often have you had trouble sleeping because you have to get up to use the bathroom?","During the past month, how often have you had trouble sleeping because you cannot breathe comfortably?",I have one close and secure relationship.,I can deal with whatever comes my way.,"During the past month, how often have you had trouble sleeping because of other reasons?","In general, I feel I am in charge of the situation in which I live."
"Environmental, Financial",I want to feel strong enough to lead my life.,2,30,30,"During the past month, how often have you had trouble sleeping because you have to get up to use the bathroom?","During the past month, how often have you had trouble sleeping because you cannot breathe comfortably?",I have one close and secure relationship.,I can deal with whatever comes my way.,"During the past month, how often have you had trouble sleeping because of other reasons?","In general, I feel I am in charge of the situation in which I live."
"Environmental, Financial",I am in charge of living.,2,30,30,"During the past month, how often have you had trouble sleeping because you have to get up to use the bathroom?","During the past month, how often have you had trouble sleeping because you cannot breathe comfortably?",I have one close and secure relationship.,I can deal with whatever comes my way.,"During the past month, how often have you had trouble sleeping because of other reasons?","In general, I feel I am in charge of the situation in which I live."
"Environmental, Financial",I live in a complex world.,2,30,30,"During the past month, how often have you had trouble sleeping because you have to get up to use the bathroom?","During the past month, how often have you had trouble sleeping because you cannot breathe comfortably?",I have one close and secure relationship.,I can deal with whatever comes my way.,"During the past month, how often have you had trouble sleeping because of other reasons?","In general, I feel I am in charge of the situation in which I live."
"Environmental, Financial",I feel I have a responsibility as a person.,2,30,30,"During the past month, how often have you had trouble sleeping because you have to get up to use the bathroom?","During the past month, how often have you had trouble sleeping because you cannot breathe comfortably?",I have one close and secure relationship.,I can deal with whatever comes my way.,"During the past month, how often have you had trouble sleeping because of other reasons?","In general, I feel I am in charge of the situation in which I live."
"Environmental, Financial",I am a self-report mental health and believe I is in charge of the situation in which I live.,2,30,30,"During the past month, how often have you had trouble sleeping because you have to get up to use the bathroom?","During the past month, how often have you had trouble sleeping because you cannot breathe comfortably?",I have one close and secure relationship.,I can deal with whatever comes my way.,"During the past month, how often have you had trouble sleeping because of other reasons?","In general, I feel I am in charge of the situation in which I live."
"Environmental, Financial",I have very long walks to get to school.,2,30,30,"During the past month, how often have you had trouble sleeping because you have to get up to use the bathroom?","During the past month, how often have you had trouble sleeping because you cannot breathe comfortably?",I have one close and secure relationship.,I can deal with whatever comes my way.,"During the past month, how often have you had trouble sleeping because of other reasons?","In general, I feel I am in charge of the situation in which I live."
"Environmental, Financial",I am very good at managing my stress.,2,30,30,"During the past month, how often have you had trouble sleeping because you have to get up to use the bathroom?","During the past month, how often have you had trouble sleeping because you cannot breathe comfortably?",I have one close and secure relationship.,I can deal with whatever comes my way.,"During the past month, how often have you had trouble sleeping because of other reasons?","In general, I feel I am in charge of the situation in which I live."
"Environmental, Financial",How often have you had problems sleeping over the past month?,2,30,30,"During the past month, how often have you had trouble sleeping because you have to get up to use the bathroom?","During the past month, how often have you had trouble sleeping because you cannot breathe comfortably?",I have one close and secure relationship.,I can deal with whatever comes my way.,"During the past month, how often have you had trouble sleeping because of other reasons?","In general, I feel I am in charge of the situation in which I live."
"Environmental, Financial",I have an isolated existence in which I enjoy myself.,2,30,30,"During the past month, how often have you had trouble sleeping because you have to get up to use the bathroom?","During the past month, how often have you had trouble sleeping because you cannot breathe comfortably?",I have one close and secure relationship.,I can deal with whatever comes my way.,"During the past month, how often have you had trouble sleeping because of other reasons?","In general, I feel I am in charge of the situation in which I live."
"Environmental, Financial",I have been having trouble sleeping because of other factors.,2,30,30,"During the past month, how often have you had trouble sleeping because you have to get up to use the bathroom?","During the past month, how often have you had trouble sleeping because you cannot breathe comfortably?",I have one close and secure relationship.,I can deal with whatever comes my way.,"During the past month, how often have you had trouble sleeping because of other reasons?","In general, I feel I am in charge of the situation in which I live."
"Environmental, Financial",I can deal with anything comes my way.,2,30,30,"During the past month, how often have you had trouble sleeping because you have to get up to use the bathroom?","During the past month, how often have you had trouble sleeping because you cannot breathe comfortably?",I have one close and secure relationship.,I can deal with whatever comes my way.,"During the past month, how often have you had trouble sleeping because of other reasons?","In general, I feel I am in charge of the situation in which I live."
"Environmental, Intellectual",I am a social person who is inconsiderate.,2,30,30,I avoid activities which require me to concentrate.,I will always seek out activities that challenge me to think and reason.,"I have confidence in my own opinions, even if they are different from the way most other people think.",I think it is important to have new experiences that challenge how I think about myself and the world.,I have to act on a hunch.,I am no longer close to anyone
"Environmental, Intellectual",I have a high degree of anxiety.,2,30,30,I avoid activities which require me to concentrate.,I will always seek out activities that challenge me to think and reason.,"I have confidence in my own opinions, even if they are different from the way most other people think.",I think it is important to have new experiences that challenge how I think about myself and the world.,I have to act on a hunch.,I am no longer close to anyone
"Environmental, Intellectual",I have a strong desire to be creative.,2,30,30,I avoid activities which require me to concentrate.,I will always seek out activities that challenge me to think and reason.,"I have confidence in my own opinions, even if they are different from the way most other people think.",I think it is important to have new experiences that challenge how I think about myself and the world.,I have to act on a hunch.,I am no longer close to anyone
"Environmental, Intellectual",I was close to an ex-soldier,2,30,30,I avoid activities which require me to concentrate.,I will always seek out activities that challenge me to think and reason.,"I have confidence in my own opinions, even if they are different from the way most other people think.",I think it is important to have new experiences that challenge how I think about myself and the world.,I have to act on a hunch.,I am no longer close to anyone
"Environmental, Intellectual",I find it important to have new experiences that challenge my thinking about myself and the world.,2,30,30,I avoid activities which require me to concentrate.,I will always seek out activities that challenge me to think and reason.,"I have confidence in my own opinions, even if they are different from the way most other people think.",I think it is important to have new experiences that challenge how I think about myself and the world.,I have to act on a hunch.,I am no longer close to anyone
"Environmental, Intellectual",I am proud that I am no longer close to someone.,2,30,30,I avoid activities which require me to concentrate.,I will always seek out activities that challenge me to think and reason.,"I have confidence in my own opinions, even if they are different from the way most other people think.",I think it is important to have new experiences that challenge how I think about myself and the world.,I have to act on a hunch.,I am no longer close to anyone
"Environmental, Intellectual","I have to take risks, even if it is different from my world.",2,30,30,I avoid activities which require me to concentrate.,I will always seek out activities that challenge me to think and reason.,"I have confidence in my own opinions, even if they are different from the way most other people think.",I think it is important to have new experiences that challenge how I think about myself and the world.,I have to act on a hunch.,I am no longer close to anyone
"Environmental, Intellectual",I have a strong faith in my own opinions and my own work ethic.,2,30,30,I avoid activities which require me to concentrate.,I will always seek out activities that challenge me to think and reason.,"I have confidence in my own opinions, even if they are different from the way most other people think.",I think it is important to have new experiences that challenge how I think about myself and the world.,I have to act on a hunch.,I am no longer close to anyone
"Environmental, Intellectual",I need to go on a hunch.,2,30,30,I avoid activities which require me to concentrate.,I will always seek out activities that challenge me to think and reason.,"I have confidence in my own opinions, even if they are different from the way most other people think.",I think it is important to have new experiences that challenge how I think about myself and the world.,I have to act on a hunch.,I am no longer close to anyone
"Environmental, Intellectual",I have a nagging sense of entitlement.,2,30,30,I avoid activities which require me to concentrate.,I will always seek out activities that challenge me to think and reason.,"I have confidence in my own opinions, even if they are different from the way most other people think.",I think it is important to have new experiences that challenge how I think about myself and the world.,I have to act on a hunch.,I am no longer close to anyone
"Environmental, Intellectual",I have more self-awareness and self-report mental health.,2,30,30,I avoid activities which require me to concentrate.,I will always seek out activities that challenge me to think and reason.,"I have confidence in my own opinions, even if they are different from the way most other people think.",I think it is important to have new experiences that challenge how I think about myself and the world.,I have to act on a hunch.,I am no longer close to anyone
"Environmental, Intellectual",I have to be more critical about myself.,2,30,30,I avoid activities which require me to concentrate.,I will always seek out activities that challenge me to think and reason.,"I have confidence in my own opinions, even if they are different from the way most other people think.",I think it is important to have new experiences that challenge how I think about myself and the world.,I have to act on a hunch.,I am no longer close to anyone
"Environmental, Intellectual",I am now close to nothing.,2,30,30,I avoid activities which require me to concentrate.,I will always seek out activities that challenge me to think and reason.,"I have confidence in my own opinions, even if they are different from the way most other people think.",I think it is important to have new experiences that challenge how I think about myself and the world.,I have to act on a hunch.,I am no longer close to anyone
"Environmental, Intellectual",I have a history of depression.,2,30,30,I avoid activities which require me to concentrate.,I will always seek out activities that challenge me to think and reason.,"I have confidence in my own opinions, even if they are different from the way most other people think.",I think it is important to have new experiences that challenge how I think about myself and the world.,I have to act on a hunch.,I am no longer close to anyone
"Environmental, Intellectual",I have a healthy sense of purpose.,2,30,30,I avoid activities which require me to concentrate.,I will always seek out activities that challenge me to think and reason.,"I have confidence in my own opinions, even if they are different from the way most other people think.",I think it is important to have new experiences that challenge how I think about myself and the world.,I have to act on a hunch.,I am no longer close to anyone
"Environmental, Intellectual",I have self esteem and have confidence in my own opinions.,2,30,30,I avoid activities which require me to concentrate.,I will always seek out activities that challenge me to think and reason.,"I have confidence in my own opinions, even if they are different from the way most other people think.",I think it is important to have new experiences that challenge how I think about myself and the world.,I have to act on a hunch.,I am no longer close to anyone
"Environmental, Intellectual",I don't think I should be close to anyone.,2,30,30,I avoid activities which require me to concentrate.,I will always seek out activities that challenge me to think and reason.,"I have confidence in my own opinions, even if they are different from the way most other people think.",I think it is important to have new experiences that challenge how I think about myself and the world.,I have to act on a hunch.,I am no longer close to anyone
"Environmental, Intellectual",I am worried about what might happen next.,2,30,30,I avoid activities which require me to concentrate.,I will always seek out activities that challenge me to think and reason.,"I have confidence in my own opinions, even if they are different from the way most other people think.",I think it is important to have new experiences that challenge how I think about myself and the world.,I have to act on a hunch.,I am no longer close to anyone
"Environmental, Intellectual",I feel like I are making a mistake.,2,30,30,I avoid activities which require me to concentrate.,I will always seek out activities that challenge me to think and reason.,"I have confidence in my own opinions, even if they are different from the way most other people think.",I think it is important to have new experiences that challenge how I think about myself and the world.,I have to act on a hunch.,I am no longer close to anyone
"Environmental, Intellectual",I take a lot of calming activities.,2,30,30,I avoid activities which require me to concentrate.,I will always seek out activities that challenge me to think and reason.,"I have confidence in my own opinions, even if they are different from the way most other people think.",I think it is important to have new experiences that challenge how I think about myself and the world.,I have to act on a hunch.,I am no longer close to anyone
"Environmental, Intellectual",I need a change of pace.,2,30,30,I avoid activities which require me to concentrate.,I will always seek out activities that challenge me to think and reason.,"I have confidence in my own opinions, even if they are different from the way most other people think.",I think it is important to have new experiences that challenge how I think about myself and the world.,I have to act on a hunch.,I am no longer close to anyone
"Environmental, Intellectual",I have to behave on a hunch.,2,30,30,I avoid activities which require me to concentrate.,I will always seek out activities that challenge me to think and reason.,"I have confidence in my own opinions, even if they are different from the way most other people think.",I think it is important to have new experiences that challenge how I think about myself and the world.,I have to act on a hunch.,I am no longer close to anyone
"Environmental, Intellectual",I don't want anyone to judge me.,2,30,30,I avoid activities which require me to concentrate.,I will always seek out activities that challenge me to think and reason.,"I have confidence in my own opinions, even if they are different from the way most other people think.",I think it is important to have new experiences that challenge how I think about myself and the world.,I have to act on a hunch.,I am no longer close to anyone
"Environmental, Intellectual",I have anxiety that I have been confined to and am very stressed.,2,30,30,I avoid activities which require me to concentrate.,I will always seek out activities that challenge me to think and reason.,"I have confidence in my own opinions, even if they are different from the way most other people think.",I think it is important to have new experiences that challenge how I think about myself and the world.,I have to act on a hunch.,I am no longer close to anyone
"Environmental, Intellectual",I have an obsession with things I have to think about.,2,30,30,I avoid activities which require me to concentrate.,I will always seek out activities that challenge me to think and reason.,"I have confidence in my own opinions, even if they are different from the way most other people think.",I think it is important to have new experiences that challenge how I think about myself and the world.,I have to act on a hunch.,I am no longer close to anyone
"Environmental, Intellectual",I have anxiety in my body.,2,30,30,I avoid activities which require me to concentrate.,I will always seek out activities that challenge me to think and reason.,"I have confidence in my own opinions, even if they are different from the way most other people think.",I think it is important to have new experiences that challenge how I think about myself and the world.,I have to act on a hunch.,I am no longer close to anyone
"Environmental, Intellectual",I am self-reporting with a list of mental health issues.,2,30,30,I avoid activities which require me to concentrate.,I will always seek out activities that challenge me to think and reason.,"I have confidence in my own opinions, even if they are different from the way most other people think.",I think it is important to have new experiences that challenge how I think about myself and the world.,I have to act on a hunch.,I am no longer close to anyone
"Environmental, Intellectual",I have a strong desire to learn and to think.,2,30,30,I avoid activities which require me to concentrate.,I will always seek out activities that challenge me to think and reason.,"I have confidence in my own opinions, even if they are different from the way most other people think.",I think it is important to have new experiences that challenge how I think about myself and the world.,I have to act on a hunch.,I am no longer close to anyone
"Environmental, Intellectual",I don't like to engage in physical activity.,2,30,30,I avoid activities which require me to concentrate.,I will always seek out activities that challenge me to think and reason.,"I have confidence in my own opinions, even if they are different from the way most other people think.",I think it is important to have new experiences that challenge how I think about myself and the world.,I have to act on a hunch.,I am no longer close to anyone
"Environmental, Intellectual",I feel that I am constantly in a downward spiral.,2,30,30,I avoid activities which require me to concentrate.,I will always seek out activities that challenge me to think and reason.,"I have confidence in my own opinions, even if they are different from the way most other people think.",I think it is important to have new experiences that challenge how I think about myself and the world.,I have to act on a hunch.,I am no longer close to anyone
"Environmental, Occupational",I like the rhythms of everyday life.,2,30,30,I am good at managing the responsibilities of daily life.,It seems that my life has always had purpose.,How often do you become absorbed in what you are doing?,I always look on the bright side of things.,I avoid activities which require me to concentrate.,"During the past month, what time have you usually gotten up in the morning?"
"Environmental, Occupational",I usually get up in the morning at 8:00.,2,30,30,I am good at managing the responsibilities of daily life.,It seems that my life has always had purpose.,How often do you become absorbed in what you are doing?,I always look on the bright side of things.,I avoid activities which require me to concentrate.,"During the past month, what time have you usually gotten up in the morning?"
"Environmental, Occupational",I usually get up in the morning on a friday morning.,2,30,30,I am good at managing the responsibilities of daily life.,It seems that my life has always had purpose.,How often do you become absorbed in what you are doing?,I always look on the bright side of things.,I avoid activities which require me to concentrate.,"During the past month, what time have you usually gotten up in the morning?"
"Environmental, Occupational",I think I have lost half my focus.,2,30,30,I am good at managing the responsibilities of daily life.,It seems that my life has always had purpose.,How often do you become absorbed in what you are doing?,I always look on the bright side of things.,I avoid activities which require me to concentrate.,"During the past month, what time have you usually gotten up in the morning?"
"Environmental, Occupational",I like the way I have an environment.,2,30,30,I am good at managing the responsibilities of daily life.,It seems that my life has always had purpose.,How often do you become absorbed in what you are doing?,I always look on the bright side of things.,I avoid activities which require me to concentrate.,"During the past month, what time have you usually gotten up in the morning?"
"Environmental, Occupational",I tend to fall asleep at night.,2,30,30,I am good at managing the responsibilities of daily life.,It seems that my life has always had purpose.,How often do you become absorbed in what you are doing?,I always look on the bright side of things.,I avoid activities which require me to concentrate.,"During the past month, what time have you usually gotten up in the morning?"
"Environmental, Occupational",I like going to the beach.,2,30,30,I am good at managing the responsibilities of daily life.,It seems that my life has always had purpose.,How often do you become absorbed in what you are doing?,I always look on the bright side of things.,I avoid activities which require me to concentrate.,"During the past month, what time have you usually gotten up in the morning?"
"Environmental, Occupational",I always have a positive outlook.,2,30,30,I am good at managing the responsibilities of daily life.,It seems that my life has always had purpose.,How often do you become absorbed in what you are doing?,I always look on the bright side of things.,I avoid activities which require me to concentrate.,"During the past month, what time have you usually gotten up in the morning?"
"Environmental, Occupational",I have gotten up at 7:15am.,2,30,30,I am good at managing the responsibilities of daily life.,It seems that my life has always had purpose.,How often do you become absorbed in what you are doing?,I always look on the bright side of things.,I avoid activities which require me to concentrate.,"During the past month, what time have you usually gotten up in the morning?"
"Environmental, Occupational",I usually get up at the usual time.,2,30,30,I am good at managing the responsibilities of daily life.,It seems that my life has always had purpose.,How often do you become absorbed in what you are doing?,I always look on the bright side of things.,I avoid activities which require me to concentrate.,"During the past month, what time have you usually gotten up in the morning?"
"Environmental, Occupational",My daily life has always had purpose.,2,30,30,I am good at managing the responsibilities of daily life.,It seems that my life has always had purpose.,How often do you become absorbed in what you are doing?,I always look on the bright side of things.,I avoid activities which require me to concentrate.,"During the past month, what time have you usually gotten up in the morning?"
"Environmental, Occupational",I am interested in the outside world.,2,30,30,I am good at managing the responsibilities of daily life.,It seems that my life has always had purpose.,How often do you become absorbed in what you are doing?,I always look on the bright side of things.,I avoid activities which require me to concentrate.,"During the past month, what time have you usually gotten up in the morning?"
"Environmental, Occupational",I slept at 8:25 a.m.,2,30,30,I am good at managing the responsibilities of daily life.,It seems that my life has always had purpose.,How often do you become absorbed in what you are doing?,I always look on the bright side of things.,I avoid activities which require me to concentrate.,"During the past month, what time have you usually gotten up in the morning?"
"Environmental, Occupational",I get up early the first week of every month.,2,30,30,I am good at managing the responsibilities of daily life.,It seems that my life has always had purpose.,How often do you become absorbed in what you are doing?,I always look on the bright side of things.,I avoid activities which require me to concentrate.,"During the past month, what time have you usually gotten up in the morning?"
"Environmental, Occupational",I generally get up in the morning at 10 a.m.,2,30,30,I am good at managing the responsibilities of daily life.,It seems that my life has always had purpose.,How often do you become absorbed in what you are doing?,I always look on the bright side of things.,I avoid activities which require me to concentrate.,"During the past month, what time have you usually gotten up in the morning?"
"Environmental, Occupational",I have been studying for a long time.,2,30,30,I am good at managing the responsibilities of daily life.,It seems that my life has always had purpose.,How often do you become absorbed in what you are doing?,I always look on the bright side of things.,I avoid activities which require me to concentrate.,"During the past month, what time have you usually gotten up in the morning?"
"Environmental, Occupational",I have become absorbed in what I am doing.,2,30,30,I am good at managing the responsibilities of daily life.,It seems that my life has always had purpose.,How often do you become absorbed in what you are doing?,I always look on the bright side of things.,I avoid activities which require me to concentrate.,"During the past month, what time have you usually gotten up in the morning?"
"Environmental, Occupational",I am good at taking care of myself.,2,30,30,I am good at managing the responsibilities of daily life.,It seems that my life has always had purpose.,How often do you become absorbed in what you are doing?,I always look on the bright side of things.,I avoid activities which require me to concentrate.,"During the past month, what time have you usually gotten up in the morning?"
"Environmental, Occupational","I eat breakfast, and ate breakfast.",2,30,30,I am good at managing the responsibilities of daily life.,It seems that my life has always had purpose.,How often do you become absorbed in what you are doing?,I always look on the bright side of things.,I avoid activities which require me to concentrate.,"During the past month, what time have you usually gotten up in the morning?"
"Environmental, Occupational",I eat a lot of junk food.,2,30,30,I am good at managing the responsibilities of daily life.,It seems that my life has always had purpose.,How often do you become absorbed in what you are doing?,I always look on the bright side of things.,I avoid activities which require me to concentrate.,"During the past month, what time have you usually gotten up in the morning?"
"Environmental, Occupational",I have not had a lot of sleep in the past month.,2,30,30,I am good at managing the responsibilities of daily life.,It seems that my life has always had purpose.,How often do you become absorbed in what you are doing?,I always look on the bright side of things.,I avoid activities which require me to concentrate.,"During the past month, what time have you usually gotten up in the morning?"
"Environmental, Occupational",I get up at 6 AM and go to bed later.,2,30,30,I am good at managing the responsibilities of daily life.,It seems that my life has always had purpose.,How often do you become absorbed in what you are doing?,I always look on the bright side of things.,I avoid activities which require me to concentrate.,"During the past month, what time have you usually gotten up in the morning?"
"Environmental, Occupational",I get up at a good time.,2,30,30,I am good at managing the responsibilities of daily life.,It seems that my life has always had purpose.,How often do you become absorbed in what you are doing?,I always look on the bright side of things.,I avoid activities which require me to concentrate.,"During the past month, what time have you usually gotten up in the morning?"
"Environmental, Occupational",I have a very active and energetic body.,2,30,30,I am good at managing the responsibilities of daily life.,It seems that my life has always had purpose.,How often do you become absorbed in what you are doing?,I always look on the bright side of things.,I avoid activities which require me to concentrate.,"During the past month, what time have you usually gotten up in the morning?"
"Environmental, Occupational",I have gotten up in the morning at the highest hour of the day.,2,30,30,I am good at managing the responsibilities of daily life.,It seems that my life has always had purpose.,How often do you become absorbed in what you are doing?,I always look on the bright side of things.,I avoid activities which require me to concentrate.,"During the past month, what time have you usually gotten up in the morning?"
"Environmental, Occupational",I have gotten up in the morning at 05:00am.,2,30,30,I am good at managing the responsibilities of daily life.,It seems that my life has always had purpose.,How often do you become absorbed in what you are doing?,I always look on the bright side of things.,I avoid activities which require me to concentrate.,"During the past month, what time have you usually gotten up in the morning?"
"Environmental, Occupational",I get up in the morning at least 4 times in a month.,2,30,30,I am good at managing the responsibilities of daily life.,It seems that my life has always had purpose.,How often do you become absorbed in what you are doing?,I always look on the bright side of things.,I avoid activities which require me to concentrate.,"During the past month, what time have you usually gotten up in the morning?"
"Environmental, Occupational",I have not had any sleep loss this month.,2,30,30,I am good at managing the responsibilities of daily life.,It seems that my life has always had purpose.,How often do you become absorbed in what you are doing?,I always look on the bright side of things.,I avoid activities which require me to concentrate.,"During the past month, what time have you usually gotten up in the morning?"
"Environmental, Occupational","I got up early, have a lot of energy, and am very conscious.",2,30,30,I am good at managing the responsibilities of daily life.,It seems that my life has always had purpose.,How often do you become absorbed in what you are doing?,I always look on the bright side of things.,I avoid activities which require me to concentrate.,"During the past month, what time have you usually gotten up in the morning?"
"Environmental, Occupational",I have a good time in the morning.,2,30,30,I am good at managing the responsibilities of daily life.,It seems that my life has always had purpose.,How often do you become absorbed in what you are doing?,I always look on the bright side of things.,I avoid activities which require me to concentrate.,"During the past month, what time have you usually gotten up in the morning?"
"Environmental, Physical",What is your current physical health status?,2,30,30,I expect to always be physically healthy.,My physical health is excellent.,I expect my physical health to get worse.,My body seems to resist physical illness very well.,How satisfied are you with your current physical health?,My physical health has restricted me in the past.
"Environmental, Physical",I hope I always be mentally healthy.,2,30,30,I expect to always be physically healthy.,My physical health is excellent.,I expect my physical health to get worse.,My body seems to resist physical illness very well.,How satisfied are you with your current physical health?,My physical health has restricted me in the past.
"Environmental, Physical",I am very happy with my current physical health.,2,30,30,I expect to always be physically healthy.,My physical health is excellent.,I expect my physical health to get worse.,My body seems to resist physical illness very well.,How satisfied are you with your current physical health?,My physical health has restricted me in the past.
"Environmental, Physical",What do you expect from yourself mentally and physically?,2,30,30,I expect to always be physically healthy.,My physical health is excellent.,I expect my physical health to get worse.,My body seems to resist physical illness very well.,How satisfied are you with your current physical health?,My physical health has restricted me in the past.
"Environmental, Physical",What is the state of your current physical health?,2,30,30,I expect to always be physically healthy.,My physical health is excellent.,I expect my physical health to get worse.,My body seems to resist physical illness very well.,How satisfied are you with your current physical health?,My physical health has restricted me in the past.
"Environmental, Physical",I feel I am mentally healthy and physically healthy.,2,30,30,I expect to always be physically healthy.,My physical health is excellent.,I expect my physical health to get worse.,My body seems to resist physical illness very well.,How satisfied are you with your current physical health?,My physical health has restricted me in the past.
"Environmental, Physical","Compared to other people, you have an average mental health.",2,30,30,I expect to always be physically healthy.,My physical health is excellent.,I expect my physical health to get worse.,My body seems to resist physical illness very well.,How satisfied are you with your current physical health?,My physical health has restricted me in the past.
"Environmental, Physical",My current mental health is deteriorating.,2,30,30,I expect to always be physically healthy.,My physical health is excellent.,I expect my physical health to get worse.,My body seems to resist physical illness very well.,How satisfied are you with your current physical health?,My physical health has restricted me in the past.
"Environmental, Physical",I think my physical health is a good thing.,2,30,30,I expect to always be physically healthy.,My physical health is excellent.,I expect my physical health to get worse.,My body seems to resist physical illness very well.,How satisfied are you with your current physical health?,My physical health has restricted me in the past.
"Environmental, Physical",What kind of physical health are you?,2,30,30,I expect to always be physically healthy.,My physical health is excellent.,I expect my physical health to get worse.,My body seems to resist physical illness very well.,How satisfied are you with your current physical health?,My physical health has restricted me in the past.
"Environmental, Physical",I expect physical health to get worse,2,30,30,I expect to always be physically healthy.,My physical health is excellent.,I expect my physical health to get worse.,My body seems to resist physical illness very well.,How satisfied are you with your current physical health?,My physical health has restricted me in the past.
"Environmental, Physical",I don't think I will always be physically healthy.,2,30,30,I expect to always be physically healthy.,My physical health is excellent.,I expect my physical health to get worse.,My body seems to resist physical illness very well.,How satisfied are you with your current physical health?,My physical health has restricted me in the past.
"Environmental, Physical",I am grateful to my body for all that I have done.,2,30,30,I expect to always be physically healthy.,My physical health is excellent.,I expect my physical health to get worse.,My body seems to resist physical illness very well.,How satisfied are you with your current physical health?,My physical health has restricted me in the past.
"Environmental, Physical",I have restricted myself in the past by the physical effects of illness.,2,30,30,I expect to always be physically healthy.,My physical health is excellent.,I expect my physical health to get worse.,My body seems to resist physical illness very well.,How satisfied are you with your current physical health?,My physical health has restricted me in the past.
"Environmental, Physical",I am very satisfied with the current physical health.,2,30,30,I expect to always be physically healthy.,My physical health is excellent.,I expect my physical health to get worse.,My body seems to resist physical illness very well.,How satisfied are you with your current physical health?,My physical health has restricted me in the past.
"Environmental, Physical",I 'm able to maintain my physical health.,2,30,30,I expect to always be physically healthy.,My physical health is excellent.,I expect my physical health to get worse.,My body seems to resist physical illness very well.,How satisfied are you with your current physical health?,My physical health has restricted me in the past.
"Environmental, Physical",My mental health has been a restriction.,2,30,30,I expect to always be physically healthy.,My physical health is excellent.,I expect my physical health to get worse.,My body seems to resist physical illness very well.,How satisfied are you with your current physical health?,My physical health has restricted me in the past.
"Environmental, Physical",My physical health has been restrictive in the past.,2,30,30,I expect to always be physically healthy.,My physical health is excellent.,I expect my physical health to get worse.,My body seems to resist physical illness very well.,How satisfied are you with your current physical health?,My physical health has restricted me in the past.
"Environmental, Physical",What is the main focus of your self report?,2,30,30,I expect to always be physically healthy.,My physical health is excellent.,I expect my physical health to get worse.,My body seems to resist physical illness very well.,How satisfied are you with your current physical health?,My physical health has restricted me in the past.
"Environmental, Physical",I do not know where I am at the moment.,2,30,30,I expect to always be physically healthy.,My physical health is excellent.,I expect my physical health to get worse.,My body seems to resist physical illness very well.,How satisfied are you with your current physical health?,My physical health has restricted me in the past.
"Environmental, Physical",I feel I am not very well.,2,30,30,I expect to always be physically healthy.,My physical health is excellent.,I expect my physical health to get worse.,My body seems to resist physical illness very well.,How satisfied are you with your current physical health?,My physical health has restricted me in the past.
"Environmental, Physical",My physical health is in a worse state.,2,30,30,I expect to always be physically healthy.,My physical health is excellent.,I expect my physical health to get worse.,My body seems to resist physical illness very well.,How satisfied are you with your current physical health?,My physical health has restricted me in the past.
"Environmental, Physical",I feel I are having a life of its own.,2,30,30,I expect to always be physically healthy.,My physical health is excellent.,I expect my physical health to get worse.,My body seems to resist physical illness very well.,How satisfied are you with your current physical health?,My physical health has restricted me in the past.
"Environmental, Physical",I was never able to get in shape.,2,30,30,I expect to always be physically healthy.,My physical health is excellent.,I expect my physical health to get worse.,My body seems to resist physical illness very well.,How satisfied are you with your current physical health?,My physical health has restricted me in the past.
"Environmental, Physical",What is your health and how can you improve it?,2,30,30,I expect to always be physically healthy.,My physical health is excellent.,I expect my physical health to get worse.,My body seems to resist physical illness very well.,How satisfied are you with your current physical health?,My physical health has restricted me in the past.
"Environmental, Physical",I am satisfied with my current physical health.,2,30,30,I expect to always be physically healthy.,My physical health is excellent.,I expect my physical health to get worse.,My body seems to resist physical illness very well.,How satisfied are you with your current physical health?,My physical health has restricted me in the past.
"Environmental, Physical",I'm anxious about my physical health.,2,30,30,I expect to always be physically healthy.,My physical health is excellent.,I expect my physical health to get worse.,My body seems to resist physical illness very well.,How satisfied are you with your current physical health?,My physical health has restricted me in the past.
"Environmental, Physical",I am satisfied with the physical health I have in the past.,2,30,30,I expect to always be physically healthy.,My physical health is excellent.,I expect my physical health to get worse.,My body seems to resist physical illness very well.,How satisfied are you with your current physical health?,My physical health has restricted me in the past.
"Environmental, Physical",How has your physical health made you feel?,2,30,30,I expect to always be physically healthy.,My physical health is excellent.,I expect my physical health to get worse.,My body seems to resist physical illness very well.,How satisfied are you with your current physical health?,My physical health has restricted me in the past.
"Environmental, Physical",My physical health has had restrictions in the past.,2,30,30,I expect to always be physically healthy.,My physical health is excellent.,I expect my physical health to get worse.,My body seems to resist physical illness very well.,How satisfied are you with your current physical health?,My physical health has restricted me in the past.
"Environmental, Social",I have poor relationships with people and friends,2,30,30,My social relationships are superficial,I have not experienced many warm and trusting relationships with others.,I have one close and secure relationship.,People are around me but not with me,I am no longer close to anyone,Maintaining close relationships has been difficult and frustrating for me.
"Environmental, Social",I am close but not close to anyone,2,30,30,My social relationships are superficial,I have not experienced many warm and trusting relationships with others.,I have one close and secure relationship.,People are around me but not with me,I am no longer close to anyone,Maintaining close relationships has been difficult and frustrating for me.
"Environmental, Social",I have had very few close and trusted relationships.,2,30,30,My social relationships are superficial,I have not experienced many warm and trusting relationships with others.,I have one close and secure relationship.,People are around me but not with me,I am no longer close to anyone,Maintaining close relationships has been difficult and frustrating for me.
"Environmental, Social",I have been very close to my friends and family,2,30,30,My social relationships are superficial,I have not experienced many warm and trusting relationships with others.,I have one close and secure relationship.,People are around me but not with me,I am no longer close to anyone,Maintaining close relationships has been difficult and frustrating for me.
"Environmental, Social",I feel very stressed and unfulfilled,2,30,30,My social relationships are superficial,I have not experienced many warm and trusting relationships with others.,I have one close and secure relationship.,People are around me but not with me,I am no longer close to anyone,Maintaining close relationships has been difficult and frustrating for me.
"Environmental, Social",I have a very low social life.,2,30,30,My social relationships are superficial,I have not experienced many warm and trusting relationships with others.,I have one close and secure relationship.,People are around me but not with me,I am no longer close to anyone,Maintaining close relationships has been difficult and frustrating for me.
"Environmental, Social",I have a superficial relationship with others.,2,30,30,My social relationships are superficial,I have not experienced many warm and trusting relationships with others.,I have one close and secure relationship.,People are around me but not with me,I am no longer close to anyone,Maintaining close relationships has been difficult and frustrating for me.
"Environmental, Social",I have been lacking in physical relationships,2,30,30,My social relationships are superficial,I have not experienced many warm and trusting relationships with others.,I have one close and secure relationship.,People are around me but not with me,I am no longer close to anyone,Maintaining close relationships has been difficult and frustrating for me.
"Environmental, Social",I have many close and secure relationships with others,2,30,30,My social relationships are superficial,I have not experienced many warm and trusting relationships with others.,I have one close and secure relationship.,People are around me but not with me,I am no longer close to anyone,Maintaining close relationships has been difficult and frustrating for me.
"Environmental, Social",I am struggling with a lack of trust.,2,30,30,My social relationships are superficial,I have not experienced many warm and trusting relationships with others.,I have one close and secure relationship.,People are around me but not with me,I am no longer close to anyone,Maintaining close relationships has been difficult and frustrating for me.
"Environmental, Social",My family seems to be insecure about me - I have few people around and I have no one close to me,2,30,30,My social relationships are superficial,I have not experienced many warm and trusting relationships with others.,I have one close and secure relationship.,People are around me but not with me,I am no longer close to anyone,Maintaining close relationships has been difficult and frustrating for me.
"Environmental, Social",My social relationships are shallow and lack trusting,2,30,30,My social relationships are superficial,I have not experienced many warm and trusting relationships with others.,I have one close and secure relationship.,People are around me but not with me,I am no longer close to anyone,Maintaining close relationships has been difficult and frustrating for me.
"Environmental, Social",I have been unfaithful in social relationships,2,30,30,My social relationships are superficial,I have not experienced many warm and trusting relationships with others.,I have one close and secure relationship.,People are around me but not with me,I am no longer close to anyone,Maintaining close relationships has been difficult and frustrating for me.
"Environmental, Social",I have not had a meaningful and supportive social relationship with anyone.,2,30,30,My social relationships are superficial,I have not experienced many warm and trusting relationships with others.,I have one close and secure relationship.,People are around me but not with me,I am no longer close to anyone,Maintaining close relationships has been difficult and frustrating for me.
"Environmental, Social",I am having problems in social relationships,2,30,30,My social relationships are superficial,I have not experienced many warm and trusting relationships with others.,I have one close and secure relationship.,People are around me but not with me,I am no longer close to anyone,Maintaining close relationships has been difficult and frustrating for me.
"Environmental, Social",My family is close but not supportive,2,30,30,My social relationships are superficial,I have not experienced many warm and trusting relationships with others.,I have one close and secure relationship.,People are around me but not with me,I am no longer close to anyone,Maintaining close relationships has been difficult and frustrating for me.
"Environmental, Social",I have had a low level of social and emotional stability,2,30,30,My social relationships are superficial,I have not experienced many warm and trusting relationships with others.,I have one close and secure relationship.,People are around me but not with me,I am no longer close to anyone,Maintaining close relationships has been difficult and frustrating for me.
"Environmental, Social",I have no close and secure relationships,2,30,30,My social relationships are superficial,I have not experienced many warm and trusting relationships with others.,I have one close and secure relationship.,People are around me but not with me,I am no longer close to anyone,Maintaining close relationships has been difficult and frustrating for me.
"Environmental, Social",I have been lonely and unsupportive lately.,2,30,30,My social relationships are superficial,I have not experienced many warm and trusting relationships with others.,I have one close and secure relationship.,People are around me but not with me,I am no longer close to anyone,Maintaining close relationships has been difficult and frustrating for me.
"Environmental, Social",I have not enjoyed any close and secure relationships.,2,30,30,My social relationships are superficial,I have not experienced many warm and trusting relationships with others.,I have one close and secure relationship.,People are around me but not with me,I am no longer close to anyone,Maintaining close relationships has been difficult and frustrating for me.
"Environmental, Social",I have no relationships with anyone,2,30,30,My social relationships are superficial,I have not experienced many warm and trusting relationships with others.,I have one close and secure relationship.,People are around me but not with me,I am no longer close to anyone,Maintaining close relationships has been difficult and frustrating for me.
"Environmental, Social",I am struggling to maintain close relationships.,2,30,30,My social relationships are superficial,I have not experienced many warm and trusting relationships with others.,I have one close and secure relationship.,People are around me but not with me,I am no longer close to anyone,Maintaining close relationships has been difficult and frustrating for me.
"Environmental, Social",I have not had a great social life,2,30,30,My social relationships are superficial,I have not experienced many warm and trusting relationships with others.,I have one close and secure relationship.,People are around me but not with me,I am no longer close to anyone,Maintaining close relationships has been difficult and frustrating for me.
"Environmental, Social",I have suffered from lack of close and trusted relationships in the past.,2,30,30,My social relationships are superficial,I have not experienced many warm and trusting relationships with others.,I have one close and secure relationship.,People are around me but not with me,I am no longer close to anyone,Maintaining close relationships has been difficult and frustrating for me.
"Environmental, Social",I have no ties to anyone,2,30,30,My social relationships are superficial,I have not experienced many warm and trusting relationships with others.,I have one close and secure relationship.,People are around me but not with me,I am no longer close to anyone,Maintaining close relationships has been difficult and frustrating for me.
"Environmental, Social",I have a low level of relationships in my family,2,30,30,My social relationships are superficial,I have not experienced many warm and trusting relationships with others.,I have one close and secure relationship.,People are around me but not with me,I am no longer close to anyone,Maintaining close relationships has been difficult and frustrating for me.
"Environmental, Social",I am on a low social life.,2,30,30,My social relationships are superficial,I have not experienced many warm and trusting relationships with others.,I have one close and secure relationship.,People are around me but not with me,I am no longer close to anyone,Maintaining close relationships has been difficult and frustrating for me.
"Environmental, Social",I have negative relationships with people,2,30,30,My social relationships are superficial,I have not experienced many warm and trusting relationships with others.,I have one close and secure relationship.,People are around me but not with me,I am no longer close to anyone,Maintaining close relationships has been difficult and frustrating for me.
"Environmental, Social",I have little or no romantic relationships with anyone,2,30,30,My social relationships are superficial,I have not experienced many warm and trusting relationships with others.,I have one close and secure relationship.,People are around me but not with me,I am no longer close to anyone,Maintaining close relationships has been difficult and frustrating for me.
"Environmental, Social",I have a relationship that is insecure,2,30,30,My social relationships are superficial,I have not experienced many warm and trusting relationships with others.,I have one close and secure relationship.,People are around me but not with me,I am no longer close to anyone,Maintaining close relationships has been difficult and frustrating for me.
"Environmental, Spiritual",I believe there is a purpose in my life.,2,30,30,I believe most things happen for a reason.,To what extent do you feel you have a sense of direction in your life?,"I judge myself by what I think is important, not by the values of what others think is important.",I believe there is a real purpose for my life.,I am no longer close to anyone,I will always seek out activities that challenge me to think and reason.
"Environmental, Spiritual",I believe my mind is in the right place at the right time and in the right place.,2,30,30,I believe most things happen for a reason.,To what extent do you feel you have a sense of direction in your life?,"I judge myself by what I think is important, not by the values of what others think is important.",I believe there is a real purpose for my life.,I am no longer close to anyone,I will always seek out activities that challenge me to think and reason.
"Environmental, Spiritual",I believe my feelings of direction in my life are important.,2,30,30,I believe most things happen for a reason.,To what extent do you feel you have a sense of direction in your life?,"I judge myself by what I think is important, not by the values of what others think is important.",I believe there is a real purpose for my life.,I am no longer close to anyone,I will always seek out activities that challenge me to think and reason.
"Environmental, Spiritual",I believe my thoughts are logical and rational.,2,30,30,I believe most things happen for a reason.,To what extent do you feel you have a sense of direction in your life?,"I judge myself by what I think is important, not by the values of what others think is important.",I believe there is a real purpose for my life.,I am no longer close to anyone,I will always seek out activities that challenge me to think and reason.
"Environmental, Spiritual",I am open to new ideas and try new things.,2,30,30,I believe most things happen for a reason.,To what extent do you feel you have a sense of direction in your life?,"I judge myself by what I think is important, not by the values of what others think is important.",I believe there is a real purpose for my life.,I am no longer close to anyone,I will always seek out activities that challenge me to think and reason.
"Environmental, Spiritual",I believe I have a sense of direction in my life.,2,30,30,I believe most things happen for a reason.,To what extent do you feel you have a sense of direction in your life?,"I judge myself by what I think is important, not by the values of what others think is important.",I believe there is a real purpose for my life.,I am no longer close to anyone,I will always seek out activities that challenge me to think and reason.
"Environmental, Spiritual",My spirituality is the foundation for my mental health.,2,30,30,I believe most things happen for a reason.,To what extent do you feel you have a sense of direction in your life?,"I judge myself by what I think is important, not by the values of what others think is important.",I believe there is a real purpose for my life.,I am no longer close to anyone,I will always seek out activities that challenge me to think and reason.
"Environmental, Spiritual",I believe the world is full of paradoxes.,2,30,30,I believe most things happen for a reason.,To what extent do you feel you have a sense of direction in your life?,"I judge myself by what I think is important, not by the values of what others think is important.",I believe there is a real purpose for my life.,I am no longer close to anyone,I will always seek out activities that challenge me to think and reason.
"Environmental, Spiritual",I believe the power of reason is an underlying principle.,2,30,30,I believe most things happen for a reason.,To what extent do you feel you have a sense of direction in your life?,"I judge myself by what I think is important, not by the values of what others think is important.",I believe there is a real purpose for my life.,I am no longer close to anyone,I will always seek out activities that challenge me to think and reason.
"Environmental, Spiritual",I judge myself by what I think is important.,2,30,30,I believe most things happen for a reason.,To what extent do you feel you have a sense of direction in your life?,"I judge myself by what I think is important, not by the values of what others think is important.",I believe there is a real purpose for my life.,I am no longer close to anyone,I will always seek out activities that challenge me to think and reason.
"Environmental, Spiritual",I think all people should have a sense of purpose for their life.,2,30,30,I believe most things happen for a reason.,To what extent do you feel you have a sense of direction in your life?,"I judge myself by what I think is important, not by the values of what others think is important.",I believe there is a real purpose for my life.,I am no longer close to anyone,I will always seek out activities that challenge me to think and reason.
"Environmental, Spiritual",I believe that I think of my life in a very subjective way.,2,30,30,I believe most things happen for a reason.,To what extent do you feel you have a sense of direction in your life?,"I judge myself by what I think is important, not by the values of what others think is important.",I believe there is a real purpose for my life.,I am no longer close to anyone,I will always seek out activities that challenge me to think and reason.
"Environmental, Spiritual",I believe that my mind has a set of thoughts that focus on the heart.,2,30,30,I believe most things happen for a reason.,To what extent do you feel you have a sense of direction in your life?,"I judge myself by what I think is important, not by the values of what others think is important.",I believe there is a real purpose for my life.,I am no longer close to anyone,I will always seek out activities that challenge me to think and reason.
"Environmental, Spiritual",I believe I should exercise and do physical activities that require a lot of thinking and reasoning.,2,30,30,I believe most things happen for a reason.,To what extent do you feel you have a sense of direction in your life?,"I judge myself by what I think is important, not by the values of what others think is important.",I believe there is a real purpose for my life.,I am no longer close to anyone,I will always seek out activities that challenge me to think and reason.
"Environmental, Spiritual",My physical health is in the environmental and spiritual dimension.,2,30,30,I believe most things happen for a reason.,To what extent do you feel you have a sense of direction in your life?,"I judge myself by what I think is important, not by the values of what others think is important.",I believe there is a real purpose for my life.,I am no longer close to anyone,I will always seek out activities that challenge me to think and reason.
"Environmental, Spiritual",I believe I am in control of my thoughts and beliefs.,2,30,30,I believe most things happen for a reason.,To what extent do you feel you have a sense of direction in your life?,"I judge myself by what I think is important, not by the values of what others think is important.",I believe there is a real purpose for my life.,I am no longer close to anyone,I will always seek out activities that challenge me to think and reason.
"Environmental, Spiritual","I believe that when I think and reason, I know what to do and it is what I believe.",2,30,30,I believe most things happen for a reason.,To what extent do you feel you have a sense of direction in your life?,"I judge myself by what I think is important, not by the values of what others think is important.",I believe there is a real purpose for my life.,I am no longer close to anyone,I will always seek out activities that challenge me to think and reason.
"Environmental, Spiritual",My self-report mental health statement affirms that I feel I have a sense of direction in my life.,2,30,30,I believe most things happen for a reason.,To what extent do you feel you have a sense of direction in your life?,"I judge myself by what I think is important, not by the values of what others think is important.",I believe there is a real purpose for my life.,I am no longer close to anyone,I will always seek out activities that challenge me to think and reason.
"Environmental, Spiritual",I believe that others are just as important to me as I.,2,30,30,I believe most things happen for a reason.,To what extent do you feel you have a sense of direction in your life?,"I judge myself by what I think is important, not by the values of what others think is important.",I believe there is a real purpose for my life.,I am no longer close to anyone,I will always seek out activities that challenge me to think and reason.
"Environmental, Spiritual","I believe there is a meaning in life, which is spiritual.",2,30,30,I believe most things happen for a reason.,To what extent do you feel you have a sense of direction in your life?,"I judge myself by what I think is important, not by the values of what others think is important.",I believe there is a real purpose for my life.,I am no longer close to anyone,I will always seek out activities that challenge me to think and reason.
"Environmental, Spiritual",I believe my beliefs are true.,2,30,30,I believe most things happen for a reason.,To what extent do you feel you have a sense of direction in your life?,"I judge myself by what I think is important, not by the values of what others think is important.",I believe there is a real purpose for my life.,I am no longer close to anyone,I will always seek out activities that challenge me to think and reason.
"Environmental, Spiritual",I think people make decisions for themselves.,2,30,30,I believe most things happen for a reason.,To what extent do you feel you have a sense of direction in your life?,"I judge myself by what I think is important, not by the values of what others think is important.",I believe there is a real purpose for my life.,I am no longer close to anyone,I will always seek out activities that challenge me to think and reason.
"Environmental, Spiritual",I believe I believe there is a purpose for my life.,2,30,30,I believe most things happen for a reason.,To what extent do you feel you have a sense of direction in your life?,"I judge myself by what I think is important, not by the values of what others think is important.",I believe there is a real purpose for my life.,I am no longer close to anyone,I will always seek out activities that challenge me to think and reason.
"Environmental, Spiritual",I believe there is a spiritual and physical path for my life.,2,30,30,I believe most things happen for a reason.,To what extent do you feel you have a sense of direction in your life?,"I judge myself by what I think is important, not by the values of what others think is important.",I believe there is a real purpose for my life.,I am no longer close to anyone,I will always seek out activities that challenge me to think and reason.
"Environmental, Spiritual",I believe that the power to think is my own.,2,30,30,I believe most things happen for a reason.,To what extent do you feel you have a sense of direction in your life?,"I judge myself by what I think is important, not by the values of what others think is important.",I believe there is a real purpose for my life.,I am no longer close to anyone,I will always seek out activities that challenge me to think and reason.
"Environmental, Spiritual",I'm conscious of the things in my life that cause me to feel ill.,2,30,30,I believe most things happen for a reason.,To what extent do you feel you have a sense of direction in your life?,"I judge myself by what I think is important, not by the values of what others think is important.",I believe there is a real purpose for my life.,I am no longer close to anyone,I will always seek out activities that challenge me to think and reason.
"Environmental, Spiritual",I believe there is a reason for my life.,2,30,30,I believe most things happen for a reason.,To what extent do you feel you have a sense of direction in your life?,"I judge myself by what I think is important, not by the values of what others think is important.",I believe there is a real purpose for my life.,I am no longer close to anyone,I will always seek out activities that challenge me to think and reason.
"Environmental, Spiritual",I believe that thinking and reason are essential to my functioning.,2,30,30,I believe most things happen for a reason.,To what extent do you feel you have a sense of direction in your life?,"I judge myself by what I think is important, not by the values of what others think is important.",I believe there is a real purpose for my life.,I am no longer close to anyone,I will always seek out activities that challenge me to think and reason.
"Environmental, Spiritual",I would never think of a cause for my stress.,2,30,30,I believe most things happen for a reason.,To what extent do you feel you have a sense of direction in your life?,"I judge myself by what I think is important, not by the values of what others think is important.",I believe there is a real purpose for my life.,I am no longer close to anyone,I will always seek out activities that challenge me to think and reason.
"Environmental, Spiritual",I believe that I have a sense of direction.,2,30,30,I believe most things happen for a reason.,To what extent do you feel you have a sense of direction in your life?,"I judge myself by what I think is important, not by the values of what others think is important.",I believe there is a real purpose for my life.,I am no longer close to anyone,I will always seek out activities that challenge me to think and reason.
"Financial, Intellectual",I have a high tolerance for stress and anxiety,2,30,30,I prefer to take the lead in problem-solving.,I am uncertain about my ability to do things well in the future.,My interests and ideas are not shared by those around me,"Under pressure, I stay focused and think clearly.",I work to attain goals.,"During the past month, how much of a problem has it been for you to keep up enough enthusiasm to get things done?"
"Financial, Intellectual",I am a lot more motivated than others,2,30,30,I prefer to take the lead in problem-solving.,I am uncertain about my ability to do things well in the future.,My interests and ideas are not shared by those around me,"Under pressure, I stay focused and think clearly.",I work to attain goals.,"During the past month, how much of a problem has it been for you to keep up enough enthusiasm to get things done?"
"Financial, Intellectual",I was given a mental health checkup.,2,30,30,I prefer to take the lead in problem-solving.,I am uncertain about my ability to do things well in the future.,My interests and ideas are not shared by those around me,"Under pressure, I stay focused and think clearly.",I work to attain goals.,"During the past month, how much of a problem has it been for you to keep up enough enthusiasm to get things done?"
"Financial, Intellectual",I am a problem solver who makes decisions for myself,2,30,30,I prefer to take the lead in problem-solving.,I am uncertain about my ability to do things well in the future.,My interests and ideas are not shared by those around me,"Under pressure, I stay focused and think clearly.",I work to attain goals.,"During the past month, how much of a problem has it been for you to keep up enough enthusiasm to get things done?"
"Financial, Intellectual",I have a strong desire to learn and develop my strengths and abilities,2,30,30,I prefer to take the lead in problem-solving.,I am uncertain about my ability to do things well in the future.,My interests and ideas are not shared by those around me,"Under pressure, I stay focused and think clearly.",I work to attain goals.,"During the past month, how much of a problem has it been for you to keep up enough enthusiasm to get things done?"
"Financial, Intellectual","I have a mental health condition, having a mental health condition, with a high degree of mental health concern",2,30,30,I prefer to take the lead in problem-solving.,I am uncertain about my ability to do things well in the future.,My interests and ideas are not shared by those around me,"Under pressure, I stay focused and think clearly.",I work to attain goals.,"During the past month, how much of a problem has it been for you to keep up enough enthusiasm to get things done?"
"Financial, Intellectual",I am very proud of myself.,2,30,30,I prefer to take the lead in problem-solving.,I am uncertain about my ability to do things well in the future.,My interests and ideas are not shared by those around me,"Under pressure, I stay focused and think clearly.",I work to attain goals.,"During the past month, how much of a problem has it been for you to keep up enough enthusiasm to get things done?"
"Financial, Intellectual",My thoughts and beliefs are not shared by the people around me,2,30,30,I prefer to take the lead in problem-solving.,I am uncertain about my ability to do things well in the future.,My interests and ideas are not shared by those around me,"Under pressure, I stay focused and think clearly.",I work to attain goals.,"During the past month, how much of a problem has it been for you to keep up enough enthusiasm to get things done?"
"Financial, Intellectual",I am not sure what is going on with me but I do know that I am in financial and intellectual distress,2,30,30,I prefer to take the lead in problem-solving.,I am uncertain about my ability to do things well in the future.,My interests and ideas are not shared by those around me,"Under pressure, I stay focused and think clearly.",I work to attain goals.,"During the past month, how much of a problem has it been for you to keep up enough enthusiasm to get things done?"
"Financial, Intellectual",I have had a month where I have had a problem with enthusiasm,2,30,30,I prefer to take the lead in problem-solving.,I am uncertain about my ability to do things well in the future.,My interests and ideas are not shared by those around me,"Under pressure, I stay focused and think clearly.",I work to attain goals.,"During the past month, how much of a problem has it been for you to keep up enough enthusiasm to get things done?"
"Financial, Intellectual",I have been feeling very anxious in the past month,2,30,30,I prefer to take the lead in problem-solving.,I am uncertain about my ability to do things well in the future.,My interests and ideas are not shared by those around me,"Under pressure, I stay focused and think clearly.",I work to attain goals.,"During the past month, how much of a problem has it been for you to keep up enough enthusiasm to get things done?"
"Financial, Intellectual",I have no definite plans and no goals,2,30,30,I prefer to take the lead in problem-solving.,I am uncertain about my ability to do things well in the future.,My interests and ideas are not shared by those around me,"Under pressure, I stay focused and think clearly.",I work to attain goals.,"During the past month, how much of a problem has it been for you to keep up enough enthusiasm to get things done?"
"Financial, Intellectual",I do not know how I can accomplish my goals without them.,2,30,30,I prefer to take the lead in problem-solving.,I am uncertain about my ability to do things well in the future.,My interests and ideas are not shared by those around me,"Under pressure, I stay focused and think clearly.",I work to attain goals.,"During the past month, how much of a problem has it been for you to keep up enough enthusiasm to get things done?"
"Financial, Intellectual",I have been frustrated with the situation I am in and not being able to do what I want,2,30,30,I prefer to take the lead in problem-solving.,I am uncertain about my ability to do things well in the future.,My interests and ideas are not shared by those around me,"Under pressure, I stay focused and think clearly.",I work to attain goals.,"During the past month, how much of a problem has it been for you to keep up enough enthusiasm to get things done?"
"Financial, Intellectual",I have a mental health condition that enables me to focus on myself.,2,30,30,I prefer to take the lead in problem-solving.,I am uncertain about my ability to do things well in the future.,My interests and ideas are not shared by those around me,"Under pressure, I stay focused and think clearly.",I work to attain goals.,"During the past month, how much of a problem has it been for you to keep up enough enthusiasm to get things done?"
"Financial, Intellectual",I have been trying to get things done for the last month and I haven't gotten the time.,2,30,30,I prefer to take the lead in problem-solving.,I am uncertain about my ability to do things well in the future.,My interests and ideas are not shared by those around me,"Under pressure, I stay focused and think clearly.",I work to attain goals.,"During the past month, how much of a problem has it been for you to keep up enough enthusiasm to get things done?"
"Financial, Intellectual",I am anxious and not motivated to do things,2,30,30,I prefer to take the lead in problem-solving.,I am uncertain about my ability to do things well in the future.,My interests and ideas are not shared by those around me,"Under pressure, I stay focused and think clearly.",I work to attain goals.,"During the past month, how much of a problem has it been for you to keep up enough enthusiasm to get things done?"
"Financial, Intellectual",I have been under pressure and am not satisfied with my goals,2,30,30,I prefer to take the lead in problem-solving.,I am uncertain about my ability to do things well in the future.,My interests and ideas are not shared by those around me,"Under pressure, I stay focused and think clearly.",I work to attain goals.,"During the past month, how much of a problem has it been for you to keep up enough enthusiasm to get things done?"
"Financial, Intellectual",I enjoy my job but can't make it at work,2,30,30,I prefer to take the lead in problem-solving.,I am uncertain about my ability to do things well in the future.,My interests and ideas are not shared by those around me,"Under pressure, I stay focused and think clearly.",I work to attain goals.,"During the past month, how much of a problem has it been for you to keep up enough enthusiasm to get things done?"
"Financial, Intellectual",I focus on the positive outcomes,2,30,30,I prefer to take the lead in problem-solving.,I am uncertain about my ability to do things well in the future.,My interests and ideas are not shared by those around me,"Under pressure, I stay focused and think clearly.",I work to attain goals.,"During the past month, how much of a problem has it been for you to keep up enough enthusiasm to get things done?"
"Financial, Intellectual",I'm very ambitious and have many other things to do,2,30,30,I prefer to take the lead in problem-solving.,I am uncertain about my ability to do things well in the future.,My interests and ideas are not shared by those around me,"Under pressure, I stay focused and think clearly.",I work to attain goals.,"During the past month, how much of a problem has it been for you to keep up enough enthusiasm to get things done?"
"Financial, Intellectual",I feel anxious about my abilities to get things done in the future.,2,30,30,I prefer to take the lead in problem-solving.,I am uncertain about my ability to do things well in the future.,My interests and ideas are not shared by those around me,"Under pressure, I stay focused and think clearly.",I work to attain goals.,"During the past month, how much of a problem has it been for you to keep up enough enthusiasm to get things done?"
"Financial, Intellectual",How has it been for you to keep up enthusiasm to get things done?,2,30,30,I prefer to take the lead in problem-solving.,I am uncertain about my ability to do things well in the future.,My interests and ideas are not shared by those around me,"Under pressure, I stay focused and think clearly.",I work to attain goals.,"During the past month, how much of a problem has it been for you to keep up enough enthusiasm to get things done?"
"Financial, Intellectual","I have been a victim of depression, anxiety, and anorexia since childhood.",2,30,30,I prefer to take the lead in problem-solving.,I am uncertain about my ability to do things well in the future.,My interests and ideas are not shared by those around me,"Under pressure, I stay focused and think clearly.",I work to attain goals.,"During the past month, how much of a problem has it been for you to keep up enough enthusiasm to get things done?"
"Financial, Intellectual",I have a lot of energy.,2,30,30,I prefer to take the lead in problem-solving.,I am uncertain about my ability to do things well in the future.,My interests and ideas are not shared by those around me,"Under pressure, I stay focused and think clearly.",I work to attain goals.,"During the past month, how much of a problem has it been for you to keep up enough enthusiasm to get things done?"
"Financial, Intellectual",My mental health has been difficult in the past month.,2,30,30,I prefer to take the lead in problem-solving.,I am uncertain about my ability to do things well in the future.,My interests and ideas are not shared by those around me,"Under pressure, I stay focused and think clearly.",I work to attain goals.,"During the past month, how much of a problem has it been for you to keep up enough enthusiasm to get things done?"
"Financial, Intellectual",I am determined to do things well in the future.,2,30,30,I prefer to take the lead in problem-solving.,I am uncertain about my ability to do things well in the future.,My interests and ideas are not shared by those around me,"Under pressure, I stay focused and think clearly.",I work to attain goals.,"During the past month, how much of a problem has it been for you to keep up enough enthusiasm to get things done?"
"Financial, Intellectual",I have a high self-esteem.,2,30,30,I prefer to take the lead in problem-solving.,I am uncertain about my ability to do things well in the future.,My interests and ideas are not shared by those around me,"Under pressure, I stay focused and think clearly.",I work to attain goals.,"During the past month, how much of a problem has it been for you to keep up enough enthusiasm to get things done?"
"Financial, Intellectual",My thoughts and feelings are not shared by those around me,2,30,30,I prefer to take the lead in problem-solving.,I am uncertain about my ability to do things well in the future.,My interests and ideas are not shared by those around me,"Under pressure, I stay focused and think clearly.",I work to attain goals.,"During the past month, how much of a problem has it been for you to keep up enough enthusiasm to get things done?"
"Financial, Intellectual",I have been under pressure for months.,2,30,30,I prefer to take the lead in problem-solving.,I am uncertain about my ability to do things well in the future.,My interests and ideas are not shared by those around me,"Under pressure, I stay focused and think clearly.",I work to attain goals.,"During the past month, how much of a problem has it been for you to keep up enough enthusiasm to get things done?"
"Financial, Occupational",I am sure I can accomplish anything I need to do in my life in the future.,2,30,30,I work to attain goals.,I feel starved for company,To what extent do you feel that what you do in your life is valuable and worthwhile?,I am good at managing the responsibilities of daily life.,How often are you able to handle your responsibilities?,I am uncertain about my ability to do things well in the future.
"Financial, Occupational",I am overwhelmed with my work.,2,30,30,I work to attain goals.,I feel starved for company,To what extent do you feel that what you do in your life is valuable and worthwhile?,I am good at managing the responsibilities of daily life.,How often are you able to handle your responsibilities?,I am uncertain about my ability to do things well in the future.
"Financial, Occupational",I am able to manage my responsibilities?,2,30,30,I work to attain goals.,I feel starved for company,To what extent do you feel that what you do in your life is valuable and worthwhile?,I am good at managing the responsibilities of daily life.,How often are you able to handle your responsibilities?,I am uncertain about my ability to do things well in the future.
"Financial, Occupational",I am afraid of the future.,2,30,30,I work to attain goals.,I feel starved for company,To what extent do you feel that what you do in your life is valuable and worthwhile?,I am good at managing the responsibilities of daily life.,How often are you able to handle your responsibilities?,I am uncertain about my ability to do things well in the future.
"Financial, Occupational",I am in a positive place in my life.,2,30,30,I work to attain goals.,I feel starved for company,To what extent do you feel that what you do in your life is valuable and worthwhile?,I am good at managing the responsibilities of daily life.,How often are you able to handle your responsibilities?,I am uncertain about my ability to do things well in the future.
"Financial, Occupational",I am anxious about the future.,2,30,30,I work to attain goals.,I feel starved for company,To what extent do you feel that what you do in your life is valuable and worthwhile?,I am good at managing the responsibilities of daily life.,How often are you able to handle your responsibilities?,I am uncertain about my ability to do things well in the future.
"Financial, Occupational",Are you confident in your abilities?,2,30,30,I work to attain goals.,I feel starved for company,To what extent do you feel that what you do in your life is valuable and worthwhile?,I am good at managing the responsibilities of daily life.,How often are you able to handle your responsibilities?,I am uncertain about my ability to do things well in the future.
"Financial, Occupational",I have a hard time accepting responsibility for my work,2,30,30,I work to attain goals.,I feel starved for company,To what extent do you feel that what you do in your life is valuable and worthwhile?,I am good at managing the responsibilities of daily life.,How often are you able to handle your responsibilities?,I am uncertain about my ability to do things well in the future.
"Financial, Occupational",I am not very skilled in my skills.,2,30,30,I work to attain goals.,I feel starved for company,To what extent do you feel that what you do in your life is valuable and worthwhile?,I am good at managing the responsibilities of daily life.,How often are you able to handle your responsibilities?,I am uncertain about my ability to do things well in the future.
"Financial, Occupational",I work hard in the day and I am able to achieve goals,2,30,30,I work to attain goals.,I feel starved for company,To what extent do you feel that what you do in your life is valuable and worthwhile?,I am good at managing the responsibilities of daily life.,How often are you able to handle your responsibilities?,I am uncertain about my ability to do things well in the future.
"Financial, Occupational",I am a little afraid I will die,2,30,30,I work to attain goals.,I feel starved for company,To what extent do you feel that what you do in your life is valuable and worthwhile?,I am good at managing the responsibilities of daily life.,How often are you able to handle your responsibilities?,I am uncertain about my ability to do things well in the future.
"Financial, Occupational",The benefits of a career are high,2,30,30,I work to attain goals.,I feel starved for company,To what extent do you feel that what you do in your life is valuable and worthwhile?,I am good at managing the responsibilities of daily life.,How often are you able to handle your responsibilities?,I am uncertain about my ability to do things well in the future.
"Financial, Occupational",I feel unprepared for the future.,2,30,30,I work to attain goals.,I feel starved for company,To what extent do you feel that what you do in your life is valuable and worthwhile?,I am good at managing the responsibilities of daily life.,How often are you able to handle your responsibilities?,I am uncertain about my ability to do things well in the future.
"Financial, Occupational",I am confident in my abilities to work hard and succeed.,2,30,30,I work to attain goals.,I feel starved for company,To what extent do you feel that what you do in your life is valuable and worthwhile?,I am good at managing the responsibilities of daily life.,How often are you able to handle your responsibilities?,I am uncertain about my ability to do things well in the future.
"Financial, Occupational",I feel overwhelmed by my stress.,2,30,30,I work to attain goals.,I feel starved for company,To what extent do you feel that what you do in your life is valuable and worthwhile?,I am good at managing the responsibilities of daily life.,How often are you able to handle your responsibilities?,I am uncertain about my ability to do things well in the future.
"Financial, Occupational",I am afraid of what I'll do in the future.,2,30,30,I work to attain goals.,I feel starved for company,To what extent do you feel that what you do in your life is valuable and worthwhile?,I am good at managing the responsibilities of daily life.,How often are you able to handle your responsibilities?,I am uncertain about my ability to do things well in the future.
"Financial, Occupational",My outlook on life feels good.,2,30,30,I work to attain goals.,I feel starved for company,To what extent do you feel that what you do in your life is valuable and worthwhile?,I am good at managing the responsibilities of daily life.,How often are you able to handle your responsibilities?,I am uncertain about my ability to do things well in the future.
"Financial, Occupational",I am not satisfied with my job.,2,30,30,I work to attain goals.,I feel starved for company,To what extent do you feel that what you do in your life is valuable and worthwhile?,I am good at managing the responsibilities of daily life.,How often are you able to handle your responsibilities?,I am uncertain about my ability to do things well in the future.
"Financial, Occupational",How do you feel about your current mental health status?,2,30,30,I work to attain goals.,I feel starved for company,To what extent do you feel that what you do in your life is valuable and worthwhile?,I am good at managing the responsibilities of daily life.,How often are you able to handle your responsibilities?,I am uncertain about my ability to do things well in the future.
"Financial, Occupational",I feel overwhelmed in my daily life.,2,30,30,I work to attain goals.,I feel starved for company,To what extent do you feel that what you do in your life is valuable and worthwhile?,I am good at managing the responsibilities of daily life.,How often are you able to handle your responsibilities?,I am uncertain about my ability to do things well in the future.
"Financial, Occupational",Do you feel satisfied with your life?,2,30,30,I work to attain goals.,I feel starved for company,To what extent do you feel that what you do in your life is valuable and worthwhile?,I am good at managing the responsibilities of daily life.,How often are you able to handle your responsibilities?,I am uncertain about my ability to do things well in the future.
"Financial, Occupational",I am feeling financially and financially healthy,2,30,30,I work to attain goals.,I feel starved for company,To what extent do you feel that what you do in your life is valuable and worthwhile?,I am good at managing the responsibilities of daily life.,How often are you able to handle your responsibilities?,I am uncertain about my ability to do things well in the future.
"Financial, Occupational",I am likely to suffer from depression.,2,30,30,I work to attain goals.,I feel starved for company,To what extent do you feel that what you do in your life is valuable and worthwhile?,I am good at managing the responsibilities of daily life.,How often are you able to handle your responsibilities?,I am uncertain about my ability to do things well in the future.
"Financial, Occupational",I feel uncertain about my future self-worth.,2,30,30,I work to attain goals.,I feel starved for company,To what extent do you feel that what you do in your life is valuable and worthwhile?,I am good at managing the responsibilities of daily life.,How often are you able to handle your responsibilities?,I am uncertain about my ability to do things well in the future.
"Financial, Occupational",How many tasks and responsibilities do you feel yourself to be able to handle?,2,30,30,I work to attain goals.,I feel starved for company,To what extent do you feel that what you do in your life is valuable and worthwhile?,I am good at managing the responsibilities of daily life.,How often are you able to handle your responsibilities?,I am uncertain about my ability to do things well in the future.
"Financial, Occupational",I can't be with my friends anymore.,2,30,30,I work to attain goals.,I feel starved for company,To what extent do you feel that what you do in your life is valuable and worthwhile?,I am good at managing the responsibilities of daily life.,How often are you able to handle your responsibilities?,I am uncertain about my ability to do things well in the future.
"Financial, Occupational",I am unsure about my future.,2,30,30,I work to attain goals.,I feel starved for company,To what extent do you feel that what you do in your life is valuable and worthwhile?,I am good at managing the responsibilities of daily life.,How often are you able to handle your responsibilities?,I am uncertain about my ability to do things well in the future.
"Financial, Occupational","I feel withdrawn, anxious, and uncertain.",2,30,30,I work to attain goals.,I feel starved for company,To what extent do you feel that what you do in your life is valuable and worthwhile?,I am good at managing the responsibilities of daily life.,How often are you able to handle your responsibilities?,I am uncertain about my ability to do things well in the future.
"Financial, Occupational",How often are you able to manage your responsibilities?,2,30,30,I work to attain goals.,I feel starved for company,To what extent do you feel that what you do in your life is valuable and worthwhile?,I am good at managing the responsibilities of daily life.,How often are you able to handle your responsibilities?,I am uncertain about my ability to do things well in the future.
"Financial, Occupational",I am not able to make good decisions.,2,30,30,I work to attain goals.,I feel starved for company,To what extent do you feel that what you do in your life is valuable and worthwhile?,I am good at managing the responsibilities of daily life.,How often are you able to handle your responsibilities?,I am uncertain about my ability to do things well in the future.
"Financial, Physical",I do not think that I do not have anything to worry about.,2,30,30,My physical health has restricted me in the past.,"I tend to bounce back after illness, injury, or other hardships.",I am always optimistic about my future.,I am uncertain about my ability to do things well in the future.,"During the past month, how often have you had trouble sleeping because you have to get up to use the bathroom?",The amount of information that I process in a typical day is just about right for me (i.e. not too much and not too little).
"Financial, Physical",I am in a bad situation financially and mentally.,2,30,30,My physical health has restricted me in the past.,"I tend to bounce back after illness, injury, or other hardships.",I am always optimistic about my future.,I am uncertain about my ability to do things well in the future.,"During the past month, how often have you had trouble sleeping because you have to get up to use the bathroom?",The amount of information that I process in a typical day is just about right for me (i.e. not too much and not too little).
"Financial, Physical",I enjoy the things that I know I shouldn't have done in the past.,2,30,30,My physical health has restricted me in the past.,"I tend to bounce back after illness, injury, or other hardships.",I am always optimistic about my future.,I am uncertain about my ability to do things well in the future.,"During the past month, how often have you had trouble sleeping because you have to get up to use the bathroom?",The amount of information that I process in a typical day is just about right for me (i.e. not too much and not too little).
"Financial, Physical",I am often under stress after a recent event.,2,30,30,My physical health has restricted me in the past.,"I tend to bounce back after illness, injury, or other hardships.",I am always optimistic about my future.,I am uncertain about my ability to do things well in the future.,"During the past month, how often have you had trouble sleeping because you have to get up to use the bathroom?",The amount of information that I process in a typical day is just about right for me (i.e. not too much and not too little).
"Financial, Physical",I am not able to deal with the things that my mind can't handle right now.,2,30,30,My physical health has restricted me in the past.,"I tend to bounce back after illness, injury, or other hardships.",I am always optimistic about my future.,I am uncertain about my ability to do things well in the future.,"During the past month, how often have you had trouble sleeping because you have to get up to use the bathroom?",The amount of information that I process in a typical day is just about right for me (i.e. not too much and not too little).
"Financial, Physical",I can't decide if I'm good at it.,2,30,30,My physical health has restricted me in the past.,"I tend to bounce back after illness, injury, or other hardships.",I am always optimistic about my future.,I am uncertain about my ability to do things well in the future.,"During the past month, how often have you had trouble sleeping because you have to get up to use the bathroom?",The amount of information that I process in a typical day is just about right for me (i.e. not too much and not too little).
"Financial, Physical",I am extremely emotional in the past.,2,30,30,My physical health has restricted me in the past.,"I tend to bounce back after illness, injury, or other hardships.",I am always optimistic about my future.,I am uncertain about my ability to do things well in the future.,"During the past month, how often have you had trouble sleeping because you have to get up to use the bathroom?",The amount of information that I process in a typical day is just about right for me (i.e. not too much and not too little).
"Financial, Physical",I have been under the influence of alcohol over the past month.,2,30,30,My physical health has restricted me in the past.,"I tend to bounce back after illness, injury, or other hardships.",I am always optimistic about my future.,I am uncertain about my ability to do things well in the future.,"During the past month, how often have you had trouble sleeping because you have to get up to use the bathroom?",The amount of information that I process in a typical day is just about right for me (i.e. not too much and not too little).
"Financial, Physical",I am not very satisfied with the amount of information I read and processing.,2,30,30,My physical health has restricted me in the past.,"I tend to bounce back after illness, injury, or other hardships.",I am always optimistic about my future.,I am uncertain about my ability to do things well in the future.,"During the past month, how often have you had trouble sleeping because you have to get up to use the bathroom?",The amount of information that I process in a typical day is just about right for me (i.e. not too much and not too little).
"Financial, Physical",I have a mental health problem.,2,30,30,My physical health has restricted me in the past.,"I tend to bounce back after illness, injury, or other hardships.",I am always optimistic about my future.,I am uncertain about my ability to do things well in the future.,"During the past month, how often have you had trouble sleeping because you have to get up to use the bathroom?",The amount of information that I process in a typical day is just about right for me (i.e. not too much and not too little).
"Financial, Physical",I have not been able to perform well in the past.,2,30,30,My physical health has restricted me in the past.,"I tend to bounce back after illness, injury, or other hardships.",I am always optimistic about my future.,I am uncertain about my ability to do things well in the future.,"During the past month, how often have you had trouble sleeping because you have to get up to use the bathroom?",The amount of information that I process in a typical day is just about right for me (i.e. not too much and not too little).
"Financial, Physical",I am never sure if I will ever be able to do things well in the future.,2,30,30,My physical health has restricted me in the past.,"I tend to bounce back after illness, injury, or other hardships.",I am always optimistic about my future.,I am uncertain about my ability to do things well in the future.,"During the past month, how often have you had trouble sleeping because you have to get up to use the bathroom?",The amount of information that I process in a typical day is just about right for me (i.e. not too much and not too little).
"Financial, Physical",I am not sure of my future.,2,30,30,My physical health has restricted me in the past.,"I tend to bounce back after illness, injury, or other hardships.",I am always optimistic about my future.,I am uncertain about my ability to do things well in the future.,"During the past month, how often have you had trouble sleeping because you have to get up to use the bathroom?",The amount of information that I process in a typical day is just about right for me (i.e. not too much and not too little).
"Financial, Physical",I am in danger of suicide.,2,30,30,My physical health has restricted me in the past.,"I tend to bounce back after illness, injury, or other hardships.",I am always optimistic about my future.,I am uncertain about my ability to do things well in the future.,"During the past month, how often have you had trouble sleeping because you have to get up to use the bathroom?",The amount of information that I process in a typical day is just about right for me (i.e. not too much and not too little).
"Financial, Physical",I am optimistic about my future.,2,30,30,My physical health has restricted me in the past.,"I tend to bounce back after illness, injury, or other hardships.",I am always optimistic about my future.,I am uncertain about my ability to do things well in the future.,"During the past month, how often have you had trouble sleeping because you have to get up to use the bathroom?",The amount of information that I process in a typical day is just about right for me (i.e. not too much and not too little).
"Financial, Physical","I have been having issues with my finances, and my physical health has been reduced.",2,30,30,My physical health has restricted me in the past.,"I tend to bounce back after illness, injury, or other hardships.",I am always optimistic about my future.,I am uncertain about my ability to do things well in the future.,"During the past month, how often have you had trouble sleeping because you have to get up to use the bathroom?",The amount of information that I process in a typical day is just about right for me (i.e. not too much and not too little).
"Financial, Physical",I have been having issues with my finances.,2,30,30,My physical health has restricted me in the past.,"I tend to bounce back after illness, injury, or other hardships.",I am always optimistic about my future.,I am uncertain about my ability to do things well in the future.,"During the past month, how often have you had trouble sleeping because you have to get up to use the bathroom?",The amount of information that I process in a typical day is just about right for me (i.e. not too much and not too little).
"Financial, Physical",I have a lot of information on my mind.,2,30,30,My physical health has restricted me in the past.,"I tend to bounce back after illness, injury, or other hardships.",I am always optimistic about my future.,I am uncertain about my ability to do things well in the future.,"During the past month, how often have you had trouble sleeping because you have to get up to use the bathroom?",The amount of information that I process in a typical day is just about right for me (i.e. not too much and not too little).
"Financial, Physical",I am not good at anything financially or in the past.,2,30,30,My physical health has restricted me in the past.,"I tend to bounce back after illness, injury, or other hardships.",I am always optimistic about my future.,I am uncertain about my ability to do things well in the future.,"During the past month, how often have you had trouble sleeping because you have to get up to use the bathroom?",The amount of information that I process in a typical day is just about right for me (i.e. not too much and not too little).
"Financial, Physical",I am feeling anxious about my future.,2,30,30,My physical health has restricted me in the past.,"I tend to bounce back after illness, injury, or other hardships.",I am always optimistic about my future.,I am uncertain about my ability to do things well in the future.,"During the past month, how often have you had trouble sleeping because you have to get up to use the bathroom?",The amount of information that I process in a typical day is just about right for me (i.e. not too much and not too little).
"Financial, Physical",I have had a difficult time doing things well in the past.,2,30,30,My physical health has restricted me in the past.,"I tend to bounce back after illness, injury, or other hardships.",I am always optimistic about my future.,I am uncertain about my ability to do things well in the future.,"During the past month, how often have you had trouble sleeping because you have to get up to use the bathroom?",The amount of information that I process in a typical day is just about right for me (i.e. not too much and not too little).
"Financial, Physical",I am in a state of anxiety.,2,30,30,My physical health has restricted me in the past.,"I tend to bounce back after illness, injury, or other hardships.",I am always optimistic about my future.,I am uncertain about my ability to do things well in the future.,"During the past month, how often have you had trouble sleeping because you have to get up to use the bathroom?",The amount of information that I process in a typical day is just about right for me (i.e. not too much and not too little).
"Financial, Physical",I am healthy and have a good sense of humor.,2,30,30,My physical health has restricted me in the past.,"I tend to bounce back after illness, injury, or other hardships.",I am always optimistic about my future.,I am uncertain about my ability to do things well in the future.,"During the past month, how often have you had trouble sleeping because you have to get up to use the bathroom?",The amount of information that I process in a typical day is just about right for me (i.e. not too much and not too little).
"Financial, Physical",I am not happy with how I was feeling.,2,30,30,My physical health has restricted me in the past.,"I tend to bounce back after illness, injury, or other hardships.",I am always optimistic about my future.,I am uncertain about my ability to do things well in the future.,"During the past month, how often have you had trouble sleeping because you have to get up to use the bathroom?",The amount of information that I process in a typical day is just about right for me (i.e. not too much and not too little).
"Financial, Physical",I have had problems with my mental health over the past month.,2,30,30,My physical health has restricted me in the past.,"I tend to bounce back after illness, injury, or other hardships.",I am always optimistic about my future.,I am uncertain about my ability to do things well in the future.,"During the past month, how often have you had trouble sleeping because you have to get up to use the bathroom?",The amount of information that I process in a typical day is just about right for me (i.e. not too much and not too little).
"Financial, Physical",I am extremely optimistic about my future.,2,30,30,My physical health has restricted me in the past.,"I tend to bounce back after illness, injury, or other hardships.",I am always optimistic about my future.,I am uncertain about my ability to do things well in the future.,"During the past month, how often have you had trouble sleeping because you have to get up to use the bathroom?",The amount of information that I process in a typical day is just about right for me (i.e. not too much and not too little).
"Financial, Physical",I have difficulty concentrating in a day.,2,30,30,My physical health has restricted me in the past.,"I tend to bounce back after illness, injury, or other hardships.",I am always optimistic about my future.,I am uncertain about my ability to do things well in the future.,"During the past month, how often have you had trouble sleeping because you have to get up to use the bathroom?",The amount of information that I process in a typical day is just about right for me (i.e. not too much and not too little).
"Financial, Physical",I am not too satisfied with my mental health.,2,30,30,My physical health has restricted me in the past.,"I tend to bounce back after illness, injury, or other hardships.",I am always optimistic about my future.,I am uncertain about my ability to do things well in the future.,"During the past month, how often have you had trouble sleeping because you have to get up to use the bathroom?",The amount of information that I process in a typical day is just about right for me (i.e. not too much and not too little).
"Financial, Physical",I have been given a list of things that I want to do but it has never worked.,2,30,30,My physical health has restricted me in the past.,"I tend to bounce back after illness, injury, or other hardships.",I am always optimistic about my future.,I am uncertain about my ability to do things well in the future.,"During the past month, how often have you had trouble sleeping because you have to get up to use the bathroom?",The amount of information that I process in a typical day is just about right for me (i.e. not too much and not too little).
"Financial, Physical",I have been feeling negative about my mental health in the past.,2,30,30,My physical health has restricted me in the past.,"I tend to bounce back after illness, injury, or other hardships.",I am always optimistic about my future.,I am uncertain about my ability to do things well in the future.,"During the past month, how often have you had trouble sleeping because you have to get up to use the bathroom?",The amount of information that I process in a typical day is just about right for me (i.e. not too much and not too little).
"Financial, Social",I have a stable social environment,2,30,30,My social relationships are superficial,I have one close and secure relationship.,It is difficult for me to make friends,Maintaining close relationships has been difficult and frustrating for me.,My friends know they can always confide in me and ask me for advice.,My family has been available to support me in the past.
"Financial, Social",My social relationships are superficial and i have one close and secure relationship.,2,30,30,My social relationships are superficial,I have one close and secure relationship.,It is difficult for me to make friends,Maintaining close relationships has been difficult and frustrating for me.,My friends know they can always confide in me and ask me for advice.,My family has been available to support me in the past.
"Financial, Social",I have trouble getting close and making friends,2,30,30,My social relationships are superficial,I have one close and secure relationship.,It is difficult for me to make friends,Maintaining close relationships has been difficult and frustrating for me.,My friends know they can always confide in me and ask me for advice.,My family has been available to support me in the past.
"Financial, Social",I have a social relationship that is not easy to maintain,2,30,30,My social relationships are superficial,I have one close and secure relationship.,It is difficult for me to make friends,Maintaining close relationships has been difficult and frustrating for me.,My friends know they can always confide in me and ask me for advice.,My family has been available to support me in the past.
"Financial, Social",I have a family that supports me in the past.,2,30,30,My social relationships are superficial,I have one close and secure relationship.,It is difficult for me to make friends,Maintaining close relationships has been difficult and frustrating for me.,My friends know they can always confide in me and ask me for advice.,My family has been available to support me in the past.
"Financial, Social",I have difficulty with social life.,2,30,30,My social relationships are superficial,I have one close and secure relationship.,It is difficult for me to make friends,Maintaining close relationships has been difficult and frustrating for me.,My friends know they can always confide in me and ask me for advice.,My family has been available to support me in the past.
"Financial, Social",I am very socially and financially addicted to my social interactions.,2,30,30,My social relationships are superficial,I have one close and secure relationship.,It is difficult for me to make friends,Maintaining close relationships has been difficult and frustrating for me.,My friends know they can always confide in me and ask me for advice.,My family has been available to support me in the past.
"Financial, Social",if you are not good enough financially you may be going out of your way to avoid getting in the way,2,30,30,My social relationships are superficial,I have one close and secure relationship.,It is difficult for me to make friends,Maintaining close relationships has been difficult and frustrating for me.,My friends know they can always confide in me and ask me for advice.,My family has been available to support me in the past.
"Financial, Social","i have a social circle of my own , and I have a family of my own.",2,30,30,My social relationships are superficial,I have one close and secure relationship.,It is difficult for me to make friends,Maintaining close relationships has been difficult and frustrating for me.,My friends know they can always confide in me and ask me for advice.,My family has been available to support me in the past.
"Financial, Social",I have no stable psychiatric or financial support.,2,30,30,My social relationships are superficial,I have one close and secure relationship.,It is difficult for me to make friends,Maintaining close relationships has been difficult and frustrating for me.,My friends know they can always confide in me and ask me for advice.,My family has been available to support me in the past.
"Financial, Social",I have a family that I can confide in.,2,30,30,My social relationships are superficial,I have one close and secure relationship.,It is difficult for me to make friends,Maintaining close relationships has been difficult and frustrating for me.,My friends know they can always confide in me and ask me for advice.,My family has been available to support me in the past.
"Financial, Social",I cant work out my finances or maintain my relationships.,2,30,30,My social relationships are superficial,I have one close and secure relationship.,It is difficult for me to make friends,Maintaining close relationships has been difficult and frustrating for me.,My friends know they can always confide in me and ask me for advice.,My family has been available to support me in the past.
"Financial, Social",I have been lonely and downtrodden from time to time.,2,30,30,My social relationships are superficial,I have one close and secure relationship.,It is difficult for me to make friends,Maintaining close relationships has been difficult and frustrating for me.,My friends know they can always confide in me and ask me for advice.,My family has been available to support me in the past.
"Financial, Social",I am prone to getting mad,2,30,30,My social relationships are superficial,I have one close and secure relationship.,It is difficult for me to make friends,Maintaining close relationships has been difficult and frustrating for me.,My friends know they can always confide in me and ask me for advice.,My family has been available to support me in the past.
"Financial, Social",I have been trying to figure out how to get people to trust me.,2,30,30,My social relationships are superficial,I have one close and secure relationship.,It is difficult for me to make friends,Maintaining close relationships has been difficult and frustrating for me.,My friends know they can always confide in me and ask me for advice.,My family has been available to support me in the past.
"Financial, Social",I have good financial and social connections,2,30,30,My social relationships are superficial,I have one close and secure relationship.,It is difficult for me to make friends,Maintaining close relationships has been difficult and frustrating for me.,My friends know they can always confide in me and ask me for advice.,My family has been available to support me in the past.
"Financial, Social",I have two close and secure relationships.,2,30,30,My social relationships are superficial,I have one close and secure relationship.,It is difficult for me to make friends,Maintaining close relationships has been difficult and frustrating for me.,My friends know they can always confide in me and ask me for advice.,My family has been available to support me in the past.
"Financial, Social",I maintain close relationships and have a close and secure relationship with friends,2,30,30,My social relationships are superficial,I have one close and secure relationship.,It is difficult for me to make friends,Maintaining close relationships has been difficult and frustrating for me.,My friends know they can always confide in me and ask me for advice.,My family has been available to support me in the past.
"Financial, Social",I am very good at expressing myself in the past,2,30,30,My social relationships are superficial,I have one close and secure relationship.,It is difficult for me to make friends,Maintaining close relationships has been difficult and frustrating for me.,My friends know they can always confide in me and ask me for advice.,My family has been available to support me in the past.
"Financial, Social",My family has supported me in the past.,2,30,30,My social relationships are superficial,I have one close and secure relationship.,It is difficult for me to make friends,Maintaining close relationships has been difficult and frustrating for me.,My friends know they can always confide in me and ask me for advice.,My family has been available to support me in the past.
"Financial, Social",I have a family member that always confides in me and asks me for advice.,2,30,30,My social relationships are superficial,I have one close and secure relationship.,It is difficult for me to make friends,Maintaining close relationships has been difficult and frustrating for me.,My friends know they can always confide in me and ask me for advice.,My family has been available to support me in the past.
"Financial, Social",My family and friends support me.,2,30,30,My social relationships are superficial,I have one close and secure relationship.,It is difficult for me to make friends,Maintaining close relationships has been difficult and frustrating for me.,My friends know they can always confide in me and ask me for advice.,My family has been available to support me in the past.
"Financial, Social",I have a fragile relationship i have little to no friends,2,30,30,My social relationships are superficial,I have one close and secure relationship.,It is difficult for me to make friends,Maintaining close relationships has been difficult and frustrating for me.,My friends know they can always confide in me and ask me for advice.,My family has been available to support me in the past.
"Financial, Social",I am being socially reliant on my social connections.,2,30,30,My social relationships are superficial,I have one close and secure relationship.,It is difficult for me to make friends,Maintaining close relationships has been difficult and frustrating for me.,My friends know they can always confide in me and ask me for advice.,My family has been available to support me in the past.
"Financial, Social",I have a close family and friends .,2,30,30,My social relationships are superficial,I have one close and secure relationship.,It is difficult for me to make friends,Maintaining close relationships has been difficult and frustrating for me.,My friends know they can always confide in me and ask me for advice.,My family has been available to support me in the past.
"Financial, Social",I am not on social media.,2,30,30,My social relationships are superficial,I have one close and secure relationship.,It is difficult for me to make friends,Maintaining close relationships has been difficult and frustrating for me.,My friends know they can always confide in me and ask me for advice.,My family has been available to support me in the past.
"Financial, Social",I am a close and secure family member.,2,30,30,My social relationships are superficial,I have one close and secure relationship.,It is difficult for me to make friends,Maintaining close relationships has been difficult and frustrating for me.,My friends know they can always confide in me and ask me for advice.,My family has been available to support me in the past.
"Financial, Social",I have a stable family life.,2,30,30,My social relationships are superficial,I have one close and secure relationship.,It is difficult for me to make friends,Maintaining close relationships has been difficult and frustrating for me.,My friends know they can always confide in me and ask me for advice.,My family has been available to support me in the past.
"Financial, Social",I have mental health issues including depression,2,30,30,My social relationships are superficial,I have one close and secure relationship.,It is difficult for me to make friends,Maintaining close relationships has been difficult and frustrating for me.,My friends know they can always confide in me and ask me for advice.,My family has been available to support me in the past.
"Financial, Social",I am unable to pay attention to relationships.,2,30,30,My social relationships are superficial,I have one close and secure relationship.,It is difficult for me to make friends,Maintaining close relationships has been difficult and frustrating for me.,My friends know they can always confide in me and ask me for advice.,My family has been available to support me in the past.
"Financial, Spiritual",I sometimes think I am worthless.,2,30,30,Sometimes fate or God helps me.,Life does not hold much future promise for me.,I feel a sense of mission about my future.,"I believe I can achieve my goals, even if there are obstacles.",I sometimes think I am a worthless individual.,Members of my family come to me for support.
"Financial, Spiritual",I have a sense of purpose and fulfillment in my life.,2,30,30,Sometimes fate or God helps me.,Life does not hold much future promise for me.,I feel a sense of mission about my future.,"I believe I can achieve my goals, even if there are obstacles.",I sometimes think I am a worthless individual.,Members of my family come to me for support.
"Financial, Spiritual",I have a sense of purpose and my future can be good for me.,2,30,30,Sometimes fate or God helps me.,Life does not hold much future promise for me.,I feel a sense of mission about my future.,"I believe I can achieve my goals, even if there are obstacles.",I sometimes think I am a worthless individual.,Members of my family come to me for support.
"Financial, Spiritual",I have faith in my future.,2,30,30,Sometimes fate or God helps me.,Life does not hold much future promise for me.,I feel a sense of mission about my future.,"I believe I can achieve my goals, even if there are obstacles.",I sometimes think I am a worthless individual.,Members of my family come to me for support.
"Financial, Spiritual",i believe that I can achieve my goals.,2,30,30,Sometimes fate or God helps me.,Life does not hold much future promise for me.,I feel a sense of mission about my future.,"I believe I can achieve my goals, even if there are obstacles.",I sometimes think I am a worthless individual.,Members of my family come to me for support.
"Financial, Spiritual",I feel a sense of purpose.,2,30,30,Sometimes fate or God helps me.,Life does not hold much future promise for me.,I feel a sense of mission about my future.,"I believe I can achieve my goals, even if there are obstacles.",I sometimes think I am a worthless individual.,Members of my family come to me for support.
"Financial, Spiritual",I sometimes have an attitude of worthlessness.,2,30,30,Sometimes fate or God helps me.,Life does not hold much future promise for me.,I feel a sense of mission about my future.,"I believe I can achieve my goals, even if there are obstacles.",I sometimes think I am a worthless individual.,Members of my family come to me for support.
"Financial, Spiritual",I believe I am a worthless individual.,2,30,30,Sometimes fate or God helps me.,Life does not hold much future promise for me.,I feel a sense of mission about my future.,"I believe I can achieve my goals, even if there are obstacles.",I sometimes think I am a worthless individual.,Members of my family come to me for support.
"Financial, Spiritual",I am always in a negative mindset.,2,30,30,Sometimes fate or God helps me.,Life does not hold much future promise for me.,I feel a sense of mission about my future.,"I believe I can achieve my goals, even if there are obstacles.",I sometimes think I am a worthless individual.,Members of my family come to me for support.
"Financial, Spiritual",I feel the need for support when I go through obstacles.,2,30,30,Sometimes fate or God helps me.,Life does not hold much future promise for me.,I feel a sense of mission about my future.,"I believe I can achieve my goals, even if there are obstacles.",I sometimes think I am a worthless individual.,Members of my family come to me for support.
"Financial, Spiritual",I am a selfish individual and want to achieve my goals.,2,30,30,Sometimes fate or God helps me.,Life does not hold much future promise for me.,I feel a sense of mission about my future.,"I believe I can achieve my goals, even if there are obstacles.",I sometimes think I am a worthless individual.,Members of my family come to me for support.
"Financial, Spiritual",I am financially healthy but have a sense of purpose and purpose.,2,30,30,Sometimes fate or God helps me.,Life does not hold much future promise for me.,I feel a sense of mission about my future.,"I believe I can achieve my goals, even if there are obstacles.",I sometimes think I am a worthless individual.,Members of my family come to me for support.
"Financial, Spiritual",I think my family helped me attain my goals.,2,30,30,Sometimes fate or God helps me.,Life does not hold much future promise for me.,I feel a sense of mission about my future.,"I believe I can achieve my goals, even if there are obstacles.",I sometimes think I am a worthless individual.,Members of my family come to me for support.
"Financial, Spiritual",i feel like i could have a new perspective in life if i were not in the situation,2,30,30,Sometimes fate or God helps me.,Life does not hold much future promise for me.,I feel a sense of mission about my future.,"I believe I can achieve my goals, even if there are obstacles.",I sometimes think I am a worthless individual.,Members of my family come to me for support.
"Financial, Spiritual",I often feel that I am worthless.,2,30,30,Sometimes fate or God helps me.,Life does not hold much future promise for me.,I feel a sense of mission about my future.,"I believe I can achieve my goals, even if there are obstacles.",I sometimes think I am a worthless individual.,Members of my family come to me for support.
"Financial, Spiritual",I feel a sense of mission in my life.,2,30,30,Sometimes fate or God helps me.,Life does not hold much future promise for me.,I feel a sense of mission about my future.,"I believe I can achieve my goals, even if there are obstacles.",I sometimes think I am a worthless individual.,Members of my family come to me for support.
"Financial, Spiritual",I often feel good about my future.,2,30,30,Sometimes fate or God helps me.,Life does not hold much future promise for me.,I feel a sense of mission about my future.,"I believe I can achieve my goals, even if there are obstacles.",I sometimes think I am a worthless individual.,Members of my family come to me for support.
"Financial, Spiritual",I sometimes feel I am worthless individual.,2,30,30,Sometimes fate or God helps me.,Life does not hold much future promise for me.,I feel a sense of mission about my future.,"I believe I can achieve my goals, even if there are obstacles.",I sometimes think I am a worthless individual.,Members of my family come to me for support.
"Financial, Spiritual",I think I am worthless in my life.,2,30,30,Sometimes fate or God helps me.,Life does not hold much future promise for me.,I feel a sense of mission about my future.,"I believe I can achieve my goals, even if there are obstacles.",I sometimes think I am a worthless individual.,Members of my family come to me for support.
"Financial, Spiritual",I want to have a purpose.,2,30,30,Sometimes fate or God helps me.,Life does not hold much future promise for me.,I feel a sense of mission about my future.,"I believe I can achieve my goals, even if there are obstacles.",I sometimes think I am a worthless individual.,Members of my family come to me for support.
"Financial, Spiritual",i'm often misunderstood and have no sense of purpose.,2,30,30,Sometimes fate or God helps me.,Life does not hold much future promise for me.,I feel a sense of mission about my future.,"I believe I can achieve my goals, even if there are obstacles.",I sometimes think I am a worthless individual.,Members of my family come to me for support.
"Financial, Spiritual",I believe in the power of the Holy Spirit to achieve my goals.,2,30,30,Sometimes fate or God helps me.,Life does not hold much future promise for me.,I feel a sense of mission about my future.,"I believe I can achieve my goals, even if there are obstacles.",I sometimes think I am a worthless individual.,Members of my family come to me for support.
"Financial, Spiritual",I feel the need to take care of myself.,2,30,30,Sometimes fate or God helps me.,Life does not hold much future promise for me.,I feel a sense of mission about my future.,"I believe I can achieve my goals, even if there are obstacles.",I sometimes think I am a worthless individual.,Members of my family come to me for support.
"Financial, Spiritual",I sometimes feel a sense of mission.,2,30,30,Sometimes fate or God helps me.,Life does not hold much future promise for me.,I feel a sense of mission about my future.,"I believe I can achieve my goals, even if there are obstacles.",I sometimes think I am a worthless individual.,Members of my family come to me for support.
"Financial, Spiritual",I sometimes have dreams that are hard to come by and hope I can achieve them.,2,30,30,Sometimes fate or God helps me.,Life does not hold much future promise for me.,I feel a sense of mission about my future.,"I believe I can achieve my goals, even if there are obstacles.",I sometimes think I am a worthless individual.,Members of my family come to me for support.
"Financial, Spiritual",I have strong belief in my ability to achieve my goals.,2,30,30,Sometimes fate or God helps me.,Life does not hold much future promise for me.,I feel a sense of mission about my future.,"I believe I can achieve my goals, even if there are obstacles.",I sometimes think I am a worthless individual.,Members of my family come to me for support.
"Financial, Spiritual",I feel spiritually uplifting and hopeful.,2,30,30,Sometimes fate or God helps me.,Life does not hold much future promise for me.,I feel a sense of mission about my future.,"I believe I can achieve my goals, even if there are obstacles.",I sometimes think I am a worthless individual.,Members of my family come to me for support.
"Financial, Spiritual",I think I am worthless individual.,2,30,30,Sometimes fate or God helps me.,Life does not hold much future promise for me.,I feel a sense of mission about my future.,"I believe I can achieve my goals, even if there are obstacles.",I sometimes think I am a worthless individual.,Members of my family come to me for support.
"Financial, Spiritual",I think life is not the greatest gift.,2,30,30,Sometimes fate or God helps me.,Life does not hold much future promise for me.,I feel a sense of mission about my future.,"I believe I can achieve my goals, even if there are obstacles.",I sometimes think I am a worthless individual.,Members of my family come to me for support.
"Financial, Spiritual",I have a sense of purpose about my future.,2,30,30,Sometimes fate or God helps me.,Life does not hold much future promise for me.,I feel a sense of mission about my future.,"I believe I can achieve my goals, even if there are obstacles.",I sometimes think I am a worthless individual.,Members of my family come to me for support.
"Intellectual, Occupational","I enjoy getting more out of my daily life, so I feel that I am being productive.",2,30,30,"Generally, I feel pleased with the amount of intellectual stimulation I receive in my daily life.","In the past, I have generally found intellectual challenges to be vital to my overall well-being.",I work to attain goals.,I prefer to take the lead in problem-solving.,I take pride in my achievements.,To what extent do you feel that what you do in your life is valuable and worthwhile?
"Intellectual, Occupational",I am a skilled inventor who works at a number of technical or administrative sites.,2,30,30,"Generally, I feel pleased with the amount of intellectual stimulation I receive in my daily life.","In the past, I have generally found intellectual challenges to be vital to my overall well-being.",I work to attain goals.,I prefer to take the lead in problem-solving.,I take pride in my achievements.,To what extent do you feel that what you do in your life is valuable and worthwhile?
"Intellectual, Occupational",What areas of your life does your mind relax you?,2,30,30,"Generally, I feel pleased with the amount of intellectual stimulation I receive in my daily life.","In the past, I have generally found intellectual challenges to be vital to my overall well-being.",I work to attain goals.,I prefer to take the lead in problem-solving.,I take pride in my achievements.,To what extent do you feel that what you do in your life is valuable and worthwhile?
"Intellectual, Occupational",I work hard to attain goals.,2,30,30,"Generally, I feel pleased with the amount of intellectual stimulation I receive in my daily life.","In the past, I have generally found intellectual challenges to be vital to my overall well-being.",I work to attain goals.,I prefer to take the lead in problem-solving.,I take pride in my achievements.,To what extent do you feel that what you do in your life is valuable and worthwhile?
"Intellectual, Occupational",I think I am happy about the amount of intellectual stimulation I receive in my daily life.,2,30,30,"Generally, I feel pleased with the amount of intellectual stimulation I receive in my daily life.","In the past, I have generally found intellectual challenges to be vital to my overall well-being.",I work to attain goals.,I prefer to take the lead in problem-solving.,I take pride in my achievements.,To what extent do you feel that what you do in your life is valuable and worthwhile?
"Intellectual, Occupational",I feel very happy in my daily life.,2,30,30,"Generally, I feel pleased with the amount of intellectual stimulation I receive in my daily life.","In the past, I have generally found intellectual challenges to be vital to my overall well-being.",I work to attain goals.,I prefer to take the lead in problem-solving.,I take pride in my achievements.,To what extent do you feel that what you do in your life is valuable and worthwhile?
"Intellectual, Occupational",Do you think my daily life is worthwhile?,2,30,30,"Generally, I feel pleased with the amount of intellectual stimulation I receive in my daily life.","In the past, I have generally found intellectual challenges to be vital to my overall well-being.",I work to attain goals.,I prefer to take the lead in problem-solving.,I take pride in my achievements.,To what extent do you feel that what you do in your life is valuable and worthwhile?
"Intellectual, Occupational",I find that what I do in my life is valuable and worthwhile.,2,30,30,"Generally, I feel pleased with the amount of intellectual stimulation I receive in my daily life.","In the past, I have generally found intellectual challenges to be vital to my overall well-being.",I work to attain goals.,I prefer to take the lead in problem-solving.,I take pride in my achievements.,To what extent do you feel that what you do in your life is valuable and worthwhile?
"Intellectual, Occupational",I feel glad I receive intellectual stimulation.,2,30,30,"Generally, I feel pleased with the amount of intellectual stimulation I receive in my daily life.","In the past, I have generally found intellectual challenges to be vital to my overall well-being.",I work to attain goals.,I prefer to take the lead in problem-solving.,I take pride in my achievements.,To what extent do you feel that what you do in your life is valuable and worthwhile?
"Intellectual, Occupational",I am a self-admitted intellectual.,2,30,30,"Generally, I feel pleased with the amount of intellectual stimulation I receive in my daily life.","In the past, I have generally found intellectual challenges to be vital to my overall well-being.",I work to attain goals.,I prefer to take the lead in problem-solving.,I take pride in my achievements.,To what extent do you feel that what you do in your life is valuable and worthwhile?
"Intellectual, Occupational",I find it vital to my well-being that I am being encouraged to learn and develop.,2,30,30,"Generally, I feel pleased with the amount of intellectual stimulation I receive in my daily life.","In the past, I have generally found intellectual challenges to be vital to my overall well-being.",I work to attain goals.,I prefer to take the lead in problem-solving.,I take pride in my achievements.,To what extent do you feel that what you do in your life is valuable and worthwhile?
"Intellectual, Occupational",I enjoy the physical things that I do.,2,30,30,"Generally, I feel pleased with the amount of intellectual stimulation I receive in my daily life.","In the past, I have generally found intellectual challenges to be vital to my overall well-being.",I work to attain goals.,I prefer to take the lead in problem-solving.,I take pride in my achievements.,To what extent do you feel that what you do in your life is valuable and worthwhile?
"Intellectual, Occupational",I find myself working to obtain goals.,2,30,30,"Generally, I feel pleased with the amount of intellectual stimulation I receive in my daily life.","In the past, I have generally found intellectual challenges to be vital to my overall well-being.",I work to attain goals.,I prefer to take the lead in problem-solving.,I take pride in my achievements.,To what extent do you feel that what you do in your life is valuable and worthwhile?
"Intellectual, Occupational",I find it beneficial to have an intellectual challenge in my daily life.,2,30,30,"Generally, I feel pleased with the amount of intellectual stimulation I receive in my daily life.","In the past, I have generally found intellectual challenges to be vital to my overall well-being.",I work to attain goals.,I prefer to take the lead in problem-solving.,I take pride in my achievements.,To what extent do you feel that what you do in your life is valuable and worthwhile?
"Intellectual, Occupational",I usually enjoy what I do in my life.,2,30,30,"Generally, I feel pleased with the amount of intellectual stimulation I receive in my daily life.","In the past, I have generally found intellectual challenges to be vital to my overall well-being.",I work to attain goals.,I prefer to take the lead in problem-solving.,I take pride in my achievements.,To what extent do you feel that what you do in your life is valuable and worthwhile?
"Intellectual, Occupational","I feel confident in my abilities, and am able to make better choices.",2,30,30,"Generally, I feel pleased with the amount of intellectual stimulation I receive in my daily life.","In the past, I have generally found intellectual challenges to be vital to my overall well-being.",I work to attain goals.,I prefer to take the lead in problem-solving.,I take pride in my achievements.,To what extent do you feel that what you do in your life is valuable and worthwhile?
"Intellectual, Occupational",How did you perceive your day-to-day activities?,2,30,30,"Generally, I feel pleased with the amount of intellectual stimulation I receive in my daily life.","In the past, I have generally found intellectual challenges to be vital to my overall well-being.",I work to attain goals.,I prefer to take the lead in problem-solving.,I take pride in my achievements.,To what extent do you feel that what you do in your life is valuable and worthwhile?
"Intellectual, Occupational",What do you do that is valued and worthwhile?,2,30,30,"Generally, I feel pleased with the amount of intellectual stimulation I receive in my daily life.","In the past, I have generally found intellectual challenges to be vital to my overall well-being.",I work to attain goals.,I prefer to take the lead in problem-solving.,I take pride in my achievements.,To what extent do you feel that what you do in your life is valuable and worthwhile?
"Intellectual, Occupational",I find intellectual challenges invaluable in my life.,2,30,30,"Generally, I feel pleased with the amount of intellectual stimulation I receive in my daily life.","In the past, I have generally found intellectual challenges to be vital to my overall well-being.",I work to attain goals.,I prefer to take the lead in problem-solving.,I take pride in my achievements.,To what extent do you feel that what you do in your life is valuable and worthwhile?
"Intellectual, Occupational",I find my work is rewarding and useful to my overall well-being.,2,30,30,"Generally, I feel pleased with the amount of intellectual stimulation I receive in my daily life.","In the past, I have generally found intellectual challenges to be vital to my overall well-being.",I work to attain goals.,I prefer to take the lead in problem-solving.,I take pride in my achievements.,To what extent do you feel that what you do in your life is valuable and worthwhile?
"Intellectual, Occupational",I've been a leader in problem-solving.,2,30,30,"Generally, I feel pleased with the amount of intellectual stimulation I receive in my daily life.","In the past, I have generally found intellectual challenges to be vital to my overall well-being.",I work to attain goals.,I prefer to take the lead in problem-solving.,I take pride in my achievements.,To what extent do you feel that what you do in your life is valuable and worthwhile?
"Intellectual, Occupational",My self-report mental health statement includes the following areas: ...,2,30,30,"Generally, I feel pleased with the amount of intellectual stimulation I receive in my daily life.","In the past, I have generally found intellectual challenges to be vital to my overall well-being.",I work to attain goals.,I prefer to take the lead in problem-solving.,I take pride in my achievements.,To what extent do you feel that what you do in your life is valuable and worthwhile?
"Intellectual, Occupational",I feel that my daily life is full of intellectual stimulation.,2,30,30,"Generally, I feel pleased with the amount of intellectual stimulation I receive in my daily life.","In the past, I have generally found intellectual challenges to be vital to my overall well-being.",I work to attain goals.,I prefer to take the lead in problem-solving.,I take pride in my achievements.,To what extent do you feel that what you do in your life is valuable and worthwhile?
"Intellectual, Occupational",I think my accomplishments are useful and worthwhile.,2,30,30,"Generally, I feel pleased with the amount of intellectual stimulation I receive in my daily life.","In the past, I have generally found intellectual challenges to be vital to my overall well-being.",I work to attain goals.,I prefer to take the lead in problem-solving.,I take pride in my achievements.,To what extent do you feel that what you do in your life is valuable and worthwhile?
"Intellectual, Occupational",I enjoy working at my job and finding out what I'm doing.,2,30,30,"Generally, I feel pleased with the amount of intellectual stimulation I receive in my daily life.","In the past, I have generally found intellectual challenges to be vital to my overall well-being.",I work to attain goals.,I prefer to take the lead in problem-solving.,I take pride in my achievements.,To what extent do you feel that what you do in your life is valuable and worthwhile?
"Intellectual, Occupational",I like a lot of physical stimulation.,2,30,30,"Generally, I feel pleased with the amount of intellectual stimulation I receive in my daily life.","In the past, I have generally found intellectual challenges to be vital to my overall well-being.",I work to attain goals.,I prefer to take the lead in problem-solving.,I take pride in my achievements.,To what extent do you feel that what you do in your life is valuable and worthwhile?
"Intellectual, Occupational",I find myself being both intellectually and professionally physically challenged.,2,30,30,"Generally, I feel pleased with the amount of intellectual stimulation I receive in my daily life.","In the past, I have generally found intellectual challenges to be vital to my overall well-being.",I work to attain goals.,I prefer to take the lead in problem-solving.,I take pride in my achievements.,To what extent do you feel that what you do in your life is valuable and worthwhile?
"Intellectual, Occupational",I feel that it is important to me to be able to take a leading role in problem-solving.,2,30,30,"Generally, I feel pleased with the amount of intellectual stimulation I receive in my daily life.","In the past, I have generally found intellectual challenges to be vital to my overall well-being.",I work to attain goals.,I prefer to take the lead in problem-solving.,I take pride in my achievements.,To what extent do you feel that what you do in your life is valuable and worthwhile?
"Intellectual, Occupational","In your opinion, what do you have in your life that you enjoy?",2,30,30,"Generally, I feel pleased with the amount of intellectual stimulation I receive in my daily life.","In the past, I have generally found intellectual challenges to be vital to my overall well-being.",I work to attain goals.,I prefer to take the lead in problem-solving.,I take pride in my achievements.,To what extent do you feel that what you do in your life is valuable and worthwhile?
"Intellectual, Occupational",I have a tendency to be lazy and lazy.,2,30,30,"Generally, I feel pleased with the amount of intellectual stimulation I receive in my daily life.","In the past, I have generally found intellectual challenges to be vital to my overall well-being.",I work to attain goals.,I prefer to take the lead in problem-solving.,I take pride in my achievements.,To what extent do you feel that what you do in your life is valuable and worthwhile?
"Intellectual, Physical",I enjoy a lot of activities but I only use a good amount of time.,2,30,30,"Generally, I feel pleased with the amount of intellectual stimulation I receive in my daily life.",I avoid activities which require me to concentrate.,How often do you lose track of time while doing something you enjoy?,"In general, I feel confident about my abilities.",I am uncertain about my ability to do things well in the future.,How often do you become absorbed in what you are doing?
"Intellectual, Physical",I feel absorbed in what I am doing.,2,30,30,"Generally, I feel pleased with the amount of intellectual stimulation I receive in my daily life.",I avoid activities which require me to concentrate.,How often do you lose track of time while doing something you enjoy?,"In general, I feel confident about my abilities.",I am uncertain about my ability to do things well in the future.,How often do you become absorbed in what you are doing?
"Intellectual, Physical",I feel excited about my life.,2,30,30,"Generally, I feel pleased with the amount of intellectual stimulation I receive in my daily life.",I avoid activities which require me to concentrate.,How often do you lose track of time while doing something you enjoy?,"In general, I feel confident about my abilities.",I am uncertain about my ability to do things well in the future.,How often do you become absorbed in what you are doing?
"Intellectual, Physical",I feel less emotionally involved in what I do.,2,30,30,"Generally, I feel pleased with the amount of intellectual stimulation I receive in my daily life.",I avoid activities which require me to concentrate.,How often do you lose track of time while doing something you enjoy?,"In general, I feel confident about my abilities.",I am uncertain about my ability to do things well in the future.,How often do you become absorbed in what you are doing?
"Intellectual, Physical",I have difficulty in my concentration.,2,30,30,"Generally, I feel pleased with the amount of intellectual stimulation I receive in my daily life.",I avoid activities which require me to concentrate.,How often do you lose track of time while doing something you enjoy?,"In general, I feel confident about my abilities.",I am uncertain about my ability to do things well in the future.,How often do you become absorbed in what you are doing?
"Intellectual, Physical",I feel happy about the amount of intellectual stimulation I receive.,2,30,30,"Generally, I feel pleased with the amount of intellectual stimulation I receive in my daily life.",I avoid activities which require me to concentrate.,How often do you lose track of time while doing something you enjoy?,"In general, I feel confident about my abilities.",I am uncertain about my ability to do things well in the future.,How often do you become absorbed in what you are doing?
"Intellectual, Physical",I enjoy being absorbed in what I am doing.,2,30,30,"Generally, I feel pleased with the amount of intellectual stimulation I receive in my daily life.",I avoid activities which require me to concentrate.,How often do you lose track of time while doing something you enjoy?,"In general, I feel confident about my abilities.",I am uncertain about my ability to do things well in the future.,How often do you become absorbed in what you are doing?
"Intellectual, Physical",I feel curious about my interests.,2,30,30,"Generally, I feel pleased with the amount of intellectual stimulation I receive in my daily life.",I avoid activities which require me to concentrate.,How often do you lose track of time while doing something you enjoy?,"In general, I feel confident about my abilities.",I am uncertain about my ability to do things well in the future.,How often do you become absorbed in what you are doing?
"Intellectual, Physical",I feel energized by what I do and are likely to become absorbed in my own body.,2,30,30,"Generally, I feel pleased with the amount of intellectual stimulation I receive in my daily life.",I avoid activities which require me to concentrate.,How often do you lose track of time while doing something you enjoy?,"In general, I feel confident about my abilities.",I am uncertain about my ability to do things well in the future.,How often do you become absorbed in what you are doing?
"Intellectual, Physical",I feel disappointed in myself when I don't feel my physical and cognitive strength increase.,2,30,30,"Generally, I feel pleased with the amount of intellectual stimulation I receive in my daily life.",I avoid activities which require me to concentrate.,How often do you lose track of time while doing something you enjoy?,"In general, I feel confident about my abilities.",I am uncertain about my ability to do things well in the future.,How often do you become absorbed in what you are doing?
"Intellectual, Physical",I feel grateful that I have a lot to learn in my life.,2,30,30,"Generally, I feel pleased with the amount of intellectual stimulation I receive in my daily life.",I avoid activities which require me to concentrate.,How often do you lose track of time while doing something you enjoy?,"In general, I feel confident about my abilities.",I am uncertain about my ability to do things well in the future.,How often do you become absorbed in what you are doing?
"Intellectual, Physical",I feel very proud of my abilities.,2,30,30,"Generally, I feel pleased with the amount of intellectual stimulation I receive in my daily life.",I avoid activities which require me to concentrate.,How often do you lose track of time while doing something you enjoy?,"In general, I feel confident about my abilities.",I am uncertain about my ability to do things well in the future.,How often do you become absorbed in what you are doing?
"Intellectual, Physical",I find I feel anxious about my actions.,2,30,30,"Generally, I feel pleased with the amount of intellectual stimulation I receive in my daily life.",I avoid activities which require me to concentrate.,How often do you lose track of time while doing something you enjoy?,"In general, I feel confident about my abilities.",I am uncertain about my ability to do things well in the future.,How often do you become absorbed in what you are doing?
"Intellectual, Physical","I feel anxious, focused, and very well-attentioned.",2,30,30,"Generally, I feel pleased with the amount of intellectual stimulation I receive in my daily life.",I avoid activities which require me to concentrate.,How often do you lose track of time while doing something you enjoy?,"In general, I feel confident about my abilities.",I am uncertain about my ability to do things well in the future.,How often do you become absorbed in what you are doing?
"Intellectual, Physical","In general, I feel more connected to what I am doing.",2,30,30,"Generally, I feel pleased with the amount of intellectual stimulation I receive in my daily life.",I avoid activities which require me to concentrate.,How often do you lose track of time while doing something you enjoy?,"In general, I feel confident about my abilities.",I am uncertain about my ability to do things well in the future.,How often do you become absorbed in what you are doing?
"Intellectual, Physical",I feel disoriented about my life.,2,30,30,"Generally, I feel pleased with the amount of intellectual stimulation I receive in my daily life.",I avoid activities which require me to concentrate.,How often do you lose track of time while doing something you enjoy?,"In general, I feel confident about my abilities.",I am uncertain about my ability to do things well in the future.,How often do you become absorbed in what you are doing?
"Intellectual, Physical",I feel nervous about what I am doing.,2,30,30,"Generally, I feel pleased with the amount of intellectual stimulation I receive in my daily life.",I avoid activities which require me to concentrate.,How often do you lose track of time while doing something you enjoy?,"In general, I feel confident about my abilities.",I am uncertain about my ability to do things well in the future.,How often do you become absorbed in what you are doing?
"Intellectual, Physical",I don't like any of the activities I do.,2,30,30,"Generally, I feel pleased with the amount of intellectual stimulation I receive in my daily life.",I avoid activities which require me to concentrate.,How often do you lose track of time while doing something you enjoy?,"In general, I feel confident about my abilities.",I am uncertain about my ability to do things well in the future.,How often do you become absorbed in what you are doing?
"Intellectual, Physical",I can be distracted by what I am doing.,2,30,30,"Generally, I feel pleased with the amount of intellectual stimulation I receive in my daily life.",I avoid activities which require me to concentrate.,How often do you lose track of time while doing something you enjoy?,"In general, I feel confident about my abilities.",I am uncertain about my ability to do things well in the future.,How often do you become absorbed in what you are doing?
"Intellectual, Physical",I focus more on the positive.,2,30,30,"Generally, I feel pleased with the amount of intellectual stimulation I receive in my daily life.",I avoid activities which require me to concentrate.,How often do you lose track of time while doing something you enjoy?,"In general, I feel confident about my abilities.",I am uncertain about my ability to do things well in the future.,How often do you become absorbed in what you are doing?
"Intellectual, Physical",I am generally conscious of my thoughts.,2,30,30,"Generally, I feel pleased with the amount of intellectual stimulation I receive in my daily life.",I avoid activities which require me to concentrate.,How often do you lose track of time while doing something you enjoy?,"In general, I feel confident about my abilities.",I am uncertain about my ability to do things well in the future.,How often do you become absorbed in what you are doing?
"Intellectual, Physical",I am worried about my ability to make decisions.,2,30,30,"Generally, I feel pleased with the amount of intellectual stimulation I receive in my daily life.",I avoid activities which require me to concentrate.,How often do you lose track of time while doing something you enjoy?,"In general, I feel confident about my abilities.",I am uncertain about my ability to do things well in the future.,How often do you become absorbed in what you are doing?
"Intellectual, Physical","In general, I enjoy doing what I like, but I worry a lot about the future.",2,30,30,"Generally, I feel pleased with the amount of intellectual stimulation I receive in my daily life.",I avoid activities which require me to concentrate.,How often do you lose track of time while doing something you enjoy?,"In general, I feel confident about my abilities.",I am uncertain about my ability to do things well in the future.,How often do you become absorbed in what you are doing?
"Intellectual, Physical",I have negative emotions and feel absorbed.,2,30,30,"Generally, I feel pleased with the amount of intellectual stimulation I receive in my daily life.",I avoid activities which require me to concentrate.,How often do you lose track of time while doing something you enjoy?,"In general, I feel confident about my abilities.",I am uncertain about my ability to do things well in the future.,How often do you become absorbed in what you are doing?
"Intellectual, Physical",I feel more interested in what I am doing.,2,30,30,"Generally, I feel pleased with the amount of intellectual stimulation I receive in my daily life.",I avoid activities which require me to concentrate.,How often do you lose track of time while doing something you enjoy?,"In general, I feel confident about my abilities.",I am uncertain about my ability to do things well in the future.,How often do you become absorbed in what you are doing?
"Intellectual, Physical","In general, I feel excited about my abilities.",2,30,30,"Generally, I feel pleased with the amount of intellectual stimulation I receive in my daily life.",I avoid activities which require me to concentrate.,How often do you lose track of time while doing something you enjoy?,"In general, I feel confident about my abilities.",I am uncertain about my ability to do things well in the future.,How often do you become absorbed in what you are doing?
"Intellectual, Physical",I feel happy and confident in my ability to take on challenges.,2,30,30,"Generally, I feel pleased with the amount of intellectual stimulation I receive in my daily life.",I avoid activities which require me to concentrate.,How often do you lose track of time while doing something you enjoy?,"In general, I feel confident about my abilities.",I am uncertain about my ability to do things well in the future.,How often do you become absorbed in what you are doing?
"Intellectual, Physical",I feel interested in my hobby.,2,30,30,"Generally, I feel pleased with the amount of intellectual stimulation I receive in my daily life.",I avoid activities which require me to concentrate.,How often do you lose track of time while doing something you enjoy?,"In general, I feel confident about my abilities.",I am uncertain about my ability to do things well in the future.,How often do you become absorbed in what you are doing?
"Intellectual, Physical",I feel tired about what I'm doing.,2,30,30,"Generally, I feel pleased with the amount of intellectual stimulation I receive in my daily life.",I avoid activities which require me to concentrate.,How often do you lose track of time while doing something you enjoy?,"In general, I feel confident about my abilities.",I am uncertain about my ability to do things well in the future.,How often do you become absorbed in what you are doing?
"Intellectual, Physical",I feel like a liar or a jerk in my life.,2,30,30,"Generally, I feel pleased with the amount of intellectual stimulation I receive in my daily life.",I avoid activities which require me to concentrate.,How often do you lose track of time while doing something you enjoy?,"In general, I feel confident about my abilities.",I am uncertain about my ability to do things well in the future.,How often do you become absorbed in what you are doing?
"Intellectual, Social",I love intellectual and social challenges,2,30,30,It is difficult for me to make friends,My interests and ideas are not shared by those around me,"In the past, I have generally found intellectual challenges to be vital to my overall well-being.",I prefer to take the lead in problem-solving.,My friends know they can always confide in me and ask me for advice.,I tend to be influenced by people with strong opinions.
"Intellectual, Social",My social life is socially and intellectually challenging.,2,30,30,It is difficult for me to make friends,My interests and ideas are not shared by those around me,"In the past, I have generally found intellectual challenges to be vital to my overall well-being.",I prefer to take the lead in problem-solving.,My friends know they can always confide in me and ask me for advice.,I tend to be influenced by people with strong opinions.
"Intellectual, Social",I am influenced by strong opinions.,2,30,30,It is difficult for me to make friends,My interests and ideas are not shared by those around me,"In the past, I have generally found intellectual challenges to be vital to my overall well-being.",I prefer to take the lead in problem-solving.,My friends know they can always confide in me and ask me for advice.,I tend to be influenced by people with strong opinions.
"Intellectual, Social",I am socially unable to participate in all of my social activities,2,30,30,It is difficult for me to make friends,My interests and ideas are not shared by those around me,"In the past, I have generally found intellectual challenges to be vital to my overall well-being.",I prefer to take the lead in problem-solving.,My friends know they can always confide in me and ask me for advice.,I tend to be influenced by people with strong opinions.
"Intellectual, Social",I am influenced by people with strong opinions.,2,30,30,It is difficult for me to make friends,My interests and ideas are not shared by those around me,"In the past, I have generally found intellectual challenges to be vital to my overall well-being.",I prefer to take the lead in problem-solving.,My friends know they can always confide in me and ask me for advice.,I tend to be influenced by people with strong opinions.
"Intellectual, Social",I tend to be influenced by people who have strong opinions.,2,30,30,It is difficult for me to make friends,My interests and ideas are not shared by those around me,"In the past, I have generally found intellectual challenges to be vital to my overall well-being.",I prefer to take the lead in problem-solving.,My friends know they can always confide in me and ask me for advice.,I tend to be influenced by people with strong opinions.
"Intellectual, Social",I am in a social relationship with people,2,30,30,It is difficult for me to make friends,My interests and ideas are not shared by those around me,"In the past, I have generally found intellectual challenges to be vital to my overall well-being.",I prefer to take the lead in problem-solving.,My friends know they can always confide in me and ask me for advice.,I tend to be influenced by people with strong opinions.
"Intellectual, Social",I am social and intellectually challenged,2,30,30,It is difficult for me to make friends,My interests and ideas are not shared by those around me,"In the past, I have generally found intellectual challenges to be vital to my overall well-being.",I prefer to take the lead in problem-solving.,My friends know they can always confide in me and ask me for advice.,I tend to be influenced by people with strong opinions.
"Intellectual, Social",I tend to be highly social.,2,30,30,It is difficult for me to make friends,My interests and ideas are not shared by those around me,"In the past, I have generally found intellectual challenges to be vital to my overall well-being.",I prefer to take the lead in problem-solving.,My friends know they can always confide in me and ask me for advice.,I tend to be influenced by people with strong opinions.
"Intellectual, Social","I am social, intellectual, intellectually, socially, and i try to make the world a better place.",2,30,30,It is difficult for me to make friends,My interests and ideas are not shared by those around me,"In the past, I have generally found intellectual challenges to be vital to my overall well-being.",I prefer to take the lead in problem-solving.,My friends know they can always confide in me and ask me for advice.,I tend to be influenced by people with strong opinions.
"Intellectual, Social",I have been influenced by people with strong opinions,2,30,30,It is difficult for me to make friends,My interests and ideas are not shared by those around me,"In the past, I have generally found intellectual challenges to be vital to my overall well-being.",I prefer to take the lead in problem-solving.,My friends know they can always confide in me and ask me for advice.,I tend to be influenced by people with strong opinions.
"Intellectual, Social",I think I can take the lead in problem-solving.,2,30,30,It is difficult for me to make friends,My interests and ideas are not shared by those around me,"In the past, I have generally found intellectual challenges to be vital to my overall well-being.",I prefer to take the lead in problem-solving.,My friends know they can always confide in me and ask me for advice.,I tend to be influenced by people with strong opinions.
"Intellectual, Social",I often feel bad about my own abilities.,2,30,30,It is difficult for me to make friends,My interests and ideas are not shared by those around me,"In the past, I have generally found intellectual challenges to be vital to my overall well-being.",I prefer to take the lead in problem-solving.,My friends know they can always confide in me and ask me for advice.,I tend to be influenced by people with strong opinions.
"Intellectual, Social",I am socially and intellectually challenged,2,30,30,It is difficult for me to make friends,My interests and ideas are not shared by those around me,"In the past, I have generally found intellectual challenges to be vital to my overall well-being.",I prefer to take the lead in problem-solving.,My friends know they can always confide in me and ask me for advice.,I tend to be influenced by people with strong opinions.
"Intellectual, Social",I am not successful in intellectual challenges,2,30,30,It is difficult for me to make friends,My interests and ideas are not shared by those around me,"In the past, I have generally found intellectual challenges to be vital to my overall well-being.",I prefer to take the lead in problem-solving.,My friends know they can always confide in me and ask me for advice.,I tend to be influenced by people with strong opinions.
"Intellectual, Social",I am influenced by people who have strong opinions.,2,30,30,It is difficult for me to make friends,My interests and ideas are not shared by those around me,"In the past, I have generally found intellectual challenges to be vital to my overall well-being.",I prefer to take the lead in problem-solving.,My friends know they can always confide in me and ask me for advice.,I tend to be influenced by people with strong opinions.
"Intellectual, Social",My mental health is generally a result of social and intellectual challenges.,2,30,30,It is difficult for me to make friends,My interests and ideas are not shared by those around me,"In the past, I have generally found intellectual challenges to be vital to my overall well-being.",I prefer to take the lead in problem-solving.,My friends know they can always confide in me and ask me for advice.,I tend to be influenced by people with strong opinions.
"Intellectual, Social",I find it difficult for me to make friends,2,30,30,It is difficult for me to make friends,My interests and ideas are not shared by those around me,"In the past, I have generally found intellectual challenges to be vital to my overall well-being.",I prefer to take the lead in problem-solving.,My friends know they can always confide in me and ask me for advice.,I tend to be influenced by people with strong opinions.
"Intellectual, Social",I have difficulty socializing with others,2,30,30,It is difficult for me to make friends,My interests and ideas are not shared by those around me,"In the past, I have generally found intellectual challenges to be vital to my overall well-being.",I prefer to take the lead in problem-solving.,My friends know they can always confide in me and ask me for advice.,I tend to be influenced by people with strong opinions.
"Intellectual, Social",I am influenced by people who are influenced by things such as social views.,2,30,30,It is difficult for me to make friends,My interests and ideas are not shared by those around me,"In the past, I have generally found intellectual challenges to be vital to my overall well-being.",I prefer to take the lead in problem-solving.,My friends know they can always confide in me and ask me for advice.,I tend to be influenced by people with strong opinions.
"Intellectual, Social",It is hard for me to make friends,2,30,30,It is difficult for me to make friends,My interests and ideas are not shared by those around me,"In the past, I have generally found intellectual challenges to be vital to my overall well-being.",I prefer to take the lead in problem-solving.,My friends know they can always confide in me and ask me for advice.,I tend to be influenced by people with strong opinions.
"Intellectual, Social",My social and intellectual self-report mental health statement was self-reported during my childhood.,2,30,30,It is difficult for me to make friends,My interests and ideas are not shared by those around me,"In the past, I have generally found intellectual challenges to be vital to my overall well-being.",I prefer to take the lead in problem-solving.,My friends know they can always confide in me and ask me for advice.,I tend to be influenced by people with strong opinions.
"Intellectual, Social",I tend to have difficulty balancing work and social life,2,30,30,It is difficult for me to make friends,My interests and ideas are not shared by those around me,"In the past, I have generally found intellectual challenges to be vital to my overall well-being.",I prefer to take the lead in problem-solving.,My friends know they can always confide in me and ask me for advice.,I tend to be influenced by people with strong opinions.
"Intellectual, Social",I have a tendency to be overly critical of my peers.,2,30,30,It is difficult for me to make friends,My interests and ideas are not shared by those around me,"In the past, I have generally found intellectual challenges to be vital to my overall well-being.",I prefer to take the lead in problem-solving.,My friends know they can always confide in me and ask me for advice.,I tend to be influenced by people with strong opinions.
"Intellectual, Social",I find intellectual and social challenges important to my overall well-being.,2,30,30,It is difficult for me to make friends,My interests and ideas are not shared by those around me,"In the past, I have generally found intellectual challenges to be vital to my overall well-being.",I prefer to take the lead in problem-solving.,My friends know they can always confide in me and ask me for advice.,I tend to be influenced by people with strong opinions.
"Intellectual, Social",I like to be influenced by people.,2,30,30,It is difficult for me to make friends,My interests and ideas are not shared by those around me,"In the past, I have generally found intellectual challenges to be vital to my overall well-being.",I prefer to take the lead in problem-solving.,My friends know they can always confide in me and ask me for advice.,I tend to be influenced by people with strong opinions.
"Intellectual, Social",I find it hard for me to make friends,2,30,30,It is difficult for me to make friends,My interests and ideas are not shared by those around me,"In the past, I have generally found intellectual challenges to be vital to my overall well-being.",I prefer to take the lead in problem-solving.,My friends know they can always confide in me and ask me for advice.,I tend to be influenced by people with strong opinions.
"Intellectual, Social","I feel isolated, insecure, or disengaged",2,30,30,It is difficult for me to make friends,My interests and ideas are not shared by those around me,"In the past, I have generally found intellectual challenges to be vital to my overall well-being.",I prefer to take the lead in problem-solving.,My friends know they can always confide in me and ask me for advice.,I tend to be influenced by people with strong opinions.
"Intellectual, Social",I am not a social person,2,30,30,It is difficult for me to make friends,My interests and ideas are not shared by those around me,"In the past, I have generally found intellectual challenges to be vital to my overall well-being.",I prefer to take the lead in problem-solving.,My friends know they can always confide in me and ask me for advice.,I tend to be influenced by people with strong opinions.
"Intellectual, Social",I can't express myself with a strong sense of purpose,2,30,30,It is difficult for me to make friends,My interests and ideas are not shared by those around me,"In the past, I have generally found intellectual challenges to be vital to my overall well-being.",I prefer to take the lead in problem-solving.,My friends know they can always confide in me and ask me for advice.,I tend to be influenced by people with strong opinions.
"Intellectual, Spiritual",I want to feel better mentally and physically.,2,30,30,"In the past, I have generally found intellectual challenges to be vital to my overall well-being.","Generally, I feel pleased with the amount of intellectual stimulation I receive in my daily life.",I will always seek out activities that challenge me to think and reason.,To what extent do you lead a purposeful and meaningful life?,"Under pressure, I stay focused and think clearly.",I think it is important to have new experiences that challenge how I think about myself and the world.
"Intellectual, Spiritual","My personality is often a reflection of my identity, my beliefs, and my thoughts.",2,30,30,"In the past, I have generally found intellectual challenges to be vital to my overall well-being.","Generally, I feel pleased with the amount of intellectual stimulation I receive in my daily life.",I will always seek out activities that challenge me to think and reason.,To what extent do you lead a purposeful and meaningful life?,"Under pressure, I stay focused and think clearly.",I think it is important to have new experiences that challenge how I think about myself and the world.
"Intellectual, Spiritual",I feel encouraged to be creative in my daily life.,2,30,30,"In the past, I have generally found intellectual challenges to be vital to my overall well-being.","Generally, I feel pleased with the amount of intellectual stimulation I receive in my daily life.",I will always seek out activities that challenge me to think and reason.,To what extent do you lead a purposeful and meaningful life?,"Under pressure, I stay focused and think clearly.",I think it is important to have new experiences that challenge how I think about myself and the world.
"Intellectual, Spiritual",I am not likely to be able to think properly.,2,30,30,"In the past, I have generally found intellectual challenges to be vital to my overall well-being.","Generally, I feel pleased with the amount of intellectual stimulation I receive in my daily life.",I will always seek out activities that challenge me to think and reason.,To what extent do you lead a purposeful and meaningful life?,"Under pressure, I stay focused and think clearly.",I think it is important to have new experiences that challenge how I think about myself and the world.
"Intellectual, Spiritual",I find myself motivated to do things that make me think and cause me to think clearly.,2,30,30,"In the past, I have generally found intellectual challenges to be vital to my overall well-being.","Generally, I feel pleased with the amount of intellectual stimulation I receive in my daily life.",I will always seek out activities that challenge me to think and reason.,To what extent do you lead a purposeful and meaningful life?,"Under pressure, I stay focused and think clearly.",I think it is important to have new experiences that challenge how I think about myself and the world.
"Intellectual, Spiritual",I want to think deeply and reason well.,2,30,30,"In the past, I have generally found intellectual challenges to be vital to my overall well-being.","Generally, I feel pleased with the amount of intellectual stimulation I receive in my daily life.",I will always seek out activities that challenge me to think and reason.,To what extent do you lead a purposeful and meaningful life?,"Under pressure, I stay focused and think clearly.",I think it is important to have new experiences that challenge how I think about myself and the world.
"Intellectual, Spiritual",I feel well equipped to face the challenges I face today,2,30,30,"In the past, I have generally found intellectual challenges to be vital to my overall well-being.","Generally, I feel pleased with the amount of intellectual stimulation I receive in my daily life.",I will always seek out activities that challenge me to think and reason.,To what extent do you lead a purposeful and meaningful life?,"Under pressure, I stay focused and think clearly.",I think it is important to have new experiences that challenge how I think about myself and the world.
"Intellectual, Spiritual",I think new experiences challenge my thinking.,2,30,30,"In the past, I have generally found intellectual challenges to be vital to my overall well-being.","Generally, I feel pleased with the amount of intellectual stimulation I receive in my daily life.",I will always seek out activities that challenge me to think and reason.,To what extent do you lead a purposeful and meaningful life?,"Under pressure, I stay focused and think clearly.",I think it is important to have new experiences that challenge how I think about myself and the world.
"Intellectual, Spiritual",I feel more positive and open to new experiences.,2,30,30,"In the past, I have generally found intellectual challenges to be vital to my overall well-being.","Generally, I feel pleased with the amount of intellectual stimulation I receive in my daily life.",I will always seek out activities that challenge me to think and reason.,To what extent do you lead a purposeful and meaningful life?,"Under pressure, I stay focused and think clearly.",I think it is important to have new experiences that challenge how I think about myself and the world.
"Intellectual, Spiritual","I enjoy being creative, and appreciate the rewards that come with having new experiences.",2,30,30,"In the past, I have generally found intellectual challenges to be vital to my overall well-being.","Generally, I feel pleased with the amount of intellectual stimulation I receive in my daily life.",I will always seek out activities that challenge me to think and reason.,To what extent do you lead a purposeful and meaningful life?,"Under pressure, I stay focused and think clearly.",I think it is important to have new experiences that challenge how I think about myself and the world.
"Intellectual, Spiritual",I feel physically and emotionally challenged by what I do and my thoughts.,2,30,30,"In the past, I have generally found intellectual challenges to be vital to my overall well-being.","Generally, I feel pleased with the amount of intellectual stimulation I receive in my daily life.",I will always seek out activities that challenge me to think and reason.,To what extent do you lead a purposeful and meaningful life?,"Under pressure, I stay focused and think clearly.",I think it is important to have new experiences that challenge how I think about myself and the world.
"Intellectual, Spiritual",I know that I can help build a life based on my intellectual and spiritual strengths.,2,30,30,"In the past, I have generally found intellectual challenges to be vital to my overall well-being.","Generally, I feel pleased with the amount of intellectual stimulation I receive in my daily life.",I will always seek out activities that challenge me to think and reason.,To what extent do you lead a purposeful and meaningful life?,"Under pressure, I stay focused and think clearly.",I think it is important to have new experiences that challenge how I think about myself and the world.
"Intellectual, Spiritual",I feel very happy to receive intellectual stimulation in my daily life.,2,30,30,"In the past, I have generally found intellectual challenges to be vital to my overall well-being.","Generally, I feel pleased with the amount of intellectual stimulation I receive in my daily life.",I will always seek out activities that challenge me to think and reason.,To what extent do you lead a purposeful and meaningful life?,"Under pressure, I stay focused and think clearly.",I think it is important to have new experiences that challenge how I think about myself and the world.
"Intellectual, Spiritual",I think the challenge is not limited to just thinking and reasoning.,2,30,30,"In the past, I have generally found intellectual challenges to be vital to my overall well-being.","Generally, I feel pleased with the amount of intellectual stimulation I receive in my daily life.",I will always seek out activities that challenge me to think and reason.,To what extent do you lead a purposeful and meaningful life?,"Under pressure, I stay focused and think clearly.",I think it is important to have new experiences that challenge how I think about myself and the world.
"Intellectual, Spiritual",I'm happy with the amount of intellectual stimulation I receive.,2,30,30,"In the past, I have generally found intellectual challenges to be vital to my overall well-being.","Generally, I feel pleased with the amount of intellectual stimulation I receive in my daily life.",I will always seek out activities that challenge me to think and reason.,To what extent do you lead a purposeful and meaningful life?,"Under pressure, I stay focused and think clearly.",I think it is important to have new experiences that challenge how I think about myself and the world.
"Intellectual, Spiritual",I think intellectual challenges can challenge my mental health.,2,30,30,"In the past, I have generally found intellectual challenges to be vital to my overall well-being.","Generally, I feel pleased with the amount of intellectual stimulation I receive in my daily life.",I will always seek out activities that challenge me to think and reason.,To what extent do you lead a purposeful and meaningful life?,"Under pressure, I stay focused and think clearly.",I think it is important to have new experiences that challenge how I think about myself and the world.
"Intellectual, Spiritual","I have considered challenges to be vital to my overall well-being, such as intellectual challenges and spiritual challenges.",2,30,30,"In the past, I have generally found intellectual challenges to be vital to my overall well-being.","Generally, I feel pleased with the amount of intellectual stimulation I receive in my daily life.",I will always seek out activities that challenge me to think and reason.,To what extent do you lead a purposeful and meaningful life?,"Under pressure, I stay focused and think clearly.",I think it is important to have new experiences that challenge how I think about myself and the world.
"Intellectual, Spiritual",I like to have challenges that make me aware of my thoughts and feelings.,2,30,30,"In the past, I have generally found intellectual challenges to be vital to my overall well-being.","Generally, I feel pleased with the amount of intellectual stimulation I receive in my daily life.",I will always seek out activities that challenge me to think and reason.,To what extent do you lead a purposeful and meaningful life?,"Under pressure, I stay focused and think clearly.",I think it is important to have new experiences that challenge how I think about myself and the world.
"Intellectual, Spiritual",I find myself seeking out new experiences that challenge my thinking and reasoning abilities.,2,30,30,"In the past, I have generally found intellectual challenges to be vital to my overall well-being.","Generally, I feel pleased with the amount of intellectual stimulation I receive in my daily life.",I will always seek out activities that challenge me to think and reason.,To what extent do you lead a purposeful and meaningful life?,"Under pressure, I stay focused and think clearly.",I think it is important to have new experiences that challenge how I think about myself and the world.
"Intellectual, Spiritual",I am a believer in the existence of the universe and seek out challenges to my thinking to lead a purposeful and meaningful life.,2,30,30,"In the past, I have generally found intellectual challenges to be vital to my overall well-being.","Generally, I feel pleased with the amount of intellectual stimulation I receive in my daily life.",I will always seek out activities that challenge me to think and reason.,To what extent do you lead a purposeful and meaningful life?,"Under pressure, I stay focused and think clearly.",I think it is important to have new experiences that challenge how I think about myself and the world.
"Intellectual, Spiritual",My spirituality is a good indicator of my mental health.,2,30,30,"In the past, I have generally found intellectual challenges to be vital to my overall well-being.","Generally, I feel pleased with the amount of intellectual stimulation I receive in my daily life.",I will always seek out activities that challenge me to think and reason.,To what extent do you lead a purposeful and meaningful life?,"Under pressure, I stay focused and think clearly.",I think it is important to have new experiences that challenge how I think about myself and the world.
"Intellectual, Spiritual",I enjoy engaging in my everyday activities that have a positive impact on my mental health.,2,30,30,"In the past, I have generally found intellectual challenges to be vital to my overall well-being.","Generally, I feel pleased with the amount of intellectual stimulation I receive in my daily life.",I will always seek out activities that challenge me to think and reason.,To what extent do you lead a purposeful and meaningful life?,"Under pressure, I stay focused and think clearly.",I think it is important to have new experiences that challenge how I think about myself and the world.
"Intellectual, Spiritual",I feel that intellectual challenges are important for the whole of my mental health.,2,30,30,"In the past, I have generally found intellectual challenges to be vital to my overall well-being.","Generally, I feel pleased with the amount of intellectual stimulation I receive in my daily life.",I will always seek out activities that challenge me to think and reason.,To what extent do you lead a purposeful and meaningful life?,"Under pressure, I stay focused and think clearly.",I think it is important to have new experiences that challenge how I think about myself and the world.
"Intellectual, Spiritual",I think new experiences are essential to my overall well-being.,2,30,30,"In the past, I have generally found intellectual challenges to be vital to my overall well-being.","Generally, I feel pleased with the amount of intellectual stimulation I receive in my daily life.",I will always seek out activities that challenge me to think and reason.,To what extent do you lead a purposeful and meaningful life?,"Under pressure, I stay focused and think clearly.",I think it is important to have new experiences that challenge how I think about myself and the world.
"Intellectual, Spiritual","I am a self-report mental health person who thinks, writes, watches movies, and thinks.",2,30,30,"In the past, I have generally found intellectual challenges to be vital to my overall well-being.","Generally, I feel pleased with the amount of intellectual stimulation I receive in my daily life.",I will always seek out activities that challenge me to think and reason.,To what extent do you lead a purposeful and meaningful life?,"Under pressure, I stay focused and think clearly.",I think it is important to have new experiences that challenge how I think about myself and the world.
"Intellectual, Spiritual",I believe that intellectual challenges are vital to my overall well-being.,2,30,30,"In the past, I have generally found intellectual challenges to be vital to my overall well-being.","Generally, I feel pleased with the amount of intellectual stimulation I receive in my daily life.",I will always seek out activities that challenge me to think and reason.,To what extent do you lead a purposeful and meaningful life?,"Under pressure, I stay focused and think clearly.",I think it is important to have new experiences that challenge how I think about myself and the world.
"Intellectual, Spiritual",I feel creative and intellectually stimulated in my daily life.,2,30,30,"In the past, I have generally found intellectual challenges to be vital to my overall well-being.","Generally, I feel pleased with the amount of intellectual stimulation I receive in my daily life.",I will always seek out activities that challenge me to think and reason.,To what extent do you lead a purposeful and meaningful life?,"Under pressure, I stay focused and think clearly.",I think it is important to have new experiences that challenge how I think about myself and the world.
"Intellectual, Spiritual",I am happy to have intellectual and spiritual challenges in my daily life.,2,30,30,"In the past, I have generally found intellectual challenges to be vital to my overall well-being.","Generally, I feel pleased with the amount of intellectual stimulation I receive in my daily life.",I will always seek out activities that challenge me to think and reason.,To what extent do you lead a purposeful and meaningful life?,"Under pressure, I stay focused and think clearly.",I think it is important to have new experiences that challenge how I think about myself and the world.
"Intellectual, Spiritual","I think I am having good growth and lifelong success, but I am finding it easier to let go and accept the truth.",2,30,30,"In the past, I have generally found intellectual challenges to be vital to my overall well-being.","Generally, I feel pleased with the amount of intellectual stimulation I receive in my daily life.",I will always seek out activities that challenge me to think and reason.,To what extent do you lead a purposeful and meaningful life?,"Under pressure, I stay focused and think clearly.",I think it is important to have new experiences that challenge how I think about myself and the world.
"Intellectual, Spiritual",I often find a stimulating environment that stimulates my intellectual and spiritual development.,2,30,30,"In the past, I have generally found intellectual challenges to be vital to my overall well-being.","Generally, I feel pleased with the amount of intellectual stimulation I receive in my daily life.",I will always seek out activities that challenge me to think and reason.,To what extent do you lead a purposeful and meaningful life?,"Under pressure, I stay focused and think clearly.",I think it is important to have new experiences that challenge how I think about myself and the world.
"Occupational, Physical",I expect my past physical health to be excellent.,2,30,30,How satisfied are you with your current physical health?,My physical health is excellent.,I expect to always be physically healthy.,"Compared to people I know, my past physical health has been excellent.",I expect my physical health to get worse.,My body seems to resist physical illness very well.
"Occupational, Physical","I was diagnosed with severe depression, and have been in a bad mental state for the past year.",2,30,30,How satisfied are you with your current physical health?,My physical health is excellent.,I expect to always be physically healthy.,"Compared to people I know, my past physical health has been excellent.",I expect my physical health to get worse.,My body seems to resist physical illness very well.
"Occupational, Physical",I believe that physical health and physical health are equal to each other.,2,30,30,How satisfied are you with your current physical health?,My physical health is excellent.,I expect to always be physically healthy.,"Compared to people I know, my past physical health has been excellent.",I expect my physical health to get worse.,My body seems to resist physical illness very well.
"Occupational, Physical",My present physical health is excellent.,2,30,30,How satisfied are you with your current physical health?,My physical health is excellent.,I expect to always be physically healthy.,"Compared to people I know, my past physical health has been excellent.",I expect my physical health to get worse.,My body seems to resist physical illness very well.
"Occupational, Physical",I feel confident in my health.,2,30,30,How satisfied are you with your current physical health?,My physical health is excellent.,I expect to always be physically healthy.,"Compared to people I know, my past physical health has been excellent.",I expect my physical health to get worse.,My body seems to resist physical illness very well.
"Occupational, Physical",I feel physically and emotionally healthy.,2,30,30,How satisfied are you with your current physical health?,My physical health is excellent.,I expect to always be physically healthy.,"Compared to people I know, my past physical health has been excellent.",I expect my physical health to get worse.,My body seems to resist physical illness very well.
"Occupational, Physical",I have been very happy with the way I am.,2,30,30,How satisfied are you with your current physical health?,My physical health is excellent.,I expect to always be physically healthy.,"Compared to people I know, my past physical health has been excellent.",I expect my physical health to get worse.,My body seems to resist physical illness very well.
"Occupational, Physical",My past health has been great and healthy.,2,30,30,How satisfied are you with your current physical health?,My physical health is excellent.,I expect to always be physically healthy.,"Compared to people I know, my past physical health has been excellent.",I expect my physical health to get worse.,My body seems to resist physical illness very well.
"Occupational, Physical",I was recently diagnosed with multiple sclerosis and it seemed to be resolved.,2,30,30,How satisfied are you with your current physical health?,My physical health is excellent.,I expect to always be physically healthy.,"Compared to people I know, my past physical health has been excellent.",I expect my physical health to get worse.,My body seems to resist physical illness very well.
"Occupational, Physical",I am very happy about my current physical health,2,30,30,How satisfied are you with your current physical health?,My physical health is excellent.,I expect to always be physically healthy.,"Compared to people I know, my past physical health has been excellent.",I expect my physical health to get worse.,My body seems to resist physical illness very well.
"Occupational, Physical",My body is resilient to illness.,2,30,30,How satisfied are you with your current physical health?,My physical health is excellent.,I expect to always be physically healthy.,"Compared to people I know, my past physical health has been excellent.",I expect my physical health to get worse.,My body seems to resist physical illness very well.
"Occupational, Physical",I am in better health than my health had been in my past.,2,30,30,How satisfied are you with your current physical health?,My physical health is excellent.,I expect to always be physically healthy.,"Compared to people I know, my past physical health has been excellent.",I expect my physical health to get worse.,My body seems to resist physical illness very well.
"Occupational, Physical",I think I have an excellent body and look good.,2,30,30,How satisfied are you with your current physical health?,My physical health is excellent.,I expect to always be physically healthy.,"Compared to people I know, my past physical health has been excellent.",I expect my physical health to get worse.,My body seems to resist physical illness very well.
"Occupational, Physical",I am very satisfied with my current physical health.,2,30,30,How satisfied are you with your current physical health?,My physical health is excellent.,I expect to always be physically healthy.,"Compared to people I know, my past physical health has been excellent.",I expect my physical health to get worse.,My body seems to resist physical illness very well.
"Occupational, Physical",I expect to have a good quality of life in my physical health.,2,30,30,How satisfied are you with your current physical health?,My physical health is excellent.,I expect to always be physically healthy.,"Compared to people I know, my past physical health has been excellent.",I expect my physical health to get worse.,My body seems to resist physical illness very well.
"Occupational, Physical",I have a very good physical health.,2,30,30,How satisfied are you with your current physical health?,My physical health is excellent.,I expect to always be physically healthy.,"Compared to people I know, my past physical health has been excellent.",I expect my physical health to get worse.,My body seems to resist physical illness very well.
"Occupational, Physical",I think my current physical health is satisfactory.,2,30,30,How satisfied are you with your current physical health?,My physical health is excellent.,I expect to always be physically healthy.,"Compared to people I know, my past physical health has been excellent.",I expect my physical health to get worse.,My body seems to resist physical illness very well.
"Occupational, Physical","I expect physical health to go downhill, but that's expected.",2,30,30,How satisfied are you with your current physical health?,My physical health is excellent.,I expect to always be physically healthy.,"Compared to people I know, my past physical health has been excellent.",I expect my physical health to get worse.,My body seems to resist physical illness very well.
"Occupational, Physical",My mental health is amazing and I feel happy.,2,30,30,How satisfied are you with your current physical health?,My physical health is excellent.,I expect to always be physically healthy.,"Compared to people I know, my past physical health has been excellent.",I expect my physical health to get worse.,My body seems to resist physical illness very well.
"Occupational, Physical",I am satisfied with my physical health.,2,30,30,How satisfied are you with your current physical health?,My physical health is excellent.,I expect to always be physically healthy.,"Compared to people I know, my past physical health has been excellent.",I expect my physical health to get worse.,My body seems to resist physical illness very well.
"Occupational, Physical",I think I have a positive attitude towards my physical health.,2,30,30,How satisfied are you with your current physical health?,My physical health is excellent.,I expect to always be physically healthy.,"Compared to people I know, my past physical health has been excellent.",I expect my physical health to get worse.,My body seems to resist physical illness very well.
"Occupational, Physical",I have a physical health better than my mental health.,2,30,30,How satisfied are you with your current physical health?,My physical health is excellent.,I expect to always be physically healthy.,"Compared to people I know, my past physical health has been excellent.",I expect my physical health to get worse.,My body seems to resist physical illness very well.
"Occupational, Physical",I am very pleased with how I am.,2,30,30,How satisfied are you with your current physical health?,My physical health is excellent.,I expect to always be physically healthy.,"Compared to people I know, my past physical health has been excellent.",I expect my physical health to get worse.,My body seems to resist physical illness very well.
"Occupational, Physical",I can live my life in the present.,2,30,30,How satisfied are you with your current physical health?,My physical health is excellent.,I expect to always be physically healthy.,"Compared to people I know, my past physical health has been excellent.",I expect my physical health to get worse.,My body seems to resist physical illness very well.
"Occupational, Physical",I expect a physical health to improve.,2,30,30,How satisfied are you with your current physical health?,My physical health is excellent.,I expect to always be physically healthy.,"Compared to people I know, my past physical health has been excellent.",I expect my physical health to get worse.,My body seems to resist physical illness very well.
"Occupational, Physical",I expect my mental health to go downhill.,2,30,30,How satisfied are you with your current physical health?,My physical health is excellent.,I expect to always be physically healthy.,"Compared to people I know, my past physical health has been excellent.",I expect my physical health to get worse.,My body seems to resist physical illness very well.
"Occupational, Physical",I expect my physical health to be in good shape.,2,30,30,How satisfied are you with your current physical health?,My physical health is excellent.,I expect to always be physically healthy.,"Compared to people I know, my past physical health has been excellent.",I expect my physical health to get worse.,My body seems to resist physical illness very well.
"Occupational, Physical",I expect my physical health to continue to be good and I expect my body to deteriorate.,2,30,30,How satisfied are you with your current physical health?,My physical health is excellent.,I expect to always be physically healthy.,"Compared to people I know, my past physical health has been excellent.",I expect my physical health to get worse.,My body seems to resist physical illness very well.
"Occupational, Physical",I think my physical health is in perfect condition.,2,30,30,How satisfied are you with your current physical health?,My physical health is excellent.,I expect to always be physically healthy.,"Compared to people I know, my past physical health has been excellent.",I expect my physical health to get worse.,My body seems to resist physical illness very well.
"Occupational, Physical",I think my physical health is always excellent.,2,30,30,How satisfied are you with your current physical health?,My physical health is excellent.,I expect to always be physically healthy.,"Compared to people I know, my past physical health has been excellent.",I expect my physical health to get worse.,My body seems to resist physical illness very well.
"Occupational, Social",I feel depressed because I am alone,2,30,30,How satisfied are you with your personal relationships?,I lack companionship,"People would describe me as a giving person, willing to share my time with others.",There have been times when I felt inferior to most of the people I knew.,People are around me but not with me,I feel isolated from others
"Occupational, Social",I can't afford to take on work,2,30,30,How satisfied are you with your personal relationships?,I lack companionship,"People would describe me as a giving person, willing to share my time with others.",There have been times when I felt inferior to most of the people I knew.,People are around me but not with me,I feel isolated from others
"Occupational, Social","I have bad moods, lack of food, lack of sleep",2,30,30,How satisfied are you with your personal relationships?,I lack companionship,"People would describe me as a giving person, willing to share my time with others.",There have been times when I felt inferior to most of the people I knew.,People are around me but not with me,I feel isolated from others
"Occupational, Social",I feel shy and isolated from others,2,30,30,How satisfied are you with your personal relationships?,I lack companionship,"People would describe me as a giving person, willing to share my time with others.",There have been times when I felt inferior to most of the people I knew.,People are around me but not with me,I feel isolated from others
"Occupational, Social",I am lonely and need to make sure that all my friends and family are around me,2,30,30,How satisfied are you with your personal relationships?,I lack companionship,"People would describe me as a giving person, willing to share my time with others.",There have been times when I felt inferior to most of the people I knew.,People are around me but not with me,I feel isolated from others
"Occupational, Social",I feel depressed about how much I love my life,2,30,30,How satisfied are you with your personal relationships?,I lack companionship,"People would describe me as a giving person, willing to share my time with others.",There have been times when I felt inferior to most of the people I knew.,People are around me but not with me,I feel isolated from others
"Occupational, Social",I feel lonely and disconnected from others,2,30,30,How satisfied are you with your personal relationships?,I lack companionship,"People would describe me as a giving person, willing to share my time with others.",There have been times when I felt inferior to most of the people I knew.,People are around me but not with me,I feel isolated from others
"Occupational, Social",I have a hard time sleeping,2,30,30,How satisfied are you with your personal relationships?,I lack companionship,"People would describe me as a giving person, willing to share my time with others.",There have been times when I felt inferior to most of the people I knew.,People are around me but not with me,I feel isolated from others
"Occupational, Social",I have been a passive person,2,30,30,How satisfied are you with your personal relationships?,I lack companionship,"People would describe me as a giving person, willing to share my time with others.",There have been times when I felt inferior to most of the people I knew.,People are around me but not with me,I feel isolated from others
"Occupational, Social",I have a sense of self-worth,2,30,30,How satisfied are you with your personal relationships?,I lack companionship,"People would describe me as a giving person, willing to share my time with others.",There have been times when I felt inferior to most of the people I knew.,People are around me but not with me,I feel isolated from others
"Occupational, Social",I feel I have no friends,2,30,30,How satisfied are you with your personal relationships?,I lack companionship,"People would describe me as a giving person, willing to share my time with others.",There have been times when I felt inferior to most of the people I knew.,People are around me but not with me,I feel isolated from others
"Occupational, Social",I lack the support I need and want to do well.,2,30,30,How satisfied are you with your personal relationships?,I lack companionship,"People would describe me as a giving person, willing to share my time with others.",There have been times when I felt inferior to most of the people I knew.,People are around me but not with me,I feel isolated from others
"Occupational, Social",I feel lonely and in a low mood,2,30,30,How satisfied are you with your personal relationships?,I lack companionship,"People would describe me as a giving person, willing to share my time with others.",There have been times when I felt inferior to most of the people I knew.,People are around me but not with me,I feel isolated from others
"Occupational, Social",I feel shattered from my relationships,2,30,30,How satisfied are you with your personal relationships?,I lack companionship,"People would describe me as a giving person, willing to share my time with others.",There have been times when I felt inferior to most of the people I knew.,People are around me but not with me,I feel isolated from others
"Occupational, Social",I can feel a bit depressed at times,2,30,30,How satisfied are you with your personal relationships?,I lack companionship,"People would describe me as a giving person, willing to share my time with others.",There have been times when I felt inferior to most of the people I knew.,People are around me but not with me,I feel isolated from others
"Occupational, Social",I do not feel able to connect emotionally to people,2,30,30,How satisfied are you with your personal relationships?,I lack companionship,"People would describe me as a giving person, willing to share my time with others.",There have been times when I felt inferior to most of the people I knew.,People are around me but not with me,I feel isolated from others
"Occupational, Social",I have been a lonely person,2,30,30,How satisfied are you with your personal relationships?,I lack companionship,"People would describe me as a giving person, willing to share my time with others.",There have been times when I felt inferior to most of the people I knew.,People are around me but not with me,I feel isolated from others
"Occupational, Social",Having a disability or lack of companionship may negatively affect your mental health.,2,30,30,How satisfied are you with your personal relationships?,I lack companionship,"People would describe me as a giving person, willing to share my time with others.",There have been times when I felt inferior to most of the people I knew.,People are around me but not with me,I feel isolated from others
"Occupational, Social",I feel self-conscious about my interpersonal relationships,2,30,30,How satisfied are you with your personal relationships?,I lack companionship,"People would describe me as a giving person, willing to share my time with others.",There have been times when I felt inferior to most of the people I knew.,People are around me but not with me,I feel isolated from others
"Occupational, Social",I can't relate to people I don't know,2,30,30,How satisfied are you with your personal relationships?,I lack companionship,"People would describe me as a giving person, willing to share my time with others.",There have been times when I felt inferior to most of the people I knew.,People are around me but not with me,I feel isolated from others
"Occupational, Social",I feel like a weak person and feel a lack of companionship.,2,30,30,How satisfied are you with your personal relationships?,I lack companionship,"People would describe me as a giving person, willing to share my time with others.",There have been times when I felt inferior to most of the people I knew.,People are around me but not with me,I feel isolated from others
"Occupational, Social",I'm not loved by others,2,30,30,How satisfied are you with your personal relationships?,I lack companionship,"People would describe me as a giving person, willing to share my time with others.",There have been times when I felt inferior to most of the people I knew.,People are around me but not with me,I feel isolated from others
"Occupational, Social",I am lonely but not with others.,2,30,30,How satisfied are you with your personal relationships?,I lack companionship,"People would describe me as a giving person, willing to share my time with others.",There have been times when I felt inferior to most of the people I knew.,People are around me but not with me,I feel isolated from others
"Occupational, Social",I have depression in my life,2,30,30,How satisfied are you with your personal relationships?,I lack companionship,"People would describe me as a giving person, willing to share my time with others.",There have been times when I felt inferior to most of the people I knew.,People are around me but not with me,I feel isolated from others
"Occupational, Social",I have been unsatisfied with my social life.,2,30,30,How satisfied are you with your personal relationships?,I lack companionship,"People would describe me as a giving person, willing to share my time with others.",There have been times when I felt inferior to most of the people I knew.,People are around me but not with me,I feel isolated from others
"Occupational, Social",I feel alone because I am alone with other people,2,30,30,How satisfied are you with your personal relationships?,I lack companionship,"People would describe me as a giving person, willing to share my time with others.",There have been times when I felt inferior to most of the people I knew.,People are around me but not with me,I feel isolated from others
"Occupational, Social",I have been on the receiving end of a shady career,2,30,30,How satisfied are you with your personal relationships?,I lack companionship,"People would describe me as a giving person, willing to share my time with others.",There have been times when I felt inferior to most of the people I knew.,People are around me but not with me,I feel isolated from others
"Occupational, Social",I do not like to be around people I know.,2,30,30,How satisfied are you with your personal relationships?,I lack companionship,"People would describe me as a giving person, willing to share my time with others.",There have been times when I felt inferior to most of the people I knew.,People are around me but not with me,I feel isolated from others
"Occupational, Social",I am isolated from others in general,2,30,30,How satisfied are you with your personal relationships?,I lack companionship,"People would describe me as a giving person, willing to share my time with others.",There have been times when I felt inferior to most of the people I knew.,People are around me but not with me,I feel isolated from others
"Occupational, Social",I feel unappreciated by many in my life,2,30,30,How satisfied are you with your personal relationships?,I lack companionship,"People would describe me as a giving person, willing to share my time with others.",There have been times when I felt inferior to most of the people I knew.,People are around me but not with me,I feel isolated from others
"Occupational, Spiritual",I can't express myself in a meaningful way in my life.,2,30,30,To what extent do you lead a purposeful and meaningful life?,To what extent do you feel that what you do in your life is valuable and worthwhile?,I have a strong sense of purpose in life.,I work to attain goals.,I sometimes feel as if I've done all there is to do in life.,I sometimes think I am a worthless individual.
"Occupational, Spiritual",My job is to go to work.,2,30,30,To what extent do you lead a purposeful and meaningful life?,To what extent do you feel that what you do in your life is valuable and worthwhile?,I have a strong sense of purpose in life.,I work to attain goals.,I sometimes feel as if I've done all there is to do in life.,I sometimes think I am a worthless individual.
"Occupational, Spiritual",I often think I am worthless.,2,30,30,To what extent do you lead a purposeful and meaningful life?,To what extent do you feel that what you do in your life is valuable and worthwhile?,I have a strong sense of purpose in life.,I work to attain goals.,I sometimes feel as if I've done all there is to do in life.,I sometimes think I am a worthless individual.
"Occupational, Spiritual","My physical health measures include weight loss, stress and depression.",2,30,30,To what extent do you lead a purposeful and meaningful life?,To what extent do you feel that what you do in your life is valuable and worthwhile?,I have a strong sense of purpose in life.,I work to attain goals.,I sometimes feel as if I've done all there is to do in life.,I sometimes think I am a worthless individual.
"Occupational, Spiritual",My family's life has been a miserable and hardtime.,2,30,30,To what extent do you lead a purposeful and meaningful life?,To what extent do you feel that what you do in your life is valuable and worthwhile?,I have a strong sense of purpose in life.,I work to attain goals.,I sometimes feel as if I've done all there is to do in life.,I sometimes think I am a worthless individual.
"Occupational, Spiritual",I often feel as if I've done everything there is to do in life.,2,30,30,To what extent do you lead a purposeful and meaningful life?,To what extent do you feel that what you do in your life is valuable and worthwhile?,I have a strong sense of purpose in life.,I work to attain goals.,I sometimes feel as if I've done all there is to do in life.,I sometimes think I am a worthless individual.
"Occupational, Spiritual",I am self-reported mental health,2,30,30,To what extent do you lead a purposeful and meaningful life?,To what extent do you feel that what you do in your life is valuable and worthwhile?,I have a strong sense of purpose in life.,I work to attain goals.,I sometimes feel as if I've done all there is to do in life.,I sometimes think I am a worthless individual.
"Occupational, Spiritual","My mental health is self-report mental health, if I have a strong sense of purpose in life.",2,30,30,To what extent do you lead a purposeful and meaningful life?,To what extent do you feel that what you do in your life is valuable and worthwhile?,I have a strong sense of purpose in life.,I work to attain goals.,I sometimes feel as if I've done all there is to do in life.,I sometimes think I am a worthless individual.
"Occupational, Spiritual",I have an innate desire for success in my life.,2,30,30,To what extent do you lead a purposeful and meaningful life?,To what extent do you feel that what you do in your life is valuable and worthwhile?,I have a strong sense of purpose in life.,I work to attain goals.,I sometimes feel as if I've done all there is to do in life.,I sometimes think I am a worthless individual.
"Occupational, Spiritual",I feel like I've been rushed through life.,2,30,30,To what extent do you lead a purposeful and meaningful life?,To what extent do you feel that what you do in your life is valuable and worthwhile?,I have a strong sense of purpose in life.,I work to attain goals.,I sometimes feel as if I've done all there is to do in life.,I sometimes think I am a worthless individual.
"Occupational, Spiritual",To what extent do you feel as if you've done all there is to do in life.,2,30,30,To what extent do you lead a purposeful and meaningful life?,To what extent do you feel that what you do in your life is valuable and worthwhile?,I have a strong sense of purpose in life.,I work to attain goals.,I sometimes feel as if I've done all there is to do in life.,I sometimes think I am a worthless individual.
"Occupational, Spiritual",Do you take care of yourself physically?,2,30,30,To what extent do you lead a purposeful and meaningful life?,To what extent do you feel that what you do in your life is valuable and worthwhile?,I have a strong sense of purpose in life.,I work to attain goals.,I sometimes feel as if I've done all there is to do in life.,I sometimes think I am a worthless individual.
"Occupational, Spiritual",I believe that everything in life is worth doing.,2,30,30,To what extent do you lead a purposeful and meaningful life?,To what extent do you feel that what you do in your life is valuable and worthwhile?,I have a strong sense of purpose in life.,I work to attain goals.,I sometimes feel as if I've done all there is to do in life.,I sometimes think I am a worthless individual.
"Occupational, Spiritual",My family is a good value for me.,2,30,30,To what extent do you lead a purposeful and meaningful life?,To what extent do you feel that what you do in your life is valuable and worthwhile?,I have a strong sense of purpose in life.,I work to attain goals.,I sometimes feel as if I've done all there is to do in life.,I sometimes think I am a worthless individual.
"Occupational, Spiritual",I can't get anything done in my life.,2,30,30,To what extent do you lead a purposeful and meaningful life?,To what extent do you feel that what you do in your life is valuable and worthwhile?,I have a strong sense of purpose in life.,I work to attain goals.,I sometimes feel as if I've done all there is to do in life.,I sometimes think I am a worthless individual.
"Occupational, Spiritual",I have an attachment to life.,2,30,30,To what extent do you lead a purposeful and meaningful life?,To what extent do you feel that what you do in your life is valuable and worthwhile?,I have a strong sense of purpose in life.,I work to attain goals.,I sometimes feel as if I've done all there is to do in life.,I sometimes think I am a worthless individual.
"Occupational, Spiritual",I think that I am worthless.,2,30,30,To what extent do you lead a purposeful and meaningful life?,To what extent do you feel that what you do in your life is valuable and worthwhile?,I have a strong sense of purpose in life.,I work to attain goals.,I sometimes feel as if I've done all there is to do in life.,I sometimes think I am a worthless individual.
"Occupational, Spiritual",I have been at risk of depression for many years.,2,30,30,To what extent do you lead a purposeful and meaningful life?,To what extent do you feel that what you do in your life is valuable and worthwhile?,I have a strong sense of purpose in life.,I work to attain goals.,I sometimes feel as if I've done all there is to do in life.,I sometimes think I am a worthless individual.
"Occupational, Spiritual",I often feel like I have done all there is to do in life.,2,30,30,To what extent do you lead a purposeful and meaningful life?,To what extent do you feel that what you do in your life is valuable and worthwhile?,I have a strong sense of purpose in life.,I work to attain goals.,I sometimes feel as if I've done all there is to do in life.,I sometimes think I am a worthless individual.
"Occupational, Spiritual",I feel as though I've done all there is to do in life.,2,30,30,To what extent do you lead a purposeful and meaningful life?,To what extent do you feel that what you do in your life is valuable and worthwhile?,I have a strong sense of purpose in life.,I work to attain goals.,I sometimes feel as if I've done all there is to do in life.,I sometimes think I am a worthless individual.
"Occupational, Spiritual",I like to work hard in life.,2,30,30,To what extent do you lead a purposeful and meaningful life?,To what extent do you feel that what you do in your life is valuable and worthwhile?,I have a strong sense of purpose in life.,I work to attain goals.,I sometimes feel as if I've done all there is to do in life.,I sometimes think I am a worthless individual.
"Occupational, Spiritual",I'm always motivated to do what's in my life.,2,30,30,To what extent do you lead a purposeful and meaningful life?,To what extent do you feel that what you do in your life is valuable and worthwhile?,I have a strong sense of purpose in life.,I work to attain goals.,I sometimes feel as if I've done all there is to do in life.,I sometimes think I am a worthless individual.
"Occupational, Spiritual",I am sometimes a worthless individual.,2,30,30,To what extent do you lead a purposeful and meaningful life?,To what extent do you feel that what you do in your life is valuable and worthwhile?,I have a strong sense of purpose in life.,I work to attain goals.,I sometimes feel as if I've done all there is to do in life.,I sometimes think I am a worthless individual.
"Occupational, Spiritual",I think that I am a worthless individual.,2,30,30,To what extent do you lead a purposeful and meaningful life?,To what extent do you feel that what you do in your life is valuable and worthwhile?,I have a strong sense of purpose in life.,I work to attain goals.,I sometimes feel as if I've done all there is to do in life.,I sometimes think I am a worthless individual.
"Occupational, Spiritual",I believe that you can have a balanced life.,2,30,30,To what extent do you lead a purposeful and meaningful life?,To what extent do you feel that what you do in your life is valuable and worthwhile?,I have a strong sense of purpose in life.,I work to attain goals.,I sometimes feel as if I've done all there is to do in life.,I sometimes think I am a worthless individual.
"Occupational, Spiritual",I'm a self-report mental health statement,2,30,30,To what extent do you lead a purposeful and meaningful life?,To what extent do you feel that what you do in your life is valuable and worthwhile?,I have a strong sense of purpose in life.,I work to attain goals.,I sometimes feel as if I've done all there is to do in life.,I sometimes think I am a worthless individual.
"Occupational, Spiritual",I'm very motivated and driven.,2,30,30,To what extent do you lead a purposeful and meaningful life?,To what extent do you feel that what you do in your life is valuable and worthwhile?,I have a strong sense of purpose in life.,I work to attain goals.,I sometimes feel as if I've done all there is to do in life.,I sometimes think I am a worthless individual.
"Occupational, Spiritual",I am an adult male with a strong sense of purpose in life.,2,30,30,To what extent do you lead a purposeful and meaningful life?,To what extent do you feel that what you do in your life is valuable and worthwhile?,I have a strong sense of purpose in life.,I work to attain goals.,I sometimes feel as if I've done all there is to do in life.,I sometimes think I am a worthless individual.
"Occupational, Spiritual",I feel like I am a worthless individual.,2,30,30,To what extent do you lead a purposeful and meaningful life?,To what extent do you feel that what you do in your life is valuable and worthwhile?,I have a strong sense of purpose in life.,I work to attain goals.,I sometimes feel as if I've done all there is to do in life.,I sometimes think I am a worthless individual.
"Occupational, Spiritual","I feel my work is valued, my spirituality is worthless, and I struggle sometimes to achieve goals.",2,30,30,To what extent do you lead a purposeful and meaningful life?,To what extent do you feel that what you do in your life is valuable and worthwhile?,I have a strong sense of purpose in life.,I work to attain goals.,I sometimes feel as if I've done all there is to do in life.,I sometimes think I am a worthless individual.
"Physical, Social",I like most of my personality.,2,30,30,"Compared to people I know, my past physical health has been excellent.","Compared to others of your same age and sex, how is your health?",How would you say your health is?,"During the past month, how often has your bed partner or room mate reported legs twitching or jerking while asleep?","I tend to bounce back after illness, injury, or other hardships.",I like most parts of my personality.
"Physical, Social",I like the softer and softer parts of my personality.,2,30,30,"Compared to people I know, my past physical health has been excellent.","Compared to others of your same age and sex, how is your health?",How would you say your health is?,"During the past month, how often has your bed partner or room mate reported legs twitching or jerking while asleep?","I tend to bounce back after illness, injury, or other hardships.",I like most parts of my personality.
"Physical, Social",I like mostly parts of my personality.,2,30,30,"Compared to people I know, my past physical health has been excellent.","Compared to others of your same age and sex, how is your health?",How would you say your health is?,"During the past month, how often has your bed partner or room mate reported legs twitching or jerking while asleep?","I tend to bounce back after illness, injury, or other hardships.",I like most parts of my personality.
"Physical, Social",I like the most parts of my personality.,2,30,30,"Compared to people I know, my past physical health has been excellent.","Compared to others of your same age and sex, how is your health?",How would you say your health is?,"During the past month, how often has your bed partner or room mate reported legs twitching or jerking while asleep?","I tend to bounce back after illness, injury, or other hardships.",I like most parts of my personality.
"Physical, Social","My health is good, but I am a little sluggish.",2,30,30,"Compared to people I know, my past physical health has been excellent.","Compared to others of your same age and sex, how is your health?",How would you say your health is?,"During the past month, how often has your bed partner or room mate reported legs twitching or jerking while asleep?","I tend to bounce back after illness, injury, or other hardships.",I like most parts of my personality.
"Physical, Social",I enjoy most parts of my personality.,2,30,30,"Compared to people I know, my past physical health has been excellent.","Compared to others of your same age and sex, how is your health?",How would you say your health is?,"During the past month, how often has your bed partner or room mate reported legs twitching or jerking while asleep?","I tend to bounce back after illness, injury, or other hardships.",I like most parts of my personality.
"Physical, Social",I like all parts of my personality.,2,30,30,"Compared to people I know, my past physical health has been excellent.","Compared to others of your same age and sex, how is your health?",How would you say your health is?,"During the past month, how often has your bed partner or room mate reported legs twitching or jerking while asleep?","I tend to bounce back after illness, injury, or other hardships.",I like most parts of my personality.
"Physical, Social","Compared to others, my past physical health has been excellent.",2,30,30,"Compared to people I know, my past physical health has been excellent.","Compared to others of your same age and sex, how is your health?",How would you say your health is?,"During the past month, how often has your bed partner or room mate reported legs twitching or jerking while asleep?","I tend to bounce back after illness, injury, or other hardships.",I like most parts of my personality.
"Physical, Social",I like all aspects of my personality.,2,30,30,"Compared to people I know, my past physical health has been excellent.","Compared to others of your same age and sex, how is your health?",How would you say your health is?,"During the past month, how often has your bed partner or room mate reported legs twitching or jerking while asleep?","I tend to bounce back after illness, injury, or other hardships.",I like most parts of my personality.
"Physical, Social","My physical health is great, socially is the best, and my social skills are the best.",2,30,30,"Compared to people I know, my past physical health has been excellent.","Compared to others of your same age and sex, how is your health?",How would you say your health is?,"During the past month, how often has your bed partner or room mate reported legs twitching or jerking while asleep?","I tend to bounce back after illness, injury, or other hardships.",I like most parts of my personality.
"Physical, Social",I have been fine for about two years.,2,30,30,"Compared to people I know, my past physical health has been excellent.","Compared to others of your same age and sex, how is your health?",How would you say your health is?,"During the past month, how often has your bed partner or room mate reported legs twitching or jerking while asleep?","I tend to bounce back after illness, injury, or other hardships.",I like most parts of my personality.
"Physical, Social","Compared to other mental health measures, how does your mental health improve?",2,30,30,"Compared to people I know, my past physical health has been excellent.","Compared to others of your same age and sex, how is your health?",How would you say your health is?,"During the past month, how often has your bed partner or room mate reported legs twitching or jerking while asleep?","I tend to bounce back after illness, injury, or other hardships.",I like most parts of my personality.
"Physical, Social","I'm healthy, active and well-educated.",2,30,30,"Compared to people I know, my past physical health has been excellent.","Compared to others of your same age and sex, how is your health?",How would you say your health is?,"During the past month, how often has your bed partner or room mate reported legs twitching or jerking while asleep?","I tend to bounce back after illness, injury, or other hardships.",I like most parts of my personality.
"Physical, Social",My mental health is at a high level and I enjoy most of my personality.,2,30,30,"Compared to people I know, my past physical health has been excellent.","Compared to others of your same age and sex, how is your health?",How would you say your health is?,"During the past month, how often has your bed partner or room mate reported legs twitching or jerking while asleep?","I tend to bounce back after illness, injury, or other hardships.",I like most parts of my personality.
"Physical, Social",I have a very strong personality.,2,30,30,"Compared to people I know, my past physical health has been excellent.","Compared to others of your same age and sex, how is your health?",How would you say your health is?,"During the past month, how often has your bed partner or room mate reported legs twitching or jerking while asleep?","I tend to bounce back after illness, injury, or other hardships.",I like most parts of my personality.
"Physical, Social",I am a very social person.,2,30,30,"Compared to people I know, my past physical health has been excellent.","Compared to others of your same age and sex, how is your health?",How would you say your health is?,"During the past month, how often has your bed partner or room mate reported legs twitching or jerking while asleep?","I tend to bounce back after illness, injury, or other hardships.",I like most parts of my personality.
"Physical, Social",I have good physical and social health,2,30,30,"Compared to people I know, my past physical health has been excellent.","Compared to others of your same age and sex, how is your health?",How would you say your health is?,"During the past month, how often has your bed partner or room mate reported legs twitching or jerking while asleep?","I tend to bounce back after illness, injury, or other hardships.",I like most parts of my personality.
"Physical, Social","Compared to others, how is your health?",2,30,30,"Compared to people I know, my past physical health has been excellent.","Compared to others of your same age and sex, how is your health?",How would you say your health is?,"During the past month, how often has your bed partner or room mate reported legs twitching or jerking while asleep?","I tend to bounce back after illness, injury, or other hardships.",I like most parts of my personality.
"Physical, Social","I am very social, and like most of my personality.",2,30,30,"Compared to people I know, my past physical health has been excellent.","Compared to others of your same age and sex, how is your health?",How would you say your health is?,"During the past month, how often has your bed partner or room mate reported legs twitching or jerking while asleep?","I tend to bounce back after illness, injury, or other hardships.",I like most parts of my personality.
"Physical, Social",I like most things in life.,2,30,30,"Compared to people I know, my past physical health has been excellent.","Compared to others of your same age and sex, how is your health?",How would you say your health is?,"During the past month, how often has your bed partner or room mate reported legs twitching or jerking while asleep?","I tend to bounce back after illness, injury, or other hardships.",I like most parts of my personality.
"Physical, Social",I have been well-informed in my past health.,2,30,30,"Compared to people I know, my past physical health has been excellent.","Compared to others of your same age and sex, how is your health?",How would you say your health is?,"During the past month, how often has your bed partner or room mate reported legs twitching or jerking while asleep?","I tend to bounce back after illness, injury, or other hardships.",I like most parts of my personality.
"Physical, Social",I have a positive outlook on life.,2,30,30,"Compared to people I know, my past physical health has been excellent.","Compared to others of your same age and sex, how is your health?",How would you say your health is?,"During the past month, how often has your bed partner or room mate reported legs twitching or jerking while asleep?","I tend to bounce back after illness, injury, or other hardships.",I like most parts of my personality.
"Physical, Social",My past health has been excellent.,2,30,30,"Compared to people I know, my past physical health has been excellent.","Compared to others of your same age and sex, how is your health?",How would you say your health is?,"During the past month, how often has your bed partner or room mate reported legs twitching or jerking while asleep?","I tend to bounce back after illness, injury, or other hardships.",I like most parts of my personality.
"Physical, Social",I like most aspects of my personality.,2,30,30,"Compared to people I know, my past physical health has been excellent.","Compared to others of your same age and sex, how is your health?",How would you say your health is?,"During the past month, how often has your bed partner or room mate reported legs twitching or jerking while asleep?","I tend to bounce back after illness, injury, or other hardships.",I like most parts of my personality.
"Physical, Social",I like the things in my life and a lot of them are important.,2,30,30,"Compared to people I know, my past physical health has been excellent.","Compared to others of your same age and sex, how is your health?",How would you say your health is?,"During the past month, how often has your bed partner or room mate reported legs twitching or jerking while asleep?","I tend to bounce back after illness, injury, or other hardships.",I like most parts of my personality.
"Physical, Social",I like the physical aspects of my personality.,2,30,30,"Compared to people I know, my past physical health has been excellent.","Compared to others of your same age and sex, how is your health?",How would you say your health is?,"During the past month, how often has your bed partner or room mate reported legs twitching or jerking while asleep?","I tend to bounce back after illness, injury, or other hardships.",I like most parts of my personality.
"Physical, Social","My mental health is good, but I enjoy my social personality.",2,30,30,"Compared to people I know, my past physical health has been excellent.","Compared to others of your same age and sex, how is your health?",How would you say your health is?,"During the past month, how often has your bed partner or room mate reported legs twitching or jerking while asleep?","I tend to bounce back after illness, injury, or other hardships.",I like most parts of my personality.
"Physical, Social",I'm happy that my physical health has been excellent.,2,30,30,"Compared to people I know, my past physical health has been excellent.","Compared to others of your same age and sex, how is your health?",How would you say your health is?,"During the past month, how often has your bed partner or room mate reported legs twitching or jerking while asleep?","I tend to bounce back after illness, injury, or other hardships.",I like most parts of my personality.
"Physical, Social","Compared to other people, how is your mental health?",2,30,30,"Compared to people I know, my past physical health has been excellent.","Compared to others of your same age and sex, how is your health?",How would you say your health is?,"During the past month, how often has your bed partner or room mate reported legs twitching or jerking while asleep?","I tend to bounce back after illness, injury, or other hardships.",I like most parts of my personality.
"Physical, Social",I love the parts of my personality.,2,30,30,"Compared to people I know, my past physical health has been excellent.","Compared to others of your same age and sex, how is your health?",How would you say your health is?,"During the past month, how often has your bed partner or room mate reported legs twitching or jerking while asleep?","I tend to bounce back after illness, injury, or other hardships.",I like most parts of my personality.
"Physical, Spiritual",I feel like my physical health is the best in the world.,2,30,30,My body seems to resist physical illness very well.,My physical health is excellent.,I expect my physical health to get worse.,How would you say your health is?,"I tend to bounce back after illness, injury, or other hardships.","During the past month, how often has your bed partner or room mate reported legs twitching or jerking while asleep?"
"Physical, Spiritual",I do not have any physical health problems but I do suffer from psychological issues.,2,30,30,My body seems to resist physical illness very well.,My physical health is excellent.,I expect my physical health to get worse.,How would you say your health is?,"I tend to bounce back after illness, injury, or other hardships.","During the past month, how often has your bed partner or room mate reported legs twitching or jerking while asleep?"
"Physical, Spiritual",I can feel my legs twitching or jerking without hurting them.,2,30,30,My body seems to resist physical illness very well.,My physical health is excellent.,I expect my physical health to get worse.,How would you say your health is?,"I tend to bounce back after illness, injury, or other hardships.","During the past month, how often has your bed partner or room mate reported legs twitching or jerking while asleep?"
"Physical, Spiritual",I have been sleeping too much lately.,2,30,30,My body seems to resist physical illness very well.,My physical health is excellent.,I expect my physical health to get worse.,How would you say your health is?,"I tend to bounce back after illness, injury, or other hardships.","During the past month, how often has your bed partner or room mate reported legs twitching or jerking while asleep?"
"Physical, Spiritual",I have been on medication and haven't had a heart attack since last week.,2,30,30,My body seems to resist physical illness very well.,My physical health is excellent.,I expect my physical health to get worse.,How would you say your health is?,"I tend to bounce back after illness, injury, or other hardships.","During the past month, how often has your bed partner or room mate reported legs twitching or jerking while asleep?"
"Physical, Spiritual",I enjoy the music and dancing.,2,30,30,My body seems to resist physical illness very well.,My physical health is excellent.,I expect my physical health to get worse.,How would you say your health is?,"I tend to bounce back after illness, injury, or other hardships.","During the past month, how often has your bed partner or room mate reported legs twitching or jerking while asleep?"
"Physical, Spiritual",I generally feel pretty good about my physical health.,2,30,30,My body seems to resist physical illness very well.,My physical health is excellent.,I expect my physical health to get worse.,How would you say your health is?,"I tend to bounce back after illness, injury, or other hardships.","During the past month, how often has your bed partner or room mate reported legs twitching or jerking while asleep?"
"Physical, Spiritual",I rarely have legs twitching or jerking while asleep.,2,30,30,My body seems to resist physical illness very well.,My physical health is excellent.,I expect my physical health to get worse.,How would you say your health is?,"I tend to bounce back after illness, injury, or other hardships.","During the past month, how often has your bed partner or room mate reported legs twitching or jerking while asleep?"
"Physical, Spiritual",I have a chronic backache and chronic earache.,2,30,30,My body seems to resist physical illness very well.,My physical health is excellent.,I expect my physical health to get worse.,How would you say your health is?,"I tend to bounce back after illness, injury, or other hardships.","During the past month, how often has your bed partner or room mate reported legs twitching or jerking while asleep?"
"Physical, Spiritual",I have always felt very good.,2,30,30,My body seems to resist physical illness very well.,My physical health is excellent.,I expect my physical health to get worse.,How would you say your health is?,"I tend to bounce back after illness, injury, or other hardships.","During the past month, how often has your bed partner or room mate reported legs twitching or jerking while asleep?"
"Physical, Spiritual",I have been experiencing twitching while sleeping.,2,30,30,My body seems to resist physical illness very well.,My physical health is excellent.,I expect my physical health to get worse.,How would you say your health is?,"I tend to bounce back after illness, injury, or other hardships.","During the past month, how often has your bed partner or room mate reported legs twitching or jerking while asleep?"
"Physical, Spiritual",How often does your partner or room mate report that their legs have been twitching or jerking while asleep?,2,30,30,My body seems to resist physical illness very well.,My physical health is excellent.,I expect my physical health to get worse.,How would you say your health is?,"I tend to bounce back after illness, injury, or other hardships.","During the past month, how often has your bed partner or room mate reported legs twitching or jerking while asleep?"
"Physical, Spiritual",I have been sick for over a month.,2,30,30,My body seems to resist physical illness very well.,My physical health is excellent.,I expect my physical health to get worse.,How would you say your health is?,"I tend to bounce back after illness, injury, or other hardships.","During the past month, how often has your bed partner or room mate reported legs twitching or jerking while asleep?"
"Physical, Spiritual",I've spent most of my week sleeping on pillows with twitching legs.,2,30,30,My body seems to resist physical illness very well.,My physical health is excellent.,I expect my physical health to get worse.,How would you say your health is?,"I tend to bounce back after illness, injury, or other hardships.","During the past month, how often has your bed partner or room mate reported legs twitching or jerking while asleep?"
"Physical, Spiritual",I have been awake all night and never noticed my legs twitching.,2,30,30,My body seems to resist physical illness very well.,My physical health is excellent.,I expect my physical health to get worse.,How would you say your health is?,"I tend to bounce back after illness, injury, or other hardships.","During the past month, how often has your bed partner or room mate reported legs twitching or jerking while asleep?"
"Physical, Spiritual",I've been sick for years and haven't been able to sleep.,2,30,30,My body seems to resist physical illness very well.,My physical health is excellent.,I expect my physical health to get worse.,How would you say your health is?,"I tend to bounce back after illness, injury, or other hardships.","During the past month, how often has your bed partner or room mate reported legs twitching or jerking while asleep?"
"Physical, Spiritual",I have been using drugs to treat my body.,2,30,30,My body seems to resist physical illness very well.,My physical health is excellent.,I expect my physical health to get worse.,How would you say your health is?,"I tend to bounce back after illness, injury, or other hardships.","During the past month, how often has your bed partner or room mate reported legs twitching or jerking while asleep?"
"Physical, Spiritual",I have twitching legs and have a weakness for twitching.,2,30,30,My body seems to resist physical illness very well.,My physical health is excellent.,I expect my physical health to get worse.,How would you say your health is?,"I tend to bounce back after illness, injury, or other hardships.","During the past month, how often has your bed partner or room mate reported legs twitching or jerking while asleep?"
"Physical, Spiritual",I have been having trouble with my moods and energy levels.,2,30,30,My body seems to resist physical illness very well.,My physical health is excellent.,I expect my physical health to get worse.,How would you say your health is?,"I tend to bounce back after illness, injury, or other hardships.","During the past month, how often has your bed partner or room mate reported legs twitching or jerking while asleep?"
"Physical, Spiritual",I have a weak phobia of blood.,2,30,30,My body seems to resist physical illness very well.,My physical health is excellent.,I expect my physical health to get worse.,How would you say your health is?,"I tend to bounce back after illness, injury, or other hardships.","During the past month, how often has your bed partner or room mate reported legs twitching or jerking while asleep?"
"Physical, Spiritual",I've been twitching for some time.,2,30,30,My body seems to resist physical illness very well.,My physical health is excellent.,I expect my physical health to get worse.,How would you say your health is?,"I tend to bounce back after illness, injury, or other hardships.","During the past month, how often has your bed partner or room mate reported legs twitching or jerking while asleep?"
"Physical, Spiritual",I’m trying to help my partner or roommate with sleep disorders.,2,30,30,My body seems to resist physical illness very well.,My physical health is excellent.,I expect my physical health to get worse.,How would you say your health is?,"I tend to bounce back after illness, injury, or other hardships.","During the past month, how often has your bed partner or room mate reported legs twitching or jerking while asleep?"
"Physical, Spiritual",I have been having a constant problem sleeping.,2,30,30,My body seems to resist physical illness very well.,My physical health is excellent.,I expect my physical health to get worse.,How would you say your health is?,"I tend to bounce back after illness, injury, or other hardships.","During the past month, how often has your bed partner or room mate reported legs twitching or jerking while asleep?"
"Physical, Spiritual",I have been in a difficult place lately.,2,30,30,My body seems to resist physical illness very well.,My physical health is excellent.,I expect my physical health to get worse.,How would you say your health is?,"I tend to bounce back after illness, injury, or other hardships.","During the past month, how often has your bed partner or room mate reported legs twitching or jerking while asleep?"
"Physical, Spiritual",I have suffered from several different conditions during my life.,2,30,30,My body seems to resist physical illness very well.,My physical health is excellent.,I expect my physical health to get worse.,How would you say your health is?,"I tend to bounce back after illness, injury, or other hardships.","During the past month, how often has your bed partner or room mate reported legs twitching or jerking while asleep?"
"Physical, Spiritual",I try to get better physical health.,2,30,30,My body seems to resist physical illness very well.,My physical health is excellent.,I expect my physical health to get worse.,How would you say your health is?,"I tend to bounce back after illness, injury, or other hardships.","During the past month, how often has your bed partner or room mate reported legs twitching or jerking while asleep?"
"Physical, Spiritual",I feel my physical health is excellent and spiritually strong.,2,30,30,My body seems to resist physical illness very well.,My physical health is excellent.,I expect my physical health to get worse.,How would you say your health is?,"I tend to bounce back after illness, injury, or other hardships.","During the past month, how often has your bed partner or room mate reported legs twitching or jerking while asleep?"
"Physical, Spiritual",I have been told that my physical health is excellent.,2,30,30,My body seems to resist physical illness very well.,My physical health is excellent.,I expect my physical health to get worse.,How would you say your health is?,"I tend to bounce back after illness, injury, or other hardships.","During the past month, how often has your bed partner or room mate reported legs twitching or jerking while asleep?"
"Physical, Spiritual","A month ago, my bed partner reported that my legs twitching or jerking while sleeping.",2,30,30,My body seems to resist physical illness very well.,My physical health is excellent.,I expect my physical health to get worse.,How would you say your health is?,"I tend to bounce back after illness, injury, or other hardships.","During the past month, how often has your bed partner or room mate reported legs twitching or jerking while asleep?"
"Physical, Spiritual",I feel physically well and spiritually.,2,30,30,My body seems to resist physical illness very well.,My physical health is excellent.,I expect my physical health to get worse.,How would you say your health is?,"I tend to bounce back after illness, injury, or other hardships.","During the past month, how often has your bed partner or room mate reported legs twitching or jerking while asleep?"
"Social, Spiritual",I have not seen friends all the time,2,30,30,I have not experienced many warm and trusting relationships with others.,"In the past, I have not always had friends with whom I could share my joys and sorrows.","In the past, I have felt sure of myself among strangers.",I have one close and secure relationship.,I am no longer close to anyone,"People would describe me as a giving person, willing to share my time with others."
"Social, Spiritual","I feel uneasy that I have not experienced as many happy, secure relationships with others.",2,30,30,I have not experienced many warm and trusting relationships with others.,"In the past, I have not always had friends with whom I could share my joys and sorrows.","In the past, I have felt sure of myself among strangers.",I have one close and secure relationship.,I am no longer close to anyone,"People would describe me as a giving person, willing to share my time with others."
"Social, Spiritual",I have not felt sure of myself among strangers.,2,30,30,I have not experienced many warm and trusting relationships with others.,"In the past, I have not always had friends with whom I could share my joys and sorrows.","In the past, I have felt sure of myself among strangers.",I have one close and secure relationship.,I am no longer close to anyone,"People would describe me as a giving person, willing to share my time with others."
"Social, Spiritual",I have not felt safe in social situations.,2,30,30,I have not experienced many warm and trusting relationships with others.,"In the past, I have not always had friends with whom I could share my joys and sorrows.","In the past, I have felt sure of myself among strangers.",I have one close and secure relationship.,I am no longer close to anyone,"People would describe me as a giving person, willing to share my time with others."
"Social, Spiritual",I do not believe in myself,2,30,30,I have not experienced many warm and trusting relationships with others.,"In the past, I have not always had friends with whom I could share my joys and sorrows.","In the past, I have felt sure of myself among strangers.",I have one close and secure relationship.,I am no longer close to anyone,"People would describe me as a giving person, willing to share my time with others."
"Social, Spiritual",I have an unhealthy eating and drinking pattern.,2,30,30,I have not experienced many warm and trusting relationships with others.,"In the past, I have not always had friends with whom I could share my joys and sorrows.","In the past, I have felt sure of myself among strangers.",I have one close and secure relationship.,I am no longer close to anyone,"People would describe me as a giving person, willing to share my time with others."
"Social, Spiritual",I have not always had friends who could share my joys and sorrows.,2,30,30,I have not experienced many warm and trusting relationships with others.,"In the past, I have not always had friends with whom I could share my joys and sorrows.","In the past, I have felt sure of myself among strangers.",I have one close and secure relationship.,I am no longer close to anyone,"People would describe me as a giving person, willing to share my time with others."
"Social, Spiritual",I am a social and spiritual person,2,30,30,I have not experienced many warm and trusting relationships with others.,"In the past, I have not always had friends with whom I could share my joys and sorrows.","In the past, I have felt sure of myself among strangers.",I have one close and secure relationship.,I am no longer close to anyone,"People would describe me as a giving person, willing to share my time with others."
"Social, Spiritual",I have not had a happy or meaningful relationship.,2,30,30,I have not experienced many warm and trusting relationships with others.,"In the past, I have not always had friends with whom I could share my joys and sorrows.","In the past, I have felt sure of myself among strangers.",I have one close and secure relationship.,I am no longer close to anyone,"People would describe me as a giving person, willing to share my time with others."
"Social, Spiritual",I have not experienced much close relationships with others.,2,30,30,I have not experienced many warm and trusting relationships with others.,"In the past, I have not always had friends with whom I could share my joys and sorrows.","In the past, I have felt sure of myself among strangers.",I have one close and secure relationship.,I am no longer close to anyone,"People would describe me as a giving person, willing to share my time with others."
"Social, Spiritual",I have been struggling with a negative outlook on life.,2,30,30,I have not experienced many warm and trusting relationships with others.,"In the past, I have not always had friends with whom I could share my joys and sorrows.","In the past, I have felt sure of myself among strangers.",I have one close and secure relationship.,I am no longer close to anyone,"People would describe me as a giving person, willing to share my time with others."
"Social, Spiritual",I have not felt confident in myself among strangers.,2,30,30,I have not experienced many warm and trusting relationships with others.,"In the past, I have not always had friends with whom I could share my joys and sorrows.","In the past, I have felt sure of myself among strangers.",I have one close and secure relationship.,I am no longer close to anyone,"People would describe me as a giving person, willing to share my time with others."
"Social, Spiritual",I have not found friends that I could share my joys and sorrows with.,2,30,30,I have not experienced many warm and trusting relationships with others.,"In the past, I have not always had friends with whom I could share my joys and sorrows.","In the past, I have felt sure of myself among strangers.",I have one close and secure relationship.,I am no longer close to anyone,"People would describe me as a giving person, willing to share my time with others."
"Social, Spiritual",I have low self-esteem and low self-esteem.,2,30,30,I have not experienced many warm and trusting relationships with others.,"In the past, I have not always had friends with whom I could share my joys and sorrows.","In the past, I have felt sure of myself among strangers.",I have one close and secure relationship.,I am no longer close to anyone,"People would describe me as a giving person, willing to share my time with others."
"Social, Spiritual",I have a lot of self-esteem issues.,2,30,30,I have not experienced many warm and trusting relationships with others.,"In the past, I have not always had friends with whom I could share my joys and sorrows.","In the past, I have felt sure of myself among strangers.",I have one close and secure relationship.,I am no longer close to anyone,"People would describe me as a giving person, willing to share my time with others."
"Social, Spiritual",I have a strong social and spiritual foundation.,2,30,30,I have not experienced many warm and trusting relationships with others.,"In the past, I have not always had friends with whom I could share my joys and sorrows.","In the past, I have felt sure of myself among strangers.",I have one close and secure relationship.,I am no longer close to anyone,"People would describe me as a giving person, willing to share my time with others."
"Social, Spiritual",I have some friends who are always good friends.,2,30,30,I have not experienced many warm and trusting relationships with others.,"In the past, I have not always had friends with whom I could share my joys and sorrows.","In the past, I have felt sure of myself among strangers.",I have one close and secure relationship.,I am no longer close to anyone,"People would describe me as a giving person, willing to share my time with others."
"Social, Spiritual",I am not sure of myself among strangers.,2,30,30,I have not experienced many warm and trusting relationships with others.,"In the past, I have not always had friends with whom I could share my joys and sorrows.","In the past, I have felt sure of myself among strangers.",I have one close and secure relationship.,I am no longer close to anyone,"People would describe me as a giving person, willing to share my time with others."
"Social, Spiritual",I have been close and secure with no one around me.,2,30,30,I have not experienced many warm and trusting relationships with others.,"In the past, I have not always had friends with whom I could share my joys and sorrows.","In the past, I have felt sure of myself among strangers.",I have one close and secure relationship.,I am no longer close to anyone,"People would describe me as a giving person, willing to share my time with others."
"Social, Spiritual",I have not developed any physical relationships with people in the past.,2,30,30,I have not experienced many warm and trusting relationships with others.,"In the past, I have not always had friends with whom I could share my joys and sorrows.","In the past, I have felt sure of myself among strangers.",I have one close and secure relationship.,I am no longer close to anyone,"People would describe me as a giving person, willing to share my time with others."
"Social, Spiritual",I do not think that I am strong enough to give others my time or my time.,2,30,30,I have not experienced many warm and trusting relationships with others.,"In the past, I have not always had friends with whom I could share my joys and sorrows.","In the past, I have felt sure of myself among strangers.",I have one close and secure relationship.,I am no longer close to anyone,"People would describe me as a giving person, willing to share my time with others."
"Social, Spiritual",I have a negative mental state that makes it hard to share thoughts and thoughts with others.,2,30,30,I have not experienced many warm and trusting relationships with others.,"In the past, I have not always had friends with whom I could share my joys and sorrows.","In the past, I have felt sure of myself among strangers.",I have one close and secure relationship.,I am no longer close to anyone,"People would describe me as a giving person, willing to share my time with others."
"Social, Spiritual",I have had no close and secure relationships.,2,30,30,I have not experienced many warm and trusting relationships with others.,"In the past, I have not always had friends with whom I could share my joys and sorrows.","In the past, I have felt sure of myself among strangers.",I have one close and secure relationship.,I am no longer close to anyone,"People would describe me as a giving person, willing to share my time with others."
"Social, Spiritual",I have a healthy relationship with friends and family.,2,30,30,I have not experienced many warm and trusting relationships with others.,"In the past, I have not always had friends with whom I could share my joys and sorrows.","In the past, I have felt sure of myself among strangers.",I have one close and secure relationship.,I am no longer close to anyone,"People would describe me as a giving person, willing to share my time with others."
"Social, Spiritual",I have been treated poorly in the past,2,30,30,I have not experienced many warm and trusting relationships with others.,"In the past, I have not always had friends with whom I could share my joys and sorrows.","In the past, I have felt sure of myself among strangers.",I have one close and secure relationship.,I am no longer close to anyone,"People would describe me as a giving person, willing to share my time with others."
"Social, Spiritual",I am the most loving person,2,30,30,I have not experienced many warm and trusting relationships with others.,"In the past, I have not always had friends with whom I could share my joys and sorrows.","In the past, I have felt sure of myself among strangers.",I have one close and secure relationship.,I am no longer close to anyone,"People would describe me as a giving person, willing to share my time with others."
"Social, Spiritual",I have felt less comfortable with others,2,30,30,I have not experienced many warm and trusting relationships with others.,"In the past, I have not always had friends with whom I could share my joys and sorrows.","In the past, I have felt sure of myself among strangers.",I have one close and secure relationship.,I am no longer close to anyone,"People would describe me as a giving person, willing to share my time with others."
"Social, Spiritual",I am not sure about myself among strangers.,2,30,30,I have not experienced many warm and trusting relationships with others.,"In the past, I have not always had friends with whom I could share my joys and sorrows.","In the past, I have felt sure of myself among strangers.",I have one close and secure relationship.,I am no longer close to anyone,"People would describe me as a giving person, willing to share my time with others."
"Social, Spiritual",I have not been able to share my joys and sorrows.,2,30,30,I have not experienced many warm and trusting relationships with others.,"In the past, I have not always had friends with whom I could share my joys and sorrows.","In the past, I have felt sure of myself among strangers.",I have one close and secure relationship.,I am no longer close to anyone,"People would describe me as a giving person, willing to share my time with others."
"Social, Spiritual","I am an honest, caring person with compassion for others",2,30,30,I have not experienced many warm and trusting relationships with others.,"In the past, I have not always had friends with whom I could share my joys and sorrows.","In the past, I have felt sure of myself among strangers.",I have one close and secure relationship.,I am no longer close to anyone,"People would describe me as a giving person, willing to share my time with others."
