target_dims,generated_text,combo_size,target_count,generated_count,seed_1,seed_2,seed_3,seed_4,seed_5,seed_6
"Emotional, Environmental, Financial","During the past month, how often have you had trouble sleeping because you feel you are in charge of the situation in which I live.",3,30,30,"During the past month, how often have you had trouble sleeping because you cannot breathe comfortably?","In times of stress, I know where to find help.","During the past month, how often have you had trouble sleeping because you have to get up to use the bathroom?","In general, I feel I am in charge of the situation in which I live.",Maintaining close relationships has been difficult and frustrating for me.,"During the past month, how often have you had trouble sleeping because of other reasons?"
"Emotional, Environmental, Financial",I have had trouble sleeping because I am having trouble balancing my emotions.,3,30,30,"During the past month, how often have you had trouble sleeping because you cannot breathe comfortably?","In times of stress, I know where to find help.","During the past month, how often have you had trouble sleeping because you have to get up to use the bathroom?","In general, I feel I am in charge of the situation in which I live.",Maintaining close relationships has been difficult and frustrating for me.,"During the past month, how often have you had trouble sleeping because of other reasons?"
"Emotional, Environmental, Financial",I have also had trouble sleeping because of other circumstances.,3,30,30,"During the past month, how often have you had trouble sleeping because you cannot breathe comfortably?","In times of stress, I know where to find help.","During the past month, how often have you had trouble sleeping because you have to get up to use the bathroom?","In general, I feel I am in charge of the situation in which I live.",Maintaining close relationships has been difficult and frustrating for me.,"During the past month, how often have you had trouble sleeping because of other reasons?"
"Emotional, Environmental, Financial",I have not been able to sleep after work for almost two years.,3,30,30,"During the past month, how often have you had trouble sleeping because you cannot breathe comfortably?","In times of stress, I know where to find help.","During the past month, how often have you had trouble sleeping because you have to get up to use the bathroom?","In general, I feel I am in charge of the situation in which I live.",Maintaining close relationships has been difficult and frustrating for me.,"During the past month, how often have you had trouble sleeping because of other reasons?"
"Emotional, Environmental, Financial",My health has changed dramatically over the past month.,3,30,30,"During the past month, how often have you had trouble sleeping because you cannot breathe comfortably?","In times of stress, I know where to find help.","During the past month, how often have you had trouble sleeping because you have to get up to use the bathroom?","In general, I feel I am in charge of the situation in which I live.",Maintaining close relationships has been difficult and frustrating for me.,"During the past month, how often have you had trouble sleeping because of other reasons?"
"Emotional, Environmental, Financial",I have trouble sleeping because of other reasons.,3,30,30,"During the past month, how often have you had trouble sleeping because you cannot breathe comfortably?","In times of stress, I know where to find help.","During the past month, how often have you had trouble sleeping because you have to get up to use the bathroom?","In general, I feel I am in charge of the situation in which I live.",Maintaining close relationships has been difficult and frustrating for me.,"During the past month, how often have you had trouble sleeping because of other reasons?"
"Emotional, Environmental, Financial","For reasons of health, I have more trouble sleeping.",3,30,30,"During the past month, how often have you had trouble sleeping because you cannot breathe comfortably?","In times of stress, I know where to find help.","During the past month, how often have you had trouble sleeping because you have to get up to use the bathroom?","In general, I feel I am in charge of the situation in which I live.",Maintaining close relationships has been difficult and frustrating for me.,"During the past month, how often have you had trouble sleeping because of other reasons?"
"Emotional, Environmental, Financial",My mood has been down and I want more sleep.,3,30,30,"During the past month, how often have you had trouble sleeping because you cannot breathe comfortably?","In times of stress, I know where to find help.","During the past month, how often have you had trouble sleeping because you have to get up to use the bathroom?","In general, I feel I am in charge of the situation in which I live.",Maintaining close relationships has been difficult and frustrating for me.,"During the past month, how often have you had trouble sleeping because of other reasons?"
"Emotional, Environmental, Financial",I feel I am not comfortable in my home.,3,30,30,"During the past month, how often have you had trouble sleeping because you cannot breathe comfortably?","In times of stress, I know where to find help.","During the past month, how often have you had trouble sleeping because you have to get up to use the bathroom?","In general, I feel I am in charge of the situation in which I live.",Maintaining close relationships has been difficult and frustrating for me.,"During the past month, how often have you had trouble sleeping because of other reasons?"
"Emotional, Environmental, Financial","For my physical health, I have had problems with sleeping and managing my weight.",3,30,30,"During the past month, how often have you had trouble sleeping because you cannot breathe comfortably?","In times of stress, I know where to find help.","During the past month, how often have you had trouble sleeping because you have to get up to use the bathroom?","In general, I feel I am in charge of the situation in which I live.",Maintaining close relationships has been difficult and frustrating for me.,"During the past month, how often have you had trouble sleeping because of other reasons?"
"Emotional, Environmental, Financial",I think I have insomnia because of a lot of other reasons for why I have trouble sleeping.,3,30,30,"During the past month, how often have you had trouble sleeping because you cannot breathe comfortably?","In times of stress, I know where to find help.","During the past month, how often have you had trouble sleeping because you have to get up to use the bathroom?","In general, I feel I am in charge of the situation in which I live.",Maintaining close relationships has been difficult and frustrating for me.,"During the past month, how often have you had trouble sleeping because of other reasons?"
"Emotional, Environmental, Financial",I feel I am responsible for the situation in which I live.,3,30,30,"During the past month, how often have you had trouble sleeping because you cannot breathe comfortably?","In times of stress, I know where to find help.","During the past month, how often have you had trouble sleeping because you have to get up to use the bathroom?","In general, I feel I am in charge of the situation in which I live.",Maintaining close relationships has been difficult and frustrating for me.,"During the past month, how often have you had trouble sleeping because of other reasons?"
"Emotional, Environmental, Financial",I have also been struggling with depression and anxiety.,3,30,30,"During the past month, how often have you had trouble sleeping because you cannot breathe comfortably?","In times of stress, I know where to find help.","During the past month, how often have you had trouble sleeping because you have to get up to use the bathroom?","In general, I feel I am in charge of the situation in which I live.",Maintaining close relationships has been difficult and frustrating for me.,"During the past month, how often have you had trouble sleeping because of other reasons?"
"Emotional, Environmental, Financial",I've been struggling to get up to use the bathroom.,3,30,30,"During the past month, how often have you had trouble sleeping because you cannot breathe comfortably?","In times of stress, I know where to find help.","During the past month, how often have you had trouble sleeping because you have to get up to use the bathroom?","In general, I feel I am in charge of the situation in which I live.",Maintaining close relationships has been difficult and frustrating for me.,"During the past month, how often have you had trouble sleeping because of other reasons?"
"Emotional, Environmental, Financial",I've had difficulty sleeping because of other things.,3,30,30,"During the past month, how often have you had trouble sleeping because you cannot breathe comfortably?","In times of stress, I know where to find help.","During the past month, how often have you had trouble sleeping because you have to get up to use the bathroom?","In general, I feel I am in charge of the situation in which I live.",Maintaining close relationships has been difficult and frustrating for me.,"During the past month, how often have you had trouble sleeping because of other reasons?"
"Emotional, Environmental, Financial",I had problems sleeping because I am too busy to get up to use the bathroom.,3,30,30,"During the past month, how often have you had trouble sleeping because you cannot breathe comfortably?","In times of stress, I know where to find help.","During the past month, how often have you had trouble sleeping because you have to get up to use the bathroom?","In general, I feel I am in charge of the situation in which I live.",Maintaining close relationships has been difficult and frustrating for me.,"During the past month, how often have you had trouble sleeping because of other reasons?"
"Emotional, Environmental, Financial","For me, it is hard to fall asleep.",3,30,30,"During the past month, how often have you had trouble sleeping because you cannot breathe comfortably?","In times of stress, I know where to find help.","During the past month, how often have you had trouble sleeping because you have to get up to use the bathroom?","In general, I feel I am in charge of the situation in which I live.",Maintaining close relationships has been difficult and frustrating for me.,"During the past month, how often have you had trouble sleeping because of other reasons?"
"Emotional, Environmental, Financial",My health has been deteriorating over the past month.,3,30,30,"During the past month, how often have you had trouble sleeping because you cannot breathe comfortably?","In times of stress, I know where to find help.","During the past month, how often have you had trouble sleeping because you have to get up to use the bathroom?","In general, I feel I am in charge of the situation in which I live.",Maintaining close relationships has been difficult and frustrating for me.,"During the past month, how often have you had trouble sleeping because of other reasons?"
"Emotional, Environmental, Financial",I have had difficult and frightening sleepovers.,3,30,30,"During the past month, how often have you had trouble sleeping because you cannot breathe comfortably?","In times of stress, I know where to find help.","During the past month, how often have you had trouble sleeping because you have to get up to use the bathroom?","In general, I feel I am in charge of the situation in which I live.",Maintaining close relationships has been difficult and frustrating for me.,"During the past month, how often have you had trouble sleeping because of other reasons?"
"Emotional, Environmental, Financial",It is difficult to sleep for myself at times.,3,30,30,"During the past month, how often have you had trouble sleeping because you cannot breathe comfortably?","In times of stress, I know where to find help.","During the past month, how often have you had trouble sleeping because you have to get up to use the bathroom?","In general, I feel I am in charge of the situation in which I live.",Maintaining close relationships has been difficult and frustrating for me.,"During the past month, how often have you had trouble sleeping because of other reasons?"
"Emotional, Environmental, Financial",I think i have had trouble sleeping because of some emotional problems.,3,30,30,"During the past month, how often have you had trouble sleeping because you cannot breathe comfortably?","In times of stress, I know where to find help.","During the past month, how often have you had trouble sleeping because you have to get up to use the bathroom?","In general, I feel I am in charge of the situation in which I live.",Maintaining close relationships has been difficult and frustrating for me.,"During the past month, how often have you had trouble sleeping because of other reasons?"
"Emotional, Environmental, Financial","In some ways, I have had problems sleeping because of other reasons.",3,30,30,"During the past month, how often have you had trouble sleeping because you cannot breathe comfortably?","In times of stress, I know where to find help.","During the past month, how often have you had trouble sleeping because you have to get up to use the bathroom?","In general, I feel I am in charge of the situation in which I live.",Maintaining close relationships has been difficult and frustrating for me.,"During the past month, how often have you had trouble sleeping because of other reasons?"
"Emotional, Environmental, Financial",I find that I've been having trouble sleeping because I have to use the bathroom.,3,30,30,"During the past month, how often have you had trouble sleeping because you cannot breathe comfortably?","In times of stress, I know where to find help.","During the past month, how often have you had trouble sleeping because you have to get up to use the bathroom?","In general, I feel I am in charge of the situation in which I live.",Maintaining close relationships has been difficult and frustrating for me.,"During the past month, how often have you had trouble sleeping because of other reasons?"
"Emotional, Environmental, Financial",Other reasons are not the reason I have trouble sleeping.,3,30,30,"During the past month, how often have you had trouble sleeping because you cannot breathe comfortably?","In times of stress, I know where to find help.","During the past month, how often have you had trouble sleeping because you have to get up to use the bathroom?","In general, I feel I am in charge of the situation in which I live.",Maintaining close relationships has been difficult and frustrating for me.,"During the past month, how often have you had trouble sleeping because of other reasons?"
"Emotional, Environmental, Financial",A lot of people sleep incredibly poorly and often.,3,30,30,"During the past month, how often have you had trouble sleeping because you cannot breathe comfortably?","In times of stress, I know where to find help.","During the past month, how often have you had trouble sleeping because you have to get up to use the bathroom?","In general, I feel I am in charge of the situation in which I live.",Maintaining close relationships has been difficult and frustrating for me.,"During the past month, how often have you had trouble sleeping because of other reasons?"
"Emotional, Environmental, Financial",It has been difficult to get up and get into the bathroom.,3,30,30,"During the past month, how often have you had trouble sleeping because you cannot breathe comfortably?","In times of stress, I know where to find help.","During the past month, how often have you had trouble sleeping because you have to get up to use the bathroom?","In general, I feel I am in charge of the situation in which I live.",Maintaining close relationships has been difficult and frustrating for me.,"During the past month, how often have you had trouble sleeping because of other reasons?"
"Emotional, Environmental, Financial",I have been unable to sleep.,3,30,30,"During the past month, how often have you had trouble sleeping because you cannot breathe comfortably?","In times of stress, I know where to find help.","During the past month, how often have you had trouble sleeping because you have to get up to use the bathroom?","In general, I feel I am in charge of the situation in which I live.",Maintaining close relationships has been difficult and frustrating for me.,"During the past month, how often have you had trouble sleeping because of other reasons?"
"Emotional, Environmental, Financial","As a result, I have had problems sleeping in all situations.",3,30,30,"During the past month, how often have you had trouble sleeping because you cannot breathe comfortably?","In times of stress, I know where to find help.","During the past month, how often have you had trouble sleeping because you have to get up to use the bathroom?","In general, I feel I am in charge of the situation in which I live.",Maintaining close relationships has been difficult and frustrating for me.,"During the past month, how often have you had trouble sleeping because of other reasons?"
"Emotional, Environmental, Financial",I have been experiencing some physical problems.,3,30,30,"During the past month, how often have you had trouble sleeping because you cannot breathe comfortably?","In times of stress, I know where to find help.","During the past month, how often have you had trouble sleeping because you have to get up to use the bathroom?","In general, I feel I am in charge of the situation in which I live.",Maintaining close relationships has been difficult and frustrating for me.,"During the past month, how often have you had trouble sleeping because of other reasons?"
"Emotional, Environmental, Financial",I have had trouble sleeping for a variety of reasons.,3,30,30,"During the past month, how often have you had trouble sleeping because you cannot breathe comfortably?","In times of stress, I know where to find help.","During the past month, how often have you had trouble sleeping because you have to get up to use the bathroom?","In general, I feel I am in charge of the situation in which I live.",Maintaining close relationships has been difficult and frustrating for me.,"During the past month, how often have you had trouble sleeping because of other reasons?"
"Emotional, Environmental, Intellectual","I feel self-involved and responsible, so I like to take care of my actions.",3,30,30,"I am able to handle unpleasant or painful feelings like sadness, fear, and anger.",How often do you feel anxious?,I will always seek out activities that challenge me to think and reason.,I try to see the humorous side of things when I am faced with problems.,I think it is important to have new experiences that challenge how I think about myself and the world.,"In general, I feel I am in charge of the situation in which I live."
"Emotional, Environmental, Intellectual",I think I am in charge of my situation in which I live.,3,30,30,"I am able to handle unpleasant or painful feelings like sadness, fear, and anger.",How often do you feel anxious?,I will always seek out activities that challenge me to think and reason.,I try to see the humorous side of things when I am faced with problems.,I think it is important to have new experiences that challenge how I think about myself and the world.,"In general, I feel I am in charge of the situation in which I live."
"Emotional, Environmental, Intellectual",I am very imaginative and creative.,3,30,30,"I am able to handle unpleasant or painful feelings like sadness, fear, and anger.",How often do you feel anxious?,I will always seek out activities that challenge me to think and reason.,I try to see the humorous side of things when I am faced with problems.,I think it is important to have new experiences that challenge how I think about myself and the world.,"In general, I feel I am in charge of the situation in which I live."
"Emotional, Environmental, Intellectual",I have strong intellectual abilities and have learned to deal with my emotions.,3,30,30,"I am able to handle unpleasant or painful feelings like sadness, fear, and anger.",How often do you feel anxious?,I will always seek out activities that challenge me to think and reason.,I try to see the humorous side of things when I am faced with problems.,I think it is important to have new experiences that challenge how I think about myself and the world.,"In general, I feel I am in charge of the situation in which I live."
"Emotional, Environmental, Intellectual",I have a problem with having anxiety.,3,30,30,"I am able to handle unpleasant or painful feelings like sadness, fear, and anger.",How often do you feel anxious?,I will always seek out activities that challenge me to think and reason.,I try to see the humorous side of things when I am faced with problems.,I think it is important to have new experiences that challenge how I think about myself and the world.,"In general, I feel I am in charge of the situation in which I live."
"Emotional, Environmental, Intellectual",I feel that I are in charge of the situation in which I live.,3,30,30,"I am able to handle unpleasant or painful feelings like sadness, fear, and anger.",How often do you feel anxious?,I will always seek out activities that challenge me to think and reason.,I try to see the humorous side of things when I am faced with problems.,I think it is important to have new experiences that challenge how I think about myself and the world.,"In general, I feel I am in charge of the situation in which I live."
"Emotional, Environmental, Intellectual",My mental health is the highest priority area.,3,30,30,"I am able to handle unpleasant or painful feelings like sadness, fear, and anger.",How often do you feel anxious?,I will always seek out activities that challenge me to think and reason.,I try to see the humorous side of things when I am faced with problems.,I think it is important to have new experiences that challenge how I think about myself and the world.,"In general, I feel I am in charge of the situation in which I live."
"Emotional, Environmental, Intellectual",I have an ability to understand my environment.,3,30,30,"I am able to handle unpleasant or painful feelings like sadness, fear, and anger.",How often do you feel anxious?,I will always seek out activities that challenge me to think and reason.,I try to see the humorous side of things when I am faced with problems.,I think it is important to have new experiences that challenge how I think about myself and the world.,"In general, I feel I am in charge of the situation in which I live."
"Emotional, Environmental, Intellectual",I feel that I am in charge of my environment and my life.,3,30,30,"I am able to handle unpleasant or painful feelings like sadness, fear, and anger.",How often do you feel anxious?,I will always seek out activities that challenge me to think and reason.,I try to see the humorous side of things when I am faced with problems.,I think it is important to have new experiences that challenge how I think about myself and the world.,"In general, I feel I am in charge of the situation in which I live."
"Emotional, Environmental, Intellectual","I can cope emotionally, mentally, and emotionally",3,30,30,"I am able to handle unpleasant or painful feelings like sadness, fear, and anger.",How often do you feel anxious?,I will always seek out activities that challenge me to think and reason.,I try to see the humorous side of things when I am faced with problems.,I think it is important to have new experiences that challenge how I think about myself and the world.,"In general, I feel I am in charge of the situation in which I live."
"Emotional, Environmental, Intellectual",I have an open mind and a sense of humor,3,30,30,"I am able to handle unpleasant or painful feelings like sadness, fear, and anger.",How often do you feel anxious?,I will always seek out activities that challenge me to think and reason.,I try to see the humorous side of things when I am faced with problems.,I think it is important to have new experiences that challenge how I think about myself and the world.,"In general, I feel I am in charge of the situation in which I live."
"Emotional, Environmental, Intellectual",I have a very strong sense of humor.,3,30,30,"I am able to handle unpleasant or painful feelings like sadness, fear, and anger.",How often do you feel anxious?,I will always seek out activities that challenge me to think and reason.,I try to see the humorous side of things when I am faced with problems.,I think it is important to have new experiences that challenge how I think about myself and the world.,"In general, I feel I am in charge of the situation in which I live."
"Emotional, Environmental, Intellectual",I am able to see the humor side of things when I am faced with problems.,3,30,30,"I am able to handle unpleasant or painful feelings like sadness, fear, and anger.",How often do you feel anxious?,I will always seek out activities that challenge me to think and reason.,I try to see the humorous side of things when I am faced with problems.,I think it is important to have new experiences that challenge how I think about myself and the world.,"In general, I feel I am in charge of the situation in which I live."
"Emotional, Environmental, Intellectual",I have a positive emotional and intellectual outlook.,3,30,30,"I am able to handle unpleasant or painful feelings like sadness, fear, and anger.",How often do you feel anxious?,I will always seek out activities that challenge me to think and reason.,I try to see the humorous side of things when I am faced with problems.,I think it is important to have new experiences that challenge how I think about myself and the world.,"In general, I feel I am in charge of the situation in which I live."
"Emotional, Environmental, Intellectual",I find my experiences challenging and inspirational.,3,30,30,"I am able to handle unpleasant or painful feelings like sadness, fear, and anger.",How often do you feel anxious?,I will always seek out activities that challenge me to think and reason.,I try to see the humorous side of things when I am faced with problems.,I think it is important to have new experiences that challenge how I think about myself and the world.,"In general, I feel I am in charge of the situation in which I live."
"Emotional, Environmental, Intellectual",I am not good at coping with emotions but I have been able to deal with the positives.,3,30,30,"I am able to handle unpleasant or painful feelings like sadness, fear, and anger.",How often do you feel anxious?,I will always seek out activities that challenge me to think and reason.,I try to see the humorous side of things when I am faced with problems.,I think it is important to have new experiences that challenge how I think about myself and the world.,"In general, I feel I am in charge of the situation in which I live."
"Emotional, Environmental, Intellectual",I have feelings of self-report mental health.,3,30,30,"I am able to handle unpleasant or painful feelings like sadness, fear, and anger.",How often do you feel anxious?,I will always seek out activities that challenge me to think and reason.,I try to see the humorous side of things when I am faced with problems.,I think it is important to have new experiences that challenge how I think about myself and the world.,"In general, I feel I am in charge of the situation in which I live."
"Emotional, Environmental, Intellectual",I am conscious of my feelings of anxiety and anxiety.,3,30,30,"I am able to handle unpleasant or painful feelings like sadness, fear, and anger.",How often do you feel anxious?,I will always seek out activities that challenge me to think and reason.,I try to see the humorous side of things when I am faced with problems.,I think it is important to have new experiences that challenge how I think about myself and the world.,"In general, I feel I am in charge of the situation in which I live."
"Emotional, Environmental, Intellectual",My physical and mental health is high and I am able to make decisions that challenge my thinking.,3,30,30,"I am able to handle unpleasant or painful feelings like sadness, fear, and anger.",How often do you feel anxious?,I will always seek out activities that challenge me to think and reason.,I try to see the humorous side of things when I am faced with problems.,I think it is important to have new experiences that challenge how I think about myself and the world.,"In general, I feel I am in charge of the situation in which I live."
"Emotional, Environmental, Intellectual","I have feelings of apathy, despair, and sadness.",3,30,30,"I am able to handle unpleasant or painful feelings like sadness, fear, and anger.",How often do you feel anxious?,I will always seek out activities that challenge me to think and reason.,I try to see the humorous side of things when I am faced with problems.,I think it is important to have new experiences that challenge how I think about myself and the world.,"In general, I feel I am in charge of the situation in which I live."
"Emotional, Environmental, Intellectual",I have had difficulties in my self-regulation but I feel I have a lot of things on my mind and it is affecting me emotionally.,3,30,30,"I am able to handle unpleasant or painful feelings like sadness, fear, and anger.",How often do you feel anxious?,I will always seek out activities that challenge me to think and reason.,I try to see the humorous side of things when I am faced with problems.,I think it is important to have new experiences that challenge how I think about myself and the world.,"In general, I feel I am in charge of the situation in which I live."
"Emotional, Environmental, Intellectual",I can manage emotions that are not related to myself and how I feel.,3,30,30,"I am able to handle unpleasant or painful feelings like sadness, fear, and anger.",How often do you feel anxious?,I will always seek out activities that challenge me to think and reason.,I try to see the humorous side of things when I am faced with problems.,I think it is important to have new experiences that challenge how I think about myself and the world.,"In general, I feel I am in charge of the situation in which I live."
"Emotional, Environmental, Intellectual",I am able to cope with emotional and intellectual pain.,3,30,30,"I am able to handle unpleasant or painful feelings like sadness, fear, and anger.",How often do you feel anxious?,I will always seek out activities that challenge me to think and reason.,I try to see the humorous side of things when I am faced with problems.,I think it is important to have new experiences that challenge how I think about myself and the world.,"In general, I feel I am in charge of the situation in which I live."
"Emotional, Environmental, Intellectual",I am an environmental and intellectual person.,3,30,30,"I am able to handle unpleasant or painful feelings like sadness, fear, and anger.",How often do you feel anxious?,I will always seek out activities that challenge me to think and reason.,I try to see the humorous side of things when I am faced with problems.,I think it is important to have new experiences that challenge how I think about myself and the world.,"In general, I feel I am in charge of the situation in which I live."
"Emotional, Environmental, Intellectual",I am an optimistic person who has a lot of energy.,3,30,30,"I am able to handle unpleasant or painful feelings like sadness, fear, and anger.",How often do you feel anxious?,I will always seek out activities that challenge me to think and reason.,I try to see the humorous side of things when I am faced with problems.,I think it is important to have new experiences that challenge how I think about myself and the world.,"In general, I feel I am in charge of the situation in which I live."
"Emotional, Environmental, Intellectual",I have been in charge of my life because I live in a community.,3,30,30,"I am able to handle unpleasant or painful feelings like sadness, fear, and anger.",How often do you feel anxious?,I will always seek out activities that challenge me to think and reason.,I try to see the humorous side of things when I am faced with problems.,I think it is important to have new experiences that challenge how I think about myself and the world.,"In general, I feel I am in charge of the situation in which I live."
"Emotional, Environmental, Intellectual",I am mentally challenged and energetic.,3,30,30,"I am able to handle unpleasant or painful feelings like sadness, fear, and anger.",How often do you feel anxious?,I will always seek out activities that challenge me to think and reason.,I try to see the humorous side of things when I am faced with problems.,I think it is important to have new experiences that challenge how I think about myself and the world.,"In general, I feel I am in charge of the situation in which I live."
"Emotional, Environmental, Intellectual",I am able to accept change and change my world.,3,30,30,"I am able to handle unpleasant or painful feelings like sadness, fear, and anger.",How often do you feel anxious?,I will always seek out activities that challenge me to think and reason.,I try to see the humorous side of things when I am faced with problems.,I think it is important to have new experiences that challenge how I think about myself and the world.,"In general, I feel I am in charge of the situation in which I live."
"Emotional, Environmental, Intellectual",I have an open mind and a willingness to think and reason.,3,30,30,"I am able to handle unpleasant or painful feelings like sadness, fear, and anger.",How often do you feel anxious?,I will always seek out activities that challenge me to think and reason.,I try to see the humorous side of things when I am faced with problems.,I think it is important to have new experiences that challenge how I think about myself and the world.,"In general, I feel I am in charge of the situation in which I live."
"Emotional, Environmental, Intellectual",I find that I am driven by my decisions.,3,30,30,"I am able to handle unpleasant or painful feelings like sadness, fear, and anger.",How often do you feel anxious?,I will always seek out activities that challenge me to think and reason.,I try to see the humorous side of things when I am faced with problems.,I think it is important to have new experiences that challenge how I think about myself and the world.,"In general, I feel I am in charge of the situation in which I live."
"Emotional, Environmental, Occupational",How often do you have trouble sleeping?,3,30,30,"I am able to handle unpleasant or painful feelings like sadness, fear, and anger.",I always look on the bright side of things.,How often do you feel anxious?,How lonely do you feel in your daily life?,The demands of everyday life often get me down.,"During the past month, how often have you had trouble sleeping because you feel too hot?"
"Emotional, Environmental, Occupational",My tummy hurts from a lot of things.,3,30,30,"I am able to handle unpleasant or painful feelings like sadness, fear, and anger.",I always look on the bright side of things.,How often do you feel anxious?,How lonely do you feel in your daily life?,The demands of everyday life often get me down.,"During the past month, how often have you had trouble sleeping because you feel too hot?"
"Emotional, Environmental, Occupational",a lot of people need to go to the doctor to get help.,3,30,30,"I am able to handle unpleasant or painful feelings like sadness, fear, and anger.",I always look on the bright side of things.,How often do you feel anxious?,How lonely do you feel in your daily life?,The demands of everyday life often get me down.,"During the past month, how often have you had trouble sleeping because you feel too hot?"
"Emotional, Environmental, Occupational","I can deal with emotional, physical, and occupational stress.",3,30,30,"I am able to handle unpleasant or painful feelings like sadness, fear, and anger.",I always look on the bright side of things.,How often do you feel anxious?,How lonely do you feel in your daily life?,The demands of everyday life often get me down.,"During the past month, how often have you had trouble sleeping because you feel too hot?"
"Emotional, Environmental, Occupational","A few of my personal problems are: emotional, environmental, and occupational.",3,30,30,"I am able to handle unpleasant or painful feelings like sadness, fear, and anger.",I always look on the bright side of things.,How often do you feel anxious?,How lonely do you feel in your daily life?,The demands of everyday life often get me down.,"During the past month, how often have you had trouble sleeping because you feel too hot?"
"Emotional, Environmental, Occupational",I feel a bit weaker and less alert.,3,30,30,"I am able to handle unpleasant or painful feelings like sadness, fear, and anger.",I always look on the bright side of things.,How often do you feel anxious?,How lonely do you feel in your daily life?,The demands of everyday life often get me down.,"During the past month, how often have you had trouble sleeping because you feel too hot?"
"Emotional, Environmental, Occupational",Having trouble getting out of bed because of the heat.,3,30,30,"I am able to handle unpleasant or painful feelings like sadness, fear, and anger.",I always look on the bright side of things.,How often do you feel anxious?,How lonely do you feel in your daily life?,The demands of everyday life often get me down.,"During the past month, how often have you had trouble sleeping because you feel too hot?"
"Emotional, Environmental, Occupational",I feel depressed because of the stress of everyday life.,3,30,30,"I am able to handle unpleasant or painful feelings like sadness, fear, and anger.",I always look on the bright side of things.,How often do you feel anxious?,How lonely do you feel in your daily life?,The demands of everyday life often get me down.,"During the past month, how often have you had trouble sleeping because you feel too hot?"
"Emotional, Environmental, Occupational",I'm able to deal with unpleasant or painful feelings.,3,30,30,"I am able to handle unpleasant or painful feelings like sadness, fear, and anger.",I always look on the bright side of things.,How often do you feel anxious?,How lonely do you feel in your daily life?,The demands of everyday life often get me down.,"During the past month, how often have you had trouble sleeping because you feel too hot?"
"Emotional, Environmental, Occupational",I can overcome my emotional and emotional feelings.,3,30,30,"I am able to handle unpleasant or painful feelings like sadness, fear, and anger.",I always look on the bright side of things.,How often do you feel anxious?,How lonely do you feel in your daily life?,The demands of everyday life often get me down.,"During the past month, how often have you had trouble sleeping because you feel too hot?"
"Emotional, Environmental, Occupational",I can cope with my emotions and emotions.,3,30,30,"I am able to handle unpleasant or painful feelings like sadness, fear, and anger.",I always look on the bright side of things.,How often do you feel anxious?,How lonely do you feel in your daily life?,The demands of everyday life often get me down.,"During the past month, how often have you had trouble sleeping because you feel too hot?"
"Emotional, Environmental, Occupational",I have trouble sleeping at night.,3,30,30,"I am able to handle unpleasant or painful feelings like sadness, fear, and anger.",I always look on the bright side of things.,How often do you feel anxious?,How lonely do you feel in your daily life?,The demands of everyday life often get me down.,"During the past month, how often have you had trouble sleeping because you feel too hot?"
"Emotional, Environmental, Occupational",I enjoy the challenge of everyday life.,3,30,30,"I am able to handle unpleasant or painful feelings like sadness, fear, and anger.",I always look on the bright side of things.,How often do you feel anxious?,How lonely do you feel in your daily life?,The demands of everyday life often get me down.,"During the past month, how often have you had trouble sleeping because you feel too hot?"
"Emotional, Environmental, Occupational",How often do you experience a depression?,3,30,30,"I am able to handle unpleasant or painful feelings like sadness, fear, and anger.",I always look on the bright side of things.,How often do you feel anxious?,How lonely do you feel in your daily life?,The demands of everyday life often get me down.,"During the past month, how often have you had trouble sleeping because you feel too hot?"
"Emotional, Environmental, Occupational",I have been experiencing emotional and environmental stress for a while.,3,30,30,"I am able to handle unpleasant or painful feelings like sadness, fear, and anger.",I always look on the bright side of things.,How often do you feel anxious?,How lonely do you feel in your daily life?,The demands of everyday life often get me down.,"During the past month, how often have you had trouble sleeping because you feel too hot?"
"Emotional, Environmental, Occupational",I am able to deal with environmental and occupational issues.,3,30,30,"I am able to handle unpleasant or painful feelings like sadness, fear, and anger.",I always look on the bright side of things.,How often do you feel anxious?,How lonely do you feel in your daily life?,The demands of everyday life often get me down.,"During the past month, how often have you had trouble sleeping because you feel too hot?"
"Emotional, Environmental, Occupational",I have been having trouble sleeping because I'm sleeping too hot.,3,30,30,"I am able to handle unpleasant or painful feelings like sadness, fear, and anger.",I always look on the bright side of things.,How often do you feel anxious?,How lonely do you feel in your daily life?,The demands of everyday life often get me down.,"During the past month, how often have you had trouble sleeping because you feel too hot?"
"Emotional, Environmental, Occupational",How often have you tried to sleep when you are not sleeping?,3,30,30,"I am able to handle unpleasant or painful feelings like sadness, fear, and anger.",I always look on the bright side of things.,How often do you feel anxious?,How lonely do you feel in your daily life?,The demands of everyday life often get me down.,"During the past month, how often have you had trouble sleeping because you feel too hot?"
"Emotional, Environmental, Occupational",I have a low tolerance for heat.,3,30,30,"I am able to handle unpleasant or painful feelings like sadness, fear, and anger.",I always look on the bright side of things.,How often do you feel anxious?,How lonely do you feel in your daily life?,The demands of everyday life often get me down.,"During the past month, how often have you had trouble sleeping because you feel too hot?"
"Emotional, Environmental, Occupational",I have anxiety and depression and have an overwhelming need for sleep.,3,30,30,"I am able to handle unpleasant or painful feelings like sadness, fear, and anger.",I always look on the bright side of things.,How often do you feel anxious?,How lonely do you feel in your daily life?,The demands of everyday life often get me down.,"During the past month, how often have you had trouble sleeping because you feel too hot?"
"Emotional, Environmental, Occupational",I have a high level of emotional wellbeing.,3,30,30,"I am able to handle unpleasant or painful feelings like sadness, fear, and anger.",I always look on the bright side of things.,How often do you feel anxious?,How lonely do you feel in your daily life?,The demands of everyday life often get me down.,"During the past month, how often have you had trouble sleeping because you feel too hot?"
"Emotional, Environmental, Occupational","I am able to deal with emotions such as emotions that cause sadness, fear, and anger.",3,30,30,"I am able to handle unpleasant or painful feelings like sadness, fear, and anger.",I always look on the bright side of things.,How often do you feel anxious?,How lonely do you feel in your daily life?,The demands of everyday life often get me down.,"During the past month, how often have you had trouble sleeping because you feel too hot?"
"Emotional, Environmental, Occupational",I feel able to cope with environmental and Occupational stresses.,3,30,30,"I am able to handle unpleasant or painful feelings like sadness, fear, and anger.",I always look on the bright side of things.,How often do you feel anxious?,How lonely do you feel in your daily life?,The demands of everyday life often get me down.,"During the past month, how often have you had trouble sleeping because you feel too hot?"
"Emotional, Environmental, Occupational",I feel more optimistic about my current situation.,3,30,30,"I am able to handle unpleasant or painful feelings like sadness, fear, and anger.",I always look on the bright side of things.,How often do you feel anxious?,How lonely do you feel in your daily life?,The demands of everyday life often get me down.,"During the past month, how often have you had trouble sleeping because you feel too hot?"
"Emotional, Environmental, Occupational",I have been feeling bad in the past month due to work stress and anxiety.,3,30,30,"I am able to handle unpleasant or painful feelings like sadness, fear, and anger.",I always look on the bright side of things.,How often do you feel anxious?,How lonely do you feel in your daily life?,The demands of everyday life often get me down.,"During the past month, how often have you had trouble sleeping because you feel too hot?"
"Emotional, Environmental, Occupational",How often have you had trouble sleeping because of excessive heat?,3,30,30,"I am able to handle unpleasant or painful feelings like sadness, fear, and anger.",I always look on the bright side of things.,How often do you feel anxious?,How lonely do you feel in your daily life?,The demands of everyday life often get me down.,"During the past month, how often have you had trouble sleeping because you feel too hot?"
"Emotional, Environmental, Occupational","A lot of things can be categorized as psychological, emotional, and Occupational.",3,30,30,"I am able to handle unpleasant or painful feelings like sadness, fear, and anger.",I always look on the bright side of things.,How often do you feel anxious?,How lonely do you feel in your daily life?,The demands of everyday life often get me down.,"During the past month, how often have you had trouble sleeping because you feel too hot?"
"Emotional, Environmental, Occupational",How often do you feel a desire to cry?,3,30,30,"I am able to handle unpleasant or painful feelings like sadness, fear, and anger.",I always look on the bright side of things.,How often do you feel anxious?,How lonely do you feel in your daily life?,The demands of everyday life often get me down.,"During the past month, how often have you had trouble sleeping because you feel too hot?"
"Emotional, Environmental, Occupational","I have a lot of emotions, both emotional and occupational.",3,30,30,"I am able to handle unpleasant or painful feelings like sadness, fear, and anger.",I always look on the bright side of things.,How often do you feel anxious?,How lonely do you feel in your daily life?,The demands of everyday life often get me down.,"During the past month, how often have you had trouble sleeping because you feel too hot?"
"Emotional, Environmental, Occupational",How many times have you had a sleeping disorder?,3,30,30,"I am able to handle unpleasant or painful feelings like sadness, fear, and anger.",I always look on the bright side of things.,How often do you feel anxious?,How lonely do you feel in your daily life?,The demands of everyday life often get me down.,"During the past month, how often have you had trouble sleeping because you feel too hot?"
"Emotional, Environmental, Physical",I say my health is great.,3,30,30,My physical health has restricted me in the past.,I expect my physical health to get worse.,My body seems to resist physical illness very well.,How satisfied are you with your current physical health?,"Compared to people I know, my past physical health has been excellent.",How would you say your health is?
"Emotional, Environmental, Physical",I have a healthy body which is resistant to physical illness.,3,30,30,My physical health has restricted me in the past.,I expect my physical health to get worse.,My body seems to resist physical illness very well.,How satisfied are you with your current physical health?,"Compared to people I know, my past physical health has been excellent.",How would you say your health is?
"Emotional, Environmental, Physical",A negative attitude may be a strong indicator of a strong mental health but a positive one can only be derived from a physiological aspect such as,3,30,30,My physical health has restricted me in the past.,I expect my physical health to get worse.,My body seems to resist physical illness very well.,How satisfied are you with your current physical health?,"Compared to people I know, my past physical health has been excellent.",How would you say your health is?
"Emotional, Environmental, Physical",My physical health is poor compared to my mental health.,3,30,30,My physical health has restricted me in the past.,I expect my physical health to get worse.,My body seems to resist physical illness very well.,How satisfied are you with your current physical health?,"Compared to people I know, my past physical health has been excellent.",How would you say your health is?
"Emotional, Environmental, Physical",My mental health has been amazing in my past.,3,30,30,My physical health has restricted me in the past.,I expect my physical health to get worse.,My body seems to resist physical illness very well.,How satisfied are you with your current physical health?,"Compared to people I know, my past physical health has been excellent.",How would you say your health is?
"Emotional, Environmental, Physical",How happy are you with your current health?,3,30,30,My physical health has restricted me in the past.,I expect my physical health to get worse.,My body seems to resist physical illness very well.,How satisfied are you with your current physical health?,"Compared to people I know, my past physical health has been excellent.",How would you say your health is?
"Emotional, Environmental, Physical",I feel that my current physical health is very good.,3,30,30,My physical health has restricted me in the past.,I expect my physical health to get worse.,My body seems to resist physical illness very well.,How satisfied are you with your current physical health?,"Compared to people I know, my past physical health has been excellent.",How would you say your health is?
"Emotional, Environmental, Physical",I would say I enjoy eating healthy.,3,30,30,My physical health has restricted me in the past.,I expect my physical health to get worse.,My body seems to resist physical illness very well.,How satisfied are you with your current physical health?,"Compared to people I know, my past physical health has been excellent.",How would you say your health is?
"Emotional, Environmental, Physical",My health has been very good.,3,30,30,My physical health has restricted me in the past.,I expect my physical health to get worse.,My body seems to resist physical illness very well.,How satisfied are you with your current physical health?,"Compared to people I know, my past physical health has been excellent.",How would you say your health is?
"Emotional, Environmental, Physical",My past physical health has been good.,3,30,30,My physical health has restricted me in the past.,I expect my physical health to get worse.,My body seems to resist physical illness very well.,How satisfied are you with your current physical health?,"Compared to people I know, my past physical health has been excellent.",How would you say your health is?
"Emotional, Environmental, Physical","My physical health has been great, but the past has been bad.",3,30,30,My physical health has restricted me in the past.,I expect my physical health to get worse.,My body seems to resist physical illness very well.,How satisfied are you with your current physical health?,"Compared to people I know, my past physical health has been excellent.",How would you say your health is?
"Emotional, Environmental, Physical","My physical health is good and besides, it's not so great.",3,30,30,My physical health has restricted me in the past.,I expect my physical health to get worse.,My body seems to resist physical illness very well.,How satisfied are you with your current physical health?,"Compared to people I know, my past physical health has been excellent.",How would you say your health is?
"Emotional, Environmental, Physical","It is good, but I am not satisfied with myself.",3,30,30,My physical health has restricted me in the past.,I expect my physical health to get worse.,My body seems to resist physical illness very well.,How satisfied are you with your current physical health?,"Compared to people I know, my past physical health has been excellent.",How would you say your health is?
"Emotional, Environmental, Physical","I feel I have better physical health, than I did years ago, but I am still feeling a little bit better.",3,30,30,My physical health has restricted me in the past.,I expect my physical health to get worse.,My body seems to resist physical illness very well.,How satisfied are you with your current physical health?,"Compared to people I know, my past physical health has been excellent.",How would you say your health is?
"Emotional, Environmental, Physical",It has been worse than I thought.,3,30,30,My physical health has restricted me in the past.,I expect my physical health to get worse.,My body seems to resist physical illness very well.,How satisfied are you with your current physical health?,"Compared to people I know, my past physical health has been excellent.",How would you say your health is?
"Emotional, Environmental, Physical",I'm worried about my mental health.,3,30,30,My physical health has restricted me in the past.,I expect my physical health to get worse.,My body seems to resist physical illness very well.,How satisfied are you with your current physical health?,"Compared to people I know, my past physical health has been excellent.",How would you say your health is?
"Emotional, Environmental, Physical",I feel that I have good health.,3,30,30,My physical health has restricted me in the past.,I expect my physical health to get worse.,My body seems to resist physical illness very well.,How satisfied are you with your current physical health?,"Compared to people I know, my past physical health has been excellent.",How would you say your health is?
"Emotional, Environmental, Physical",Is my physical health poor or stable?,3,30,30,My physical health has restricted me in the past.,I expect my physical health to get worse.,My body seems to resist physical illness very well.,How satisfied are you with your current physical health?,"Compared to people I know, my past physical health has been excellent.",How would you say your health is?
"Emotional, Environmental, Physical",A health assessment will evaluate the health of you physically and mentally.,3,30,30,My physical health has restricted me in the past.,I expect my physical health to get worse.,My body seems to resist physical illness very well.,How satisfied are you with your current physical health?,"Compared to people I know, my past physical health has been excellent.",How would you say your health is?
"Emotional, Environmental, Physical",My physical health has been deteriorating in the past.,3,30,30,My physical health has restricted me in the past.,I expect my physical health to get worse.,My body seems to resist physical illness very well.,How satisfied are you with your current physical health?,"Compared to people I know, my past physical health has been excellent.",How would you say your health is?
"Emotional, Environmental, Physical","When I look at my health, I feel I am healthier.",3,30,30,My physical health has restricted me in the past.,I expect my physical health to get worse.,My body seems to resist physical illness very well.,How satisfied are you with your current physical health?,"Compared to people I know, my past physical health has been excellent.",How would you say your health is?
"Emotional, Environmental, Physical",I have been very healthy in the past.,3,30,30,My physical health has restricted me in the past.,I expect my physical health to get worse.,My body seems to resist physical illness very well.,How satisfied are you with your current physical health?,"Compared to people I know, my past physical health has been excellent.",How would you say your health is?
"Emotional, Environmental, Physical","When you compare yourself to people, how do you feel about your health?",3,30,30,My physical health has restricted me in the past.,I expect my physical health to get worse.,My body seems to resist physical illness very well.,How satisfied are you with your current physical health?,"Compared to people I know, my past physical health has been excellent.",How would you say your health is?
"Emotional, Environmental, Physical",I would say I am healthy.,3,30,30,My physical health has restricted me in the past.,I expect my physical health to get worse.,My body seems to resist physical illness very well.,How satisfied are you with your current physical health?,"Compared to people I know, my past physical health has been excellent.",How would you say your health is?
"Emotional, Environmental, Physical",Physical health is your most recent health.,3,30,30,My physical health has restricted me in the past.,I expect my physical health to get worse.,My body seems to resist physical illness very well.,How satisfied are you with your current physical health?,"Compared to people I know, my past physical health has been excellent.",How would you say your health is?
"Emotional, Environmental, Physical",How do you describe your mental health?,3,30,30,My physical health has restricted me in the past.,I expect my physical health to get worse.,My body seems to resist physical illness very well.,How satisfied are you with your current physical health?,"Compared to people I know, my past physical health has been excellent.",How would you say your health is?
"Emotional, Environmental, Physical",How satisfied are you with your physical health?,3,30,30,My physical health has restricted me in the past.,I expect my physical health to get worse.,My body seems to resist physical illness very well.,How satisfied are you with your current physical health?,"Compared to people I know, my past physical health has been excellent.",How would you say your health is?
"Emotional, Environmental, Physical",My physical health has been amazing and I have been proud of my physical health.,3,30,30,My physical health has restricted me in the past.,I expect my physical health to get worse.,My body seems to resist physical illness very well.,How satisfied are you with your current physical health?,"Compared to people I know, my past physical health has been excellent.",How would you say your health is?
"Emotional, Environmental, Physical",I am generally satisfied with my physical health.,3,30,30,My physical health has restricted me in the past.,I expect my physical health to get worse.,My body seems to resist physical illness very well.,How satisfied are you with your current physical health?,"Compared to people I know, my past physical health has been excellent.",How would you say your health is?
"Emotional, Environmental, Physical",My personal health is good compared to other people.,3,30,30,My physical health has restricted me in the past.,I expect my physical health to get worse.,My body seems to resist physical illness very well.,How satisfied are you with your current physical health?,"Compared to people I know, my past physical health has been excellent.",How would you say your health is?
"Emotional, Environmental, Social",I feel ashamed of myself and others.,3,30,30,I have not experienced many warm and trusting relationships with others.,Maintaining close relationships has been difficult and frustrating for me.,I feel isolated from others,My social relationships are superficial,It is difficult for me to make friends,I feel shut out and excluded by others
"Emotional, Environmental, Social",I have a negative outlook on life.,3,30,30,I have not experienced many warm and trusting relationships with others.,Maintaining close relationships has been difficult and frustrating for me.,I feel isolated from others,My social relationships are superficial,It is difficult for me to make friends,I feel shut out and excluded by others
"Emotional, Environmental, Social",I feel excluded and excluded by others,3,30,30,I have not experienced many warm and trusting relationships with others.,Maintaining close relationships has been difficult and frustrating for me.,I feel isolated from others,My social relationships are superficial,It is difficult for me to make friends,I feel shut out and excluded by others
"Emotional, Environmental, Social",I feel lonely and isolated from others,3,30,30,I have not experienced many warm and trusting relationships with others.,Maintaining close relationships has been difficult and frustrating for me.,I feel isolated from others,My social relationships are superficial,It is difficult for me to make friends,I feel shut out and excluded by others
"Emotional, Environmental, Social",I feel depressed and discouraged by others,3,30,30,I have not experienced many warm and trusting relationships with others.,Maintaining close relationships has been difficult and frustrating for me.,I feel isolated from others,My social relationships are superficial,It is difficult for me to make friends,I feel shut out and excluded by others
"Emotional, Environmental, Social",I feel isolated and excluded by others,3,30,30,I have not experienced many warm and trusting relationships with others.,Maintaining close relationships has been difficult and frustrating for me.,I feel isolated from others,My social relationships are superficial,It is difficult for me to make friends,I feel shut out and excluded by others
"Emotional, Environmental, Social",Currently have not been friends or close friends.,3,30,30,I have not experienced many warm and trusting relationships with others.,Maintaining close relationships has been difficult and frustrating for me.,I feel isolated from others,My social relationships are superficial,It is difficult for me to make friends,I feel shut out and excluded by others
"Emotional, Environmental, Social",I am self-conscious about my social relationships,3,30,30,I have not experienced many warm and trusting relationships with others.,Maintaining close relationships has been difficult and frustrating for me.,I feel isolated from others,My social relationships are superficial,It is difficult for me to make friends,I feel shut out and excluded by others
"Emotional, Environmental, Social",I feel lonely and lonely in social situations,3,30,30,I have not experienced many warm and trusting relationships with others.,Maintaining close relationships has been difficult and frustrating for me.,I feel isolated from others,My social relationships are superficial,It is difficult for me to make friends,I feel shut out and excluded by others
"Emotional, Environmental, Social",I have not had enough of social relationships,3,30,30,I have not experienced many warm and trusting relationships with others.,Maintaining close relationships has been difficult and frustrating for me.,I feel isolated from others,My social relationships are superficial,It is difficult for me to make friends,I feel shut out and excluded by others
"Emotional, Environmental, Social",I feel rushed to reach out and to meet people,3,30,30,I have not experienced many warm and trusting relationships with others.,Maintaining close relationships has been difficult and frustrating for me.,I feel isolated from others,My social relationships are superficial,It is difficult for me to make friends,I feel shut out and excluded by others
"Emotional, Environmental, Social",I feel shy and not loved,3,30,30,I have not experienced many warm and trusting relationships with others.,Maintaining close relationships has been difficult and frustrating for me.,I feel isolated from others,My social relationships are superficial,It is difficult for me to make friends,I feel shut out and excluded by others
"Emotional, Environmental, Social",I feel excluded and shut out by others,3,30,30,I have not experienced many warm and trusting relationships with others.,Maintaining close relationships has been difficult and frustrating for me.,I feel isolated from others,My social relationships are superficial,It is difficult for me to make friends,I feel shut out and excluded by others
"Emotional, Environmental, Social",I feel I do not have close social relationships,3,30,30,I have not experienced many warm and trusting relationships with others.,Maintaining close relationships has been difficult and frustrating for me.,I feel isolated from others,My social relationships are superficial,It is difficult for me to make friends,I feel shut out and excluded by others
"Emotional, Environmental, Social",I feel unable to make friends,3,30,30,I have not experienced many warm and trusting relationships with others.,Maintaining close relationships has been difficult and frustrating for me.,I feel isolated from others,My social relationships are superficial,It is difficult for me to make friends,I feel shut out and excluded by others
"Emotional, Environmental, Social",My social relationships are superficial I feel I feel shut out and excluded by others,3,30,30,I have not experienced many warm and trusting relationships with others.,Maintaining close relationships has been difficult and frustrating for me.,I feel isolated from others,My social relationships are superficial,It is difficult for me to make friends,I feel shut out and excluded by others
"Emotional, Environmental, Social",I have a detached personality and social isolation,3,30,30,I have not experienced many warm and trusting relationships with others.,Maintaining close relationships has been difficult and frustrating for me.,I feel isolated from others,My social relationships are superficial,It is difficult for me to make friends,I feel shut out and excluded by others
"Emotional, Environmental, Social",I feel I am too shy,3,30,30,I have not experienced many warm and trusting relationships with others.,Maintaining close relationships has been difficult and frustrating for me.,I feel isolated from others,My social relationships are superficial,It is difficult for me to make friends,I feel shut out and excluded by others
"Emotional, Environmental, Social",I am very social and social,3,30,30,I have not experienced many warm and trusting relationships with others.,Maintaining close relationships has been difficult and frustrating for me.,I feel isolated from others,My social relationships are superficial,It is difficult for me to make friends,I feel shut out and excluded by others
"Emotional, Environmental, Social",I have been self imposed social isolation,3,30,30,I have not experienced many warm and trusting relationships with others.,Maintaining close relationships has been difficult and frustrating for me.,I feel isolated from others,My social relationships are superficial,It is difficult for me to make friends,I feel shut out and excluded by others
"Emotional, Environmental, Social",Social: I feel isolated from others social relationships are superficial,3,30,30,I have not experienced many warm and trusting relationships with others.,Maintaining close relationships has been difficult and frustrating for me.,I feel isolated from others,My social relationships are superficial,It is difficult for me to make friends,I feel shut out and excluded by others
"Emotional, Environmental, Social",I feel lonely because I can't express my feelings without others,3,30,30,I have not experienced many warm and trusting relationships with others.,Maintaining close relationships has been difficult and frustrating for me.,I feel isolated from others,My social relationships are superficial,It is difficult for me to make friends,I feel shut out and excluded by others
"Emotional, Environmental, Social",I am isolated from others I feel self-inflicted negative feelings I have been surrounded by people who I feel can make you feel lonely,3,30,30,I have not experienced many warm and trusting relationships with others.,Maintaining close relationships has been difficult and frustrating for me.,I feel isolated from others,My social relationships are superficial,It is difficult for me to make friends,I feel shut out and excluded by others
"Emotional, Environmental, Social",I feel self-conscious about others,3,30,30,I have not experienced many warm and trusting relationships with others.,Maintaining close relationships has been difficult and frustrating for me.,I feel isolated from others,My social relationships are superficial,It is difficult for me to make friends,I feel shut out and excluded by others
"Emotional, Environmental, Social",I feel self-conscious and self-destructive,3,30,30,I have not experienced many warm and trusting relationships with others.,Maintaining close relationships has been difficult and frustrating for me.,I feel isolated from others,My social relationships are superficial,It is difficult for me to make friends,I feel shut out and excluded by others
"Emotional, Environmental, Social",I feel emotionally and socially isolated from others.,3,30,30,I have not experienced many warm and trusting relationships with others.,Maintaining close relationships has been difficult and frustrating for me.,I feel isolated from others,My social relationships are superficial,It is difficult for me to make friends,I feel shut out and excluded by others
"Emotional, Environmental, Social",I feel shy and self-isolated from others,3,30,30,I have not experienced many warm and trusting relationships with others.,Maintaining close relationships has been difficult and frustrating for me.,I feel isolated from others,My social relationships are superficial,It is difficult for me to make friends,I feel shut out and excluded by others
"Emotional, Environmental, Social",I feel lonely or withdrawn from others.,3,30,30,I have not experienced many warm and trusting relationships with others.,Maintaining close relationships has been difficult and frustrating for me.,I feel isolated from others,My social relationships are superficial,It is difficult for me to make friends,I feel shut out and excluded by others
"Emotional, Environmental, Social",I have an emotional health status,3,30,30,I have not experienced many warm and trusting relationships with others.,Maintaining close relationships has been difficult and frustrating for me.,I feel isolated from others,My social relationships are superficial,It is difficult for me to make friends,I feel shut out and excluded by others
"Emotional, Environmental, Social",I feel lonely and lonely by others,3,30,30,I have not experienced many warm and trusting relationships with others.,Maintaining close relationships has been difficult and frustrating for me.,I feel isolated from others,My social relationships are superficial,It is difficult for me to make friends,I feel shut out and excluded by others
"Emotional, Environmental, Spiritual",I am feeling optimistic and positive about my life.,3,30,30,"I am able to handle unpleasant or painful feelings like sadness, fear, and anger.",I believe most things happen for a reason.,I have not experienced many warm and trusting relationships with others.,To what extent do you feel you have a sense of direction in your life?,How often do you feel anxious?,I think it is important to have new experiences that challenge how I think about myself and the world.
"Emotional, Environmental, Spiritual",I have positive attitudes towards the world.,3,30,30,"I am able to handle unpleasant or painful feelings like sadness, fear, and anger.",I believe most things happen for a reason.,I have not experienced many warm and trusting relationships with others.,To what extent do you feel you have a sense of direction in your life?,How often do you feel anxious?,I think it is important to have new experiences that challenge how I think about myself and the world.
"Emotional, Environmental, Spiritual",I feel confident in my ability to accept challenges in my life.,3,30,30,"I am able to handle unpleasant or painful feelings like sadness, fear, and anger.",I believe most things happen for a reason.,I have not experienced many warm and trusting relationships with others.,To what extent do you feel you have a sense of direction in your life?,How often do you feel anxious?,I think it is important to have new experiences that challenge how I think about myself and the world.
"Emotional, Environmental, Spiritual",I think people can have healthy relationships and have healthy physical and emotional health.,3,30,30,"I am able to handle unpleasant or painful feelings like sadness, fear, and anger.",I believe most things happen for a reason.,I have not experienced many warm and trusting relationships with others.,To what extent do you feel you have a sense of direction in your life?,How often do you feel anxious?,I think it is important to have new experiences that challenge how I think about myself and the world.
"Emotional, Environmental, Spiritual",I am sensitive to change and have a sense of direction.,3,30,30,"I am able to handle unpleasant or painful feelings like sadness, fear, and anger.",I believe most things happen for a reason.,I have not experienced many warm and trusting relationships with others.,To what extent do you feel you have a sense of direction in your life?,How often do you feel anxious?,I think it is important to have new experiences that challenge how I think about myself and the world.
"Emotional, Environmental, Spiritual",How do you feel about your mental health?,3,30,30,"I am able to handle unpleasant or painful feelings like sadness, fear, and anger.",I believe most things happen for a reason.,I have not experienced many warm and trusting relationships with others.,To what extent do you feel you have a sense of direction in your life?,How often do you feel anxious?,I think it is important to have new experiences that challenge how I think about myself and the world.
"Emotional, Environmental, Spiritual",I have an anxiety disorder which reeks of sadness and anger.,3,30,30,"I am able to handle unpleasant or painful feelings like sadness, fear, and anger.",I believe most things happen for a reason.,I have not experienced many warm and trusting relationships with others.,To what extent do you feel you have a sense of direction in your life?,How often do you feel anxious?,I think it is important to have new experiences that challenge how I think about myself and the world.
"Emotional, Environmental, Spiritual","I feel emotionally, physically, and spiritually healthy",3,30,30,"I am able to handle unpleasant or painful feelings like sadness, fear, and anger.",I believe most things happen for a reason.,I have not experienced many warm and trusting relationships with others.,To what extent do you feel you have a sense of direction in your life?,How often do you feel anxious?,I think it is important to have new experiences that challenge how I think about myself and the world.
"Emotional, Environmental, Spiritual",I feel that I have an understanding of people around me and that I have a sense of direction in my life.,3,30,30,"I am able to handle unpleasant or painful feelings like sadness, fear, and anger.",I believe most things happen for a reason.,I have not experienced many warm and trusting relationships with others.,To what extent do you feel you have a sense of direction in your life?,How often do you feel anxious?,I think it is important to have new experiences that challenge how I think about myself and the world.
"Emotional, Environmental, Spiritual",I am able to take on situations and situations that are challenging and unexpected.,3,30,30,"I am able to handle unpleasant or painful feelings like sadness, fear, and anger.",I believe most things happen for a reason.,I have not experienced many warm and trusting relationships with others.,To what extent do you feel you have a sense of direction in your life?,How often do you feel anxious?,I think it is important to have new experiences that challenge how I think about myself and the world.
"Emotional, Environmental, Spiritual",I have very negative feelings of anxiety and depression.,3,30,30,"I am able to handle unpleasant or painful feelings like sadness, fear, and anger.",I believe most things happen for a reason.,I have not experienced many warm and trusting relationships with others.,To what extent do you feel you have a sense of direction in your life?,How often do you feel anxious?,I think it is important to have new experiences that challenge how I think about myself and the world.
"Emotional, Environmental, Spiritual",I have an emotional or physical illness.,3,30,30,"I am able to handle unpleasant or painful feelings like sadness, fear, and anger.",I believe most things happen for a reason.,I have not experienced many warm and trusting relationships with others.,To what extent do you feel you have a sense of direction in your life?,How often do you feel anxious?,I think it is important to have new experiences that challenge how I think about myself and the world.
"Emotional, Environmental, Spiritual",I can deal with the emotions I experience but have not experienced the physical emotions.,3,30,30,"I am able to handle unpleasant or painful feelings like sadness, fear, and anger.",I believe most things happen for a reason.,I have not experienced many warm and trusting relationships with others.,To what extent do you feel you have a sense of direction in your life?,How often do you feel anxious?,I think it is important to have new experiences that challenge how I think about myself and the world.
"Emotional, Environmental, Spiritual",I think a new experience makes me feel more open and comfortable.,3,30,30,"I am able to handle unpleasant or painful feelings like sadness, fear, and anger.",I believe most things happen for a reason.,I have not experienced many warm and trusting relationships with others.,To what extent do you feel you have a sense of direction in your life?,How often do you feel anxious?,I think it is important to have new experiences that challenge how I think about myself and the world.
"Emotional, Environmental, Spiritual",How many experiences have you had that challenge your thinking about yourself and the world?,3,30,30,"I am able to handle unpleasant or painful feelings like sadness, fear, and anger.",I believe most things happen for a reason.,I have not experienced many warm and trusting relationships with others.,To what extent do you feel you have a sense of direction in your life?,How often do you feel anxious?,I think it is important to have new experiences that challenge how I think about myself and the world.
"Emotional, Environmental, Spiritual",I feel that people are not making the right decisions for themselves and their life and that they need to try things that are different for themselves.,3,30,30,"I am able to handle unpleasant or painful feelings like sadness, fear, and anger.",I believe most things happen for a reason.,I have not experienced many warm and trusting relationships with others.,To what extent do you feel you have a sense of direction in your life?,How often do you feel anxious?,I think it is important to have new experiences that challenge how I think about myself and the world.
"Emotional, Environmental, Spiritual",I have not had a good life experience.,3,30,30,"I am able to handle unpleasant or painful feelings like sadness, fear, and anger.",I believe most things happen for a reason.,I have not experienced many warm and trusting relationships with others.,To what extent do you feel you have a sense of direction in your life?,How often do you feel anxious?,I think it is important to have new experiences that challenge how I think about myself and the world.
"Emotional, Environmental, Spiritual",I have a strong sense of direction in my life.,3,30,30,"I am able to handle unpleasant or painful feelings like sadness, fear, and anger.",I believe most things happen for a reason.,I have not experienced many warm and trusting relationships with others.,To what extent do you feel you have a sense of direction in your life?,How often do you feel anxious?,I think it is important to have new experiences that challenge how I think about myself and the world.
"Emotional, Environmental, Spiritual",I feel less self-conscious about what I am doing or not doing.,3,30,30,"I am able to handle unpleasant or painful feelings like sadness, fear, and anger.",I believe most things happen for a reason.,I have not experienced many warm and trusting relationships with others.,To what extent do you feel you have a sense of direction in your life?,How often do you feel anxious?,I think it is important to have new experiences that challenge how I think about myself and the world.
"Emotional, Environmental, Spiritual",I can see life as a journey not a destination.,3,30,30,"I am able to handle unpleasant or painful feelings like sadness, fear, and anger.",I believe most things happen for a reason.,I have not experienced many warm and trusting relationships with others.,To what extent do you feel you have a sense of direction in your life?,How often do you feel anxious?,I think it is important to have new experiences that challenge how I think about myself and the world.
"Emotional, Environmental, Spiritual",My mental health was not great.,3,30,30,"I am able to handle unpleasant or painful feelings like sadness, fear, and anger.",I believe most things happen for a reason.,I have not experienced many warm and trusting relationships with others.,To what extent do you feel you have a sense of direction in your life?,How often do you feel anxious?,I think it is important to have new experiences that challenge how I think about myself and the world.
"Emotional, Environmental, Spiritual",I think if you have new experiences and challenges to your mental health you are more likely to change.,3,30,30,"I am able to handle unpleasant or painful feelings like sadness, fear, and anger.",I believe most things happen for a reason.,I have not experienced many warm and trusting relationships with others.,To what extent do you feel you have a sense of direction in your life?,How often do you feel anxious?,I think it is important to have new experiences that challenge how I think about myself and the world.
"Emotional, Environmental, Spiritual",I think a sense of direction is important in my life.,3,30,30,"I am able to handle unpleasant or painful feelings like sadness, fear, and anger.",I believe most things happen for a reason.,I have not experienced many warm and trusting relationships with others.,To what extent do you feel you have a sense of direction in your life?,How often do you feel anxious?,I think it is important to have new experiences that challenge how I think about myself and the world.
"Emotional, Environmental, Spiritual",I am able to cope emotionally and spiritually.,3,30,30,"I am able to handle unpleasant or painful feelings like sadness, fear, and anger.",I believe most things happen for a reason.,I have not experienced many warm and trusting relationships with others.,To what extent do you feel you have a sense of direction in your life?,How often do you feel anxious?,I think it is important to have new experiences that challenge how I think about myself and the world.
"Emotional, Environmental, Spiritual",My outlook on life has changed because I have experienced change.,3,30,30,"I am able to handle unpleasant or painful feelings like sadness, fear, and anger.",I believe most things happen for a reason.,I have not experienced many warm and trusting relationships with others.,To what extent do you feel you have a sense of direction in your life?,How often do you feel anxious?,I think it is important to have new experiences that challenge how I think about myself and the world.
"Emotional, Environmental, Spiritual",My feelings of anxiety can lead to more stress in my life.,3,30,30,"I am able to handle unpleasant or painful feelings like sadness, fear, and anger.",I believe most things happen for a reason.,I have not experienced many warm and trusting relationships with others.,To what extent do you feel you have a sense of direction in your life?,How often do you feel anxious?,I think it is important to have new experiences that challenge how I think about myself and the world.
"Emotional, Environmental, Spiritual",I have not experienced a sense of direction in my life.,3,30,30,"I am able to handle unpleasant or painful feelings like sadness, fear, and anger.",I believe most things happen for a reason.,I have not experienced many warm and trusting relationships with others.,To what extent do you feel you have a sense of direction in your life?,How often do you feel anxious?,I think it is important to have new experiences that challenge how I think about myself and the world.
"Emotional, Environmental, Spiritual",I think a lot of changes can be made in my mental health.,3,30,30,"I am able to handle unpleasant or painful feelings like sadness, fear, and anger.",I believe most things happen for a reason.,I have not experienced many warm and trusting relationships with others.,To what extent do you feel you have a sense of direction in your life?,How often do you feel anxious?,I think it is important to have new experiences that challenge how I think about myself and the world.
"Emotional, Environmental, Spiritual","I feel positive and loving, positive thinking and acting.",3,30,30,"I am able to handle unpleasant or painful feelings like sadness, fear, and anger.",I believe most things happen for a reason.,I have not experienced many warm and trusting relationships with others.,To what extent do you feel you have a sense of direction in your life?,How often do you feel anxious?,I think it is important to have new experiences that challenge how I think about myself and the world.
"Emotional, Environmental, Spiritual",I feel very optimistic about my future.,3,30,30,"I am able to handle unpleasant or painful feelings like sadness, fear, and anger.",I believe most things happen for a reason.,I have not experienced many warm and trusting relationships with others.,To what extent do you feel you have a sense of direction in your life?,How often do you feel anxious?,I think it is important to have new experiences that challenge how I think about myself and the world.
"Emotional, Financial, Intellectual",I have been doing well but have been unsatisfied.,3,30,30,"During the past month, how much of a problem has it been for you to keep up enough enthusiasm to get things done?",I am not easily discouraged by failure.,I prefer to take the lead in problem-solving.,"Under pressure, I stay focused and think clearly.","Even when hopeless, I do not give up.",I am uncertain about my ability to do things well in the future.
"Emotional, Financial, Intellectual",I have suffered from mental illness for years.,3,30,30,"During the past month, how much of a problem has it been for you to keep up enough enthusiasm to get things done?",I am not easily discouraged by failure.,I prefer to take the lead in problem-solving.,"Under pressure, I stay focused and think clearly.","Even when hopeless, I do not give up.",I am uncertain about my ability to do things well in the future.
"Emotional, Financial, Intellectual",I have been a failure and I am not a success.,3,30,30,"During the past month, how much of a problem has it been for you to keep up enough enthusiasm to get things done?",I am not easily discouraged by failure.,I prefer to take the lead in problem-solving.,"Under pressure, I stay focused and think clearly.","Even when hopeless, I do not give up.",I am uncertain about my ability to do things well in the future.
"Emotional, Financial, Intellectual",I can't keep up with the pressure to get things done.,3,30,30,"During the past month, how much of a problem has it been for you to keep up enough enthusiasm to get things done?",I am not easily discouraged by failure.,I prefer to take the lead in problem-solving.,"Under pressure, I stay focused and think clearly.","Even when hopeless, I do not give up.",I am uncertain about my ability to do things well in the future.
"Emotional, Financial, Intellectual",I can make money doing things I have no desire to do.,3,30,30,"During the past month, how much of a problem has it been for you to keep up enough enthusiasm to get things done?",I am not easily discouraged by failure.,I prefer to take the lead in problem-solving.,"Under pressure, I stay focused and think clearly.","Even when hopeless, I do not give up.",I am uncertain about my ability to do things well in the future.
"Emotional, Financial, Intellectual",I can not be a loser.,3,30,30,"During the past month, how much of a problem has it been for you to keep up enough enthusiasm to get things done?",I am not easily discouraged by failure.,I prefer to take the lead in problem-solving.,"Under pressure, I stay focused and think clearly.","Even when hopeless, I do not give up.",I am uncertain about my ability to do things well in the future.
"Emotional, Financial, Intellectual",I am confident that I will get things done.,3,30,30,"During the past month, how much of a problem has it been for you to keep up enough enthusiasm to get things done?",I am not easily discouraged by failure.,I prefer to take the lead in problem-solving.,"Under pressure, I stay focused and think clearly.","Even when hopeless, I do not give up.",I am uncertain about my ability to do things well in the future.
"Emotional, Financial, Intellectual",I have been struggling with depression lately.,3,30,30,"During the past month, how much of a problem has it been for you to keep up enough enthusiasm to get things done?",I am not easily discouraged by failure.,I prefer to take the lead in problem-solving.,"Under pressure, I stay focused and think clearly.","Even when hopeless, I do not give up.",I am uncertain about my ability to do things well in the future.
"Emotional, Financial, Intellectual",I'm not easily discouraged by failure.,3,30,30,"During the past month, how much of a problem has it been for you to keep up enough enthusiasm to get things done?",I am not easily discouraged by failure.,I prefer to take the lead in problem-solving.,"Under pressure, I stay focused and think clearly.","Even when hopeless, I do not give up.",I am uncertain about my ability to do things well in the future.
"Emotional, Financial, Intellectual",I have been on a low-key diet for a month.,3,30,30,"During the past month, how much of a problem has it been for you to keep up enough enthusiasm to get things done?",I am not easily discouraged by failure.,I prefer to take the lead in problem-solving.,"Under pressure, I stay focused and think clearly.","Even when hopeless, I do not give up.",I am uncertain about my ability to do things well in the future.
"Emotional, Financial, Intellectual",I have an interest in change and growth.,3,30,30,"During the past month, how much of a problem has it been for you to keep up enough enthusiasm to get things done?",I am not easily discouraged by failure.,I prefer to take the lead in problem-solving.,"Under pressure, I stay focused and think clearly.","Even when hopeless, I do not give up.",I am uncertain about my ability to do things well in the future.
"Emotional, Financial, Intellectual",I have a low level of coping abilities.,3,30,30,"During the past month, how much of a problem has it been for you to keep up enough enthusiasm to get things done?",I am not easily discouraged by failure.,I prefer to take the lead in problem-solving.,"Under pressure, I stay focused and think clearly.","Even when hopeless, I do not give up.",I am uncertain about my ability to do things well in the future.
"Emotional, Financial, Intellectual",I have a sense of achievement and have not lost my mind over the past month.,3,30,30,"During the past month, how much of a problem has it been for you to keep up enough enthusiasm to get things done?",I am not easily discouraged by failure.,I prefer to take the lead in problem-solving.,"Under pressure, I stay focused and think clearly.","Even when hopeless, I do not give up.",I am uncertain about my ability to do things well in the future.
"Emotional, Financial, Intellectual",I am likely to make improvements but have doubts about my future.,3,30,30,"During the past month, how much of a problem has it been for you to keep up enough enthusiasm to get things done?",I am not easily discouraged by failure.,I prefer to take the lead in problem-solving.,"Under pressure, I stay focused and think clearly.","Even when hopeless, I do not give up.",I am uncertain about my ability to do things well in the future.
"Emotional, Financial, Intellectual","I have low energy, and do not have the energy.",3,30,30,"During the past month, how much of a problem has it been for you to keep up enough enthusiasm to get things done?",I am not easily discouraged by failure.,I prefer to take the lead in problem-solving.,"Under pressure, I stay focused and think clearly.","Even when hopeless, I do not give up.",I am uncertain about my ability to do things well in the future.
"Emotional, Financial, Intellectual",I've been feeling a lot of stress over the past month.,3,30,30,"During the past month, how much of a problem has it been for you to keep up enough enthusiasm to get things done?",I am not easily discouraged by failure.,I prefer to take the lead in problem-solving.,"Under pressure, I stay focused and think clearly.","Even when hopeless, I do not give up.",I am uncertain about my ability to do things well in the future.
"Emotional, Financial, Intellectual",I have an irrational fear of losing.,3,30,30,"During the past month, how much of a problem has it been for you to keep up enough enthusiasm to get things done?",I am not easily discouraged by failure.,I prefer to take the lead in problem-solving.,"Under pressure, I stay focused and think clearly.","Even when hopeless, I do not give up.",I am uncertain about my ability to do things well in the future.
"Emotional, Financial, Intellectual",I am optimistic about the future.,3,30,30,"During the past month, how much of a problem has it been for you to keep up enough enthusiasm to get things done?",I am not easily discouraged by failure.,I prefer to take the lead in problem-solving.,"Under pressure, I stay focused and think clearly.","Even when hopeless, I do not give up.",I am uncertain about my ability to do things well in the future.
"Emotional, Financial, Intellectual",I have a very low emotional stress level.,3,30,30,"During the past month, how much of a problem has it been for you to keep up enough enthusiasm to get things done?",I am not easily discouraged by failure.,I prefer to take the lead in problem-solving.,"Under pressure, I stay focused and think clearly.","Even when hopeless, I do not give up.",I am uncertain about my ability to do things well in the future.
"Emotional, Financial, Intellectual",I have been a failure in life.,3,30,30,"During the past month, how much of a problem has it been for you to keep up enough enthusiasm to get things done?",I am not easily discouraged by failure.,I prefer to take the lead in problem-solving.,"Under pressure, I stay focused and think clearly.","Even when hopeless, I do not give up.",I am uncertain about my ability to do things well in the future.
"Emotional, Financial, Intellectual",I am optimistic and can do things.,3,30,30,"During the past month, how much of a problem has it been for you to keep up enough enthusiasm to get things done?",I am not easily discouraged by failure.,I prefer to take the lead in problem-solving.,"Under pressure, I stay focused and think clearly.","Even when hopeless, I do not give up.",I am uncertain about my ability to do things well in the future.
"Emotional, Financial, Intellectual",I have been feeling down lately.,3,30,30,"During the past month, how much of a problem has it been for you to keep up enough enthusiasm to get things done?",I am not easily discouraged by failure.,I prefer to take the lead in problem-solving.,"Under pressure, I stay focused and think clearly.","Even when hopeless, I do not give up.",I am uncertain about my ability to do things well in the future.
"Emotional, Financial, Intellectual",I can't wait to achieve my goals.,3,30,30,"During the past month, how much of a problem has it been for you to keep up enough enthusiasm to get things done?",I am not easily discouraged by failure.,I prefer to take the lead in problem-solving.,"Under pressure, I stay focused and think clearly.","Even when hopeless, I do not give up.",I am uncertain about my ability to do things well in the future.
"Emotional, Financial, Intellectual",I have a stable mindset and can handle stress.,3,30,30,"During the past month, how much of a problem has it been for you to keep up enough enthusiasm to get things done?",I am not easily discouraged by failure.,I prefer to take the lead in problem-solving.,"Under pressure, I stay focused and think clearly.","Even when hopeless, I do not give up.",I am uncertain about my ability to do things well in the future.
"Emotional, Financial, Intellectual","I am confident that I can do something, but uncertain about my ability to do things well in the future.",3,30,30,"During the past month, how much of a problem has it been for you to keep up enough enthusiasm to get things done?",I am not easily discouraged by failure.,I prefer to take the lead in problem-solving.,"Under pressure, I stay focused and think clearly.","Even when hopeless, I do not give up.",I am uncertain about my ability to do things well in the future.
"Emotional, Financial, Intellectual",I am unemployed and am not happy.,3,30,30,"During the past month, how much of a problem has it been for you to keep up enough enthusiasm to get things done?",I am not easily discouraged by failure.,I prefer to take the lead in problem-solving.,"Under pressure, I stay focused and think clearly.","Even when hopeless, I do not give up.",I am uncertain about my ability to do things well in the future.
"Emotional, Financial, Intellectual",I have not developed the necessary mental skills to make the tasks I have become more proficient at.,3,30,30,"During the past month, how much of a problem has it been for you to keep up enough enthusiasm to get things done?",I am not easily discouraged by failure.,I prefer to take the lead in problem-solving.,"Under pressure, I stay focused and think clearly.","Even when hopeless, I do not give up.",I am uncertain about my ability to do things well in the future.
"Emotional, Financial, Intellectual",I have an attitude toward success.,3,30,30,"During the past month, how much of a problem has it been for you to keep up enough enthusiasm to get things done?",I am not easily discouraged by failure.,I prefer to take the lead in problem-solving.,"Under pressure, I stay focused and think clearly.","Even when hopeless, I do not give up.",I am uncertain about my ability to do things well in the future.
"Emotional, Financial, Intellectual",I am in a crisis with my emotional health.,3,30,30,"During the past month, how much of a problem has it been for you to keep up enough enthusiasm to get things done?",I am not easily discouraged by failure.,I prefer to take the lead in problem-solving.,"Under pressure, I stay focused and think clearly.","Even when hopeless, I do not give up.",I am uncertain about my ability to do things well in the future.
"Emotional, Financial, Intellectual",I am anxious but not fearful of failure.,3,30,30,"During the past month, how much of a problem has it been for you to keep up enough enthusiasm to get things done?",I am not easily discouraged by failure.,I prefer to take the lead in problem-solving.,"Under pressure, I stay focused and think clearly.","Even when hopeless, I do not give up.",I am uncertain about my ability to do things well in the future.
"Emotional, Financial, Occupational",I am very grateful to have a steady companion.,3,30,30,I feel starved for company,To what extent do you feel that what you do in your life is valuable and worthwhile?,"Even when hopeless, I do not give up.",I am unhappy being so withdrawn,I am unhappy doing so many things alone,I sometimes think I am a worthless individual.
"Emotional, Financial, Occupational",I feel that I am an irresponsible individual.,3,30,30,I feel starved for company,To what extent do you feel that what you do in your life is valuable and worthwhile?,"Even when hopeless, I do not give up.",I am unhappy being so withdrawn,I am unhappy doing so many things alone,I sometimes think I am a worthless individual.
"Emotional, Financial, Occupational",I am feeling angry that I am not well with myself,3,30,30,I feel starved for company,To what extent do you feel that what you do in your life is valuable and worthwhile?,"Even when hopeless, I do not give up.",I am unhappy being so withdrawn,I am unhappy doing so many things alone,I sometimes think I am a worthless individual.
"Emotional, Financial, Occupational",I am not happy about my situation,3,30,30,I feel starved for company,To what extent do you feel that what you do in your life is valuable and worthwhile?,"Even when hopeless, I do not give up.",I am unhappy being so withdrawn,I am unhappy doing so many things alone,I sometimes think I am a worthless individual.
"Emotional, Financial, Occupational",I feel that I am unappreciated,3,30,30,I feel starved for company,To what extent do you feel that what you do in your life is valuable and worthwhile?,"Even when hopeless, I do not give up.",I am unhappy being so withdrawn,I am unhappy doing so many things alone,I sometimes think I am a worthless individual.
"Emotional, Financial, Occupational",My self-report mental health statements include : None of the above,3,30,30,I feel starved for company,To what extent do you feel that what you do in your life is valuable and worthwhile?,"Even when hopeless, I do not give up.",I am unhappy being so withdrawn,I am unhappy doing so many things alone,I sometimes think I am a worthless individual.
"Emotional, Financial, Occupational",I am unlucky with what I do in my life,3,30,30,I feel starved for company,To what extent do you feel that what you do in your life is valuable and worthwhile?,"Even when hopeless, I do not give up.",I am unhappy being so withdrawn,I am unhappy doing so many things alone,I sometimes think I am a worthless individual.
"Emotional, Financial, Occupational",I feel sad that I can't do much alone,3,30,30,I feel starved for company,To what extent do you feel that what you do in your life is valuable and worthwhile?,"Even when hopeless, I do not give up.",I am unhappy being so withdrawn,I am unhappy doing so many things alone,I sometimes think I am a worthless individual.
"Emotional, Financial, Occupational","I am resentful of others, I am depressed and I am lonely.",3,30,30,I feel starved for company,To what extent do you feel that what you do in your life is valuable and worthwhile?,"Even when hopeless, I do not give up.",I am unhappy being so withdrawn,I am unhappy doing so many things alone,I sometimes think I am a worthless individual.
"Emotional, Financial, Occupational",I am not good at speaking English,3,30,30,I feel starved for company,To what extent do you feel that what you do in your life is valuable and worthwhile?,"Even when hopeless, I do not give up.",I am unhappy being so withdrawn,I am unhappy doing so many things alone,I sometimes think I am a worthless individual.
"Emotional, Financial, Occupational",I am happy I have no self-esteem and no social skills.,3,30,30,I feel starved for company,To what extent do you feel that what you do in your life is valuable and worthwhile?,"Even when hopeless, I do not give up.",I am unhappy being so withdrawn,I am unhappy doing so many things alone,I sometimes think I am a worthless individual.
"Emotional, Financial, Occupational",I am unhappy being alone and being alone,3,30,30,I feel starved for company,To what extent do you feel that what you do in your life is valuable and worthwhile?,"Even when hopeless, I do not give up.",I am unhappy being so withdrawn,I am unhappy doing so many things alone,I sometimes think I am a worthless individual.
"Emotional, Financial, Occupational",I feel so withdrawn that I am irritable.,3,30,30,I feel starved for company,To what extent do you feel that what you do in your life is valuable and worthwhile?,"Even when hopeless, I do not give up.",I am unhappy being so withdrawn,I am unhappy doing so many things alone,I sometimes think I am a worthless individual.
"Emotional, Financial, Occupational",I am unfulfilled in my life,3,30,30,I feel starved for company,To what extent do you feel that what you do in your life is valuable and worthwhile?,"Even when hopeless, I do not give up.",I am unhappy being so withdrawn,I am unhappy doing so many things alone,I sometimes think I am a worthless individual.
"Emotional, Financial, Occupational",I am emotionally insecure and do not feel that I am worth living,3,30,30,I feel starved for company,To what extent do you feel that what you do in your life is valuable and worthwhile?,"Even when hopeless, I do not give up.",I am unhappy being so withdrawn,I am unhappy doing so many things alone,I sometimes think I am a worthless individual.
"Emotional, Financial, Occupational",I feel that my family and friends are not supportive,3,30,30,I feel starved for company,To what extent do you feel that what you do in your life is valuable and worthwhile?,"Even when hopeless, I do not give up.",I am unhappy being so withdrawn,I am unhappy doing so many things alone,I sometimes think I am a worthless individual.
"Emotional, Financial, Occupational",I am unhappy in a very lonely way,3,30,30,I feel starved for company,To what extent do you feel that what you do in your life is valuable and worthwhile?,"Even when hopeless, I do not give up.",I am unhappy being so withdrawn,I am unhappy doing so many things alone,I sometimes think I am a worthless individual.
"Emotional, Financial, Occupational",I am unhappy alone in a family.,3,30,30,I feel starved for company,To what extent do you feel that what you do in your life is valuable and worthwhile?,"Even when hopeless, I do not give up.",I am unhappy being so withdrawn,I am unhappy doing so many things alone,I sometimes think I am a worthless individual.
"Emotional, Financial, Occupational",I am not good at being happy.,3,30,30,I feel starved for company,To what extent do you feel that what you do in your life is valuable and worthwhile?,"Even when hopeless, I do not give up.",I am unhappy being so withdrawn,I am unhappy doing so many things alone,I sometimes think I am a worthless individual.
"Emotional, Financial, Occupational",I am sad I am withdrawn I am angry I am alone,3,30,30,I feel starved for company,To what extent do you feel that what you do in your life is valuable and worthwhile?,"Even when hopeless, I do not give up.",I am unhappy being so withdrawn,I am unhappy doing so many things alone,I sometimes think I am a worthless individual.
"Emotional, Financial, Occupational",I am unhappy with my life,3,30,30,I feel starved for company,To what extent do you feel that what you do in your life is valuable and worthwhile?,"Even when hopeless, I do not give up.",I am unhappy being so withdrawn,I am unhappy doing so many things alone,I sometimes think I am a worthless individual.
"Emotional, Financial, Occupational",I am also irritable with my job and alone life.,3,30,30,I feel starved for company,To what extent do you feel that what you do in your life is valuable and worthwhile?,"Even when hopeless, I do not give up.",I am unhappy being so withdrawn,I am unhappy doing so many things alone,I sometimes think I am a worthless individual.
"Emotional, Financial, Occupational",I am sad that I am alone.,3,30,30,I feel starved for company,To what extent do you feel that what you do in your life is valuable and worthwhile?,"Even when hopeless, I do not give up.",I am unhappy being so withdrawn,I am unhappy doing so many things alone,I sometimes think I am a worthless individual.
"Emotional, Financial, Occupational",I am happy I live so happily,3,30,30,I feel starved for company,To what extent do you feel that what you do in your life is valuable and worthwhile?,"Even when hopeless, I do not give up.",I am unhappy being so withdrawn,I am unhappy doing so many things alone,I sometimes think I am a worthless individual.
"Emotional, Financial, Occupational",I am miserable doing so many things alone,3,30,30,I feel starved for company,To what extent do you feel that what you do in your life is valuable and worthwhile?,"Even when hopeless, I do not give up.",I am unhappy being so withdrawn,I am unhappy doing so many things alone,I sometimes think I am a worthless individual.
"Emotional, Financial, Occupational",I feel ill financially but I still make money,3,30,30,I feel starved for company,To what extent do you feel that what you do in your life is valuable and worthwhile?,"Even when hopeless, I do not give up.",I am unhappy being so withdrawn,I am unhappy doing so many things alone,I sometimes think I am a worthless individual.
"Emotional, Financial, Occupational",i do not feel good about myself,3,30,30,I feel starved for company,To what extent do you feel that what you do in your life is valuable and worthwhile?,"Even when hopeless, I do not give up.",I am unhappy being so withdrawn,I am unhappy doing so many things alone,I sometimes think I am a worthless individual.
"Emotional, Financial, Occupational",I feel sad that my family members are not doing their best to support me,3,30,30,I feel starved for company,To what extent do you feel that what you do in your life is valuable and worthwhile?,"Even when hopeless, I do not give up.",I am unhappy being so withdrawn,I am unhappy doing so many things alone,I sometimes think I am a worthless individual.
"Emotional, Financial, Occupational",I am sad to have so many things to do alone,3,30,30,I feel starved for company,To what extent do you feel that what you do in your life is valuable and worthwhile?,"Even when hopeless, I do not give up.",I am unhappy being so withdrawn,I am unhappy doing so many things alone,I sometimes think I am a worthless individual.
"Emotional, Financial, Occupational",I feel I am not doing enough for the other person.,3,30,30,I feel starved for company,To what extent do you feel that what you do in your life is valuable and worthwhile?,"Even when hopeless, I do not give up.",I am unhappy being so withdrawn,I am unhappy doing so many things alone,I sometimes think I am a worthless individual.
"Emotional, Financial, Physical",I have been having issues sleeping.,3,30,30,My physical health has restricted me in the past.,"I tend to bounce back after illness, injury, or other hardships.","In times of stress, I know where to find help.","During the past month, how often have you had trouble sleeping because you cannot breathe comfortably?",I am always optimistic about my future.,"During the past month, how often have you had trouble sleeping because you have pain?"
"Emotional, Financial, Physical",I have difficulty sleeping because of pain.,3,30,30,My physical health has restricted me in the past.,"I tend to bounce back after illness, injury, or other hardships.","In times of stress, I know where to find help.","During the past month, how often have you had trouble sleeping because you cannot breathe comfortably?",I am always optimistic about my future.,"During the past month, how often have you had trouble sleeping because you have pain?"
"Emotional, Financial, Physical",I have an emotional health and financial status.,3,30,30,My physical health has restricted me in the past.,"I tend to bounce back after illness, injury, or other hardships.","In times of stress, I know where to find help.","During the past month, how often have you had trouble sleeping because you cannot breathe comfortably?",I am always optimistic about my future.,"During the past month, how often have you had trouble sleeping because you have pain?"
"Emotional, Financial, Physical",I feel insecure about the future.,3,30,30,My physical health has restricted me in the past.,"I tend to bounce back after illness, injury, or other hardships.","In times of stress, I know where to find help.","During the past month, how often have you had trouble sleeping because you cannot breathe comfortably?",I am always optimistic about my future.,"During the past month, how often have you had trouble sleeping because you have pain?"
"Emotional, Financial, Physical",I have been having a nightmare.,3,30,30,My physical health has restricted me in the past.,"I tend to bounce back after illness, injury, or other hardships.","In times of stress, I know where to find help.","During the past month, how often have you had trouble sleeping because you cannot breathe comfortably?",I am always optimistic about my future.,"During the past month, how often have you had trouble sleeping because you have pain?"
"Emotional, Financial, Physical",I have been feeling irritable in the past.,3,30,30,My physical health has restricted me in the past.,"I tend to bounce back after illness, injury, or other hardships.","In times of stress, I know where to find help.","During the past month, how often have you had trouble sleeping because you cannot breathe comfortably?",I am always optimistic about my future.,"During the past month, how often have you had trouble sleeping because you have pain?"
"Emotional, Financial, Physical",I feel like I have a lot of pain in my head.,3,30,30,My physical health has restricted me in the past.,"I tend to bounce back after illness, injury, or other hardships.","In times of stress, I know where to find help.","During the past month, how often have you had trouble sleeping because you cannot breathe comfortably?",I am always optimistic about my future.,"During the past month, how often have you had trouble sleeping because you have pain?"
"Emotional, Financial, Physical",I have experienced pain in my lower back.,3,30,30,My physical health has restricted me in the past.,"I tend to bounce back after illness, injury, or other hardships.","In times of stress, I know where to find help.","During the past month, how often have you had trouble sleeping because you cannot breathe comfortably?",I am always optimistic about my future.,"During the past month, how often have you had trouble sleeping because you have pain?"
"Emotional, Financial, Physical",I suffer from pain and depression.,3,30,30,My physical health has restricted me in the past.,"I tend to bounce back after illness, injury, or other hardships.","In times of stress, I know where to find help.","During the past month, how often have you had trouble sleeping because you cannot breathe comfortably?",I am always optimistic about my future.,"During the past month, how often have you had trouble sleeping because you have pain?"
"Emotional, Financial, Physical",I have been very emotional and I suffer from depression and anxiety.,3,30,30,My physical health has restricted me in the past.,"I tend to bounce back after illness, injury, or other hardships.","In times of stress, I know where to find help.","During the past month, how often have you had trouble sleeping because you cannot breathe comfortably?",I am always optimistic about my future.,"During the past month, how often have you had trouble sleeping because you have pain?"
"Emotional, Financial, Physical",I have not gotten along with other people in the past.,3,30,30,My physical health has restricted me in the past.,"I tend to bounce back after illness, injury, or other hardships.","In times of stress, I know where to find help.","During the past month, how often have you had trouble sleeping because you cannot breathe comfortably?",I am always optimistic about my future.,"During the past month, how often have you had trouble sleeping because you have pain?"
"Emotional, Financial, Physical",I have had pain in my neck and my shoulders.,3,30,30,My physical health has restricted me in the past.,"I tend to bounce back after illness, injury, or other hardships.","In times of stress, I know where to find help.","During the past month, how often have you had trouble sleeping because you cannot breathe comfortably?",I am always optimistic about my future.,"During the past month, how often have you had trouble sleeping because you have pain?"
"Emotional, Financial, Physical","I have been diagnosed with acute fatigue syndrome, and have been on meds since I was infected.",3,30,30,My physical health has restricted me in the past.,"I tend to bounce back after illness, injury, or other hardships.","In times of stress, I know where to find help.","During the past month, how often have you had trouble sleeping because you cannot breathe comfortably?",I am always optimistic about my future.,"During the past month, how often have you had trouble sleeping because you have pain?"
"Emotional, Financial, Physical",I have been having difficulties sleeping because I have pain.,3,30,30,My physical health has restricted me in the past.,"I tend to bounce back after illness, injury, or other hardships.","In times of stress, I know where to find help.","During the past month, how often have you had trouble sleeping because you cannot breathe comfortably?",I am always optimistic about my future.,"During the past month, how often have you had trouble sleeping because you have pain?"
"Emotional, Financial, Physical",I rarely wake up in the middle of the night.,3,30,30,My physical health has restricted me in the past.,"I tend to bounce back after illness, injury, or other hardships.","In times of stress, I know where to find help.","During the past month, how often have you had trouble sleeping because you cannot breathe comfortably?",I am always optimistic about my future.,"During the past month, how often have you had trouble sleeping because you have pain?"
"Emotional, Financial, Physical",I have been eating unhealthy food.,3,30,30,My physical health has restricted me in the past.,"I tend to bounce back after illness, injury, or other hardships.","In times of stress, I know where to find help.","During the past month, how often have you had trouble sleeping because you cannot breathe comfortably?",I am always optimistic about my future.,"During the past month, how often have you had trouble sleeping because you have pain?"
"Emotional, Financial, Physical",I have experienced issues in my mental health.,3,30,30,My physical health has restricted me in the past.,"I tend to bounce back after illness, injury, or other hardships.","In times of stress, I know where to find help.","During the past month, how often have you had trouble sleeping because you cannot breathe comfortably?",I am always optimistic about my future.,"During the past month, how often have you had trouble sleeping because you have pain?"
"Emotional, Financial, Physical",I have been unproductive all of my life.,3,30,30,My physical health has restricted me in the past.,"I tend to bounce back after illness, injury, or other hardships.","In times of stress, I know where to find help.","During the past month, how often have you had trouble sleeping because you cannot breathe comfortably?",I am always optimistic about my future.,"During the past month, how often have you had trouble sleeping because you have pain?"
"Emotional, Financial, Physical",I have had trouble sleeping because I am always having pain in my shoulder.,3,30,30,My physical health has restricted me in the past.,"I tend to bounce back after illness, injury, or other hardships.","In times of stress, I know where to find help.","During the past month, how often have you had trouble sleeping because you cannot breathe comfortably?",I am always optimistic about my future.,"During the past month, how often have you had trouble sleeping because you have pain?"
"Emotional, Financial, Physical",I have trouble sleeping because I have pain.,3,30,30,My physical health has restricted me in the past.,"I tend to bounce back after illness, injury, or other hardships.","In times of stress, I know where to find help.","During the past month, how often have you had trouble sleeping because you cannot breathe comfortably?",I am always optimistic about my future.,"During the past month, how often have you had trouble sleeping because you have pain?"
"Emotional, Financial, Physical",I am always feeling under the weather.,3,30,30,My physical health has restricted me in the past.,"I tend to bounce back after illness, injury, or other hardships.","In times of stress, I know where to find help.","During the past month, how often have you had trouble sleeping because you cannot breathe comfortably?",I am always optimistic about my future.,"During the past month, how often have you had trouble sleeping because you have pain?"
"Emotional, Financial, Physical",I often have pain because of the pain.,3,30,30,My physical health has restricted me in the past.,"I tend to bounce back after illness, injury, or other hardships.","In times of stress, I know where to find help.","During the past month, how often have you had trouble sleeping because you cannot breathe comfortably?",I am always optimistic about my future.,"During the past month, how often have you had trouble sleeping because you have pain?"
"Emotional, Financial, Physical",I have had physical health problems in the past.,3,30,30,My physical health has restricted me in the past.,"I tend to bounce back after illness, injury, or other hardships.","In times of stress, I know where to find help.","During the past month, how often have you had trouble sleeping because you cannot breathe comfortably?",I am always optimistic about my future.,"During the past month, how often have you had trouble sleeping because you have pain?"
"Emotional, Financial, Physical",I have recently had physical health issues.,3,30,30,My physical health has restricted me in the past.,"I tend to bounce back after illness, injury, or other hardships.","In times of stress, I know where to find help.","During the past month, how often have you had trouble sleeping because you cannot breathe comfortably?",I am always optimistic about my future.,"During the past month, how often have you had trouble sleeping because you have pain?"
"Emotional, Financial, Physical",I have problems with anxiety and depression.,3,30,30,My physical health has restricted me in the past.,"I tend to bounce back after illness, injury, or other hardships.","In times of stress, I know where to find help.","During the past month, how often have you had trouble sleeping because you cannot breathe comfortably?",I am always optimistic about my future.,"During the past month, how often have you had trouble sleeping because you have pain?"
"Emotional, Financial, Physical",I feel a lot of pain in my body and I have to deal with it.,3,30,30,My physical health has restricted me in the past.,"I tend to bounce back after illness, injury, or other hardships.","In times of stress, I know where to find help.","During the past month, how often have you had trouble sleeping because you cannot breathe comfortably?",I am always optimistic about my future.,"During the past month, how often have you had trouble sleeping because you have pain?"
"Emotional, Financial, Physical",I rarely have the pleasure of feeling pain.,3,30,30,My physical health has restricted me in the past.,"I tend to bounce back after illness, injury, or other hardships.","In times of stress, I know where to find help.","During the past month, how often have you had trouble sleeping because you cannot breathe comfortably?",I am always optimistic about my future.,"During the past month, how often have you had trouble sleeping because you have pain?"
"Emotional, Financial, Physical",I have a feeling of sadness and pain that I do not want to be.,3,30,30,My physical health has restricted me in the past.,"I tend to bounce back after illness, injury, or other hardships.","In times of stress, I know where to find help.","During the past month, how often have you had trouble sleeping because you cannot breathe comfortably?",I am always optimistic about my future.,"During the past month, how often have you had trouble sleeping because you have pain?"
"Emotional, Financial, Physical",I have had pain for over a month.,3,30,30,My physical health has restricted me in the past.,"I tend to bounce back after illness, injury, or other hardships.","In times of stress, I know where to find help.","During the past month, how often have you had trouble sleeping because you cannot breathe comfortably?",I am always optimistic about my future.,"During the past month, how often have you had trouble sleeping because you have pain?"
"Emotional, Financial, Physical",I have problems with my emotional health and my financial health.,3,30,30,My physical health has restricted me in the past.,"I tend to bounce back after illness, injury, or other hardships.","In times of stress, I know where to find help.","During the past month, how often have you had trouble sleeping because you cannot breathe comfortably?",I am always optimistic about my future.,"During the past month, how often have you had trouble sleeping because you have pain?"
"Emotional, Financial, Social",My social relationships have been superficial.,3,30,30,Maintaining close relationships has been difficult and frustrating for me.,"In the past, I have not always had friends with whom I could share my joys and sorrows.",It is difficult for me to make friends,I have one close and secure relationship.,My social relationships are superficial,My family has been available to support me in the past.
"Emotional, Financial, Social",My financial wellbeing has been problematic.,3,30,30,Maintaining close relationships has been difficult and frustrating for me.,"In the past, I have not always had friends with whom I could share my joys and sorrows.",It is difficult for me to make friends,I have one close and secure relationship.,My social relationships are superficial,My family has been available to support me in the past.
"Emotional, Financial, Social",Social has been hard and frustrating for me.,3,30,30,Maintaining close relationships has been difficult and frustrating for me.,"In the past, I have not always had friends with whom I could share my joys and sorrows.",It is difficult for me to make friends,I have one close and secure relationship.,My social relationships are superficial,My family has been available to support me in the past.
"Emotional, Financial, Social",I have lost a family and have taken a break from social life.,3,30,30,Maintaining close relationships has been difficult and frustrating for me.,"In the past, I have not always had friends with whom I could share my joys and sorrows.",It is difficult for me to make friends,I have one close and secure relationship.,My social relationships are superficial,My family has been available to support me in the past.
"Emotional, Financial, Social",I think it is very hard for me to live with the loss of my close and secure relationships.,3,30,30,Maintaining close relationships has been difficult and frustrating for me.,"In the past, I have not always had friends with whom I could share my joys and sorrows.",It is difficult for me to make friends,I have one close and secure relationship.,My social relationships are superficial,My family has been available to support me in the past.
"Emotional, Financial, Social",I have been emotionally depressed in the past because of relationships,3,30,30,Maintaining close relationships has been difficult and frustrating for me.,"In the past, I have not always had friends with whom I could share my joys and sorrows.",It is difficult for me to make friends,I have one close and secure relationship.,My social relationships are superficial,My family has been available to support me in the past.
"Emotional, Financial, Social",I am unsure where I am and have no relationship with anyone.,3,30,30,Maintaining close relationships has been difficult and frustrating for me.,"In the past, I have not always had friends with whom I could share my joys and sorrows.",It is difficult for me to make friends,I have one close and secure relationship.,My social relationships are superficial,My family has been available to support me in the past.
"Emotional, Financial, Social",I have never had close and secure relationships,3,30,30,Maintaining close relationships has been difficult and frustrating for me.,"In the past, I have not always had friends with whom I could share my joys and sorrows.",It is difficult for me to make friends,I have one close and secure relationship.,My social relationships are superficial,My family has been available to support me in the past.
"Emotional, Financial, Social","I have a family, friends and family that can support me.",3,30,30,Maintaining close relationships has been difficult and frustrating for me.,"In the past, I have not always had friends with whom I could share my joys and sorrows.",It is difficult for me to make friends,I have one close and secure relationship.,My social relationships are superficial,My family has been available to support me in the past.
"Emotional, Financial, Social",My relationship with the person I care about has been hard.,3,30,30,Maintaining close relationships has been difficult and frustrating for me.,"In the past, I have not always had friends with whom I could share my joys and sorrows.",It is difficult for me to make friends,I have one close and secure relationship.,My social relationships are superficial,My family has been available to support me in the past.
"Emotional, Financial, Social",I have had a social life.,3,30,30,Maintaining close relationships has been difficult and frustrating for me.,"In the past, I have not always had friends with whom I could share my joys and sorrows.",It is difficult for me to make friends,I have one close and secure relationship.,My social relationships are superficial,My family has been available to support me in the past.
"Emotional, Financial, Social",Having no family has been hard.,3,30,30,Maintaining close relationships has been difficult and frustrating for me.,"In the past, I have not always had friends with whom I could share my joys and sorrows.",It is difficult for me to make friends,I have one close and secure relationship.,My social relationships are superficial,My family has been available to support me in the past.
"Emotional, Financial, Social",I have had difficult social relationships in the past.,3,30,30,Maintaining close relationships has been difficult and frustrating for me.,"In the past, I have not always had friends with whom I could share my joys and sorrows.",It is difficult for me to make friends,I have one close and secure relationship.,My social relationships are superficial,My family has been available to support me in the past.
"Emotional, Financial, Social",I have many limiting social relationships.,3,30,30,Maintaining close relationships has been difficult and frustrating for me.,"In the past, I have not always had friends with whom I could share my joys and sorrows.",It is difficult for me to make friends,I have one close and secure relationship.,My social relationships are superficial,My family has been available to support me in the past.
"Emotional, Financial, Social","I had a close, trusted close-knit relationship.",3,30,30,Maintaining close relationships has been difficult and frustrating for me.,"In the past, I have not always had friends with whom I could share my joys and sorrows.",It is difficult for me to make friends,I have one close and secure relationship.,My social relationships are superficial,My family has been available to support me in the past.
"Emotional, Financial, Social",I have an emotional problem with my self-esteem.,3,30,30,Maintaining close relationships has been difficult and frustrating for me.,"In the past, I have not always had friends with whom I could share my joys and sorrows.",It is difficult for me to make friends,I have one close and secure relationship.,My social relationships are superficial,My family has been available to support me in the past.
"Emotional, Financial, Social",I have an emotional and financial relationship with my family,3,30,30,Maintaining close relationships has been difficult and frustrating for me.,"In the past, I have not always had friends with whom I could share my joys and sorrows.",It is difficult for me to make friends,I have one close and secure relationship.,My social relationships are superficial,My family has been available to support me in the past.
"Emotional, Financial, Social",I have been unable to maintain close relationships in the past.,3,30,30,Maintaining close relationships has been difficult and frustrating for me.,"In the past, I have not always had friends with whom I could share my joys and sorrows.",It is difficult for me to make friends,I have one close and secure relationship.,My social relationships are superficial,My family has been available to support me in the past.
"Emotional, Financial, Social",I have a single close and secure relationship.,3,30,30,Maintaining close relationships has been difficult and frustrating for me.,"In the past, I have not always had friends with whom I could share my joys and sorrows.",It is difficult for me to make friends,I have one close and secure relationship.,My social relationships are superficial,My family has been available to support me in the past.
"Emotional, Financial, Social",social relationships have been difficult and frustrating for me.,3,30,30,Maintaining close relationships has been difficult and frustrating for me.,"In the past, I have not always had friends with whom I could share my joys and sorrows.",It is difficult for me to make friends,I have one close and secure relationship.,My social relationships are superficial,My family has been available to support me in the past.
"Emotional, Financial, Social",Having one close and secure relationship is hard for me,3,30,30,Maintaining close relationships has been difficult and frustrating for me.,"In the past, I have not always had friends with whom I could share my joys and sorrows.",It is difficult for me to make friends,I have one close and secure relationship.,My social relationships are superficial,My family has been available to support me in the past.
"Emotional, Financial, Social",I have been isolated from family by my mental health,3,30,30,Maintaining close relationships has been difficult and frustrating for me.,"In the past, I have not always had friends with whom I could share my joys and sorrows.",It is difficult for me to make friends,I have one close and secure relationship.,My social relationships are superficial,My family has been available to support me in the past.
"Emotional, Financial, Social",I have lost control of my social support system.,3,30,30,Maintaining close relationships has been difficult and frustrating for me.,"In the past, I have not always had friends with whom I could share my joys and sorrows.",It is difficult for me to make friends,I have one close and secure relationship.,My social relationships are superficial,My family has been available to support me in the past.
"Emotional, Financial, Social",I have had social relationships for a long time,3,30,30,Maintaining close relationships has been difficult and frustrating for me.,"In the past, I have not always had friends with whom I could share my joys and sorrows.",It is difficult for me to make friends,I have one close and secure relationship.,My social relationships are superficial,My family has been available to support me in the past.
"Emotional, Financial, Social",I have been in a relationship for years,3,30,30,Maintaining close relationships has been difficult and frustrating for me.,"In the past, I have not always had friends with whom I could share my joys and sorrows.",It is difficult for me to make friends,I have one close and secure relationship.,My social relationships are superficial,My family has been available to support me in the past.
"Emotional, Financial, Social",I have not been able to maintain close relationships with whom I could share my joys and sorrows.,3,30,30,Maintaining close relationships has been difficult and frustrating for me.,"In the past, I have not always had friends with whom I could share my joys and sorrows.",It is difficult for me to make friends,I have one close and secure relationship.,My social relationships are superficial,My family has been available to support me in the past.
"Emotional, Financial, Social",I have never had close relationships with whom I could share my joys and sorrows.,3,30,30,Maintaining close relationships has been difficult and frustrating for me.,"In the past, I have not always had friends with whom I could share my joys and sorrows.",It is difficult for me to make friends,I have one close and secure relationship.,My social relationships are superficial,My family has been available to support me in the past.
"Emotional, Financial, Social",I have had an alcoholic past.,3,30,30,Maintaining close relationships has been difficult and frustrating for me.,"In the past, I have not always had friends with whom I could share my joys and sorrows.",It is difficult for me to make friends,I have one close and secure relationship.,My social relationships are superficial,My family has been available to support me in the past.
"Emotional, Financial, Social",I feel low in social relationships,3,30,30,Maintaining close relationships has been difficult and frustrating for me.,"In the past, I have not always had friends with whom I could share my joys and sorrows.",It is difficult for me to make friends,I have one close and secure relationship.,My social relationships are superficial,My family has been available to support me in the past.
"Emotional, Financial, Social",I have not always had friends,3,30,30,Maintaining close relationships has been difficult and frustrating for me.,"In the past, I have not always had friends with whom I could share my joys and sorrows.",It is difficult for me to make friends,I have one close and secure relationship.,My social relationships are superficial,My family has been available to support me in the past.
"Emotional, Financial, Spiritual",What's your outlook on this report?,3,30,30,Sometimes fate or God helps me.,"Even when hopeless, I do not give up.","In times of stress, I know where to find help.",I believe most things happen for a reason.,Life does not hold much future promise for me.,"During the past month, how often have you had trouble sleeping because you have bad dreams?"
"Emotional, Financial, Spiritual",I think the future holds a lot of hope for me.,3,30,30,Sometimes fate or God helps me.,"Even when hopeless, I do not give up.","In times of stress, I know where to find help.",I believe most things happen for a reason.,Life does not hold much future promise for me.,"During the past month, how often have you had trouble sleeping because you have bad dreams?"
"Emotional, Financial, Spiritual",I feel so stressed that I can't find any help.,3,30,30,Sometimes fate or God helps me.,"Even when hopeless, I do not give up.","In times of stress, I know where to find help.",I believe most things happen for a reason.,Life does not hold much future promise for me.,"During the past month, how often have you had trouble sleeping because you have bad dreams?"
"Emotional, Financial, Spiritual",I have been having problems sleeping.,3,30,30,Sometimes fate or God helps me.,"Even when hopeless, I do not give up.","In times of stress, I know where to find help.",I believe most things happen for a reason.,Life does not hold much future promise for me.,"During the past month, how often have you had trouble sleeping because you have bad dreams?"
"Emotional, Financial, Spiritual",Are you having trouble with your dreams?,3,30,30,Sometimes fate or God helps me.,"Even when hopeless, I do not give up.","In times of stress, I know where to find help.",I believe most things happen for a reason.,Life does not hold much future promise for me.,"During the past month, how often have you had trouble sleeping because you have bad dreams?"
"Emotional, Financial, Spiritual",I want to feel happy that I have a safe place to stay.,3,30,30,Sometimes fate or God helps me.,"Even when hopeless, I do not give up.","In times of stress, I know where to find help.",I believe most things happen for a reason.,Life does not hold much future promise for me.,"During the past month, how often have you had trouble sleeping because you have bad dreams?"
"Emotional, Financial, Spiritual",i have had so many bad dreams.,3,30,30,Sometimes fate or God helps me.,"Even when hopeless, I do not give up.","In times of stress, I know where to find help.",I believe most things happen for a reason.,Life does not hold much future promise for me.,"During the past month, how often have you had trouble sleeping because you have bad dreams?"
"Emotional, Financial, Spiritual",I have had problems sleeping lately.,3,30,30,Sometimes fate or God helps me.,"Even when hopeless, I do not give up.","In times of stress, I know where to find help.",I believe most things happen for a reason.,Life does not hold much future promise for me.,"During the past month, how often have you had trouble sleeping because you have bad dreams?"
"Emotional, Financial, Spiritual",Sometimes I give up because I have been battling depression.,3,30,30,Sometimes fate or God helps me.,"Even when hopeless, I do not give up.","In times of stress, I know where to find help.",I believe most things happen for a reason.,Life does not hold much future promise for me.,"During the past month, how often have you had trouble sleeping because you have bad dreams?"
"Emotional, Financial, Spiritual",I have been feeling emotionally and financially down the drain.,3,30,30,Sometimes fate or God helps me.,"Even when hopeless, I do not give up.","In times of stress, I know where to find help.",I believe most things happen for a reason.,Life does not hold much future promise for me.,"During the past month, how often have you had trouble sleeping because you have bad dreams?"
"Emotional, Financial, Spiritual",I was very sad today and am feeling sad i was very sad this past week.,3,30,30,Sometimes fate or God helps me.,"Even when hopeless, I do not give up.","In times of stress, I know where to find help.",I believe most things happen for a reason.,Life does not hold much future promise for me.,"During the past month, how often have you had trouble sleeping because you have bad dreams?"
"Emotional, Financial, Spiritual",I had bad dreams during the past month.,3,30,30,Sometimes fate or God helps me.,"Even when hopeless, I do not give up.","In times of stress, I know where to find help.",I believe most things happen for a reason.,Life does not hold much future promise for me.,"During the past month, how often have you had trouble sleeping because you have bad dreams?"
"Emotional, Financial, Spiritual",What type of coping strategies do you find helpful?,3,30,30,Sometimes fate or God helps me.,"Even when hopeless, I do not give up.","In times of stress, I know where to find help.",I believe most things happen for a reason.,Life does not hold much future promise for me.,"During the past month, how often have you had trouble sleeping because you have bad dreams?"
"Emotional, Financial, Spiritual","I sometimes have no idea what the future holds for me, I always try to keep hope in mind.",3,30,30,Sometimes fate or God helps me.,"Even when hopeless, I do not give up.","In times of stress, I know where to find help.",I believe most things happen for a reason.,Life does not hold much future promise for me.,"During the past month, how often have you had trouble sleeping because you have bad dreams?"
"Emotional, Financial, Spiritual",I've had depression for a year.,3,30,30,Sometimes fate or God helps me.,"Even when hopeless, I do not give up.","In times of stress, I know where to find help.",I believe most things happen for a reason.,Life does not hold much future promise for me.,"During the past month, how often have you had trouble sleeping because you have bad dreams?"
"Emotional, Financial, Spiritual",I'm not sure I'm good at it.,3,30,30,Sometimes fate or God helps me.,"Even when hopeless, I do not give up.","In times of stress, I know where to find help.",I believe most things happen for a reason.,Life does not hold much future promise for me.,"During the past month, how often have you had trouble sleeping because you have bad dreams?"
"Emotional, Financial, Spiritual",I have a weak immune system.,3,30,30,Sometimes fate or God helps me.,"Even when hopeless, I do not give up.","In times of stress, I know where to find help.",I believe most things happen for a reason.,Life does not hold much future promise for me.,"During the past month, how often have you had trouble sleeping because you have bad dreams?"
"Emotional, Financial, Spiritual",I have experienced some kind of depression.,3,30,30,Sometimes fate or God helps me.,"Even when hopeless, I do not give up.","In times of stress, I know where to find help.",I believe most things happen for a reason.,Life does not hold much future promise for me.,"During the past month, how often have you had trouble sleeping because you have bad dreams?"
"Emotional, Financial, Spiritual",I'm afraid of the future,3,30,30,Sometimes fate or God helps me.,"Even when hopeless, I do not give up.","In times of stress, I know where to find help.",I believe most things happen for a reason.,Life does not hold much future promise for me.,"During the past month, how often have you had trouble sleeping because you have bad dreams?"
"Emotional, Financial, Spiritual","I have always been very optimistic, I have never given up, and I have never given up.",3,30,30,Sometimes fate or God helps me.,"Even when hopeless, I do not give up.","In times of stress, I know where to find help.",I believe most things happen for a reason.,Life does not hold much future promise for me.,"During the past month, how often have you had trouble sleeping because you have bad dreams?"
"Emotional, Financial, Spiritual","I have been sleeping poorly, have a bad dream, and have been unsteady throughout the past month.",3,30,30,Sometimes fate or God helps me.,"Even when hopeless, I do not give up.","In times of stress, I know where to find help.",I believe most things happen for a reason.,Life does not hold much future promise for me.,"During the past month, how often have you had trouble sleeping because you have bad dreams?"
"Emotional, Financial, Spiritual",I believe my fears and anxiety are real and there is nothing I can do.,3,30,30,Sometimes fate or God helps me.,"Even when hopeless, I do not give up.","In times of stress, I know where to find help.",I believe most things happen for a reason.,Life does not hold much future promise for me.,"During the past month, how often have you had trouble sleeping because you have bad dreams?"
"Emotional, Financial, Spiritual",My spirituality is always strong and uplifting.,3,30,30,Sometimes fate or God helps me.,"Even when hopeless, I do not give up.","In times of stress, I know where to find help.",I believe most things happen for a reason.,Life does not hold much future promise for me.,"During the past month, how often have you had trouble sleeping because you have bad dreams?"
"Emotional, Financial, Spiritual",My dreaming has been a problem lately.,3,30,30,Sometimes fate or God helps me.,"Even when hopeless, I do not give up.","In times of stress, I know where to find help.",I believe most things happen for a reason.,Life does not hold much future promise for me.,"During the past month, how often have you had trouble sleeping because you have bad dreams?"
"Emotional, Financial, Spiritual",I have been experiencing my depression,3,30,30,Sometimes fate or God helps me.,"Even when hopeless, I do not give up.","In times of stress, I know where to find help.",I believe most things happen for a reason.,Life does not hold much future promise for me.,"During the past month, how often have you had trouble sleeping because you have bad dreams?"
"Emotional, Financial, Spiritual",What are some other ways to be able to cope?,3,30,30,Sometimes fate or God helps me.,"Even when hopeless, I do not give up.","In times of stress, I know where to find help.",I believe most things happen for a reason.,Life does not hold much future promise for me.,"During the past month, how often have you had trouble sleeping because you have bad dreams?"
"Emotional, Financial, Spiritual",I have bad dreams because I have a good deal of fear of them.,3,30,30,Sometimes fate or God helps me.,"Even when hopeless, I do not give up.","In times of stress, I know where to find help.",I believe most things happen for a reason.,Life does not hold much future promise for me.,"During the past month, how often have you had trouble sleeping because you have bad dreams?"
"Emotional, Financial, Spiritual",I sometimes find hopeless in times of stress.,3,30,30,Sometimes fate or God helps me.,"Even when hopeless, I do not give up.","In times of stress, I know where to find help.",I believe most things happen for a reason.,Life does not hold much future promise for me.,"During the past month, how often have you had trouble sleeping because you have bad dreams?"
"Emotional, Financial, Spiritual","When I have a hard time with my thinking, I feel grateful.",3,30,30,Sometimes fate or God helps me.,"Even when hopeless, I do not give up.","In times of stress, I know where to find help.",I believe most things happen for a reason.,Life does not hold much future promise for me.,"During the past month, how often have you had trouble sleeping because you have bad dreams?"
"Emotional, Financial, Spiritual",What do you think is a good way to deal with anxiety?,3,30,30,Sometimes fate or God helps me.,"Even when hopeless, I do not give up.","In times of stress, I know where to find help.",I believe most things happen for a reason.,Life does not hold much future promise for me.,"During the past month, how often have you had trouble sleeping because you have bad dreams?"
"Emotional, Intellectual, Occupational",I enjoy the things I see in my daily life.,3,30,30,"Generally, I feel pleased with the amount of intellectual stimulation I receive in my daily life.","In the past, I have generally found intellectual challenges to be vital to my overall well-being.",To what extent do you feel excited and interested in things?,How often do you feel angry?,I take pride in my achievements.,How often do you feel joyful?
"Emotional, Intellectual, Occupational","Generally, I feel a little unsure of what to do.",3,30,30,"Generally, I feel pleased with the amount of intellectual stimulation I receive in my daily life.","In the past, I have generally found intellectual challenges to be vital to my overall well-being.",To what extent do you feel excited and interested in things?,How often do you feel angry?,I take pride in my achievements.,How often do you feel joyful?
"Emotional, Intellectual, Occupational",I find it easier to express self-esteem than it is to express frustration.,3,30,30,"Generally, I feel pleased with the amount of intellectual stimulation I receive in my daily life.","In the past, I have generally found intellectual challenges to be vital to my overall well-being.",To what extent do you feel excited and interested in things?,How often do you feel angry?,I take pride in my achievements.,How often do you feel joyful?
"Emotional, Intellectual, Occupational",I find I feel happy for the amount of intellectual stimulation I receive in my daily life.,3,30,30,"Generally, I feel pleased with the amount of intellectual stimulation I receive in my daily life.","In the past, I have generally found intellectual challenges to be vital to my overall well-being.",To what extent do you feel excited and interested in things?,How often do you feel angry?,I take pride in my achievements.,How often do you feel joyful?
"Emotional, Intellectual, Occupational","Generally, I feel energized, enthusiastic, and introspective in my everyday life.",3,30,30,"Generally, I feel pleased with the amount of intellectual stimulation I receive in my daily life.","In the past, I have generally found intellectual challenges to be vital to my overall well-being.",To what extent do you feel excited and interested in things?,How often do you feel angry?,I take pride in my achievements.,How often do you feel joyful?
"Emotional, Intellectual, Occupational",I find my thoughts more interested in things.,3,30,30,"Generally, I feel pleased with the amount of intellectual stimulation I receive in my daily life.","In the past, I have generally found intellectual challenges to be vital to my overall well-being.",To what extent do you feel excited and interested in things?,How often do you feel angry?,I take pride in my achievements.,How often do you feel joyful?
"Emotional, Intellectual, Occupational",I often feel happy and excited.,3,30,30,"Generally, I feel pleased with the amount of intellectual stimulation I receive in my daily life.","In the past, I have generally found intellectual challenges to be vital to my overall well-being.",To what extent do you feel excited and interested in things?,How often do you feel angry?,I take pride in my achievements.,How often do you feel joyful?
"Emotional, Intellectual, Occupational",I feel optimistic and am energized.,3,30,30,"Generally, I feel pleased with the amount of intellectual stimulation I receive in my daily life.","In the past, I have generally found intellectual challenges to be vital to my overall well-being.",To what extent do you feel excited and interested in things?,How often do you feel angry?,I take pride in my achievements.,How often do you feel joyful?
"Emotional, Intellectual, Occupational",I feel happy with my accomplishments.,3,30,30,"Generally, I feel pleased with the amount of intellectual stimulation I receive in my daily life.","In the past, I have generally found intellectual challenges to be vital to my overall well-being.",To what extent do you feel excited and interested in things?,How often do you feel angry?,I take pride in my achievements.,How often do you feel joyful?
"Emotional, Intellectual, Occupational",I feel happy and enthusiastic with my daily life.,3,30,30,"Generally, I feel pleased with the amount of intellectual stimulation I receive in my daily life.","In the past, I have generally found intellectual challenges to be vital to my overall well-being.",To what extent do you feel excited and interested in things?,How often do you feel angry?,I take pride in my achievements.,How often do you feel joyful?
"Emotional, Intellectual, Occupational",I am typically happy and content in my life.,3,30,30,"Generally, I feel pleased with the amount of intellectual stimulation I receive in my daily life.","In the past, I have generally found intellectual challenges to be vital to my overall well-being.",To what extent do you feel excited and interested in things?,How often do you feel angry?,I take pride in my achievements.,How often do you feel joyful?
"Emotional, Intellectual, Occupational",I often feel joy in my successes.,3,30,30,"Generally, I feel pleased with the amount of intellectual stimulation I receive in my daily life.","In the past, I have generally found intellectual challenges to be vital to my overall well-being.",To what extent do you feel excited and interested in things?,How often do you feel angry?,I take pride in my achievements.,How often do you feel joyful?
"Emotional, Intellectual, Occupational",I find that I feel like I am experiencing anxiety and depression.,3,30,30,"Generally, I feel pleased with the amount of intellectual stimulation I receive in my daily life.","In the past, I have generally found intellectual challenges to be vital to my overall well-being.",To what extent do you feel excited and interested in things?,How often do you feel angry?,I take pride in my achievements.,How often do you feel joyful?
"Emotional, Intellectual, Occupational",I enjoy all kinds of things.,3,30,30,"Generally, I feel pleased with the amount of intellectual stimulation I receive in my daily life.","In the past, I have generally found intellectual challenges to be vital to my overall well-being.",To what extent do you feel excited and interested in things?,How often do you feel angry?,I take pride in my achievements.,How often do you feel joyful?
"Emotional, Intellectual, Occupational",I enjoy a pleasant intellectual stimulation.,3,30,30,"Generally, I feel pleased with the amount of intellectual stimulation I receive in my daily life.","In the past, I have generally found intellectual challenges to be vital to my overall well-being.",To what extent do you feel excited and interested in things?,How often do you feel angry?,I take pride in my achievements.,How often do you feel joyful?
"Emotional, Intellectual, Occupational",I feel happy because I am happy with my achievement.,3,30,30,"Generally, I feel pleased with the amount of intellectual stimulation I receive in my daily life.","In the past, I have generally found intellectual challenges to be vital to my overall well-being.",To what extent do you feel excited and interested in things?,How often do you feel angry?,I take pride in my achievements.,How often do you feel joyful?
"Emotional, Intellectual, Occupational",My intellectual stimulation of my daily life has a positive impact on my mental health.,3,30,30,"Generally, I feel pleased with the amount of intellectual stimulation I receive in my daily life.","In the past, I have generally found intellectual challenges to be vital to my overall well-being.",To what extent do you feel excited and interested in things?,How often do you feel angry?,I take pride in my achievements.,How often do you feel joyful?
"Emotional, Intellectual, Occupational","I enjoy my physical, intellectual, and occupational well being.",3,30,30,"Generally, I feel pleased with the amount of intellectual stimulation I receive in my daily life.","In the past, I have generally found intellectual challenges to be vital to my overall well-being.",To what extent do you feel excited and interested in things?,How often do you feel angry?,I take pride in my achievements.,How often do you feel joyful?
"Emotional, Intellectual, Occupational",I find it very beneficial to have a variety of intellectual challenges in my life.,3,30,30,"Generally, I feel pleased with the amount of intellectual stimulation I receive in my daily life.","In the past, I have generally found intellectual challenges to be vital to my overall well-being.",To what extent do you feel excited and interested in things?,How often do you feel angry?,I take pride in my achievements.,How often do you feel joyful?
"Emotional, Intellectual, Occupational",I usually enjoy spending time outside.,3,30,30,"Generally, I feel pleased with the amount of intellectual stimulation I receive in my daily life.","In the past, I have generally found intellectual challenges to be vital to my overall well-being.",To what extent do you feel excited and interested in things?,How often do you feel angry?,I take pride in my achievements.,How often do you feel joyful?
"Emotional, Intellectual, Occupational",I feel like I have made lifelong friends.,3,30,30,"Generally, I feel pleased with the amount of intellectual stimulation I receive in my daily life.","In the past, I have generally found intellectual challenges to be vital to my overall well-being.",To what extent do you feel excited and interested in things?,How often do you feel angry?,I take pride in my achievements.,How often do you feel joyful?
"Emotional, Intellectual, Occupational","I do not feel happy about being angry, but I do enjoy being productive.",3,30,30,"Generally, I feel pleased with the amount of intellectual stimulation I receive in my daily life.","In the past, I have generally found intellectual challenges to be vital to my overall well-being.",To what extent do you feel excited and interested in things?,How often do you feel angry?,I take pride in my achievements.,How often do you feel joyful?
"Emotional, Intellectual, Occupational",I am happy because I have an intellectual support system.,3,30,30,"Generally, I feel pleased with the amount of intellectual stimulation I receive in my daily life.","In the past, I have generally found intellectual challenges to be vital to my overall well-being.",To what extent do you feel excited and interested in things?,How often do you feel angry?,I take pride in my achievements.,How often do you feel joyful?
"Emotional, Intellectual, Occupational",I have a good coping system.,3,30,30,"Generally, I feel pleased with the amount of intellectual stimulation I receive in my daily life.","In the past, I have generally found intellectual challenges to be vital to my overall well-being.",To what extent do you feel excited and interested in things?,How often do you feel angry?,I take pride in my achievements.,How often do you feel joyful?
"Emotional, Intellectual, Occupational",I think I am a happier person overall.,3,30,30,"Generally, I feel pleased with the amount of intellectual stimulation I receive in my daily life.","In the past, I have generally found intellectual challenges to be vital to my overall well-being.",To what extent do you feel excited and interested in things?,How often do you feel angry?,I take pride in my achievements.,How often do you feel joyful?
"Emotional, Intellectual, Occupational",I find that my daily goals and dreams are important to me.,3,30,30,"Generally, I feel pleased with the amount of intellectual stimulation I receive in my daily life.","In the past, I have generally found intellectual challenges to be vital to my overall well-being.",To what extent do you feel excited and interested in things?,How often do you feel angry?,I take pride in my achievements.,How often do you feel joyful?
"Emotional, Intellectual, Occupational",I feel emotional and emotionally stimulated.,3,30,30,"Generally, I feel pleased with the amount of intellectual stimulation I receive in my daily life.","In the past, I have generally found intellectual challenges to be vital to my overall well-being.",To what extent do you feel excited and interested in things?,How often do you feel angry?,I take pride in my achievements.,How often do you feel joyful?
"Emotional, Intellectual, Occupational",I enjoy the variety of physical activity I do.,3,30,30,"Generally, I feel pleased with the amount of intellectual stimulation I receive in my daily life.","In the past, I have generally found intellectual challenges to be vital to my overall well-being.",To what extent do you feel excited and interested in things?,How often do you feel angry?,I take pride in my achievements.,How often do you feel joyful?
"Emotional, Intellectual, Occupational",I have a tendency to feel sad about everything.,3,30,30,"Generally, I feel pleased with the amount of intellectual stimulation I receive in my daily life.","In the past, I have generally found intellectual challenges to be vital to my overall well-being.",To what extent do you feel excited and interested in things?,How often do you feel angry?,I take pride in my achievements.,How often do you feel joyful?
"Emotional, Intellectual, Occupational",I find it helpful to pause time to reflect on my thoughts.,3,30,30,"Generally, I feel pleased with the amount of intellectual stimulation I receive in my daily life.","In the past, I have generally found intellectual challenges to be vital to my overall well-being.",To what extent do you feel excited and interested in things?,How often do you feel angry?,I take pride in my achievements.,How often do you feel joyful?
"Emotional, Intellectual, Physical",I feel sick of my body and its reactions.,3,30,30,"Generally, I feel pleased with the amount of intellectual stimulation I receive in my daily life.","In general, I feel confident about my abilities.",Having to cope with stress can make me stronger.,How often do you lose track of time while doing something you enjoy?,I feel left out,I am uncertain about my ability to do things well in the future.
"Emotional, Intellectual, Physical",I feel happy about my intellectual stimulation.,3,30,30,"Generally, I feel pleased with the amount of intellectual stimulation I receive in my daily life.","In general, I feel confident about my abilities.",Having to cope with stress can make me stronger.,How often do you lose track of time while doing something you enjoy?,I feel left out,I am uncertain about my ability to do things well in the future.
"Emotional, Intellectual, Physical",I feel self-destructive and anxious.,3,30,30,"Generally, I feel pleased with the amount of intellectual stimulation I receive in my daily life.","In general, I feel confident about my abilities.",Having to cope with stress can make me stronger.,How often do you lose track of time while doing something you enjoy?,I feel left out,I am uncertain about my ability to do things well in the future.
"Emotional, Intellectual, Physical",I feel the need for physical stimulation.,3,30,30,"Generally, I feel pleased with the amount of intellectual stimulation I receive in my daily life.","In general, I feel confident about my abilities.",Having to cope with stress can make me stronger.,How often do you lose track of time while doing something you enjoy?,I feel left out,I am uncertain about my ability to do things well in the future.
"Emotional, Intellectual, Physical",I feel overwhelmed with life and events.,3,30,30,"Generally, I feel pleased with the amount of intellectual stimulation I receive in my daily life.","In general, I feel confident about my abilities.",Having to cope with stress can make me stronger.,How often do you lose track of time while doing something you enjoy?,I feel left out,I am uncertain about my ability to do things well in the future.
"Emotional, Intellectual, Physical",I feel anxious about my ability to accomplish goals.,3,30,30,"Generally, I feel pleased with the amount of intellectual stimulation I receive in my daily life.","In general, I feel confident about my abilities.",Having to cope with stress can make me stronger.,How often do you lose track of time while doing something you enjoy?,I feel left out,I am uncertain about my ability to do things well in the future.
"Emotional, Intellectual, Physical",I feel dissatisfied with my own mental health,3,30,30,"Generally, I feel pleased with the amount of intellectual stimulation I receive in my daily life.","In general, I feel confident about my abilities.",Having to cope with stress can make me stronger.,How often do you lose track of time while doing something you enjoy?,I feel left out,I am uncertain about my ability to do things well in the future.
"Emotional, Intellectual, Physical",I feel lost and depressed in my life.,3,30,30,"Generally, I feel pleased with the amount of intellectual stimulation I receive in my daily life.","In general, I feel confident about my abilities.",Having to cope with stress can make me stronger.,How often do you lose track of time while doing something you enjoy?,I feel left out,I am uncertain about my ability to do things well in the future.
"Emotional, Intellectual, Physical",I feel emotionally unsatisfied with my physical health.,3,30,30,"Generally, I feel pleased with the amount of intellectual stimulation I receive in my daily life.","In general, I feel confident about my abilities.",Having to cope with stress can make me stronger.,How often do you lose track of time while doing something you enjoy?,I feel left out,I am uncertain about my ability to do things well in the future.
"Emotional, Intellectual, Physical",I feel unhappy with my physical body's ability to relax.,3,30,30,"Generally, I feel pleased with the amount of intellectual stimulation I receive in my daily life.","In general, I feel confident about my abilities.",Having to cope with stress can make me stronger.,How often do you lose track of time while doing something you enjoy?,I feel left out,I am uncertain about my ability to do things well in the future.
"Emotional, Intellectual, Physical",I feel anxious and fearful of being alone.,3,30,30,"Generally, I feel pleased with the amount of intellectual stimulation I receive in my daily life.","In general, I feel confident about my abilities.",Having to cope with stress can make me stronger.,How often do you lose track of time while doing something you enjoy?,I feel left out,I am uncertain about my ability to do things well in the future.
"Emotional, Intellectual, Physical","I feel nervous about my future, can make me stronger.",3,30,30,"Generally, I feel pleased with the amount of intellectual stimulation I receive in my daily life.","In general, I feel confident about my abilities.",Having to cope with stress can make me stronger.,How often do you lose track of time while doing something you enjoy?,I feel left out,I am uncertain about my ability to do things well in the future.
"Emotional, Intellectual, Physical",I feel a strong determination to do what I love.,3,30,30,"Generally, I feel pleased with the amount of intellectual stimulation I receive in my daily life.","In general, I feel confident about my abilities.",Having to cope with stress can make me stronger.,How often do you lose track of time while doing something you enjoy?,I feel left out,I am uncertain about my ability to do things well in the future.
"Emotional, Intellectual, Physical",I feel like I can do things I enjoy in the future.,3,30,30,"Generally, I feel pleased with the amount of intellectual stimulation I receive in my daily life.","In general, I feel confident about my abilities.",Having to cope with stress can make me stronger.,How often do you lose track of time while doing something you enjoy?,I feel left out,I am uncertain about my ability to do things well in the future.
"Emotional, Intellectual, Physical","I feel overwhelmed, bored, or unmotivated.",3,30,30,"Generally, I feel pleased with the amount of intellectual stimulation I receive in my daily life.","In general, I feel confident about my abilities.",Having to cope with stress can make me stronger.,How often do you lose track of time while doing something you enjoy?,I feel left out,I am uncertain about my ability to do things well in the future.
"Emotional, Intellectual, Physical","I feel less emotional, more physical, and less intellectual.",3,30,30,"Generally, I feel pleased with the amount of intellectual stimulation I receive in my daily life.","In general, I feel confident about my abilities.",Having to cope with stress can make me stronger.,How often do you lose track of time while doing something you enjoy?,I feel left out,I am uncertain about my ability to do things well in the future.
"Emotional, Intellectual, Physical",I feel nervous about my physical health.,3,30,30,"Generally, I feel pleased with the amount of intellectual stimulation I receive in my daily life.","In general, I feel confident about my abilities.",Having to cope with stress can make me stronger.,How often do you lose track of time while doing something you enjoy?,I feel left out,I am uncertain about my ability to do things well in the future.
"Emotional, Intellectual, Physical",I feel ill and ill financially.,3,30,30,"Generally, I feel pleased with the amount of intellectual stimulation I receive in my daily life.","In general, I feel confident about my abilities.",Having to cope with stress can make me stronger.,How often do you lose track of time while doing something you enjoy?,I feel left out,I am uncertain about my ability to do things well in the future.
"Emotional, Intellectual, Physical",I feel anxious about the future.,3,30,30,"Generally, I feel pleased with the amount of intellectual stimulation I receive in my daily life.","In general, I feel confident about my abilities.",Having to cope with stress can make me stronger.,How often do you lose track of time while doing something you enjoy?,I feel left out,I am uncertain about my ability to do things well in the future.
"Emotional, Intellectual, Physical","I have depression, anxiety, and anger.",3,30,30,"Generally, I feel pleased with the amount of intellectual stimulation I receive in my daily life.","In general, I feel confident about my abilities.",Having to cope with stress can make me stronger.,How often do you lose track of time while doing something you enjoy?,I feel left out,I am uncertain about my ability to do things well in the future.
"Emotional, Intellectual, Physical",I feel less likely to be in control.,3,30,30,"Generally, I feel pleased with the amount of intellectual stimulation I receive in my daily life.","In general, I feel confident about my abilities.",Having to cope with stress can make me stronger.,How often do you lose track of time while doing something you enjoy?,I feel left out,I am uncertain about my ability to do things well in the future.
"Emotional, Intellectual, Physical",I have been in constant emotional and physical stress.,3,30,30,"Generally, I feel pleased with the amount of intellectual stimulation I receive in my daily life.","In general, I feel confident about my abilities.",Having to cope with stress can make me stronger.,How often do you lose track of time while doing something you enjoy?,I feel left out,I am uncertain about my ability to do things well in the future.
"Emotional, Intellectual, Physical",I feel naive and uncertain about my future.,3,30,30,"Generally, I feel pleased with the amount of intellectual stimulation I receive in my daily life.","In general, I feel confident about my abilities.",Having to cope with stress can make me stronger.,How often do you lose track of time while doing something you enjoy?,I feel left out,I am uncertain about my ability to do things well in the future.
"Emotional, Intellectual, Physical",I feel I am mentally ill,3,30,30,"Generally, I feel pleased with the amount of intellectual stimulation I receive in my daily life.","In general, I feel confident about my abilities.",Having to cope with stress can make me stronger.,How often do you lose track of time while doing something you enjoy?,I feel left out,I am uncertain about my ability to do things well in the future.
"Emotional, Intellectual, Physical",I have emotional and physical pain.,3,30,30,"Generally, I feel pleased with the amount of intellectual stimulation I receive in my daily life.","In general, I feel confident about my abilities.",Having to cope with stress can make me stronger.,How often do you lose track of time while doing something you enjoy?,I feel left out,I am uncertain about my ability to do things well in the future.
"Emotional, Intellectual, Physical",I feel anxious because I don't have anything exciting to do.,3,30,30,"Generally, I feel pleased with the amount of intellectual stimulation I receive in my daily life.","In general, I feel confident about my abilities.",Having to cope with stress can make me stronger.,How often do you lose track of time while doing something you enjoy?,I feel left out,I am uncertain about my ability to do things well in the future.
"Emotional, Intellectual, Physical",I feel not sure what to do in the future,3,30,30,"Generally, I feel pleased with the amount of intellectual stimulation I receive in my daily life.","In general, I feel confident about my abilities.",Having to cope with stress can make me stronger.,How often do you lose track of time while doing something you enjoy?,I feel left out,I am uncertain about my ability to do things well in the future.
"Emotional, Intellectual, Physical",I have a lot of anxiety about doing things well in the future.,3,30,30,"Generally, I feel pleased with the amount of intellectual stimulation I receive in my daily life.","In general, I feel confident about my abilities.",Having to cope with stress can make me stronger.,How often do you lose track of time while doing something you enjoy?,I feel left out,I am uncertain about my ability to do things well in the future.
"Emotional, Intellectual, Physical",I feel depressed about my future.,3,30,30,"Generally, I feel pleased with the amount of intellectual stimulation I receive in my daily life.","In general, I feel confident about my abilities.",Having to cope with stress can make me stronger.,How often do you lose track of time while doing something you enjoy?,I feel left out,I am uncertain about my ability to do things well in the future.
"Emotional, Intellectual, Physical",I feel a lot more relaxed.,3,30,30,"Generally, I feel pleased with the amount of intellectual stimulation I receive in my daily life.","In general, I feel confident about my abilities.",Having to cope with stress can make me stronger.,How often do you lose track of time while doing something you enjoy?,I feel left out,I am uncertain about my ability to do things well in the future.
"Emotional, Intellectual, Social",I have a tendency to have negative emotions.,3,30,30,"In the past, I have generally found intellectual challenges to be vital to my overall well-being.",There have been times when I felt inferior to most of the people I knew.,It is difficult for me to make friends,How often do you feel angry?,I feel isolated from others,I tend to be influenced by people with strong opinions.
"Emotional, Intellectual, Social",I think my mental health is very low.,3,30,30,"In the past, I have generally found intellectual challenges to be vital to my overall well-being.",There have been times when I felt inferior to most of the people I knew.,It is difficult for me to make friends,How often do you feel angry?,I feel isolated from others,I tend to be influenced by people with strong opinions.
"Emotional, Intellectual, Social",I experience a lot of emotions.,3,30,30,"In the past, I have generally found intellectual challenges to be vital to my overall well-being.",There have been times when I felt inferior to most of the people I knew.,It is difficult for me to make friends,How often do you feel angry?,I feel isolated from others,I tend to be influenced by people with strong opinions.
"Emotional, Intellectual, Social",I have been taught by my parents that communication is vital to my overall well-being.,3,30,30,"In the past, I have generally found intellectual challenges to be vital to my overall well-being.",There have been times when I felt inferior to most of the people I knew.,It is difficult for me to make friends,How often do you feel angry?,I feel isolated from others,I tend to be influenced by people with strong opinions.
"Emotional, Intellectual, Social",My social life consists of making friends with people who I find too aggressive.,3,30,30,"In the past, I have generally found intellectual challenges to be vital to my overall well-being.",There have been times when I felt inferior to most of the people I knew.,It is difficult for me to make friends,How often do you feel angry?,I feel isolated from others,I tend to be influenced by people with strong opinions.
"Emotional, Intellectual, Social",I have been feeling a lot of pressure,3,30,30,"In the past, I have generally found intellectual challenges to be vital to my overall well-being.",There have been times when I felt inferior to most of the people I knew.,It is difficult for me to make friends,How often do you feel angry?,I feel isolated from others,I tend to be influenced by people with strong opinions.
"Emotional, Intellectual, Social",I find it difficult to make friends,3,30,30,"In the past, I have generally found intellectual challenges to be vital to my overall well-being.",There have been times when I felt inferior to most of the people I knew.,It is difficult for me to make friends,How often do you feel angry?,I feel isolated from others,I tend to be influenced by people with strong opinions.
"Emotional, Intellectual, Social",I have difficulty to make friends I feel isolated from others,3,30,30,"In the past, I have generally found intellectual challenges to be vital to my overall well-being.",There have been times when I felt inferior to most of the people I knew.,It is difficult for me to make friends,How often do you feel angry?,I feel isolated from others,I tend to be influenced by people with strong opinions.
"Emotional, Intellectual, Social",I have felt isolated from others.,3,30,30,"In the past, I have generally found intellectual challenges to be vital to my overall well-being.",There have been times when I felt inferior to most of the people I knew.,It is difficult for me to make friends,How often do you feel angry?,I feel isolated from others,I tend to be influenced by people with strong opinions.
"Emotional, Intellectual, Social",I have been having behavioral problems,3,30,30,"In the past, I have generally found intellectual challenges to be vital to my overall well-being.",There have been times when I felt inferior to most of the people I knew.,It is difficult for me to make friends,How often do you feel angry?,I feel isolated from others,I tend to be influenced by people with strong opinions.
"Emotional, Intellectual, Social",I am self-absorbed and disorganized and detached from the world.,3,30,30,"In the past, I have generally found intellectual challenges to be vital to my overall well-being.",There have been times when I felt inferior to most of the people I knew.,It is difficult for me to make friends,How often do you feel angry?,I feel isolated from others,I tend to be influenced by people with strong opinions.
"Emotional, Intellectual, Social",I have suffered from social anxiety.,3,30,30,"In the past, I have generally found intellectual challenges to be vital to my overall well-being.",There have been times when I felt inferior to most of the people I knew.,It is difficult for me to make friends,How often do you feel angry?,I feel isolated from others,I tend to be influenced by people with strong opinions.
"Emotional, Intellectual, Social",I feel socially isolated from others.,3,30,30,"In the past, I have generally found intellectual challenges to be vital to my overall well-being.",There have been times when I felt inferior to most of the people I knew.,It is difficult for me to make friends,How often do you feel angry?,I feel isolated from others,I tend to be influenced by people with strong opinions.
"Emotional, Intellectual, Social",I find myself influenced by people with strong opinions.,3,30,30,"In the past, I have generally found intellectual challenges to be vital to my overall well-being.",There have been times when I felt inferior to most of the people I knew.,It is difficult for me to make friends,How often do you feel angry?,I feel isolated from others,I tend to be influenced by people with strong opinions.
"Emotional, Intellectual, Social",I am trying to be social.,3,30,30,"In the past, I have generally found intellectual challenges to be vital to my overall well-being.",There have been times when I felt inferior to most of the people I knew.,It is difficult for me to make friends,How often do you feel angry?,I feel isolated from others,I tend to be influenced by people with strong opinions.
"Emotional, Intellectual, Social",I have found that social challenges are essential to my overall well-being.,3,30,30,"In the past, I have generally found intellectual challenges to be vital to my overall well-being.",There have been times when I felt inferior to most of the people I knew.,It is difficult for me to make friends,How often do you feel angry?,I feel isolated from others,I tend to be influenced by people with strong opinions.
"Emotional, Intellectual, Social",I have also found it hard to make friends.,3,30,30,"In the past, I have generally found intellectual challenges to be vital to my overall well-being.",There have been times when I felt inferior to most of the people I knew.,It is difficult for me to make friends,How often do you feel angry?,I feel isolated from others,I tend to be influenced by people with strong opinions.
"Emotional, Intellectual, Social",I am also sometimes ineligible for a healthy lifestyle.,3,30,30,"In the past, I have generally found intellectual challenges to be vital to my overall well-being.",There have been times when I felt inferior to most of the people I knew.,It is difficult for me to make friends,How often do you feel angry?,I feel isolated from others,I tend to be influenced by people with strong opinions.
"Emotional, Intellectual, Social",I feel I am likely to find social problems to be vital to my overall well-being.,3,30,30,"In the past, I have generally found intellectual challenges to be vital to my overall well-being.",There have been times when I felt inferior to most of the people I knew.,It is difficult for me to make friends,How often do you feel angry?,I feel isolated from others,I tend to be influenced by people with strong opinions.
"Emotional, Intellectual, Social",I can't seem to find an outlet.,3,30,30,"In the past, I have generally found intellectual challenges to be vital to my overall well-being.",There have been times when I felt inferior to most of the people I knew.,It is difficult for me to make friends,How often do you feel angry?,I feel isolated from others,I tend to be influenced by people with strong opinions.
"Emotional, Intellectual, Social",I have a strong belief system.,3,30,30,"In the past, I have generally found intellectual challenges to be vital to my overall well-being.",There have been times when I felt inferior to most of the people I knew.,It is difficult for me to make friends,How often do you feel angry?,I feel isolated from others,I tend to be influenced by people with strong opinions.
"Emotional, Intellectual, Social",I find the social challenges for social life very rewarding.,3,30,30,"In the past, I have generally found intellectual challenges to be vital to my overall well-being.",There have been times when I felt inferior to most of the people I knew.,It is difficult for me to make friends,How often do you feel angry?,I feel isolated from others,I tend to be influenced by people with strong opinions.
"Emotional, Intellectual, Social",I feel marginalized by most of the people I knew,3,30,30,"In the past, I have generally found intellectual challenges to be vital to my overall well-being.",There have been times when I felt inferior to most of the people I knew.,It is difficult for me to make friends,How often do you feel angry?,I feel isolated from others,I tend to be influenced by people with strong opinions.
"Emotional, Intellectual, Social",I find myself feeling isolated from others.,3,30,30,"In the past, I have generally found intellectual challenges to be vital to my overall well-being.",There have been times when I felt inferior to most of the people I knew.,It is difficult for me to make friends,How often do you feel angry?,I feel isolated from others,I tend to be influenced by people with strong opinions.
"Emotional, Intellectual, Social",I have generalized my social challenges to be vital to my overall well-being.,3,30,30,"In the past, I have generally found intellectual challenges to be vital to my overall well-being.",There have been times when I felt inferior to most of the people I knew.,It is difficult for me to make friends,How often do you feel angry?,I feel isolated from others,I tend to be influenced by people with strong opinions.
"Emotional, Intellectual, Social",I've been in depression for a year.,3,30,30,"In the past, I have generally found intellectual challenges to be vital to my overall well-being.",There have been times when I felt inferior to most of the people I knew.,It is difficult for me to make friends,How often do you feel angry?,I feel isolated from others,I tend to be influenced by people with strong opinions.
"Emotional, Intellectual, Social",I have also experienced depression and anxiety,3,30,30,"In the past, I have generally found intellectual challenges to be vital to my overall well-being.",There have been times when I felt inferior to most of the people I knew.,It is difficult for me to make friends,How often do you feel angry?,I feel isolated from others,I tend to be influenced by people with strong opinions.
"Emotional, Intellectual, Social",I have found that my social life has been extremely stressful.,3,30,30,"In the past, I have generally found intellectual challenges to be vital to my overall well-being.",There have been times when I felt inferior to most of the people I knew.,It is difficult for me to make friends,How often do you feel angry?,I feel isolated from others,I tend to be influenced by people with strong opinions.
"Emotional, Intellectual, Social",I have generalized my experiences when I have been feeling inferior.,3,30,30,"In the past, I have generally found intellectual challenges to be vital to my overall well-being.",There have been times when I felt inferior to most of the people I knew.,It is difficult for me to make friends,How often do you feel angry?,I feel isolated from others,I tend to be influenced by people with strong opinions.
"Emotional, Intellectual, Social",I have a strong belief system and I find it difficult to express my anger.,3,30,30,"In the past, I have generally found intellectual challenges to be vital to my overall well-being.",There have been times when I felt inferior to most of the people I knew.,It is difficult for me to make friends,How often do you feel angry?,I feel isolated from others,I tend to be influenced by people with strong opinions.
"Emotional, Intellectual, Spiritual",I find intellectual challenges essential to my overall well-being.,3,30,30,"In the past, I have generally found intellectual challenges to be vital to my overall well-being.","I am able to handle unpleasant or painful feelings like sadness, fear, and anger.",I feel as if nobody really understands me,How often do you feel angry?,I think it is important to have new experiences that challenge how I think about myself and the world.,"Generally, I feel pleased with the amount of intellectual stimulation I receive in my daily life."
"Emotional, Intellectual, Spiritual",I feel comfortable being a self-report mental health self-report.,3,30,30,"In the past, I have generally found intellectual challenges to be vital to my overall well-being.","I am able to handle unpleasant or painful feelings like sadness, fear, and anger.",I feel as if nobody really understands me,How often do you feel angry?,I think it is important to have new experiences that challenge how I think about myself and the world.,"Generally, I feel pleased with the amount of intellectual stimulation I receive in my daily life."
"Emotional, Intellectual, Spiritual",I find intellectual challenges a wonderful part of my overall well-being,3,30,30,"In the past, I have generally found intellectual challenges to be vital to my overall well-being.","I am able to handle unpleasant or painful feelings like sadness, fear, and anger.",I feel as if nobody really understands me,How often do you feel angry?,I think it is important to have new experiences that challenge how I think about myself and the world.,"Generally, I feel pleased with the amount of intellectual stimulation I receive in my daily life."
"Emotional, Intellectual, Spiritual",I have a tendency to focus on the things I love most,3,30,30,"In the past, I have generally found intellectual challenges to be vital to my overall well-being.","I am able to handle unpleasant or painful feelings like sadness, fear, and anger.",I feel as if nobody really understands me,How often do you feel angry?,I think it is important to have new experiences that challenge how I think about myself and the world.,"Generally, I feel pleased with the amount of intellectual stimulation I receive in my daily life."
"Emotional, Intellectual, Spiritual",I am emotionally and intellectually stimulated by my intellectual stimulation.,3,30,30,"In the past, I have generally found intellectual challenges to be vital to my overall well-being.","I am able to handle unpleasant or painful feelings like sadness, fear, and anger.",I feel as if nobody really understands me,How often do you feel angry?,I think it is important to have new experiences that challenge how I think about myself and the world.,"Generally, I feel pleased with the amount of intellectual stimulation I receive in my daily life."
"Emotional, Intellectual, Spiritual",I feel a need for intellectual stimulation in my daily life.,3,30,30,"In the past, I have generally found intellectual challenges to be vital to my overall well-being.","I am able to handle unpleasant or painful feelings like sadness, fear, and anger.",I feel as if nobody really understands me,How often do you feel angry?,I think it is important to have new experiences that challenge how I think about myself and the world.,"Generally, I feel pleased with the amount of intellectual stimulation I receive in my daily life."
"Emotional, Intellectual, Spiritual",I have positive mental health attributes like self-esteem and positive mental outlook.,3,30,30,"In the past, I have generally found intellectual challenges to be vital to my overall well-being.","I am able to handle unpleasant or painful feelings like sadness, fear, and anger.",I feel as if nobody really understands me,How often do you feel angry?,I think it is important to have new experiences that challenge how I think about myself and the world.,"Generally, I feel pleased with the amount of intellectual stimulation I receive in my daily life."
"Emotional, Intellectual, Spiritual",I feel more comfortable in the presence of people I like.,3,30,30,"In the past, I have generally found intellectual challenges to be vital to my overall well-being.","I am able to handle unpleasant or painful feelings like sadness, fear, and anger.",I feel as if nobody really understands me,How often do you feel angry?,I think it is important to have new experiences that challenge how I think about myself and the world.,"Generally, I feel pleased with the amount of intellectual stimulation I receive in my daily life."
"Emotional, Intellectual, Spiritual",I feel like nothing matters in my life,3,30,30,"In the past, I have generally found intellectual challenges to be vital to my overall well-being.","I am able to handle unpleasant or painful feelings like sadness, fear, and anger.",I feel as if nobody really understands me,How often do you feel angry?,I think it is important to have new experiences that challenge how I think about myself and the world.,"Generally, I feel pleased with the amount of intellectual stimulation I receive in my daily life."
"Emotional, Intellectual, Spiritual",I feel like nobody really understands me,3,30,30,"In the past, I have generally found intellectual challenges to be vital to my overall well-being.","I am able to handle unpleasant or painful feelings like sadness, fear, and anger.",I feel as if nobody really understands me,How often do you feel angry?,I think it is important to have new experiences that challenge how I think about myself and the world.,"Generally, I feel pleased with the amount of intellectual stimulation I receive in my daily life."
"Emotional, Intellectual, Spiritual",Having intellectual challenges has been beneficial to my overall well-being.,3,30,30,"In the past, I have generally found intellectual challenges to be vital to my overall well-being.","I am able to handle unpleasant or painful feelings like sadness, fear, and anger.",I feel as if nobody really understands me,How often do you feel angry?,I think it is important to have new experiences that challenge how I think about myself and the world.,"Generally, I feel pleased with the amount of intellectual stimulation I receive in my daily life."
"Emotional, Intellectual, Spiritual",I feel that I have acquired a lot of intellectual stimulation in my life.,3,30,30,"In the past, I have generally found intellectual challenges to be vital to my overall well-being.","I am able to handle unpleasant or painful feelings like sadness, fear, and anger.",I feel as if nobody really understands me,How often do you feel angry?,I think it is important to have new experiences that challenge how I think about myself and the world.,"Generally, I feel pleased with the amount of intellectual stimulation I receive in my daily life."
"Emotional, Intellectual, Spiritual",I find that the amount of intellectual stimulation I receive in my daily life is beneficial for my overall well-being.,3,30,30,"In the past, I have generally found intellectual challenges to be vital to my overall well-being.","I am able to handle unpleasant or painful feelings like sadness, fear, and anger.",I feel as if nobody really understands me,How often do you feel angry?,I think it is important to have new experiences that challenge how I think about myself and the world.,"Generally, I feel pleased with the amount of intellectual stimulation I receive in my daily life."
"Emotional, Intellectual, Spiritual",I feel proud of my ability to solve intellectually difficult problems.,3,30,30,"In the past, I have generally found intellectual challenges to be vital to my overall well-being.","I am able to handle unpleasant or painful feelings like sadness, fear, and anger.",I feel as if nobody really understands me,How often do you feel angry?,I think it is important to have new experiences that challenge how I think about myself and the world.,"Generally, I feel pleased with the amount of intellectual stimulation I receive in my daily life."
"Emotional, Intellectual, Spiritual",I've been experiencing positive self-talk and positive emotions.,3,30,30,"In the past, I have generally found intellectual challenges to be vital to my overall well-being.","I am able to handle unpleasant or painful feelings like sadness, fear, and anger.",I feel as if nobody really understands me,How often do you feel angry?,I think it is important to have new experiences that challenge how I think about myself and the world.,"Generally, I feel pleased with the amount of intellectual stimulation I receive in my daily life."
"Emotional, Intellectual, Spiritual",I think intellectual stimulation is important to my overall well-being.,3,30,30,"In the past, I have generally found intellectual challenges to be vital to my overall well-being.","I am able to handle unpleasant or painful feelings like sadness, fear, and anger.",I feel as if nobody really understands me,How often do you feel angry?,I think it is important to have new experiences that challenge how I think about myself and the world.,"Generally, I feel pleased with the amount of intellectual stimulation I receive in my daily life."
"Emotional, Intellectual, Spiritual",I have developed positive and positive interpersonal skills.,3,30,30,"In the past, I have generally found intellectual challenges to be vital to my overall well-being.","I am able to handle unpleasant or painful feelings like sadness, fear, and anger.",I feel as if nobody really understands me,How often do you feel angry?,I think it is important to have new experiences that challenge how I think about myself and the world.,"Generally, I feel pleased with the amount of intellectual stimulation I receive in my daily life."
"Emotional, Intellectual, Spiritual",I have found challenges that are vital to my overall well-being.,3,30,30,"In the past, I have generally found intellectual challenges to be vital to my overall well-being.","I am able to handle unpleasant or painful feelings like sadness, fear, and anger.",I feel as if nobody really understands me,How often do you feel angry?,I think it is important to have new experiences that challenge how I think about myself and the world.,"Generally, I feel pleased with the amount of intellectual stimulation I receive in my daily life."
"Emotional, Intellectual, Spiritual",I enjoy new experiences that challenge my thinking.,3,30,30,"In the past, I have generally found intellectual challenges to be vital to my overall well-being.","I am able to handle unpleasant or painful feelings like sadness, fear, and anger.",I feel as if nobody really understands me,How often do you feel angry?,I think it is important to have new experiences that challenge how I think about myself and the world.,"Generally, I feel pleased with the amount of intellectual stimulation I receive in my daily life."
"Emotional, Intellectual, Spiritual",I feel positive and positive for my mental health.,3,30,30,"In the past, I have generally found intellectual challenges to be vital to my overall well-being.","I am able to handle unpleasant or painful feelings like sadness, fear, and anger.",I feel as if nobody really understands me,How often do you feel angry?,I think it is important to have new experiences that challenge how I think about myself and the world.,"Generally, I feel pleased with the amount of intellectual stimulation I receive in my daily life."
"Emotional, Intellectual, Spiritual",I feel very receptive to new intellectual experiences.,3,30,30,"In the past, I have generally found intellectual challenges to be vital to my overall well-being.","I am able to handle unpleasant or painful feelings like sadness, fear, and anger.",I feel as if nobody really understands me,How often do you feel angry?,I think it is important to have new experiences that challenge how I think about myself and the world.,"Generally, I feel pleased with the amount of intellectual stimulation I receive in my daily life."
"Emotional, Intellectual, Spiritual",I have a variety of mental health issues and are able to cope with them.,3,30,30,"In the past, I have generally found intellectual challenges to be vital to my overall well-being.","I am able to handle unpleasant or painful feelings like sadness, fear, and anger.",I feel as if nobody really understands me,How often do you feel angry?,I think it is important to have new experiences that challenge how I think about myself and the world.,"Generally, I feel pleased with the amount of intellectual stimulation I receive in my daily life."
"Emotional, Intellectual, Spiritual",I think I am blessed with intellectual stimulation in my daily life.,3,30,30,"In the past, I have generally found intellectual challenges to be vital to my overall well-being.","I am able to handle unpleasant or painful feelings like sadness, fear, and anger.",I feel as if nobody really understands me,How often do you feel angry?,I think it is important to have new experiences that challenge how I think about myself and the world.,"Generally, I feel pleased with the amount of intellectual stimulation I receive in my daily life."
"Emotional, Intellectual, Spiritual",I feel that I am capable of doing things that make me happy.,3,30,30,"In the past, I have generally found intellectual challenges to be vital to my overall well-being.","I am able to handle unpleasant or painful feelings like sadness, fear, and anger.",I feel as if nobody really understands me,How often do you feel angry?,I think it is important to have new experiences that challenge how I think about myself and the world.,"Generally, I feel pleased with the amount of intellectual stimulation I receive in my daily life."
"Emotional, Intellectual, Spiritual",I feel happier when I get some intellectual stimulation.,3,30,30,"In the past, I have generally found intellectual challenges to be vital to my overall well-being.","I am able to handle unpleasant or painful feelings like sadness, fear, and anger.",I feel as if nobody really understands me,How often do you feel angry?,I think it is important to have new experiences that challenge how I think about myself and the world.,"Generally, I feel pleased with the amount of intellectual stimulation I receive in my daily life."
"Emotional, Intellectual, Spiritual",Having intellectual challenges is vital for improving mental health.,3,30,30,"In the past, I have generally found intellectual challenges to be vital to my overall well-being.","I am able to handle unpleasant or painful feelings like sadness, fear, and anger.",I feel as if nobody really understands me,How often do you feel angry?,I think it is important to have new experiences that challenge how I think about myself and the world.,"Generally, I feel pleased with the amount of intellectual stimulation I receive in my daily life."
"Emotional, Intellectual, Spiritual",I feel happy and happy because I am being taught that I am intelligent.,3,30,30,"In the past, I have generally found intellectual challenges to be vital to my overall well-being.","I am able to handle unpleasant or painful feelings like sadness, fear, and anger.",I feel as if nobody really understands me,How often do you feel angry?,I think it is important to have new experiences that challenge how I think about myself and the world.,"Generally, I feel pleased with the amount of intellectual stimulation I receive in my daily life."
"Emotional, Intellectual, Spiritual",I enjoy learning new skills and am able to manage emotions.,3,30,30,"In the past, I have generally found intellectual challenges to be vital to my overall well-being.","I am able to handle unpleasant or painful feelings like sadness, fear, and anger.",I feel as if nobody really understands me,How often do you feel angry?,I think it is important to have new experiences that challenge how I think about myself and the world.,"Generally, I feel pleased with the amount of intellectual stimulation I receive in my daily life."
"Emotional, Intellectual, Spiritual",I feel like someone really understands me,3,30,30,"In the past, I have generally found intellectual challenges to be vital to my overall well-being.","I am able to handle unpleasant or painful feelings like sadness, fear, and anger.",I feel as if nobody really understands me,How often do you feel angry?,I think it is important to have new experiences that challenge how I think about myself and the world.,"Generally, I feel pleased with the amount of intellectual stimulation I receive in my daily life."
"Emotional, Intellectual, Spiritual",I have learned about my intelligence.,3,30,30,"In the past, I have generally found intellectual challenges to be vital to my overall well-being.","I am able to handle unpleasant or painful feelings like sadness, fear, and anger.",I feel as if nobody really understands me,How often do you feel angry?,I think it is important to have new experiences that challenge how I think about myself and the world.,"Generally, I feel pleased with the amount of intellectual stimulation I receive in my daily life."
"Emotional, Occupational, Physical",I feel energized because of the positive change in my overall health.,3,30,30,How satisfied are you with your current physical health?,"Compared to people I know, my past physical health has been excellent.",I expect my physical health to get worse.,My body seems to resist physical illness very well.,How would you say your health is?,"I tend to bounce back after illness, injury, or other hardships."
"Emotional, Occupational, Physical",I have been working for 15 years.,3,30,30,How satisfied are you with your current physical health?,"Compared to people I know, my past physical health has been excellent.",I expect my physical health to get worse.,My body seems to resist physical illness very well.,How would you say your health is?,"I tend to bounce back after illness, injury, or other hardships."
"Emotional, Occupational, Physical","I know I have a very positive outlook on my mental health, but my past physical health has been terrible.",3,30,30,How satisfied are you with your current physical health?,"Compared to people I know, my past physical health has been excellent.",I expect my physical health to get worse.,My body seems to resist physical illness very well.,How would you say your health is?,"I tend to bounce back after illness, injury, or other hardships."
"Emotional, Occupational, Physical",I see improvement in my physical health.,3,30,30,How satisfied are you with your current physical health?,"Compared to people I know, my past physical health has been excellent.",I expect my physical health to get worse.,My body seems to resist physical illness very well.,How would you say your health is?,"I tend to bounce back after illness, injury, or other hardships."
"Emotional, Occupational, Physical",My previous physical health was excellent.,3,30,30,How satisfied are you with your current physical health?,"Compared to people I know, my past physical health has been excellent.",I expect my physical health to get worse.,My body seems to resist physical illness very well.,How would you say your health is?,"I tend to bounce back after illness, injury, or other hardships."
"Emotional, Occupational, Physical",I feel ill-advanced at times.,3,30,30,How satisfied are you with your current physical health?,"Compared to people I know, my past physical health has been excellent.",I expect my physical health to get worse.,My body seems to resist physical illness very well.,How would you say your health is?,"I tend to bounce back after illness, injury, or other hardships."
"Emotional, Occupational, Physical",How would you say your mental health is?,3,30,30,How satisfied are you with your current physical health?,"Compared to people I know, my past physical health has been excellent.",I expect my physical health to get worse.,My body seems to resist physical illness very well.,How would you say your health is?,"I tend to bounce back after illness, injury, or other hardships."
"Emotional, Occupational, Physical",My past physical health is amazing.,3,30,30,How satisfied are you with your current physical health?,"Compared to people I know, my past physical health has been excellent.",I expect my physical health to get worse.,My body seems to resist physical illness very well.,How would you say your health is?,"I tend to bounce back after illness, injury, or other hardships."
"Emotional, Occupational, Physical","I do not see physical health as being negative, but the positive effect it has on my ability to cope with physical illness.",3,30,30,How satisfied are you with your current physical health?,"Compared to people I know, my past physical health has been excellent.",I expect my physical health to get worse.,My body seems to resist physical illness very well.,How would you say your health is?,"I tend to bounce back after illness, injury, or other hardships."
"Emotional, Occupational, Physical",I am not a strong enough person to survive in a tough life.,3,30,30,How satisfied are you with your current physical health?,"Compared to people I know, my past physical health has been excellent.",I expect my physical health to get worse.,My body seems to resist physical illness very well.,How would you say your health is?,"I tend to bounce back after illness, injury, or other hardships."
"Emotional, Occupational, Physical",I generally don't experience physical illnesses.,3,30,30,How satisfied are you with your current physical health?,"Compared to people I know, my past physical health has been excellent.",I expect my physical health to get worse.,My body seems to resist physical illness very well.,How would you say your health is?,"I tend to bounce back after illness, injury, or other hardships."
"Emotional, Occupational, Physical","I hope my health is okay, but not great.",3,30,30,How satisfied are you with your current physical health?,"Compared to people I know, my past physical health has been excellent.",I expect my physical health to get worse.,My body seems to resist physical illness very well.,How would you say your health is?,"I tend to bounce back after illness, injury, or other hardships."
"Emotional, Occupational, Physical","My current physical health is good, but I expect my physical health to get worse.",3,30,30,How satisfied are you with your current physical health?,"Compared to people I know, my past physical health has been excellent.",I expect my physical health to get worse.,My body seems to resist physical illness very well.,How would you say your health is?,"I tend to bounce back after illness, injury, or other hardships."
"Emotional, Occupational, Physical",I think my physical health is going to be a problem.,3,30,30,How satisfied are you with your current physical health?,"Compared to people I know, my past physical health has been excellent.",I expect my physical health to get worse.,My body seems to resist physical illness very well.,How would you say your health is?,"I tend to bounce back after illness, injury, or other hardships."
"Emotional, Occupational, Physical","I expect my physical health to get worse, but I do not see myself as depressed.",3,30,30,How satisfied are you with your current physical health?,"Compared to people I know, my past physical health has been excellent.",I expect my physical health to get worse.,My body seems to resist physical illness very well.,How would you say your health is?,"I tend to bounce back after illness, injury, or other hardships."
"Emotional, Occupational, Physical",I feel I have a good sense of my physical health.,3,30,30,How satisfied are you with your current physical health?,"Compared to people I know, my past physical health has been excellent.",I expect my physical health to get worse.,My body seems to resist physical illness very well.,How would you say your health is?,"I tend to bounce back after illness, injury, or other hardships."
"Emotional, Occupational, Physical",How would you describe your emotional health?,3,30,30,How satisfied are you with your current physical health?,"Compared to people I know, my past physical health has been excellent.",I expect my physical health to get worse.,My body seems to resist physical illness very well.,How would you say your health is?,"I tend to bounce back after illness, injury, or other hardships."
"Emotional, Occupational, Physical","I have a healthy body compared to others, but my physical health appears to be improving.",3,30,30,How satisfied are you with your current physical health?,"Compared to people I know, my past physical health has been excellent.",I expect my physical health to get worse.,My body seems to resist physical illness very well.,How would you say your health is?,"I tend to bounce back after illness, injury, or other hardships."
"Emotional, Occupational, Physical","I generally take a vacation every 2 months, but I usually stay sick after 3 years.",3,30,30,How satisfied are you with your current physical health?,"Compared to people I know, my past physical health has been excellent.",I expect my physical health to get worse.,My body seems to resist physical illness very well.,How would you say your health is?,"I tend to bounce back after illness, injury, or other hardships."
"Emotional, Occupational, Physical",I generally have good physical health.,3,30,30,How satisfied are you with your current physical health?,"Compared to people I know, my past physical health has been excellent.",I expect my physical health to get worse.,My body seems to resist physical illness very well.,How would you say your health is?,"I tend to bounce back after illness, injury, or other hardships."
"Emotional, Occupational, Physical",I am concerned that my physical health may be going downhill.,3,30,30,How satisfied are you with your current physical health?,"Compared to people I know, my past physical health has been excellent.",I expect my physical health to get worse.,My body seems to resist physical illness very well.,How would you say your health is?,"I tend to bounce back after illness, injury, or other hardships."
"Emotional, Occupational, Physical",I want my physical health to improve.,3,30,30,How satisfied are you with your current physical health?,"Compared to people I know, my past physical health has been excellent.",I expect my physical health to get worse.,My body seems to resist physical illness very well.,How would you say your health is?,"I tend to bounce back after illness, injury, or other hardships."
"Emotional, Occupational, Physical",I have been trying to reclaim my physical health for 5 years now.,3,30,30,How satisfied are you with your current physical health?,"Compared to people I know, my past physical health has been excellent.",I expect my physical health to get worse.,My body seems to resist physical illness very well.,How would you say your health is?,"I tend to bounce back after illness, injury, or other hardships."
"Emotional, Occupational, Physical",I think I'm still pretty healthy and fit.,3,30,30,How satisfied are you with your current physical health?,"Compared to people I know, my past physical health has been excellent.",I expect my physical health to get worse.,My body seems to resist physical illness very well.,How would you say your health is?,"I tend to bounce back after illness, injury, or other hardships."
"Emotional, Occupational, Physical",I feel like I have good physical health.,3,30,30,How satisfied are you with your current physical health?,"Compared to people I know, my past physical health has been excellent.",I expect my physical health to get worse.,My body seems to resist physical illness very well.,How would you say your health is?,"I tend to bounce back after illness, injury, or other hardships."
"Emotional, Occupational, Physical",How does your physical health look?,3,30,30,How satisfied are you with your current physical health?,"Compared to people I know, my past physical health has been excellent.",I expect my physical health to get worse.,My body seems to resist physical illness very well.,How would you say your health is?,"I tend to bounce back after illness, injury, or other hardships."
"Emotional, Occupational, Physical",What are the three dimensions of a person's mental health?,3,30,30,How satisfied are you with your current physical health?,"Compared to people I know, my past physical health has been excellent.",I expect my physical health to get worse.,My body seems to resist physical illness very well.,How would you say your health is?,"I tend to bounce back after illness, injury, or other hardships."
"Emotional, Occupational, Physical",I want my health to improve.,3,30,30,How satisfied are you with your current physical health?,"Compared to people I know, my past physical health has been excellent.",I expect my physical health to get worse.,My body seems to resist physical illness very well.,How would you say your health is?,"I tend to bounce back after illness, injury, or other hardships."
"Emotional, Occupational, Physical",My physical health is good compared to others.,3,30,30,How satisfied are you with your current physical health?,"Compared to people I know, my past physical health has been excellent.",I expect my physical health to get worse.,My body seems to resist physical illness very well.,How would you say your health is?,"I tend to bounce back after illness, injury, or other hardships."
"Emotional, Occupational, Physical",I feel a sense of relief after suffering a lot of physical challenges.,3,30,30,How satisfied are you with your current physical health?,"Compared to people I know, my past physical health has been excellent.",I expect my physical health to get worse.,My body seems to resist physical illness very well.,How would you say your health is?,"I tend to bounce back after illness, injury, or other hardships."
"Emotional, Occupational, Social",Having a lot of friends with whom I could share my joys and sorrows has been frustrating.,3,30,30,How often do you feel sad?,"In the past, I have not always had friends with whom I could share my joys and sorrows.",There have been times when I felt inferior to most of the people I knew.,Maintaining close relationships has been difficult and frustrating for me.,How satisfied are you with your personal relationships?,I feel isolated from others
"Emotional, Occupational, Social",I have no contact with anyone.,3,30,30,How often do you feel sad?,"In the past, I have not always had friends with whom I could share my joys and sorrows.",There have been times when I felt inferior to most of the people I knew.,Maintaining close relationships has been difficult and frustrating for me.,How satisfied are you with your personal relationships?,I feel isolated from others
"Emotional, Occupational, Social",I don't have friends with whom I can share my joys and sorrows.,3,30,30,How often do you feel sad?,"In the past, I have not always had friends with whom I could share my joys and sorrows.",There have been times when I felt inferior to most of the people I knew.,Maintaining close relationships has been difficult and frustrating for me.,How satisfied are you with your personal relationships?,I feel isolated from others
"Emotional, Occupational, Social",I feel depressed in my family.,3,30,30,How often do you feel sad?,"In the past, I have not always had friends with whom I could share my joys and sorrows.",There have been times when I felt inferior to most of the people I knew.,Maintaining close relationships has been difficult and frustrating for me.,How satisfied are you with your personal relationships?,I feel isolated from others
"Emotional, Occupational, Social",I have feelings of apathy or distrust in my relationships.,3,30,30,How often do you feel sad?,"In the past, I have not always had friends with whom I could share my joys and sorrows.",There have been times when I felt inferior to most of the people I knew.,Maintaining close relationships has been difficult and frustrating for me.,How satisfied are you with your personal relationships?,I feel isolated from others
"Emotional, Occupational, Social","Often times, I have been self-centered and self-centered.",3,30,30,How often do you feel sad?,"In the past, I have not always had friends with whom I could share my joys and sorrows.",There have been times when I felt inferior to most of the people I knew.,Maintaining close relationships has been difficult and frustrating for me.,How satisfied are you with your personal relationships?,I feel isolated from others
"Emotional, Occupational, Social","When I am alone, I feel sad and isolated.",3,30,30,How often do you feel sad?,"In the past, I have not always had friends with whom I could share my joys and sorrows.",There have been times when I felt inferior to most of the people I knew.,Maintaining close relationships has been difficult and frustrating for me.,How satisfied are you with your personal relationships?,I feel isolated from others
"Emotional, Occupational, Social","Amount of good, physical, and social relationships have affected my mental health.",3,30,30,How often do you feel sad?,"In the past, I have not always had friends with whom I could share my joys and sorrows.",There have been times when I felt inferior to most of the people I knew.,Maintaining close relationships has been difficult and frustrating for me.,How satisfied are you with your personal relationships?,I feel isolated from others
"Emotional, Occupational, Social",I have been feeling disconnected from many friends and family members.,3,30,30,How often do you feel sad?,"In the past, I have not always had friends with whom I could share my joys and sorrows.",There have been times when I felt inferior to most of the people I knew.,Maintaining close relationships has been difficult and frustrating for me.,How satisfied are you with your personal relationships?,I feel isolated from others
"Emotional, Occupational, Social",I feel isolated from others because of social isolation.,3,30,30,How often do you feel sad?,"In the past, I have not always had friends with whom I could share my joys and sorrows.",There have been times when I felt inferior to most of the people I knew.,Maintaining close relationships has been difficult and frustrating for me.,How satisfied are you with your personal relationships?,I feel isolated from others
"Emotional, Occupational, Social","I feel isolated from others, as the number of people who live in poverty and lack housing causes them to be less than ten times more productive than others.",3,30,30,How often do you feel sad?,"In the past, I have not always had friends with whom I could share my joys and sorrows.",There have been times when I felt inferior to most of the people I knew.,Maintaining close relationships has been difficult and frustrating for me.,How satisfied are you with your personal relationships?,I feel isolated from others
"Emotional, Occupational, Social",I feel emotionally hounded and isolated from others.,3,30,30,How often do you feel sad?,"In the past, I have not always had friends with whom I could share my joys and sorrows.",There have been times when I felt inferior to most of the people I knew.,Maintaining close relationships has been difficult and frustrating for me.,How satisfied are you with your personal relationships?,I feel isolated from others
"Emotional, Occupational, Social","I have been emotionally, Occupational, and Socially ill for years.",3,30,30,How often do you feel sad?,"In the past, I have not always had friends with whom I could share my joys and sorrows.",There have been times when I felt inferior to most of the people I knew.,Maintaining close relationships has been difficult and frustrating for me.,How satisfied are you with your personal relationships?,I feel isolated from others
"Emotional, Occupational, Social",I feel lonely and have a low self-esteem.,3,30,30,How often do you feel sad?,"In the past, I have not always had friends with whom I could share my joys and sorrows.",There have been times when I felt inferior to most of the people I knew.,Maintaining close relationships has been difficult and frustrating for me.,How satisfied are you with your personal relationships?,I feel isolated from others
"Emotional, Occupational, Social",My social life has been a struggle for me lately.,3,30,30,How often do you feel sad?,"In the past, I have not always had friends with whom I could share my joys and sorrows.",There have been times when I felt inferior to most of the people I knew.,Maintaining close relationships has been difficult and frustrating for me.,How satisfied are you with your personal relationships?,I feel isolated from others
"Emotional, Occupational, Social","Probably the most interesting question is, how did you cope with the loneliness?",3,30,30,How often do you feel sad?,"In the past, I have not always had friends with whom I could share my joys and sorrows.",There have been times when I felt inferior to most of the people I knew.,Maintaining close relationships has been difficult and frustrating for me.,How satisfied are you with your personal relationships?,I feel isolated from others
"Emotional, Occupational, Social",I am not self-sufficient in self-awareness.,3,30,30,How often do you feel sad?,"In the past, I have not always had friends with whom I could share my joys and sorrows.",There have been times when I felt inferior to most of the people I knew.,Maintaining close relationships has been difficult and frustrating for me.,How satisfied are you with your personal relationships?,I feel isolated from others
"Emotional, Occupational, Social",I don't have any friendships or relationships.,3,30,30,How often do you feel sad?,"In the past, I have not always had friends with whom I could share my joys and sorrows.",There have been times when I felt inferior to most of the people I knew.,Maintaining close relationships has been difficult and frustrating for me.,How satisfied are you with your personal relationships?,I feel isolated from others
"Emotional, Occupational, Social",Emotional - I have been sick since a young age,3,30,30,How often do you feel sad?,"In the past, I have not always had friends with whom I could share my joys and sorrows.",There have been times when I felt inferior to most of the people I knew.,Maintaining close relationships has been difficult and frustrating for me.,How satisfied are you with your personal relationships?,I feel isolated from others
"Emotional, Occupational, Social",I have difficulty interacting with others.,3,30,30,How often do you feel sad?,"In the past, I have not always had friends with whom I could share my joys and sorrows.",There have been times when I felt inferior to most of the people I knew.,Maintaining close relationships has been difficult and frustrating for me.,How satisfied are you with your personal relationships?,I feel isolated from others
"Emotional, Occupational, Social",I feel disconnected from other people.,3,30,30,How often do you feel sad?,"In the past, I have not always had friends with whom I could share my joys and sorrows.",There have been times when I felt inferior to most of the people I knew.,Maintaining close relationships has been difficult and frustrating for me.,How satisfied are you with your personal relationships?,I feel isolated from others
"Emotional, Occupational, Social",I feel hedonistic and self-destructive.,3,30,30,How often do you feel sad?,"In the past, I have not always had friends with whom I could share my joys and sorrows.",There have been times when I felt inferior to most of the people I knew.,Maintaining close relationships has been difficult and frustrating for me.,How satisfied are you with your personal relationships?,I feel isolated from others
"Emotional, Occupational, Social",Having not found a supportive community has been painful for me.,3,30,30,How often do you feel sad?,"In the past, I have not always had friends with whom I could share my joys and sorrows.",There have been times when I felt inferior to most of the people I knew.,Maintaining close relationships has been difficult and frustrating for me.,How satisfied are you with your personal relationships?,I feel isolated from others
"Emotional, Occupational, Social",I feel alone in my relationships.,3,30,30,How often do you feel sad?,"In the past, I have not always had friends with whom I could share my joys and sorrows.",There have been times when I felt inferior to most of the people I knew.,Maintaining close relationships has been difficult and frustrating for me.,How satisfied are you with your personal relationships?,I feel isolated from others
"Emotional, Occupational, Social",My social and emotional wellbeing has been a lot of work.,3,30,30,How often do you feel sad?,"In the past, I have not always had friends with whom I could share my joys and sorrows.",There have been times when I felt inferior to most of the people I knew.,Maintaining close relationships has been difficult and frustrating for me.,How satisfied are you with your personal relationships?,I feel isolated from others
"Emotional, Occupational, Social","Mentally, I feel isolated from others because I have not had any close relationships.",3,30,30,How often do you feel sad?,"In the past, I have not always had friends with whom I could share my joys and sorrows.",There have been times when I felt inferior to most of the people I knew.,Maintaining close relationships has been difficult and frustrating for me.,How satisfied are you with your personal relationships?,I feel isolated from others
"Emotional, Occupational, Social",Having no friends and no friends with whom I could share my joys and sorrows is hard for me.,3,30,30,How often do you feel sad?,"In the past, I have not always had friends with whom I could share my joys and sorrows.",There have been times when I felt inferior to most of the people I knew.,Maintaining close relationships has been difficult and frustrating for me.,How satisfied are you with your personal relationships?,I feel isolated from others
"Emotional, Occupational, Social",I feel rushed and frustrated from social interaction.,3,30,30,How often do you feel sad?,"In the past, I have not always had friends with whom I could share my joys and sorrows.",There have been times when I felt inferior to most of the people I knew.,Maintaining close relationships has been difficult and frustrating for me.,How satisfied are you with your personal relationships?,I feel isolated from others
"Emotional, Occupational, Social","During a stressful period, I feel overwhelmed, frightened, and alone.",3,30,30,How often do you feel sad?,"In the past, I have not always had friends with whom I could share my joys and sorrows.",There have been times when I felt inferior to most of the people I knew.,Maintaining close relationships has been difficult and frustrating for me.,How satisfied are you with your personal relationships?,I feel isolated from others
"Emotional, Occupational, Social",Self-report mental health statement: I have a self-report mental health statement: Self-report Mental health statement: Self-report,3,30,30,How often do you feel sad?,"In the past, I have not always had friends with whom I could share my joys and sorrows.",There have been times when I felt inferior to most of the people I knew.,Maintaining close relationships has been difficult and frustrating for me.,How satisfied are you with your personal relationships?,I feel isolated from others
"Emotional, Occupational, Spiritual",I lead a purposeful and meaningful life.,3,30,30,How often do you feel sad?,"I am able to handle unpleasant or painful feelings like sadness, fear, and anger.",How often do you feel joyful?,I think of myself as a strong person when dealing with life's challenges and difficulties.,I have felt in the past that my life was meaningless.,To what extent do you lead a purposeful and meaningful life?
"Emotional, Occupational, Spiritual",Do you have a purposeful and meaningful life?,3,30,30,How often do you feel sad?,"I am able to handle unpleasant or painful feelings like sadness, fear, and anger.",How often do you feel joyful?,I think of myself as a strong person when dealing with life's challenges and difficulties.,I have felt in the past that my life was meaningless.,To what extent do you lead a purposeful and meaningful life?
"Emotional, Occupational, Spiritual",I am not having any negative emotions.,3,30,30,How often do you feel sad?,"I am able to handle unpleasant or painful feelings like sadness, fear, and anger.",How often do you feel joyful?,I think of myself as a strong person when dealing with life's challenges and difficulties.,I have felt in the past that my life was meaningless.,To what extent do you lead a purposeful and meaningful life?
"Emotional, Occupational, Spiritual","I have not felt joy or sad, but am grateful.",3,30,30,How often do you feel sad?,"I am able to handle unpleasant or painful feelings like sadness, fear, and anger.",How often do you feel joyful?,I think of myself as a strong person when dealing with life's challenges and difficulties.,I have felt in the past that my life was meaningless.,To what extent do you lead a purposeful and meaningful life?
"Emotional, Occupational, Spiritual",I have been living a purposeful and meaningful life.,3,30,30,How often do you feel sad?,"I am able to handle unpleasant or painful feelings like sadness, fear, and anger.",How often do you feel joyful?,I think of myself as a strong person when dealing with life's challenges and difficulties.,I have felt in the past that my life was meaningless.,To what extent do you lead a purposeful and meaningful life?
"Emotional, Occupational, Spiritual",I am an open-minded person who is dedicated to making life pleasing.,3,30,30,How often do you feel sad?,"I am able to handle unpleasant or painful feelings like sadness, fear, and anger.",How often do you feel joyful?,I think of myself as a strong person when dealing with life's challenges and difficulties.,I have felt in the past that my life was meaningless.,To what extent do you lead a purposeful and meaningful life?
"Emotional, Occupational, Spiritual",I am able to lead a purposeful and meaningful life.,3,30,30,How often do you feel sad?,"I am able to handle unpleasant or painful feelings like sadness, fear, and anger.",How often do you feel joyful?,I think of myself as a strong person when dealing with life's challenges and difficulties.,I have felt in the past that my life was meaningless.,To what extent do you lead a purposeful and meaningful life?
"Emotional, Occupational, Spiritual",I am very strong in my own personality.,3,30,30,How often do you feel sad?,"I am able to handle unpleasant or painful feelings like sadness, fear, and anger.",How often do you feel joyful?,I think of myself as a strong person when dealing with life's challenges and difficulties.,I have felt in the past that my life was meaningless.,To what extent do you lead a purposeful and meaningful life?
"Emotional, Occupational, Spiritual",I have a positive attitude towards myself.,3,30,30,How often do you feel sad?,"I am able to handle unpleasant or painful feelings like sadness, fear, and anger.",How often do you feel joyful?,I think of myself as a strong person when dealing with life's challenges and difficulties.,I have felt in the past that my life was meaningless.,To what extent do you lead a purposeful and meaningful life?
"Emotional, Occupational, Spiritual",I am good at both work and personal life.,3,30,30,How often do you feel sad?,"I am able to handle unpleasant or painful feelings like sadness, fear, and anger.",How often do you feel joyful?,I think of myself as a strong person when dealing with life's challenges and difficulties.,I have felt in the past that my life was meaningless.,To what extent do you lead a purposeful and meaningful life?
"Emotional, Occupational, Spiritual","Do you take a positive, uplifting attitude towards life?",3,30,30,How often do you feel sad?,"I am able to handle unpleasant or painful feelings like sadness, fear, and anger.",How often do you feel joyful?,I think of myself as a strong person when dealing with life's challenges and difficulties.,I have felt in the past that my life was meaningless.,To what extent do you lead a purposeful and meaningful life?
"Emotional, Occupational, Spiritual",I am able to accept and respect my own body and spirit.,3,30,30,How often do you feel sad?,"I am able to handle unpleasant or painful feelings like sadness, fear, and anger.",How often do you feel joyful?,I think of myself as a strong person when dealing with life's challenges and difficulties.,I have felt in the past that my life was meaningless.,To what extent do you lead a purposeful and meaningful life?
"Emotional, Occupational, Spiritual",I lead purposeful and meaningful lives.,3,30,30,How often do you feel sad?,"I am able to handle unpleasant or painful feelings like sadness, fear, and anger.",How often do you feel joyful?,I think of myself as a strong person when dealing with life's challenges and difficulties.,I have felt in the past that my life was meaningless.,To what extent do you lead a purposeful and meaningful life?
"Emotional, Occupational, Spiritual",I have been told that my life was meaningless.,3,30,30,How often do you feel sad?,"I am able to handle unpleasant or painful feelings like sadness, fear, and anger.",How often do you feel joyful?,I think of myself as a strong person when dealing with life's challenges and difficulties.,I have felt in the past that my life was meaningless.,To what extent do you lead a purposeful and meaningful life?
"Emotional, Occupational, Spiritual",I feel accomplished when I take responsibility for my own life.,3,30,30,How often do you feel sad?,"I am able to handle unpleasant or painful feelings like sadness, fear, and anger.",How often do you feel joyful?,I think of myself as a strong person when dealing with life's challenges and difficulties.,I have felt in the past that my life was meaningless.,To what extent do you lead a purposeful and meaningful life?
"Emotional, Occupational, Spiritual",I have been told that I have a purposeful and meaningful life.,3,30,30,How often do you feel sad?,"I am able to handle unpleasant or painful feelings like sadness, fear, and anger.",How often do you feel joyful?,I think of myself as a strong person when dealing with life's challenges and difficulties.,I have felt in the past that my life was meaningless.,To what extent do you lead a purposeful and meaningful life?
"Emotional, Occupational, Spiritual",I am driven to purpose and meaning.,3,30,30,How often do you feel sad?,"I am able to handle unpleasant or painful feelings like sadness, fear, and anger.",How often do you feel joyful?,I think of myself as a strong person when dealing with life's challenges and difficulties.,I have felt in the past that my life was meaningless.,To what extent do you lead a purposeful and meaningful life?
"Emotional, Occupational, Spiritual",I am spiritually strong and I practice the practice of yoga and meditation.,3,30,30,How often do you feel sad?,"I am able to handle unpleasant or painful feelings like sadness, fear, and anger.",How often do you feel joyful?,I think of myself as a strong person when dealing with life's challenges and difficulties.,I have felt in the past that my life was meaningless.,To what extent do you lead a purposeful and meaningful life?
"Emotional, Occupational, Spiritual","What measure of self-actualization do you show you lead a purposeful, meaningful life?",3,30,30,How often do you feel sad?,"I am able to handle unpleasant or painful feelings like sadness, fear, and anger.",How often do you feel joyful?,I think of myself as a strong person when dealing with life's challenges and difficulties.,I have felt in the past that my life was meaningless.,To what extent do you lead a purposeful and meaningful life?
"Emotional, Occupational, Spiritual",What's a good thing about having a purposeful life?,3,30,30,How often do you feel sad?,"I am able to handle unpleasant or painful feelings like sadness, fear, and anger.",How often do you feel joyful?,I think of myself as a strong person when dealing with life's challenges and difficulties.,I have felt in the past that my life was meaningless.,To what extent do you lead a purposeful and meaningful life?
"Emotional, Occupational, Spiritual",I have led a purposeful and meaningful life.,3,30,30,How often do you feel sad?,"I am able to handle unpleasant or painful feelings like sadness, fear, and anger.",How often do you feel joyful?,I think of myself as a strong person when dealing with life's challenges and difficulties.,I have felt in the past that my life was meaningless.,To what extent do you lead a purposeful and meaningful life?
"Emotional, Occupational, Spiritual",My emotional well-being is important to me.,3,30,30,How often do you feel sad?,"I am able to handle unpleasant or painful feelings like sadness, fear, and anger.",How often do you feel joyful?,I think of myself as a strong person when dealing with life's challenges and difficulties.,I have felt in the past that my life was meaningless.,To what extent do you lead a purposeful and meaningful life?
"Emotional, Occupational, Spiritual",I have always had positive feelings about my life.,3,30,30,How often do you feel sad?,"I am able to handle unpleasant or painful feelings like sadness, fear, and anger.",How often do you feel joyful?,I think of myself as a strong person when dealing with life's challenges and difficulties.,I have felt in the past that my life was meaningless.,To what extent do you lead a purposeful and meaningful life?
"Emotional, Occupational, Spiritual",I am emotionally and Occupationally sound.,3,30,30,How often do you feel sad?,"I am able to handle unpleasant or painful feelings like sadness, fear, and anger.",How often do you feel joyful?,I think of myself as a strong person when dealing with life's challenges and difficulties.,I have felt in the past that my life was meaningless.,To what extent do you lead a purposeful and meaningful life?
"Emotional, Occupational, Spiritual",Do you feel happy or sad?,3,30,30,How often do you feel sad?,"I am able to handle unpleasant or painful feelings like sadness, fear, and anger.",How often do you feel joyful?,I think of myself as a strong person when dealing with life's challenges and difficulties.,I have felt in the past that my life was meaningless.,To what extent do you lead a purposeful and meaningful life?
"Emotional, Occupational, Spiritual",I am happy when I have a purposeful life.,3,30,30,How often do you feel sad?,"I am able to handle unpleasant or painful feelings like sadness, fear, and anger.",How often do you feel joyful?,I think of myself as a strong person when dealing with life's challenges and difficulties.,I have felt in the past that my life was meaningless.,To what extent do you lead a purposeful and meaningful life?
"Emotional, Occupational, Spiritual","I have been doing activities that have been fulfilling for me in the past, but have had some issues that I need to address.",3,30,30,How often do you feel sad?,"I am able to handle unpleasant or painful feelings like sadness, fear, and anger.",How often do you feel joyful?,I think of myself as a strong person when dealing with life's challenges and difficulties.,I have felt in the past that my life was meaningless.,To what extent do you lead a purposeful and meaningful life?
"Emotional, Occupational, Spiritual",I am able to relate to my problems because I can relate to them and I can feel their effects.,3,30,30,How often do you feel sad?,"I am able to handle unpleasant or painful feelings like sadness, fear, and anger.",How often do you feel joyful?,I think of myself as a strong person when dealing with life's challenges and difficulties.,I have felt in the past that my life was meaningless.,To what extent do you lead a purposeful and meaningful life?
"Emotional, Occupational, Spiritual",I have found my purposeful life meaningful.,3,30,30,How often do you feel sad?,"I am able to handle unpleasant or painful feelings like sadness, fear, and anger.",How often do you feel joyful?,I think of myself as a strong person when dealing with life's challenges and difficulties.,I have felt in the past that my life was meaningless.,To what extent do you lead a purposeful and meaningful life?
"Emotional, Occupational, Spiritual",How often do you feel resentful or sad?,3,30,30,How often do you feel sad?,"I am able to handle unpleasant or painful feelings like sadness, fear, and anger.",How often do you feel joyful?,I think of myself as a strong person when dealing with life's challenges and difficulties.,I have felt in the past that my life was meaningless.,To what extent do you lead a purposeful and meaningful life?
"Emotional, Physical, Social",I am a very happy person.,3,30,30,"Compared to people I know, my past physical health has been excellent.","Compared to others of your same age and sex, how is your health?","I tend to bounce back after illness, injury, or other hardships.",How would you say your health is?,Having to cope with stress can make me stronger.,"In times of stress, I know where to find help."
"Emotional, Physical, Social","Compared to other people who have the same physical health, my past physical health has been excellent.",3,30,30,"Compared to people I know, my past physical health has been excellent.","Compared to others of your same age and sex, how is your health?","I tend to bounce back after illness, injury, or other hardships.",How would you say your health is?,Having to cope with stress can make me stronger.,"In times of stress, I know where to find help."
"Emotional, Physical, Social",I have a feeling that I have been in a state of mental health decline for 2 weeks.,3,30,30,"Compared to people I know, my past physical health has been excellent.","Compared to others of your same age and sex, how is your health?","I tend to bounce back after illness, injury, or other hardships.",How would you say your health is?,Having to cope with stress can make me stronger.,"In times of stress, I know where to find help."
"Emotional, Physical, Social",I am a weaker person because I have mental illnesses.,3,30,30,"Compared to people I know, my past physical health has been excellent.","Compared to others of your same age and sex, how is your health?","I tend to bounce back after illness, injury, or other hardships.",How would you say your health is?,Having to cope with stress can make me stronger.,"In times of stress, I know where to find help."
"Emotional, Physical, Social",I'm not so good at coping with stress.,3,30,30,"Compared to people I know, my past physical health has been excellent.","Compared to others of your same age and sex, how is your health?","I tend to bounce back after illness, injury, or other hardships.",How would you say your health is?,Having to cope with stress can make me stronger.,"In times of stress, I know where to find help."
"Emotional, Physical, Social",I feel much better after an absence.,3,30,30,"Compared to people I know, my past physical health has been excellent.","Compared to others of your same age and sex, how is your health?","I tend to bounce back after illness, injury, or other hardships.",How would you say your health is?,Having to cope with stress can make me stronger.,"In times of stress, I know where to find help."
"Emotional, Physical, Social",I find it hard to cope with stress.,3,30,30,"Compared to people I know, my past physical health has been excellent.","Compared to others of your same age and sex, how is your health?","I tend to bounce back after illness, injury, or other hardships.",How would you say your health is?,Having to cope with stress can make me stronger.,"In times of stress, I know where to find help."
"Emotional, Physical, Social",I feel strong when I face stress.,3,30,30,"Compared to people I know, my past physical health has been excellent.","Compared to others of your same age and sex, how is your health?","I tend to bounce back after illness, injury, or other hardships.",How would you say your health is?,Having to cope with stress can make me stronger.,"In times of stress, I know where to find help."
"Emotional, Physical, Social",I have the ability to cope with stress.,3,30,30,"Compared to people I know, my past physical health has been excellent.","Compared to others of your same age and sex, how is your health?","I tend to bounce back after illness, injury, or other hardships.",How would you say your health is?,Having to cope with stress can make me stronger.,"In times of stress, I know where to find help."
"Emotional, Physical, Social",I am trying to be more social to people I know.,3,30,30,"Compared to people I know, my past physical health has been excellent.","Compared to others of your same age and sex, how is your health?","I tend to bounce back after illness, injury, or other hardships.",How would you say your health is?,Having to cope with stress can make me stronger.,"In times of stress, I know where to find help."
"Emotional, Physical, Social",How does your mental health compare to others?,3,30,30,"Compared to people I know, my past physical health has been excellent.","Compared to others of your same age and sex, how is your health?","I tend to bounce back after illness, injury, or other hardships.",How would you say your health is?,Having to cope with stress can make me stronger.,"In times of stress, I know where to find help."
"Emotional, Physical, Social",How are your mental health levels?,3,30,30,"Compared to people I know, my past physical health has been excellent.","Compared to others of your same age and sex, how is your health?","I tend to bounce back after illness, injury, or other hardships.",How would you say your health is?,Having to cope with stress can make me stronger.,"In times of stress, I know where to find help."
"Emotional, Physical, Social",When I have to cope with stress I am calmer and more relaxed.,3,30,30,"Compared to people I know, my past physical health has been excellent.","Compared to others of your same age and sex, how is your health?","I tend to bounce back after illness, injury, or other hardships.",How would you say your health is?,Having to cope with stress can make me stronger.,"In times of stress, I know where to find help."
"Emotional, Physical, Social",I have a fear of people and of my family.,3,30,30,"Compared to people I know, my past physical health has been excellent.","Compared to others of your same age and sex, how is your health?","I tend to bounce back after illness, injury, or other hardships.",How would you say your health is?,Having to cope with stress can make me stronger.,"In times of stress, I know where to find help."
"Emotional, Physical, Social",What kind of health do you like?,3,30,30,"Compared to people I know, my past physical health has been excellent.","Compared to others of your same age and sex, how is your health?","I tend to bounce back after illness, injury, or other hardships.",How would you say your health is?,Having to cope with stress can make me stronger.,"In times of stress, I know where to find help."
"Emotional, Physical, Social",A lot of people I know are ill or unwell and I tend to feel stressed about my health.,3,30,30,"Compared to people I know, my past physical health has been excellent.","Compared to others of your same age and sex, how is your health?","I tend to bounce back after illness, injury, or other hardships.",How would you say your health is?,Having to cope with stress can make me stronger.,"In times of stress, I know where to find help."
"Emotional, Physical, Social",I have been a great person.,3,30,30,"Compared to people I know, my past physical health has been excellent.","Compared to others of your same age and sex, how is your health?","I tend to bounce back after illness, injury, or other hardships.",How would you say your health is?,Having to cope with stress can make me stronger.,"In times of stress, I know where to find help."
"Emotional, Physical, Social",I am not a very happy person but I have been suffering from the stress and anxiety and I have been able to cope with that.,3,30,30,"Compared to people I know, my past physical health has been excellent.","Compared to others of your same age and sex, how is your health?","I tend to bounce back after illness, injury, or other hardships.",How would you say your health is?,Having to cope with stress can make me stronger.,"In times of stress, I know where to find help."
"Emotional, Physical, Social",I have an extremely healthy body weight.,3,30,30,"Compared to people I know, my past physical health has been excellent.","Compared to others of your same age and sex, how is your health?","I tend to bounce back after illness, injury, or other hardships.",How would you say your health is?,Having to cope with stress can make me stronger.,"In times of stress, I know where to find help."
"Emotional, Physical, Social",I have had a good relationship.,3,30,30,"Compared to people I know, my past physical health has been excellent.","Compared to others of your same age and sex, how is your health?","I tend to bounce back after illness, injury, or other hardships.",How would you say your health is?,Having to cope with stress can make me stronger.,"In times of stress, I know where to find help."
"Emotional, Physical, Social","Compared to people I know, how is your mental health?",3,30,30,"Compared to people I know, my past physical health has been excellent.","Compared to others of your same age and sex, how is your health?","I tend to bounce back after illness, injury, or other hardships.",How would you say your health is?,Having to cope with stress can make me stronger.,"In times of stress, I know where to find help."
"Emotional, Physical, Social",I have a tendency to be upset by my friends and family and feel like a total mess.,3,30,30,"Compared to people I know, my past physical health has been excellent.","Compared to others of your same age and sex, how is your health?","I tend to bounce back after illness, injury, or other hardships.",How would you say your health is?,Having to cope with stress can make me stronger.,"In times of stress, I know where to find help."
"Emotional, Physical, Social",What kinds of health might you describe?,3,30,30,"Compared to people I know, my past physical health has been excellent.","Compared to others of your same age and sex, how is your health?","I tend to bounce back after illness, injury, or other hardships.",How would you say your health is?,Having to cope with stress can make me stronger.,"In times of stress, I know where to find help."
"Emotional, Physical, Social","Compared to other mental health statements, how is your health?",3,30,30,"Compared to people I know, my past physical health has been excellent.","Compared to others of your same age and sex, how is your health?","I tend to bounce back after illness, injury, or other hardships.",How would you say your health is?,Having to cope with stress can make me stronger.,"In times of stress, I know where to find help."
"Emotional, Physical, Social","Your health is a combination of emotional, physical, and social issues.",3,30,30,"Compared to people I know, my past physical health has been excellent.","Compared to others of your same age and sex, how is your health?","I tend to bounce back after illness, injury, or other hardships.",How would you say your health is?,Having to cope with stress can make me stronger.,"In times of stress, I know where to find help."
"Emotional, Physical, Social",How do you view your health?,3,30,30,"Compared to people I know, my past physical health has been excellent.","Compared to others of your same age and sex, how is your health?","I tend to bounce back after illness, injury, or other hardships.",How would you say your health is?,Having to cope with stress can make me stronger.,"In times of stress, I know where to find help."
"Emotional, Physical, Social",I usually feel good about myself because of how strong I am.,3,30,30,"Compared to people I know, my past physical health has been excellent.","Compared to others of your same age and sex, how is your health?","I tend to bounce back after illness, injury, or other hardships.",How would you say your health is?,Having to cope with stress can make me stronger.,"In times of stress, I know where to find help."
"Emotional, Physical, Social",What was your previous health like?,3,30,30,"Compared to people I know, my past physical health has been excellent.","Compared to others of your same age and sex, how is your health?","I tend to bounce back after illness, injury, or other hardships.",How would you say your health is?,Having to cope with stress can make me stronger.,"In times of stress, I know where to find help."
"Emotional, Physical, Social","I have suffered from depression, anxiety, and other physical issues.",3,30,30,"Compared to people I know, my past physical health has been excellent.","Compared to others of your same age and sex, how is your health?","I tend to bounce back after illness, injury, or other hardships.",How would you say your health is?,Having to cope with stress can make me stronger.,"In times of stress, I know where to find help."
"Emotional, Physical, Social","A healthy person can achieve mental health goals like weight loss, stress reduction, and coping skills.",3,30,30,"Compared to people I know, my past physical health has been excellent.","Compared to others of your same age and sex, how is your health?","I tend to bounce back after illness, injury, or other hardships.",How would you say your health is?,Having to cope with stress can make me stronger.,"In times of stress, I know where to find help."
"Emotional, Physical, Spiritual",I try to acclimate to the new environment.,3,30,30,My body seems to resist physical illness very well.,I expect my physical health to get worse.,How would you say your health is?,"I tend to bounce back after illness, injury, or other hardships.",Having to cope with stress can make me stronger.,"In times of stress, I know where to find help."
"Emotional, Physical, Spiritual",I get very sick a lot.,3,30,30,My body seems to resist physical illness very well.,I expect my physical health to get worse.,How would you say your health is?,"I tend to bounce back after illness, injury, or other hardships.",Having to cope with stress can make me stronger.,"In times of stress, I know where to find help."
"Emotional, Physical, Spiritual","I enjoy life, but I never get over the stress.",3,30,30,My body seems to resist physical illness very well.,I expect my physical health to get worse.,How would you say your health is?,"I tend to bounce back after illness, injury, or other hardships.",Having to cope with stress can make me stronger.,"In times of stress, I know where to find help."
"Emotional, Physical, Spiritual","I'm feeling depressed, stressed, or lonely.",3,30,30,My body seems to resist physical illness very well.,I expect my physical health to get worse.,How would you say your health is?,"I tend to bounce back after illness, injury, or other hardships.",Having to cope with stress can make me stronger.,"In times of stress, I know where to find help."
"Emotional, Physical, Spiritual",I can deal with my health problems.,3,30,30,My body seems to resist physical illness very well.,I expect my physical health to get worse.,How would you say your health is?,"I tend to bounce back after illness, injury, or other hardships.",Having to cope with stress can make me stronger.,"In times of stress, I know where to find help."
"Emotional, Physical, Spiritual",I have mental health issues that are not very strong.,3,30,30,My body seems to resist physical illness very well.,I expect my physical health to get worse.,How would you say your health is?,"I tend to bounce back after illness, injury, or other hardships.",Having to cope with stress can make me stronger.,"In times of stress, I know where to find help."
"Emotional, Physical, Spiritual",My physical health does not match my mental health.,3,30,30,My body seems to resist physical illness very well.,I expect my physical health to get worse.,How would you say your health is?,"I tend to bounce back after illness, injury, or other hardships.",Having to cope with stress can make me stronger.,"In times of stress, I know where to find help."
"Emotional, Physical, Spiritual",I like to feel good about my physical health.,3,30,30,My body seems to resist physical illness very well.,I expect my physical health to get worse.,How would you say your health is?,"I tend to bounce back after illness, injury, or other hardships.",Having to cope with stress can make me stronger.,"In times of stress, I know where to find help."
"Emotional, Physical, Spiritual",I think my physical health is healthy but not quite.,3,30,30,My body seems to resist physical illness very well.,I expect my physical health to get worse.,How would you say your health is?,"I tend to bounce back after illness, injury, or other hardships.",Having to cope with stress can make me stronger.,"In times of stress, I know where to find help."
"Emotional, Physical, Spiritual",I often fall off the toilet when I am sick.,3,30,30,My body seems to resist physical illness very well.,I expect my physical health to get worse.,How would you say your health is?,"I tend to bounce back after illness, injury, or other hardships.",Having to cope with stress can make me stronger.,"In times of stress, I know where to find help."
"Emotional, Physical, Spiritual",I hope my health is as good as it is spiritually.,3,30,30,My body seems to resist physical illness very well.,I expect my physical health to get worse.,How would you say your health is?,"I tend to bounce back after illness, injury, or other hardships.",Having to cope with stress can make me stronger.,"In times of stress, I know where to find help."
"Emotional, Physical, Spiritual",I feel like my physical health is better than my emotional one.,3,30,30,My body seems to resist physical illness very well.,I expect my physical health to get worse.,How would you say your health is?,"I tend to bounce back after illness, injury, or other hardships.",Having to cope with stress can make me stronger.,"In times of stress, I know where to find help."
"Emotional, Physical, Spiritual",I feel weak in times of stress.,3,30,30,My body seems to resist physical illness very well.,I expect my physical health to get worse.,How would you say your health is?,"I tend to bounce back after illness, injury, or other hardships.",Having to cope with stress can make me stronger.,"In times of stress, I know where to find help."
"Emotional, Physical, Spiritual",My physical health is a little better.,3,30,30,My body seems to resist physical illness very well.,I expect my physical health to get worse.,How would you say your health is?,"I tend to bounce back after illness, injury, or other hardships.",Having to cope with stress can make me stronger.,"In times of stress, I know where to find help."
"Emotional, Physical, Spiritual",How would you describe your mental health?,3,30,30,My body seems to resist physical illness very well.,I expect my physical health to get worse.,How would you say your health is?,"I tend to bounce back after illness, injury, or other hardships.",Having to cope with stress can make me stronger.,"In times of stress, I know where to find help."
"Emotional, Physical, Spiritual",I feel that my physical health is fine.,3,30,30,My body seems to resist physical illness very well.,I expect my physical health to get worse.,How would you say your health is?,"I tend to bounce back after illness, injury, or other hardships.",Having to cope with stress can make me stronger.,"In times of stress, I know where to find help."
"Emotional, Physical, Spiritual",I think I am in a state of mental health.,3,30,30,My body seems to resist physical illness very well.,I expect my physical health to get worse.,How would you say your health is?,"I tend to bounce back after illness, injury, or other hardships.",Having to cope with stress can make me stronger.,"In times of stress, I know where to find help."
"Emotional, Physical, Spiritual",I can easily cope with stress and recover.,3,30,30,My body seems to resist physical illness very well.,I expect my physical health to get worse.,How would you say your health is?,"I tend to bounce back after illness, injury, or other hardships.",Having to cope with stress can make me stronger.,"In times of stress, I know where to find help."
"Emotional, Physical, Spiritual",I have a healthy physical and emotional self.,3,30,30,My body seems to resist physical illness very well.,I expect my physical health to get worse.,How would you say your health is?,"I tend to bounce back after illness, injury, or other hardships.",Having to cope with stress can make me stronger.,"In times of stress, I know where to find help."
"Emotional, Physical, Spiritual",I feel like I have an abundance of energy.,3,30,30,My body seems to resist physical illness very well.,I expect my physical health to get worse.,How would you say your health is?,"I tend to bounce back after illness, injury, or other hardships.",Having to cope with stress can make me stronger.,"In times of stress, I know where to find help."
"Emotional, Physical, Spiritual","I find it hard to balance my emotions, so I don't cope with my stress.",3,30,30,My body seems to resist physical illness very well.,I expect my physical health to get worse.,How would you say your health is?,"I tend to bounce back after illness, injury, or other hardships.",Having to cope with stress can make me stronger.,"In times of stress, I know where to find help."
"Emotional, Physical, Spiritual",I often feel ripped off and feel unsure of myself.,3,30,30,My body seems to resist physical illness very well.,I expect my physical health to get worse.,How would you say your health is?,"I tend to bounce back after illness, injury, or other hardships.",Having to cope with stress can make me stronger.,"In times of stress, I know where to find help."
"Emotional, Physical, Spiritual",I have an emotional health that is stable and healthy.,3,30,30,My body seems to resist physical illness very well.,I expect my physical health to get worse.,How would you say your health is?,"I tend to bounce back after illness, injury, or other hardships.",Having to cope with stress can make me stronger.,"In times of stress, I know where to find help."
"Emotional, Physical, Spiritual",I want to be strong and healthy.,3,30,30,My body seems to resist physical illness very well.,I expect my physical health to get worse.,How would you say your health is?,"I tend to bounce back after illness, injury, or other hardships.",Having to cope with stress can make me stronger.,"In times of stress, I know where to find help."
"Emotional, Physical, Spiritual",My emotional health seems to be improving.,3,30,30,My body seems to resist physical illness very well.,I expect my physical health to get worse.,How would you say your health is?,"I tend to bounce back after illness, injury, or other hardships.",Having to cope with stress can make me stronger.,"In times of stress, I know where to find help."
"Emotional, Physical, Spiritual",I think my physical health is good but my spiritual health is not.,3,30,30,My body seems to resist physical illness very well.,I expect my physical health to get worse.,How would you say your health is?,"I tend to bounce back after illness, injury, or other hardships.",Having to cope with stress can make me stronger.,"In times of stress, I know where to find help."
"Emotional, Physical, Spiritual",I feel much better emotionally than physically.,3,30,30,My body seems to resist physical illness very well.,I expect my physical health to get worse.,How would you say your health is?,"I tend to bounce back after illness, injury, or other hardships.",Having to cope with stress can make me stronger.,"In times of stress, I know where to find help."
"Emotional, Physical, Spiritual",I am feeling good for my health.,3,30,30,My body seems to resist physical illness very well.,I expect my physical health to get worse.,How would you say your health is?,"I tend to bounce back after illness, injury, or other hardships.",Having to cope with stress can make me stronger.,"In times of stress, I know where to find help."
"Emotional, Physical, Spiritual",I try to be positive in my mental health.,3,30,30,My body seems to resist physical illness very well.,I expect my physical health to get worse.,How would you say your health is?,"I tend to bounce back after illness, injury, or other hardships.",Having to cope with stress can make me stronger.,"In times of stress, I know where to find help."
"Emotional, Physical, Spiritual",I want to learn how to deal with stress.,3,30,30,My body seems to resist physical illness very well.,I expect my physical health to get worse.,How would you say your health is?,"I tend to bounce back after illness, injury, or other hardships.",Having to cope with stress can make me stronger.,"In times of stress, I know where to find help."
"Emotional, Social, Spiritual",How often do you feel depressed or sad?,3,30,30,I have not experienced many warm and trusting relationships with others.,"In the past, I have not always had friends with whom I could share my joys and sorrows.",There have been times when I felt inferior to most of the people I knew.,"In the past, I have felt sure of myself among strangers.",Maintaining close relationships has been difficult and frustrating for me.,How often do you feel sad?
"Emotional, Social, Spiritual","When I feel sad, how often does I feel upset?",3,30,30,I have not experienced many warm and trusting relationships with others.,"In the past, I have not always had friends with whom I could share my joys and sorrows.",There have been times when I felt inferior to most of the people I knew.,"In the past, I have felt sure of myself among strangers.",Maintaining close relationships has been difficult and frustrating for me.,How often do you feel sad?
"Emotional, Social, Spiritual",How often do you feel worried about the future?,3,30,30,I have not experienced many warm and trusting relationships with others.,"In the past, I have not always had friends with whom I could share my joys and sorrows.",There have been times when I felt inferior to most of the people I knew.,"In the past, I have felt sure of myself among strangers.",Maintaining close relationships has been difficult and frustrating for me.,How often do you feel sad?
"Emotional, Social, Spiritual",The most frequent times I feel sad are during the day and evening.,3,30,30,I have not experienced many warm and trusting relationships with others.,"In the past, I have not always had friends with whom I could share my joys and sorrows.",There have been times when I felt inferior to most of the people I knew.,"In the past, I have felt sure of myself among strangers.",Maintaining close relationships has been difficult and frustrating for me.,How often do you feel sad?
"Emotional, Social, Spiritual",I feel sad about my past.,3,30,30,I have not experienced many warm and trusting relationships with others.,"In the past, I have not always had friends with whom I could share my joys and sorrows.",There have been times when I felt inferior to most of the people I knew.,"In the past, I have felt sure of myself among strangers.",Maintaining close relationships has been difficult and frustrating for me.,How often do you feel sad?
"Emotional, Social, Spiritual",Currently feel sad about how often I should stop crying.,3,30,30,I have not experienced many warm and trusting relationships with others.,"In the past, I have not always had friends with whom I could share my joys and sorrows.",There have been times when I felt inferior to most of the people I knew.,"In the past, I have felt sure of myself among strangers.",Maintaining close relationships has been difficult and frustrating for me.,How often do you feel sad?
"Emotional, Social, Spiritual","I have not been in many emotional, social, and spiritual relationships.",3,30,30,I have not experienced many warm and trusting relationships with others.,"In the past, I have not always had friends with whom I could share my joys and sorrows.",There have been times when I felt inferior to most of the people I knew.,"In the past, I have felt sure of myself among strangers.",Maintaining close relationships has been difficult and frustrating for me.,How often do you feel sad?
"Emotional, Social, Spiritual",I have a very low level of emotional health.,3,30,30,I have not experienced many warm and trusting relationships with others.,"In the past, I have not always had friends with whom I could share my joys and sorrows.",There have been times when I felt inferior to most of the people I knew.,"In the past, I have felt sure of myself among strangers.",Maintaining close relationships has been difficult and frustrating for me.,How often do you feel sad?
"Emotional, Social, Spiritual",I have not had close friends or close family.,3,30,30,I have not experienced many warm and trusting relationships with others.,"In the past, I have not always had friends with whom I could share my joys and sorrows.",There have been times when I felt inferior to most of the people I knew.,"In the past, I have felt sure of myself among strangers.",Maintaining close relationships has been difficult and frustrating for me.,How often do you feel sad?
"Emotional, Social, Spiritual",I feel lonely in my home.,3,30,30,I have not experienced many warm and trusting relationships with others.,"In the past, I have not always had friends with whom I could share my joys and sorrows.",There have been times when I felt inferior to most of the people I knew.,"In the past, I have felt sure of myself among strangers.",Maintaining close relationships has been difficult and frustrating for me.,How often do you feel sad?
"Emotional, Social, Spiritual",A low social and emotional health score.,3,30,30,I have not experienced many warm and trusting relationships with others.,"In the past, I have not always had friends with whom I could share my joys and sorrows.",There have been times when I felt inferior to most of the people I knew.,"In the past, I have felt sure of myself among strangers.",Maintaining close relationships has been difficult and frustrating for me.,How often do you feel sad?
"Emotional, Social, Spiritual",I have been unable to enjoy a lifelong family.,3,30,30,I have not experienced many warm and trusting relationships with others.,"In the past, I have not always had friends with whom I could share my joys and sorrows.",There have been times when I felt inferior to most of the people I knew.,"In the past, I have felt sure of myself among strangers.",Maintaining close relationships has been difficult and frustrating for me.,How often do you feel sad?
"Emotional, Social, Spiritual","I have never experienced many happy, healthy relationships with others.",3,30,30,I have not experienced many warm and trusting relationships with others.,"In the past, I have not always had friends with whom I could share my joys and sorrows.",There have been times when I felt inferior to most of the people I knew.,"In the past, I have felt sure of myself among strangers.",Maintaining close relationships has been difficult and frustrating for me.,How often do you feel sad?
"Emotional, Social, Spiritual",I feel sad sometimes but not every day.,3,30,30,I have not experienced many warm and trusting relationships with others.,"In the past, I have not always had friends with whom I could share my joys and sorrows.",There have been times when I felt inferior to most of the people I knew.,"In the past, I have felt sure of myself among strangers.",Maintaining close relationships has been difficult and frustrating for me.,How often do you feel sad?
"Emotional, Social, Spiritual",How often do you feel dissatisfied with your relationships?,3,30,30,I have not experienced many warm and trusting relationships with others.,"In the past, I have not always had friends with whom I could share my joys and sorrows.",There have been times when I felt inferior to most of the people I knew.,"In the past, I have felt sure of myself among strangers.",Maintaining close relationships has been difficult and frustrating for me.,How often do you feel sad?
"Emotional, Social, Spiritual",I feel sad about my relationships with others.,3,30,30,I have not experienced many warm and trusting relationships with others.,"In the past, I have not always had friends with whom I could share my joys and sorrows.",There have been times when I felt inferior to most of the people I knew.,"In the past, I have felt sure of myself among strangers.",Maintaining close relationships has been difficult and frustrating for me.,How often do you feel sad?
"Emotional, Social, Spiritual","I feel more likely to be sad in my relationships, but I have never had people I knew or respected.",3,30,30,I have not experienced many warm and trusting relationships with others.,"In the past, I have not always had friends with whom I could share my joys and sorrows.",There have been times when I felt inferior to most of the people I knew.,"In the past, I have felt sure of myself among strangers.",Maintaining close relationships has been difficult and frustrating for me.,How often do you feel sad?
"Emotional, Social, Spiritual",How often does the weather change?,3,30,30,I have not experienced many warm and trusting relationships with others.,"In the past, I have not always had friends with whom I could share my joys and sorrows.",There have been times when I felt inferior to most of the people I knew.,"In the past, I have felt sure of myself among strangers.",Maintaining close relationships has been difficult and frustrating for me.,How often do you feel sad?
"Emotional, Social, Spiritual",I have not experienced any comforting relationships with others.,3,30,30,I have not experienced many warm and trusting relationships with others.,"In the past, I have not always had friends with whom I could share my joys and sorrows.",There have been times when I felt inferior to most of the people I knew.,"In the past, I have felt sure of myself among strangers.",Maintaining close relationships has been difficult and frustrating for me.,How often do you feel sad?
"Emotional, Social, Spiritual",I have no family and friends and no time for my heart to express feelings.,3,30,30,I have not experienced many warm and trusting relationships with others.,"In the past, I have not always had friends with whom I could share my joys and sorrows.",There have been times when I felt inferior to most of the people I knew.,"In the past, I have felt sure of myself among strangers.",Maintaining close relationships has been difficult and frustrating for me.,How often do you feel sad?
"Emotional, Social, Spiritual",Having been unlucky in the past has been difficult.,3,30,30,I have not experienced many warm and trusting relationships with others.,"In the past, I have not always had friends with whom I could share my joys and sorrows.",There have been times when I felt inferior to most of the people I knew.,"In the past, I have felt sure of myself among strangers.",Maintaining close relationships has been difficult and frustrating for me.,How often do you feel sad?
"Emotional, Social, Spiritual",Do I feel lonely when I'm alone?,3,30,30,I have not experienced many warm and trusting relationships with others.,"In the past, I have not always had friends with whom I could share my joys and sorrows.",There have been times when I felt inferior to most of the people I knew.,"In the past, I have felt sure of myself among strangers.",Maintaining close relationships has been difficult and frustrating for me.,How often do you feel sad?
"Emotional, Social, Spiritual",I've had many heart-rending experiences.,3,30,30,I have not experienced many warm and trusting relationships with others.,"In the past, I have not always had friends with whom I could share my joys and sorrows.",There have been times when I felt inferior to most of the people I knew.,"In the past, I have felt sure of myself among strangers.",Maintaining close relationships has been difficult and frustrating for me.,How often do you feel sad?
"Emotional, Social, Spiritual","If I have not experienced many warm and trusting relationships with others, how often have I felt inferior to most of the people I knew?",3,30,30,I have not experienced many warm and trusting relationships with others.,"In the past, I have not always had friends with whom I could share my joys and sorrows.",There have been times when I felt inferior to most of the people I knew.,"In the past, I have felt sure of myself among strangers.",Maintaining close relationships has been difficult and frustrating for me.,How often do you feel sad?
"Emotional, Social, Spiritual",I have been feeling sad about my relationships with others,3,30,30,I have not experienced many warm and trusting relationships with others.,"In the past, I have not always had friends with whom I could share my joys and sorrows.",There have been times when I felt inferior to most of the people I knew.,"In the past, I have felt sure of myself among strangers.",Maintaining close relationships has been difficult and frustrating for me.,How often do you feel sad?
"Emotional, Social, Spiritual",I feel sad often because of the loss of my close relationships.,3,30,30,I have not experienced many warm and trusting relationships with others.,"In the past, I have not always had friends with whom I could share my joys and sorrows.",There have been times when I felt inferior to most of the people I knew.,"In the past, I have felt sure of myself among strangers.",Maintaining close relationships has been difficult and frustrating for me.,How often do you feel sad?
"Emotional, Social, Spiritual",I feel sad about my own happiness and sadness.,3,30,30,I have not experienced many warm and trusting relationships with others.,"In the past, I have not always had friends with whom I could share my joys and sorrows.",There have been times when I felt inferior to most of the people I knew.,"In the past, I have felt sure of myself among strangers.",Maintaining close relationships has been difficult and frustrating for me.,How often do you feel sad?
"Emotional, Social, Spiritual",I feel sad when I go to a party,3,30,30,I have not experienced many warm and trusting relationships with others.,"In the past, I have not always had friends with whom I could share my joys and sorrows.",There have been times when I felt inferior to most of the people I knew.,"In the past, I have felt sure of myself among strangers.",Maintaining close relationships has been difficult and frustrating for me.,How often do you feel sad?
"Emotional, Social, Spiritual",What type of depression does the person who feels the least likely to be at risk for suicide have?,3,30,30,I have not experienced many warm and trusting relationships with others.,"In the past, I have not always had friends with whom I could share my joys and sorrows.",There have been times when I felt inferior to most of the people I knew.,"In the past, I have felt sure of myself among strangers.",Maintaining close relationships has been difficult and frustrating for me.,How often do you feel sad?
"Emotional, Social, Spiritual","Often, I feel sad about myself.",3,30,30,I have not experienced many warm and trusting relationships with others.,"In the past, I have not always had friends with whom I could share my joys and sorrows.",There have been times when I felt inferior to most of the people I knew.,"In the past, I have felt sure of myself among strangers.",Maintaining close relationships has been difficult and frustrating for me.,How often do you feel sad?
"Environmental, Financial, Intellectual",I want to move out of my comfort zone and move on to something else.,3,30,30,I make unpopular or difficult decisions.,I live life one day at a time and don't really think about the future.,"In general, I feel I am in charge of the situation in which I live.",,,
"Environmental, Financial, Intellectual",I see my choices in the mirror and think more about the past than I do about the future.,3,30,30,I make unpopular or difficult decisions.,I live life one day at a time and don't really think about the future.,"In general, I feel I am in charge of the situation in which I live.",,,
"Environmental, Financial, Intellectual",I have a negative attitude toward life.,3,30,30,I make unpopular or difficult decisions.,I live life one day at a time and don't really think about the future.,"In general, I feel I am in charge of the situation in which I live.",,,
"Environmental, Financial, Intellectual",I are in charge of my life,3,30,30,I make unpopular or difficult decisions.,I live life one day at a time and don't really think about the future.,"In general, I feel I am in charge of the situation in which I live.",,,
"Environmental, Financial, Intellectual",I feel that I control my situation in which I live.,3,30,30,I make unpopular or difficult decisions.,I live life one day at a time and don't really think about the future.,"In general, I feel I am in charge of the situation in which I live.",,,
"Environmental, Financial, Intellectual",I feel I is in charge of my situation.,3,30,30,I make unpopular or difficult decisions.,I live life one day at a time and don't really think about the future.,"In general, I feel I am in charge of the situation in which I live.",,,
"Environmental, Financial, Intellectual",I live life on the planet and believe in what I think.,3,30,30,I make unpopular or difficult decisions.,I live life one day at a time and don't really think about the future.,"In general, I feel I am in charge of the situation in which I live.",,,
"Environmental, Financial, Intellectual",I take control of what I am doing.,3,30,30,I make unpopular or difficult decisions.,I live life one day at a time and don't really think about the future.,"In general, I feel I am in charge of the situation in which I live.",,,
"Environmental, Financial, Intellectual",I feel self-involved with my own life.,3,30,30,I make unpopular or difficult decisions.,I live life one day at a time and don't really think about the future.,"In general, I feel I am in charge of the situation in which I live.",,,
"Environmental, Financial, Intellectual",I feel I have a responsibility to my life and I feel I am in charge.,3,30,30,I make unpopular or difficult decisions.,I live life one day at a time and don't really think about the future.,"In general, I feel I am in charge of the situation in which I live.",,,
"Environmental, Financial, Intellectual",I have no self-report mental health.,3,30,30,I make unpopular or difficult decisions.,I live life one day at a time and don't really think about the future.,"In general, I feel I am in charge of the situation in which I live.",,,
"Environmental, Financial, Intellectual",I feel I have the power over my life.,3,30,30,I make unpopular or difficult decisions.,I live life one day at a time and don't really think about the future.,"In general, I feel I am in charge of the situation in which I live.",,,
"Environmental, Financial, Intellectual","I want to live life at my own pace, and do my best to be in control.",3,30,30,I make unpopular or difficult decisions.,I live life one day at a time and don't really think about the future.,"In general, I feel I am in charge of the situation in which I live.",,,
"Environmental, Financial, Intellectual",I believe in my self-confidence.,3,30,30,I make unpopular or difficult decisions.,I live life one day at a time and don't really think about the future.,"In general, I feel I am in charge of the situation in which I live.",,,
"Environmental, Financial, Intellectual",I live life on the back porch of a large apartment and not realize what I have just experienced.,3,30,30,I make unpopular or difficult decisions.,I live life one day at a time and don't really think about the future.,"In general, I feel I am in charge of the situation in which I live.",,,
"Environmental, Financial, Intellectual",I live my life to the fullest and take action when I need to.,3,30,30,I make unpopular or difficult decisions.,I live life one day at a time and don't really think about the future.,"In general, I feel I am in charge of the situation in which I live.",,,
"Environmental, Financial, Intellectual",I am in charge of a situation in which I live.,3,30,30,I make unpopular or difficult decisions.,I live life one day at a time and don't really think about the future.,"In general, I feel I am in charge of the situation in which I live.",,,
"Environmental, Financial, Intellectual",I make decisions that are unpopular and hard to make.,3,30,30,I make unpopular or difficult decisions.,I live life one day at a time and don't really think about the future.,"In general, I feel I am in charge of the situation in which I live.",,,
"Environmental, Financial, Intellectual",I believe I am in charge of my mental health,3,30,30,I make unpopular or difficult decisions.,I live life one day at a time and don't really think about the future.,"In general, I feel I am in charge of the situation in which I live.",,,
"Environmental, Financial, Intellectual",I feel I have the right to self-determination,3,30,30,I make unpopular or difficult decisions.,I live life one day at a time and don't really think about the future.,"In general, I feel I am in charge of the situation in which I live.",,,
"Environmental, Financial, Intellectual",I make decisions that am unpopular or emotionally distressing.,3,30,30,I make unpopular or difficult decisions.,I live life one day at a time and don't really think about the future.,"In general, I feel I am in charge of the situation in which I live.",,,
"Environmental, Financial, Intellectual","I have depression, obsessive disorder, insomnia, phobia, obsessive personality disorder, anger management, anxiety, self-harm",3,30,30,I make unpopular or difficult decisions.,I live life one day at a time and don't really think about the future.,"In general, I feel I am in charge of the situation in which I live.",,,
"Environmental, Financial, Intellectual",I don't live life the way I want it to be.,3,30,30,I make unpopular or difficult decisions.,I live life one day at a time and don't really think about the future.,"In general, I feel I am in charge of the situation in which I live.",,,
"Environmental, Financial, Intellectual",I want to be in control and what I think are good for myself.,3,30,30,I make unpopular or difficult decisions.,I live life one day at a time and don't really think about the future.,"In general, I feel I am in charge of the situation in which I live.",,,
"Environmental, Financial, Intellectual",I can't imagine my future without my future partner.,3,30,30,I make unpopular or difficult decisions.,I live life one day at a time and don't really think about the future.,"In general, I feel I am in charge of the situation in which I live.",,,
"Environmental, Financial, Intellectual",I'm trying to control my actions.,3,30,30,I make unpopular or difficult decisions.,I live life one day at a time and don't really think about the future.,"In general, I feel I am in charge of the situation in which I live.",,,
"Environmental, Financial, Intellectual",I sometimes make decisions that are not very meaningful or important to me.,3,30,30,I make unpopular or difficult decisions.,I live life one day at a time and don't really think about the future.,"In general, I feel I am in charge of the situation in which I live.",,,
"Environmental, Financial, Intellectual",I live my life without thinking about what the future will hold.,3,30,30,I make unpopular or difficult decisions.,I live life one day at a time and don't really think about the future.,"In general, I feel I am in charge of the situation in which I live.",,,
"Environmental, Financial, Intellectual",I try to control my life in general.,3,30,30,I make unpopular or difficult decisions.,I live life one day at a time and don't really think about the future.,"In general, I feel I am in charge of the situation in which I live.",,,
"Environmental, Financial, Intellectual",I'm in charge of my life.,3,30,30,I make unpopular or difficult decisions.,I live life one day at a time and don't really think about the future.,"In general, I feel I am in charge of the situation in which I live.",,,
"Environmental, Financial, Occupational",How often do you manage your responsibilities?,3,30,30,I am good at managing the responsibilities of daily life.,How often are you able to handle your responsibilities?,,,,
"Environmental, Financial, Occupational",How often do you handle your responsibilities?,3,30,30,I am good at managing the responsibilities of daily life.,How often are you able to handle your responsibilities?,,,,
"Environmental, Financial, Occupational",I am able to handle my responsibilities.,3,30,30,I am good at managing the responsibilities of daily life.,How often are you able to handle your responsibilities?,,,,
"Environmental, Financial, Occupational",Are you able to cope in stressful situations?,3,30,30,I am good at managing the responsibilities of daily life.,How often are you able to handle your responsibilities?,,,,
"Environmental, Financial, Occupational",I am able to handle the responsibilities of daily life.,3,30,30,I am good at managing the responsibilities of daily life.,How often are you able to handle your responsibilities?,,,,
"Environmental, Financial, Occupational",How often do you handle the responsibilities of daily life?,3,30,30,I am good at managing the responsibilities of daily life.,How often are you able to handle your responsibilities?,,,,
"Environmental, Financial, Occupational",Are you good at managing your personal duties?,3,30,30,I am good at managing the responsibilities of daily life.,How often are you able to handle your responsibilities?,,,,
"Environmental, Financial, Occupational",What are your mental health conditions?,3,30,30,I am good at managing the responsibilities of daily life.,How often are you able to handle your responsibilities?,,,,
"Environmental, Financial, Occupational",I am well-equipped to handle these responsibilities.,3,30,30,I am good at managing the responsibilities of daily life.,How often are you able to handle your responsibilities?,,,,
"Environmental, Financial, Occupational",How often have you been able to handle your responsibilities?,3,30,30,I am good at managing the responsibilities of daily life.,How often are you able to handle your responsibilities?,,,,
"Environmental, Financial, Occupational",How often do you have to handle your responsibilities?,3,30,30,I am good at managing the responsibilities of daily life.,How often are you able to handle your responsibilities?,,,,
"Environmental, Financial, Occupational",How often can you handle your responsibilities?,3,30,30,I am good at managing the responsibilities of daily life.,How often are you able to handle your responsibilities?,,,,
"Environmental, Financial, Occupational",What are the four categories of mental health reporting measures that the mental health department must take into account when making a statement about self-report mental health assessment,3,30,30,I am good at managing the responsibilities of daily life.,How often are you able to handle your responsibilities?,,,,
"Environmental, Financial, Occupational",How often do you have a healthy lifestyle?,3,30,30,I am good at managing the responsibilities of daily life.,How often are you able to handle your responsibilities?,,,,
"Environmental, Financial, Occupational",How often can I handle my responsibilities?,3,30,30,I am good at managing the responsibilities of daily life.,How often are you able to handle your responsibilities?,,,,
"Environmental, Financial, Occupational",How often do you manage the responsibilities?,3,30,30,I am good at managing the responsibilities of daily life.,How often are you able to handle your responsibilities?,,,,
"Environmental, Financial, Occupational",I am able to handle daily responsibilities.,3,30,30,I am good at managing the responsibilities of daily life.,How often are you able to handle your responsibilities?,,,,
"Environmental, Financial, Occupational",What kind of responsibilities do you have to deal with everyday?,3,30,30,I am good at managing the responsibilities of daily life.,How often are you able to handle your responsibilities?,,,,
"Environmental, Financial, Occupational",How often do you occupy the responsibilities of daily life?,3,30,30,I am good at managing the responsibilities of daily life.,How often are you able to handle your responsibilities?,,,,
"Environmental, Financial, Occupational",How often do you have to manage your responsibilities?,3,30,30,I am good at managing the responsibilities of daily life.,How often are you able to handle your responsibilities?,,,,
"Environmental, Financial, Occupational",How often do you have to take on responsibilities?,3,30,30,I am good at managing the responsibilities of daily life.,How often are you able to handle your responsibilities?,,,,
"Environmental, Financial, Occupational",What is my mental health status?,3,30,30,I am good at managing the responsibilities of daily life.,How often are you able to handle your responsibilities?,,,,
"Environmental, Financial, Occupational",How often do you feel productive?,3,30,30,I am good at managing the responsibilities of daily life.,How often are you able to handle your responsibilities?,,,,
"Environmental, Financial, Occupational",How often is the responsibilities of your daily life?,3,30,30,I am good at managing the responsibilities of daily life.,How often are you able to handle your responsibilities?,,,,
"Environmental, Financial, Occupational",How often do you need to be able to handle your responsibilities?,3,30,30,I am good at managing the responsibilities of daily life.,How often are you able to handle your responsibilities?,,,,
"Environmental, Financial, Occupational",How often do you have a good time handling your responsibilities?,3,30,30,I am good at managing the responsibilities of daily life.,How often are you able to handle your responsibilities?,,,,
"Environmental, Financial, Occupational",How often have you done your job?,3,30,30,I am good at managing the responsibilities of daily life.,How often are you able to handle your responsibilities?,,,,
"Environmental, Financial, Occupational",I am good at my responsibilities.,3,30,30,I am good at managing the responsibilities of daily life.,How often are you able to handle your responsibilities?,,,,
"Environmental, Financial, Occupational",i know I are able to handle my responsibilities if I can,3,30,30,I am good at managing the responsibilities of daily life.,How often are you able to handle your responsibilities?,,,,
"Environmental, Financial, Occupational",I am well on my way to improving my mental health.,3,30,30,I am good at managing the responsibilities of daily life.,How often are you able to handle your responsibilities?,,,,
"Environmental, Financial, Physical",I have been physically healthy for the past 2 months.,3,30,30,I expect to always be physically healthy.,My physical health has restricted me in the past.,"During the past month, how often have you had trouble sleeping because you have to get up to use the bathroom?","During the past month, how often have you had trouble sleeping because you cannot breathe comfortably?",,
"Environmental, Financial, Physical",My physical health has limited me in the past.,3,30,30,I expect to always be physically healthy.,My physical health has restricted me in the past.,"During the past month, how often have you had trouble sleeping because you have to get up to use the bathroom?","During the past month, how often have you had trouble sleeping because you cannot breathe comfortably?",,
"Environmental, Financial, Physical",I have also had sleep problems because I have to get up to use the bathroom.,3,30,30,I expect to always be physically healthy.,My physical health has restricted me in the past.,"During the past month, how often have you had trouble sleeping because you have to get up to use the bathroom?","During the past month, how often have you had trouble sleeping because you cannot breathe comfortably?",,
"Environmental, Financial, Physical",I have had physical health issues in the past.,3,30,30,I expect to always be physically healthy.,My physical health has restricted me in the past.,"During the past month, how often have you had trouble sleeping because you have to get up to use the bathroom?","During the past month, how often have you had trouble sleeping because you cannot breathe comfortably?",,
"Environmental, Financial, Physical",The second dimension describes the physical condition that the human body is in.,3,30,30,I expect to always be physically healthy.,My physical health has restricted me in the past.,"During the past month, how often have you had trouble sleeping because you have to get up to use the bathroom?","During the past month, how often have you had trouble sleeping because you cannot breathe comfortably?",,
"Environmental, Financial, Physical",What are your three dimensions of mental health?,3,30,30,I expect to always be physically healthy.,My physical health has restricted me in the past.,"During the past month, how often have you had trouble sleeping because you have to get up to use the bathroom?","During the past month, how often have you had trouble sleeping because you cannot breathe comfortably?",,
"Environmental, Financial, Physical",I have been diagnosed with a severe mental health condition.,3,30,30,I expect to always be physically healthy.,My physical health has restricted me in the past.,"During the past month, how often have you had trouble sleeping because you have to get up to use the bathroom?","During the past month, how often have you had trouble sleeping because you cannot breathe comfortably?",,
"Environmental, Financial, Physical",I feel so insecure about myself.,3,30,30,I expect to always be physically healthy.,My physical health has restricted me in the past.,"During the past month, how often have you had trouble sleeping because you have to get up to use the bathroom?","During the past month, how often have you had trouble sleeping because you cannot breathe comfortably?",,
"Environmental, Financial, Physical",Is it physically or financially unhealthy that I have not had trouble sleeping?,3,30,30,I expect to always be physically healthy.,My physical health has restricted me in the past.,"During the past month, how often have you had trouble sleeping because you have to get up to use the bathroom?","During the past month, how often have you had trouble sleeping because you cannot breathe comfortably?",,
"Environmental, Financial, Physical",For how often have you had trouble sleeping because you are unable to breathe comfortably?,3,30,30,I expect to always be physically healthy.,My physical health has restricted me in the past.,"During the past month, how often have you had trouble sleeping because you have to get up to use the bathroom?","During the past month, how often have you had trouble sleeping because you cannot breathe comfortably?",,
"Environmental, Financial, Physical","I have been experiencing problems in several physical and environmental areas of my life, with respiratory, respiratory, and gastrointestinal conditions, as well as physical ailments.",3,30,30,I expect to always be physically healthy.,My physical health has restricted me in the past.,"During the past month, how often have you had trouble sleeping because you have to get up to use the bathroom?","During the past month, how often have you had trouble sleeping because you cannot breathe comfortably?",,
"Environmental, Financial, Physical","I was physically sick for a few years, but am now having to sleep.",3,30,30,I expect to always be physically healthy.,My physical health has restricted me in the past.,"During the past month, how often have you had trouble sleeping because you have to get up to use the bathroom?","During the past month, how often have you had trouble sleeping because you cannot breathe comfortably?",,
"Environmental, Financial, Physical",The most difficult aspect of a report is the physical health.,3,30,30,I expect to always be physically healthy.,My physical health has restricted me in the past.,"During the past month, how often have you had trouble sleeping because you have to get up to use the bathroom?","During the past month, how often have you had trouble sleeping because you cannot breathe comfortably?",,
"Environmental, Financial, Physical",I feel physically and financially healthy.,3,30,30,I expect to always be physically healthy.,My physical health has restricted me in the past.,"During the past month, how often have you had trouble sleeping because you have to get up to use the bathroom?","During the past month, how often have you had trouble sleeping because you cannot breathe comfortably?",,
"Environmental, Financial, Physical",I have been forced to sleep for the past month because I have to wake up early and have to go to the bathroom?,3,30,30,I expect to always be physically healthy.,My physical health has restricted me in the past.,"During the past month, how often have you had trouble sleeping because you have to get up to use the bathroom?","During the past month, how often have you had trouble sleeping because you cannot breathe comfortably?",,
"Environmental, Financial, Physical",I don't want to have physical health.,3,30,30,I expect to always be physically healthy.,My physical health has restricted me in the past.,"During the past month, how often have you had trouble sleeping because you have to get up to use the bathroom?","During the past month, how often have you had trouble sleeping because you cannot breathe comfortably?",,
"Environmental, Financial, Physical",I have tried to improve my mental health but I haven't been able to.,3,30,30,I expect to always be physically healthy.,My physical health has restricted me in the past.,"During the past month, how often have you had trouble sleeping because you have to get up to use the bathroom?","During the past month, how often have you had trouble sleeping because you cannot breathe comfortably?",,
"Environmental, Financial, Physical",I have to use the bathroom about once a month.,3,30,30,I expect to always be physically healthy.,My physical health has restricted me in the past.,"During the past month, how often have you had trouble sleeping because you have to get up to use the bathroom?","During the past month, how often have you had trouble sleeping because you cannot breathe comfortably?",,
"Environmental, Financial, Physical",I have a mental health disorder of mental health.,3,30,30,I expect to always be physically healthy.,My physical health has restricted me in the past.,"During the past month, how often have you had trouble sleeping because you have to get up to use the bathroom?","During the past month, how often have you had trouble sleeping because you cannot breathe comfortably?",,
"Environmental, Financial, Physical",Is my physical health being a negative part of my self-report mental health statement?,3,30,30,I expect to always be physically healthy.,My physical health has restricted me in the past.,"During the past month, how often have you had trouble sleeping because you have to get up to use the bathroom?","During the past month, how often have you had trouble sleeping because you cannot breathe comfortably?",,
"Environmental, Financial, Physical",I feel I have trouble sleeping because I can't breathe comfortably.,3,30,30,I expect to always be physically healthy.,My physical health has restricted me in the past.,"During the past month, how often have you had trouble sleeping because you have to get up to use the bathroom?","During the past month, how often have you had trouble sleeping because you cannot breathe comfortably?",,
"Environmental, Financial, Physical",I have been suffering from depression since childhood.,3,30,30,I expect to always be physically healthy.,My physical health has restricted me in the past.,"During the past month, how often have you had trouble sleeping because you have to get up to use the bathroom?","During the past month, how often have you had trouble sleeping because you cannot breathe comfortably?",,
"Environmental, Financial, Physical",I am very physically and emotionally unhealthy.,3,30,30,I expect to always be physically healthy.,My physical health has restricted me in the past.,"During the past month, how often have you had trouble sleeping because you have to get up to use the bathroom?","During the past month, how often have you had trouble sleeping because you cannot breathe comfortably?",,
"Environmental, Financial, Physical",I have been diagnosed with depression and anxiety.,3,30,30,I expect to always be physically healthy.,My physical health has restricted me in the past.,"During the past month, how often have you had trouble sleeping because you have to get up to use the bathroom?","During the past month, how often have you had trouble sleeping because you cannot breathe comfortably?",,
"Environmental, Financial, Physical",How often have you had trouble sleeping because you can't breathe comfortably?,3,30,30,I expect to always be physically healthy.,My physical health has restricted me in the past.,"During the past month, how often have you had trouble sleeping because you have to get up to use the bathroom?","During the past month, how often have you had trouble sleeping because you cannot breathe comfortably?",,
"Environmental, Financial, Physical",How often have you had to get up to use the bathroom?,3,30,30,I expect to always be physically healthy.,My physical health has restricted me in the past.,"During the past month, how often have you had trouble sleeping because you have to get up to use the bathroom?","During the past month, how often have you had trouble sleeping because you cannot breathe comfortably?",,
"Environmental, Financial, Physical",I have health problems that require more attention.,3,30,30,I expect to always be physically healthy.,My physical health has restricted me in the past.,"During the past month, how often have you had trouble sleeping because you have to get up to use the bathroom?","During the past month, how often have you had trouble sleeping because you cannot breathe comfortably?",,
"Environmental, Financial, Physical",I have an unhealthy balance of physical physical and financial health.,3,30,30,I expect to always be physically healthy.,My physical health has restricted me in the past.,"During the past month, how often have you had trouble sleeping because you have to get up to use the bathroom?","During the past month, how often have you had trouble sleeping because you cannot breathe comfortably?",,
"Environmental, Financial, Physical",My physical health has restriction me in the past.,3,30,30,I expect to always be physically healthy.,My physical health has restricted me in the past.,"During the past month, how often have you had trouble sleeping because you have to get up to use the bathroom?","During the past month, how often have you had trouble sleeping because you cannot breathe comfortably?",,
"Environmental, Financial, Physical",I feel I am not properly nourished physically and mentally.,3,30,30,I expect to always be physically healthy.,My physical health has restricted me in the past.,"During the past month, how often have you had trouble sleeping because you have to get up to use the bathroom?","During the past month, how often have you had trouble sleeping because you cannot breathe comfortably?",,
"Environmental, Financial, Social",Having close relationships has been very difficult and frustrating for me.,3,30,30,I have one close and secure relationship.,My social relationships are superficial,It is difficult for me to make friends,Maintaining close relationships has been difficult and frustrating for me.,My friends know they can always confide in me and ask me for advice.,I can deal with whatever comes my way.
"Environmental, Financial, Social",I have social relationships which have been difficult and frustrating for me.,3,30,30,I have one close and secure relationship.,My social relationships are superficial,It is difficult for me to make friends,Maintaining close relationships has been difficult and frustrating for me.,My friends know they can always confide in me and ask me for advice.,I can deal with whatever comes my way.
"Environmental, Financial, Social",My financial situation is a difficult one for me,3,30,30,I have one close and secure relationship.,My social relationships are superficial,It is difficult for me to make friends,Maintaining close relationships has been difficult and frustrating for me.,My friends know they can always confide in me and ask me for advice.,I can deal with whatever comes my way.
"Environmental, Financial, Social",I am having difficulty in getting along with people.,3,30,30,I have one close and secure relationship.,My social relationships are superficial,It is difficult for me to make friends,Maintaining close relationships has been difficult and frustrating for me.,My friends know they can always confide in me and ask me for advice.,I can deal with whatever comes my way.
"Environmental, Financial, Social",I've one close and secure relationship.,3,30,30,I have one close and secure relationship.,My social relationships are superficial,It is difficult for me to make friends,Maintaining close relationships has been difficult and frustrating for me.,My friends know they can always confide in me and ask me for advice.,I can deal with whatever comes my way.
"Environmental, Financial, Social","Having a social support system, can help your self-report mental health.",3,30,30,I have one close and secure relationship.,My social relationships are superficial,It is difficult for me to make friends,Maintaining close relationships has been difficult and frustrating for me.,My friends know they can always confide in me and ask me for advice.,I can deal with whatever comes my way.
"Environmental, Financial, Social",I have a healthy social life,3,30,30,I have one close and secure relationship.,My social relationships are superficial,It is difficult for me to make friends,Maintaining close relationships has been difficult and frustrating for me.,My friends know they can always confide in me and ask me for advice.,I can deal with whatever comes my way.
"Environmental, Financial, Social",I feel my emotional state is not fulfilling enough.,3,30,30,I have one close and secure relationship.,My social relationships are superficial,It is difficult for me to make friends,Maintaining close relationships has been difficult and frustrating for me.,My friends know they can always confide in me and ask me for advice.,I can deal with whatever comes my way.
"Environmental, Financial, Social",I have a strong social identity.,3,30,30,I have one close and secure relationship.,My social relationships are superficial,It is difficult for me to make friends,Maintaining close relationships has been difficult and frustrating for me.,My friends know they can always confide in me and ask me for advice.,I can deal with whatever comes my way.
"Environmental, Financial, Social",I've been alone for a year.,3,30,30,I have one close and secure relationship.,My social relationships are superficial,It is difficult for me to make friends,Maintaining close relationships has been difficult and frustrating for me.,My friends know they can always confide in me and ask me for advice.,I can deal with whatever comes my way.
"Environmental, Financial, Social",I have healthy social and psychological relationships.,3,30,30,I have one close and secure relationship.,My social relationships are superficial,It is difficult for me to make friends,Maintaining close relationships has been difficult and frustrating for me.,My friends know they can always confide in me and ask me for advice.,I can deal with whatever comes my way.
"Environmental, Financial, Social",I have been accepted into the social services .,3,30,30,I have one close and secure relationship.,My social relationships are superficial,It is difficult for me to make friends,Maintaining close relationships has been difficult and frustrating for me.,My friends know they can always confide in me and ask me for advice.,I can deal with whatever comes my way.
"Environmental, Financial, Social",The main cause of the mental health state is the relationship.,3,30,30,I have one close and secure relationship.,My social relationships are superficial,It is difficult for me to make friends,Maintaining close relationships has been difficult and frustrating for me.,My friends know they can always confide in me and ask me for advice.,I can deal with whatever comes my way.
"Environmental, Financial, Social",My social relationships are superficial I have a sense of security to survive a rough day.,3,30,30,I have one close and secure relationship.,My social relationships are superficial,It is difficult for me to make friends,Maintaining close relationships has been difficult and frustrating for me.,My friends know they can always confide in me and ask me for advice.,I can deal with whatever comes my way.
"Environmental, Financial, Social",My financial health is stable and stable.,3,30,30,I have one close and secure relationship.,My social relationships are superficial,It is difficult for me to make friends,Maintaining close relationships has been difficult and frustrating for me.,My friends know they can always confide in me and ask me for advice.,I can deal with whatever comes my way.
"Environmental, Financial, Social",I have a good support network,3,30,30,I have one close and secure relationship.,My social relationships are superficial,It is difficult for me to make friends,Maintaining close relationships has been difficult and frustrating for me.,My friends know they can always confide in me and ask me for advice.,I can deal with whatever comes my way.
"Environmental, Financial, Social",I had relationships with people that I haven't seen in the past.,3,30,30,I have one close and secure relationship.,My social relationships are superficial,It is difficult for me to make friends,Maintaining close relationships has been difficult and frustrating for me.,My friends know they can always confide in me and ask me for advice.,I can deal with whatever comes my way.
"Environmental, Financial, Social",I have a fragile sense of community,3,30,30,I have one close and secure relationship.,My social relationships are superficial,It is difficult for me to make friends,Maintaining close relationships has been difficult and frustrating for me.,My friends know they can always confide in me and ask me for advice.,I can deal with whatever comes my way.
"Environmental, Financial, Social",I have close and secure relationships with friends and coworkers.,3,30,30,I have one close and secure relationship.,My social relationships are superficial,It is difficult for me to make friends,Maintaining close relationships has been difficult and frustrating for me.,My friends know they can always confide in me and ask me for advice.,I can deal with whatever comes my way.
"Environmental, Financial, Social",I have social relationships that are not superficial.,3,30,30,I have one close and secure relationship.,My social relationships are superficial,It is difficult for me to make friends,Maintaining close relationships has been difficult and frustrating for me.,My friends know they can always confide in me and ask me for advice.,I can deal with whatever comes my way.
"Environmental, Financial, Social",Having a close and secure relationship is important to me,3,30,30,I have one close and secure relationship.,My social relationships are superficial,It is difficult for me to make friends,Maintaining close relationships has been difficult and frustrating for me.,My friends know they can always confide in me and ask me for advice.,I can deal with whatever comes my way.
"Environmental, Financial, Social",I have good or bad interpersonal relationships.,3,30,30,I have one close and secure relationship.,My social relationships are superficial,It is difficult for me to make friends,Maintaining close relationships has been difficult and frustrating for me.,My friends know they can always confide in me and ask me for advice.,I can deal with whatever comes my way.
"Environmental, Financial, Social",I am a close and secure person but my social relations are superficial.,3,30,30,I have one close and secure relationship.,My social relationships are superficial,It is difficult for me to make friends,Maintaining close relationships has been difficult and frustrating for me.,My friends know they can always confide in me and ask me for advice.,I can deal with whatever comes my way.
"Environmental, Financial, Social",I have some physical and financial problems.,3,30,30,I have one close and secure relationship.,My social relationships are superficial,It is difficult for me to make friends,Maintaining close relationships has been difficult and frustrating for me.,My friends know they can always confide in me and ask me for advice.,I can deal with whatever comes my way.
"Environmental, Financial, Social",My financial situation is the only one I have that I am in a stable state.,3,30,30,I have one close and secure relationship.,My social relationships are superficial,It is difficult for me to make friends,Maintaining close relationships has been difficult and frustrating for me.,My friends know they can always confide in me and ask me for advice.,I can deal with whatever comes my way.
"Environmental, Financial, Social","My social relationships are superficial, but I can overcome them.",3,30,30,I have one close and secure relationship.,My social relationships are superficial,It is difficult for me to make friends,Maintaining close relationships has been difficult and frustrating for me.,My friends know they can always confide in me and ask me for advice.,I can deal with whatever comes my way.
"Environmental, Financial, Social",Having a close and secure relationship has been very difficult and frustrating for me.,3,30,30,I have one close and secure relationship.,My social relationships are superficial,It is difficult for me to make friends,Maintaining close relationships has been difficult and frustrating for me.,My friends know they can always confide in me and ask me for advice.,I can deal with whatever comes my way.
"Environmental, Financial, Social",My social relationships have been tough for me.,3,30,30,I have one close and secure relationship.,My social relationships are superficial,It is difficult for me to make friends,Maintaining close relationships has been difficult and frustrating for me.,My friends know they can always confide in me and ask me for advice.,I can deal with whatever comes my way.
"Environmental, Financial, Social","I have a family that is close and secure, I know they can always confide in me and ask me for advice.",3,30,30,I have one close and secure relationship.,My social relationships are superficial,It is difficult for me to make friends,Maintaining close relationships has been difficult and frustrating for me.,My friends know they can always confide in me and ask me for advice.,I can deal with whatever comes my way.
"Environmental, Financial, Social",I feel I have good relationships,3,30,30,I have one close and secure relationship.,My social relationships are superficial,It is difficult for me to make friends,Maintaining close relationships has been difficult and frustrating for me.,My friends know they can always confide in me and ask me for advice.,I can deal with whatever comes my way.
"Environmental, Financial, Spiritual",I have no one to turn to and I can't find anyone to turn to,3,30,30,I have one close and secure relationship.,There is no one I can turn to,"In general, I feel I am in charge of the situation in which I live.",I live life one day at a time and don't really think about the future.,"During the past month, how often have you had trouble sleeping because you have bad dreams?","During the past month, how often have you had trouble sleeping because you wake up in the middle of the night or early morning?"
"Environmental, Financial, Spiritual",I have a mental health problem and have been awake at night due to bad dreams.,3,30,30,I have one close and secure relationship.,There is no one I can turn to,"In general, I feel I am in charge of the situation in which I live.",I live life one day at a time and don't really think about the future.,"During the past month, how often have you had trouble sleeping because you have bad dreams?","During the past month, how often have you had trouble sleeping because you wake up in the middle of the night or early morning?"
"Environmental, Financial, Spiritual",I have had problems sleeping because of the stress in my life,3,30,30,I have one close and secure relationship.,There is no one I can turn to,"In general, I feel I am in charge of the situation in which I live.",I live life one day at a time and don't really think about the future.,"During the past month, how often have you had trouble sleeping because you have bad dreams?","During the past month, how often have you had trouble sleeping because you wake up in the middle of the night or early morning?"
"Environmental, Financial, Spiritual",I have trouble sleeping because I wake up in the middle of the night or early morning?,3,30,30,I have one close and secure relationship.,There is no one I can turn to,"In general, I feel I am in charge of the situation in which I live.",I live life one day at a time and don't really think about the future.,"During the past month, how often have you had trouble sleeping because you have bad dreams?","During the past month, how often have you had trouble sleeping because you wake up in the middle of the night or early morning?"
"Environmental, Financial, Spiritual",I have two close relationships and have no one I can turn to.,3,30,30,I have one close and secure relationship.,There is no one I can turn to,"In general, I feel I am in charge of the situation in which I live.",I live life one day at a time and don't really think about the future.,"During the past month, how often have you had trouble sleeping because you have bad dreams?","During the past month, how often have you had trouble sleeping because you wake up in the middle of the night or early morning?"
"Environmental, Financial, Spiritual","For example, how often do you have trouble sleeping because you wake up in the middle of the night or early morning?",3,30,30,I have one close and secure relationship.,There is no one I can turn to,"In general, I feel I am in charge of the situation in which I live.",I live life one day at a time and don't really think about the future.,"During the past month, how often have you had trouble sleeping because you have bad dreams?","During the past month, how often have you had trouble sleeping because you wake up in the middle of the night or early morning?"
"Environmental, Financial, Spiritual",I have had trouble sleeping because of eating unhealthy and not being healthy.,3,30,30,I have one close and secure relationship.,There is no one I can turn to,"In general, I feel I am in charge of the situation in which I live.",I live life one day at a time and don't really think about the future.,"During the past month, how often have you had trouble sleeping because you have bad dreams?","During the past month, how often have you had trouble sleeping because you wake up in the middle of the night or early morning?"
"Environmental, Financial, Spiritual",I have a close and secure relationship that isn't a source of stress.,3,30,30,I have one close and secure relationship.,There is no one I can turn to,"In general, I feel I am in charge of the situation in which I live.",I live life one day at a time and don't really think about the future.,"During the past month, how often have you had trouble sleeping because you have bad dreams?","During the past month, how often have you had trouble sleeping because you wake up in the middle of the night or early morning?"
"Environmental, Financial, Spiritual",When in the middle of the night or early morning.,3,30,30,I have one close and secure relationship.,There is no one I can turn to,"In general, I feel I am in charge of the situation in which I live.",I live life one day at a time and don't really think about the future.,"During the past month, how often have you had trouble sleeping because you have bad dreams?","During the past month, how often have you had trouble sleeping because you wake up in the middle of the night or early morning?"
"Environmental, Financial, Spiritual",I have good relationships and the financial.,3,30,30,I have one close and secure relationship.,There is no one I can turn to,"In general, I feel I am in charge of the situation in which I live.",I live life one day at a time and don't really think about the future.,"During the past month, how often have you had trouble sleeping because you have bad dreams?","During the past month, how often have you had trouble sleeping because you wake up in the middle of the night or early morning?"
"Environmental, Financial, Spiritual","I have been sleeping much too often recently, when I wake up late at night",3,30,30,I have one close and secure relationship.,There is no one I can turn to,"In general, I feel I am in charge of the situation in which I live.",I live life one day at a time and don't really think about the future.,"During the past month, how often have you had trouble sleeping because you have bad dreams?","During the past month, how often have you had trouble sleeping because you wake up in the middle of the night or early morning?"
"Environmental, Financial, Spiritual",I have very low self-esteem and low self-esteem.,3,30,30,I have one close and secure relationship.,There is no one I can turn to,"In general, I feel I am in charge of the situation in which I live.",I live life one day at a time and don't really think about the future.,"During the past month, how often have you had trouble sleeping because you have bad dreams?","During the past month, how often have you had trouble sleeping because you wake up in the middle of the night or early morning?"
"Environmental, Financial, Spiritual",I have had trouble sleeping because I wake up early or early in the morning.,3,30,30,I have one close and secure relationship.,There is no one I can turn to,"In general, I feel I am in charge of the situation in which I live.",I live life one day at a time and don't really think about the future.,"During the past month, how often have you had trouble sleeping because you have bad dreams?","During the past month, how often have you had trouble sleeping because you wake up in the middle of the night or early morning?"
"Environmental, Financial, Spiritual",Awakening during the night or early morning is a natural part of life.,3,30,30,I have one close and secure relationship.,There is no one I can turn to,"In general, I feel I am in charge of the situation in which I live.",I live life one day at a time and don't really think about the future.,"During the past month, how often have you had trouble sleeping because you have bad dreams?","During the past month, how often have you had trouble sleeping because you wake up in the middle of the night or early morning?"
"Environmental, Financial, Spiritual",Why did you have trouble sleeping?,3,30,30,I have one close and secure relationship.,There is no one I can turn to,"In general, I feel I am in charge of the situation in which I live.",I live life one day at a time and don't really think about the future.,"During the past month, how often have you had trouble sleeping because you have bad dreams?","During the past month, how often have you had trouble sleeping because you wake up in the middle of the night or early morning?"
"Environmental, Financial, Spiritual",I sleep peacefully due to my sleep disorder.,3,30,30,I have one close and secure relationship.,There is no one I can turn to,"In general, I feel I am in charge of the situation in which I live.",I live life one day at a time and don't really think about the future.,"During the past month, how often have you had trouble sleeping because you have bad dreams?","During the past month, how often have you had trouble sleeping because you wake up in the middle of the night or early morning?"
"Environmental, Financial, Spiritual",I had a difficult time sleeping as a child,3,30,30,I have one close and secure relationship.,There is no one I can turn to,"In general, I feel I am in charge of the situation in which I live.",I live life one day at a time and don't really think about the future.,"During the past month, how often have you had trouble sleeping because you have bad dreams?","During the past month, how often have you had trouble sleeping because you wake up in the middle of the night or early morning?"
"Environmental, Financial, Spiritual",I have a physical disorder that affects my mood.,3,30,30,I have one close and secure relationship.,There is no one I can turn to,"In general, I feel I am in charge of the situation in which I live.",I live life one day at a time and don't really think about the future.,"During the past month, how often have you had trouble sleeping because you have bad dreams?","During the past month, how often have you had trouble sleeping because you wake up in the middle of the night or early morning?"
"Environmental, Financial, Spiritual",I wake up at the middle of the night or early morning every day.,3,30,30,I have one close and secure relationship.,There is no one I can turn to,"In general, I feel I am in charge of the situation in which I live.",I live life one day at a time and don't really think about the future.,"During the past month, how often have you had trouble sleeping because you have bad dreams?","During the past month, how often have you had trouble sleeping because you wake up in the middle of the night or early morning?"
"Environmental, Financial, Spiritual",I have an unhealthy desire to enjoy life and the people around me.,3,30,30,I have one close and secure relationship.,There is no one I can turn to,"In general, I feel I am in charge of the situation in which I live.",I live life one day at a time and don't really think about the future.,"During the past month, how often have you had trouble sleeping because you have bad dreams?","During the past month, how often have you had trouble sleeping because you wake up in the middle of the night or early morning?"
"Environmental, Financial, Spiritual",I wake up late at night or early morning and sometimes feel that my brain is not functioning properly.,3,30,30,I have one close and secure relationship.,There is no one I can turn to,"In general, I feel I am in charge of the situation in which I live.",I live life one day at a time and don't really think about the future.,"During the past month, how often have you had trouble sleeping because you have bad dreams?","During the past month, how often have you had trouble sleeping because you wake up in the middle of the night or early morning?"
"Environmental, Financial, Spiritual",I have had problems sleeping because I have bad dreams.,3,30,30,I have one close and secure relationship.,There is no one I can turn to,"In general, I feel I am in charge of the situation in which I live.",I live life one day at a time and don't really think about the future.,"During the past month, how often have you had trouble sleeping because you have bad dreams?","During the past month, how often have you had trouble sleeping because you wake up in the middle of the night or early morning?"
"Environmental, Financial, Spiritual",Do you have a family that supports you?,3,30,30,I have one close and secure relationship.,There is no one I can turn to,"In general, I feel I am in charge of the situation in which I live.",I live life one day at a time and don't really think about the future.,"During the past month, how often have you had trouble sleeping because you have bad dreams?","During the past month, how often have you had trouble sleeping because you wake up in the middle of the night or early morning?"
"Environmental, Financial, Spiritual","When I wake up, I feel less well and feel better about myself",3,30,30,I have one close and secure relationship.,There is no one I can turn to,"In general, I feel I am in charge of the situation in which I live.",I live life one day at a time and don't really think about the future.,"During the past month, how often have you had trouble sleeping because you have bad dreams?","During the past month, how often have you had trouble sleeping because you wake up in the middle of the night or early morning?"
"Environmental, Financial, Spiritual",I often wake up late or early on the weekends.,3,30,30,I have one close and secure relationship.,There is no one I can turn to,"In general, I feel I am in charge of the situation in which I live.",I live life one day at a time and don't really think about the future.,"During the past month, how often have you had trouble sleeping because you have bad dreams?","During the past month, how often have you had trouble sleeping because you wake up in the middle of the night or early morning?"
"Environmental, Financial, Spiritual",I have a bad aversion to bad things.,3,30,30,I have one close and secure relationship.,There is no one I can turn to,"In general, I feel I am in charge of the situation in which I live.",I live life one day at a time and don't really think about the future.,"During the past month, how often have you had trouble sleeping because you have bad dreams?","During the past month, how often have you had trouble sleeping because you wake up in the middle of the night or early morning?"
"Environmental, Financial, Spiritual","During the past month, how often have you had trouble sleeping because you wake up at a different time of the day or at night?",3,30,30,I have one close and secure relationship.,There is no one I can turn to,"In general, I feel I am in charge of the situation in which I live.",I live life one day at a time and don't really think about the future.,"During the past month, how often have you had trouble sleeping because you have bad dreams?","During the past month, how often have you had trouble sleeping because you wake up in the middle of the night or early morning?"
"Environmental, Financial, Spiritual",A lot of people have depression.,3,30,30,I have one close and secure relationship.,There is no one I can turn to,"In general, I feel I am in charge of the situation in which I live.",I live life one day at a time and don't really think about the future.,"During the past month, how often have you had trouble sleeping because you have bad dreams?","During the past month, how often have you had trouble sleeping because you wake up in the middle of the night or early morning?"
"Environmental, Financial, Spiritual",I have been sick and tired for the past month.,3,30,30,I have one close and secure relationship.,There is no one I can turn to,"In general, I feel I am in charge of the situation in which I live.",I live life one day at a time and don't really think about the future.,"During the past month, how often have you had trouble sleeping because you have bad dreams?","During the past month, how often have you had trouble sleeping because you wake up in the middle of the night or early morning?"
"Environmental, Financial, Spiritual",I have bad moods and can't fall asleep or get up.,3,30,30,I have one close and secure relationship.,There is no one I can turn to,"In general, I feel I am in charge of the situation in which I live.",I live life one day at a time and don't really think about the future.,"During the past month, how often have you had trouble sleeping because you have bad dreams?","During the past month, how often have you had trouble sleeping because you wake up in the middle of the night or early morning?"
"Environmental, Intellectual, Occupational",I am good at managing responsibilities.,3,30,30,I avoid activities which require me to concentrate.,I will always seek out activities that challenge me to think and reason.,I am good at managing the responsibilities of daily life.,How often do you lose track of time while doing something you enjoy?,How often do you become absorbed in what you are doing?,It seems that my life has always had purpose.
"Environmental, Intellectual, Occupational",I am in control of my time.,3,30,30,I avoid activities which require me to concentrate.,I will always seek out activities that challenge me to think and reason.,I am good at managing the responsibilities of daily life.,How often do you lose track of time while doing something you enjoy?,How often do you become absorbed in what you are doing?,It seems that my life has always had purpose.
"Environmental, Intellectual, Occupational",I spend more time looking for meaning in my life.,3,30,30,I avoid activities which require me to concentrate.,I will always seek out activities that challenge me to think and reason.,I am good at managing the responsibilities of daily life.,How often do you lose track of time while doing something you enjoy?,How often do you become absorbed in what you are doing?,It seems that my life has always had purpose.
"Environmental, Intellectual, Occupational",I have a positive mental health record.,3,30,30,I avoid activities which require me to concentrate.,I will always seek out activities that challenge me to think and reason.,I am good at managing the responsibilities of daily life.,How often do you lose track of time while doing something you enjoy?,How often do you become absorbed in what you are doing?,It seems that my life has always had purpose.
"Environmental, Intellectual, Occupational",I focus on self-report mental health.,3,30,30,I avoid activities which require me to concentrate.,I will always seek out activities that challenge me to think and reason.,I am good at managing the responsibilities of daily life.,How often do you lose track of time while doing something you enjoy?,How often do you become absorbed in what you are doing?,It seems that my life has always had purpose.
"Environmental, Intellectual, Occupational",I struggle with my self-control and self-deprivation.,3,30,30,I avoid activities which require me to concentrate.,I will always seek out activities that challenge me to think and reason.,I am good at managing the responsibilities of daily life.,How often do you lose track of time while doing something you enjoy?,How often do you become absorbed in what you are doing?,It seems that my life has always had purpose.
"Environmental, Intellectual, Occupational",I like to do things that I enjoy.,3,30,30,I avoid activities which require me to concentrate.,I will always seek out activities that challenge me to think and reason.,I am good at managing the responsibilities of daily life.,How often do you lose track of time while doing something you enjoy?,How often do you become absorbed in what you are doing?,It seems that my life has always had purpose.
"Environmental, Intellectual, Occupational",I prefer activities that challenge me to think and reason.,3,30,30,I avoid activities which require me to concentrate.,I will always seek out activities that challenge me to think and reason.,I am good at managing the responsibilities of daily life.,How often do you lose track of time while doing something you enjoy?,How often do you become absorbed in what you are doing?,It seems that my life has always had purpose.
"Environmental, Intellectual, Occupational",I enjoy activities which challenge me to think and reason.,3,30,30,I avoid activities which require me to concentrate.,I will always seek out activities that challenge me to think and reason.,I am good at managing the responsibilities of daily life.,How often do you lose track of time while doing something you enjoy?,How often do you become absorbed in what you are doing?,It seems that my life has always had purpose.
"Environmental, Intellectual, Occupational","I do have more physical energy, but still keep feeling tired.",3,30,30,I avoid activities which require me to concentrate.,I will always seek out activities that challenge me to think and reason.,I am good at managing the responsibilities of daily life.,How often do you lose track of time while doing something you enjoy?,How often do you become absorbed in what you are doing?,It seems that my life has always had purpose.
"Environmental, Intellectual, Occupational",I like to stay busy and have fun.,3,30,30,I avoid activities which require me to concentrate.,I will always seek out activities that challenge me to think and reason.,I am good at managing the responsibilities of daily life.,How often do you lose track of time while doing something you enjoy?,How often do you become absorbed in what you are doing?,It seems that my life has always had purpose.
"Environmental, Intellectual, Occupational",My life has always been good and I enjoy doing it.,3,30,30,I avoid activities which require me to concentrate.,I will always seek out activities that challenge me to think and reason.,I am good at managing the responsibilities of daily life.,How often do you lose track of time while doing something you enjoy?,How often do you become absorbed in what you are doing?,It seems that my life has always had purpose.
"Environmental, Intellectual, Occupational",I will try to be spontaneous by not wanting to think or reason alone.,3,30,30,I avoid activities which require me to concentrate.,I will always seek out activities that challenge me to think and reason.,I am good at managing the responsibilities of daily life.,How often do you lose track of time while doing something you enjoy?,How often do you become absorbed in what you are doing?,It seems that my life has always had purpose.
"Environmental, Intellectual, Occupational","I try not to focus on my self-care habits, which is how I find the balance between work and family.",3,30,30,I avoid activities which require me to concentrate.,I will always seek out activities that challenge me to think and reason.,I am good at managing the responsibilities of daily life.,How often do you lose track of time while doing something you enjoy?,How often do you become absorbed in what you are doing?,It seems that my life has always had purpose.
"Environmental, Intellectual, Occupational",I tend to avoid activities which require me to think and reason.,3,30,30,I avoid activities which require me to concentrate.,I will always seek out activities that challenge me to think and reason.,I am good at managing the responsibilities of daily life.,How often do you lose track of time while doing something you enjoy?,How often do you become absorbed in what you are doing?,It seems that my life has always had purpose.
"Environmental, Intellectual, Occupational",I have always had a purpose in my life.,3,30,30,I avoid activities which require me to concentrate.,I will always seek out activities that challenge me to think and reason.,I am good at managing the responsibilities of daily life.,How often do you lose track of time while doing something you enjoy?,How often do you become absorbed in what you are doing?,It seems that my life has always had purpose.
"Environmental, Intellectual, Occupational",I do not make any effort to keep myself awake.,3,30,30,I avoid activities which require me to concentrate.,I will always seek out activities that challenge me to think and reason.,I am good at managing the responsibilities of daily life.,How often do you lose track of time while doing something you enjoy?,How often do you become absorbed in what you are doing?,It seems that my life has always had purpose.
"Environmental, Intellectual, Occupational",I have always had the right to decide what my life is really about.,3,30,30,I avoid activities which require me to concentrate.,I will always seek out activities that challenge me to think and reason.,I am good at managing the responsibilities of daily life.,How often do you lose track of time while doing something you enjoy?,How often do you become absorbed in what you are doing?,It seems that my life has always had purpose.
"Environmental, Intellectual, Occupational",I am not a very active person.,3,30,30,I avoid activities which require me to concentrate.,I will always seek out activities that challenge me to think and reason.,I am good at managing the responsibilities of daily life.,How often do you lose track of time while doing something you enjoy?,How often do you become absorbed in what you are doing?,It seems that my life has always had purpose.
"Environmental, Intellectual, Occupational",I have a strong desire for more of what I do.,3,30,30,I avoid activities which require me to concentrate.,I will always seek out activities that challenge me to think and reason.,I am good at managing the responsibilities of daily life.,How often do you lose track of time while doing something you enjoy?,How often do you become absorbed in what you are doing?,It seems that my life has always had purpose.
"Environmental, Intellectual, Occupational",I have an innate ability to visualize and think.,3,30,30,I avoid activities which require me to concentrate.,I will always seek out activities that challenge me to think and reason.,I am good at managing the responsibilities of daily life.,How often do you lose track of time while doing something you enjoy?,How often do you become absorbed in what you are doing?,It seems that my life has always had purpose.
"Environmental, Intellectual, Occupational",My life has always been happy and fulfilling.,3,30,30,I avoid activities which require me to concentrate.,I will always seek out activities that challenge me to think and reason.,I am good at managing the responsibilities of daily life.,How often do you lose track of time while doing something you enjoy?,How often do you become absorbed in what you are doing?,It seems that my life has always had purpose.
"Environmental, Intellectual, Occupational",I would never let my mind wander.,3,30,30,I avoid activities which require me to concentrate.,I will always seek out activities that challenge me to think and reason.,I am good at managing the responsibilities of daily life.,How often do you lose track of time while doing something you enjoy?,How often do you become absorbed in what you are doing?,It seems that my life has always had purpose.
"Environmental, Intellectual, Occupational","I love how I see things, and how I feel when I are done.",3,30,30,I avoid activities which require me to concentrate.,I will always seek out activities that challenge me to think and reason.,I am good at managing the responsibilities of daily life.,How often do you lose track of time while doing something you enjoy?,How often do you become absorbed in what you are doing?,It seems that my life has always had purpose.
"Environmental, Intellectual, Occupational",I can be busy and have fun at some places.,3,30,30,I avoid activities which require me to concentrate.,I will always seek out activities that challenge me to think and reason.,I am good at managing the responsibilities of daily life.,How often do you lose track of time while doing something you enjoy?,How often do you become absorbed in what you are doing?,It seems that my life has always had purpose.
"Environmental, Intellectual, Occupational",I like the realism of art.,3,30,30,I avoid activities which require me to concentrate.,I will always seek out activities that challenge me to think and reason.,I am good at managing the responsibilities of daily life.,How often do you lose track of time while doing something you enjoy?,How often do you become absorbed in what you are doing?,It seems that my life has always had purpose.
"Environmental, Intellectual, Occupational",I consciously try to avoid activities which require concentration.,3,30,30,I avoid activities which require me to concentrate.,I will always seek out activities that challenge me to think and reason.,I am good at managing the responsibilities of daily life.,How often do you lose track of time while doing something you enjoy?,How often do you become absorbed in what you are doing?,It seems that my life has always had purpose.
"Environmental, Intellectual, Occupational",I often lose track of time while doing something I enjoy?,3,30,30,I avoid activities which require me to concentrate.,I will always seek out activities that challenge me to think and reason.,I am good at managing the responsibilities of daily life.,How often do you lose track of time while doing something you enjoy?,How often do you become absorbed in what you are doing?,It seems that my life has always had purpose.
"Environmental, Intellectual, Occupational",I have always been a believer in the right thing.,3,30,30,I avoid activities which require me to concentrate.,I will always seek out activities that challenge me to think and reason.,I am good at managing the responsibilities of daily life.,How often do you lose track of time while doing something you enjoy?,How often do you become absorbed in what you are doing?,It seems that my life has always had purpose.
"Environmental, Intellectual, Occupational",I love to think and reason.,3,30,30,I avoid activities which require me to concentrate.,I will always seek out activities that challenge me to think and reason.,I am good at managing the responsibilities of daily life.,How often do you lose track of time while doing something you enjoy?,How often do you become absorbed in what you are doing?,It seems that my life has always had purpose.
"Environmental, Intellectual, Physical",I am unsure of my mental health,3,30,30,I avoid activities which require me to concentrate.,I have to act on a hunch.,How often do you become absorbed in what you are doing?,I feel left out,I like most parts of my personality.,"During the past month, how often has your bed partner or room mate reported episodes of disorientation or confusion during sleep?"
"Environmental, Intellectual, Physical",Approximately how often has your partner reported episodes of disorientation or confusion during sleep?,3,30,30,I avoid activities which require me to concentrate.,I have to act on a hunch.,How often do you become absorbed in what you are doing?,I feel left out,I like most parts of my personality.,"During the past month, how often has your bed partner or room mate reported episodes of disorientation or confusion during sleep?"
"Environmental, Intellectual, Physical",I have a difficult time concentrating.,3,30,30,I avoid activities which require me to concentrate.,I have to act on a hunch.,How often do you become absorbed in what you are doing?,I feel left out,I like most parts of my personality.,"During the past month, how often has your bed partner or room mate reported episodes of disorientation or confusion during sleep?"
"Environmental, Intellectual, Physical",Sometimes I can’t concentrate during my day.,3,30,30,I avoid activities which require me to concentrate.,I have to act on a hunch.,How often do you become absorbed in what you are doing?,I feel left out,I like most parts of my personality.,"During the past month, how often has your bed partner or room mate reported episodes of disorientation or confusion during sleep?"
"Environmental, Intellectual, Physical",Do you have a low or low level of focus?,3,30,30,I avoid activities which require me to concentrate.,I have to act on a hunch.,How often do you become absorbed in what you are doing?,I feel left out,I like most parts of my personality.,"During the past month, how often has your bed partner or room mate reported episodes of disorientation or confusion during sleep?"
"Environmental, Intellectual, Physical",How often have you experienced episodes of disorientation or confusion during sleep?,3,30,30,I avoid activities which require me to concentrate.,I have to act on a hunch.,How often do you become absorbed in what you are doing?,I feel left out,I like most parts of my personality.,"During the past month, how often has your bed partner or room mate reported episodes of disorientation or confusion during sleep?"
"Environmental, Intellectual, Physical",I'm awake all night and wake up in the middle of the night with disorientation.,3,30,30,I avoid activities which require me to concentrate.,I have to act on a hunch.,How often do you become absorbed in what you are doing?,I feel left out,I like most parts of my personality.,"During the past month, how often has your bed partner or room mate reported episodes of disorientation or confusion during sleep?"
"Environmental, Intellectual, Physical",I dislike my roommate or room mate.,3,30,30,I avoid activities which require me to concentrate.,I have to act on a hunch.,How often do you become absorbed in what you are doing?,I feel left out,I like most parts of my personality.,"During the past month, how often has your bed partner or room mate reported episodes of disorientation or confusion during sleep?"
"Environmental, Intellectual, Physical",I don't have a consistent sleep schedule.,3,30,30,I avoid activities which require me to concentrate.,I have to act on a hunch.,How often do you become absorbed in what you are doing?,I feel left out,I like most parts of my personality.,"During the past month, how often has your bed partner or room mate reported episodes of disorientation or confusion during sleep?"
"Environmental, Intellectual, Physical",I feel like I am having too much of my life messed up.,3,30,30,I avoid activities which require me to concentrate.,I have to act on a hunch.,How often do you become absorbed in what you are doing?,I feel left out,I like most parts of my personality.,"During the past month, how often has your bed partner or room mate reported episodes of disorientation or confusion during sleep?"
"Environmental, Intellectual, Physical",How often does your bed partner report episodes of disorientation or confusion during sleep?,3,30,30,I avoid activities which require me to concentrate.,I have to act on a hunch.,How often do you become absorbed in what you are doing?,I feel left out,I like most parts of my personality.,"During the past month, how often has your bed partner or room mate reported episodes of disorientation or confusion during sleep?"
"Environmental, Intellectual, Physical",I am disturbed by social stress.,3,30,30,I avoid activities which require me to concentrate.,I have to act on a hunch.,How often do you become absorbed in what you are doing?,I feel left out,I like most parts of my personality.,"During the past month, how often has your bed partner or room mate reported episodes of disorientation or confusion during sleep?"
"Environmental, Intellectual, Physical",I have sat alone for a few hours.,3,30,30,I avoid activities which require me to concentrate.,I have to act on a hunch.,How often do you become absorbed in what you are doing?,I feel left out,I like most parts of my personality.,"During the past month, how often has your bed partner or room mate reported episodes of disorientation or confusion during sleep?"
"Environmental, Intellectual, Physical",How often have your bedroom partner or room mate reported episodes of disorientation or confusion during sleep?,3,30,30,I avoid activities which require me to concentrate.,I have to act on a hunch.,How often do you become absorbed in what you are doing?,I feel left out,I like most parts of my personality.,"During the past month, how often has your bed partner or room mate reported episodes of disorientation or confusion during sleep?"
"Environmental, Intellectual, Physical",I feel like I feel isolated.,3,30,30,I avoid activities which require me to concentrate.,I have to act on a hunch.,How often do you become absorbed in what you are doing?,I feel left out,I like most parts of my personality.,"During the past month, how often has your bed partner or room mate reported episodes of disorientation or confusion during sleep?"
"Environmental, Intellectual, Physical",I often feel like I am forgetting things.,3,30,30,I avoid activities which require me to concentrate.,I have to act on a hunch.,How often do you become absorbed in what you are doing?,I feel left out,I like most parts of my personality.,"During the past month, how often has your bed partner or room mate reported episodes of disorientation or confusion during sleep?"
"Environmental, Intellectual, Physical",I have anxiety and am often a sleep apnea.,3,30,30,I avoid activities which require me to concentrate.,I have to act on a hunch.,How often do you become absorbed in what you are doing?,I feel left out,I like most parts of my personality.,"During the past month, how often has your bed partner or room mate reported episodes of disorientation or confusion during sleep?"
"Environmental, Intellectual, Physical",I can't concentrate and can't focus.,3,30,30,I avoid activities which require me to concentrate.,I have to act on a hunch.,How often do you become absorbed in what you are doing?,I feel left out,I like most parts of my personality.,"During the past month, how often has your bed partner or room mate reported episodes of disorientation or confusion during sleep?"
"Environmental, Intellectual, Physical",I like the parts of my personality.,3,30,30,I avoid activities which require me to concentrate.,I have to act on a hunch.,How often do you become absorbed in what you are doing?,I feel left out,I like most parts of my personality.,"During the past month, how often has your bed partner or room mate reported episodes of disorientation or confusion during sleep?"
"Environmental, Intellectual, Physical",My partner has reported at least one waking up event during the past month.,3,30,30,I avoid activities which require me to concentrate.,I have to act on a hunch.,How often do you become absorbed in what you are doing?,I feel left out,I like most parts of my personality.,"During the past month, how often has your bed partner or room mate reported episodes of disorientation or confusion during sleep?"
"Environmental, Intellectual, Physical",How often does your partner or room mate report episodes of disorientation or confusion during sleep?,3,30,30,I avoid activities which require me to concentrate.,I have to act on a hunch.,How often do you become absorbed in what you are doing?,I feel left out,I like most parts of my personality.,"During the past month, how often has your bed partner or room mate reported episodes of disorientation or confusion during sleep?"
"Environmental, Intellectual, Physical",How often do you feel confused during sleep?,3,30,30,I avoid activities which require me to concentrate.,I have to act on a hunch.,How often do you become absorbed in what you are doing?,I feel left out,I like most parts of my personality.,"During the past month, how often has your bed partner or room mate reported episodes of disorientation or confusion during sleep?"
"Environmental, Intellectual, Physical",I have frequent episodes of dysorientation during sleep.,3,30,30,I avoid activities which require me to concentrate.,I have to act on a hunch.,How often do you become absorbed in what you are doing?,I feel left out,I like most parts of my personality.,"During the past month, how often has your bed partner or room mate reported episodes of disorientation or confusion during sleep?"
"Environmental, Intellectual, Physical",I feel deprived of my personality.,3,30,30,I avoid activities which require me to concentrate.,I have to act on a hunch.,How often do you become absorbed in what you are doing?,I feel left out,I like most parts of my personality.,"During the past month, how often has your bed partner or room mate reported episodes of disorientation or confusion during sleep?"
"Environmental, Intellectual, Physical",I think of myself as someone I have to interact with.,3,30,30,I avoid activities which require me to concentrate.,I have to act on a hunch.,How often do you become absorbed in what you are doing?,I feel left out,I like most parts of my personality.,"During the past month, how often has your bed partner or room mate reported episodes of disorientation or confusion during sleep?"
"Environmental, Intellectual, Physical",I am very clumsy and easily disoriented.,3,30,30,I avoid activities which require me to concentrate.,I have to act on a hunch.,How often do you become absorbed in what you are doing?,I feel left out,I like most parts of my personality.,"During the past month, how often has your bed partner or room mate reported episodes of disorientation or confusion during sleep?"
"Environmental, Intellectual, Physical",I have to take a hunch.,3,30,30,I avoid activities which require me to concentrate.,I have to act on a hunch.,How often do you become absorbed in what you are doing?,I feel left out,I like most parts of my personality.,"During the past month, how often has your bed partner or room mate reported episodes of disorientation or confusion during sleep?"
"Environmental, Intellectual, Physical",I have a phobia of hunches.,3,30,30,I avoid activities which require me to concentrate.,I have to act on a hunch.,How often do you become absorbed in what you are doing?,I feel left out,I like most parts of my personality.,"During the past month, how often has your bed partner or room mate reported episodes of disorientation or confusion during sleep?"
"Environmental, Intellectual, Physical",I am always on the edge of a snooze.,3,30,30,I avoid activities which require me to concentrate.,I have to act on a hunch.,How often do you become absorbed in what you are doing?,I feel left out,I like most parts of my personality.,"During the past month, how often has your bed partner or room mate reported episodes of disorientation or confusion during sleep?"
"Environmental, Intellectual, Physical",My partner or room mate reported recurring episodes of confusion during sleep.,3,30,30,I avoid activities which require me to concentrate.,I have to act on a hunch.,How often do you become absorbed in what you are doing?,I feel left out,I like most parts of my personality.,"During the past month, how often has your bed partner or room mate reported episodes of disorientation or confusion during sleep?"
"Environmental, Intellectual, Social","I feel excluded from people because of social, intellectual and intellectual mental health",3,30,30,My social relationships are superficial,It is difficult for me to make friends,I am no longer close to anyone,My friends know they can always confide in me and ask me for advice.,"I have confidence in my own opinions, even if they are different from the way most other people think.",I feel shut out and excluded by others
"Environmental, Intellectual, Social",My mental health is in the social arena,3,30,30,My social relationships are superficial,It is difficult for me to make friends,I am no longer close to anyone,My friends know they can always confide in me and ask me for advice.,"I have confidence in my own opinions, even if they are different from the way most other people think.",I feel shut out and excluded by others
"Environmental, Intellectual, Social",My mental health is a chronic mental health disorder.,3,30,30,My social relationships are superficial,It is difficult for me to make friends,I am no longer close to anyone,My friends know they can always confide in me and ask me for advice.,"I have confidence in my own opinions, even if they are different from the way most other people think.",I feel shut out and excluded by others
"Environmental, Intellectual, Social",I feel disconnected and excluded by others,3,30,30,My social relationships are superficial,It is difficult for me to make friends,I am no longer close to anyone,My friends know they can always confide in me and ask me for advice.,"I have confidence in my own opinions, even if they are different from the way most other people think.",I feel shut out and excluded by others
"Environmental, Intellectual, Social",I have anxiety because of lack of socialization,3,30,30,My social relationships are superficial,It is difficult for me to make friends,I am no longer close to anyone,My friends know they can always confide in me and ask me for advice.,"I have confidence in my own opinions, even if they are different from the way most other people think.",I feel shut out and excluded by others
"Environmental, Intellectual, Social",I feel excluded and isolated by others,3,30,30,My social relationships are superficial,It is difficult for me to make friends,I am no longer close to anyone,My friends know they can always confide in me and ask me for advice.,"I have confidence in my own opinions, even if they are different from the way most other people think.",I feel shut out and excluded by others
"Environmental, Intellectual, Social",I feel emotionally and intellectually ill,3,30,30,My social relationships are superficial,It is difficult for me to make friends,I am no longer close to anyone,My friends know they can always confide in me and ask me for advice.,"I have confidence in my own opinions, even if they are different from the way most other people think.",I feel shut out and excluded by others
"Environmental, Intellectual, Social",I feel inebriated and out of place.,3,30,30,My social relationships are superficial,It is difficult for me to make friends,I am no longer close to anyone,My friends know they can always confide in me and ask me for advice.,"I have confidence in my own opinions, even if they are different from the way most other people think.",I feel shut out and excluded by others
"Environmental, Intellectual, Social",I feel depressed and depressed about my relationships.,3,30,30,My social relationships are superficial,It is difficult for me to make friends,I am no longer close to anyone,My friends know they can always confide in me and ask me for advice.,"I have confidence in my own opinions, even if they are different from the way most other people think.",I feel shut out and excluded by others
"Environmental, Intellectual, Social",I feel like I am lonely and do not belong,3,30,30,My social relationships are superficial,It is difficult for me to make friends,I am no longer close to anyone,My friends know they can always confide in me and ask me for advice.,"I have confidence in my own opinions, even if they are different from the way most other people think.",I feel shut out and excluded by others
"Environmental, Intellectual, Social",I feel shy and excluded by others,3,30,30,My social relationships are superficial,It is difficult for me to make friends,I am no longer close to anyone,My friends know they can always confide in me and ask me for advice.,"I have confidence in my own opinions, even if they are different from the way most other people think.",I feel shut out and excluded by others
"Environmental, Intellectual, Social",I have self-esteem in my own opinions,3,30,30,My social relationships are superficial,It is difficult for me to make friends,I am no longer close to anyone,My friends know they can always confide in me and ask me for advice.,"I have confidence in my own opinions, even if they are different from the way most other people think.",I feel shut out and excluded by others
"Environmental, Intellectual, Social","I have been lonely, isolated, isolated, and depressed.",3,30,30,My social relationships are superficial,It is difficult for me to make friends,I am no longer close to anyone,My friends know they can always confide in me and ask me for advice.,"I have confidence in my own opinions, even if they are different from the way most other people think.",I feel shut out and excluded by others
"Environmental, Intellectual, Social",I feel blocked out and excluded by others,3,30,30,My social relationships are superficial,It is difficult for me to make friends,I am no longer close to anyone,My friends know they can always confide in me and ask me for advice.,"I have confidence in my own opinions, even if they are different from the way most other people think.",I feel shut out and excluded by others
"Environmental, Intellectual, Social",My feelings of loneliness and isolation are being controlled by others,3,30,30,My social relationships are superficial,It is difficult for me to make friends,I am no longer close to anyone,My friends know they can always confide in me and ask me for advice.,"I have confidence in my own opinions, even if they are different from the way most other people think.",I feel shut out and excluded by others
"Environmental, Intellectual, Social",I feel pushed and excluded by others,3,30,30,My social relationships are superficial,It is difficult for me to make friends,I am no longer close to anyone,My friends know they can always confide in me and ask me for advice.,"I have confidence in my own opinions, even if they are different from the way most other people think.",I feel shut out and excluded by others
"Environmental, Intellectual, Social",I have negative affect on others,3,30,30,My social relationships are superficial,It is difficult for me to make friends,I am no longer close to anyone,My friends know they can always confide in me and ask me for advice.,"I have confidence in my own opinions, even if they are different from the way most other people think.",I feel shut out and excluded by others
"Environmental, Intellectual, Social",I feel out of touch with anyone,3,30,30,My social relationships are superficial,It is difficult for me to make friends,I am no longer close to anyone,My friends know they can always confide in me and ask me for advice.,"I have confidence in my own opinions, even if they are different from the way most other people think.",I feel shut out and excluded by others
"Environmental, Intellectual, Social",I feel self-conscious about what I do.,3,30,30,My social relationships are superficial,It is difficult for me to make friends,I am no longer close to anyone,My friends know they can always confide in me and ask me for advice.,"I have confidence in my own opinions, even if they are different from the way most other people think.",I feel shut out and excluded by others
"Environmental, Intellectual, Social",I am feeling isolated and excluded by others.,3,30,30,My social relationships are superficial,It is difficult for me to make friends,I am no longer close to anyone,My friends know they can always confide in me and ask me for advice.,"I have confidence in my own opinions, even if they are different from the way most other people think.",I feel shut out and excluded by others
"Environmental, Intellectual, Social",I feel let down and excluded by others,3,30,30,My social relationships are superficial,It is difficult for me to make friends,I am no longer close to anyone,My friends know they can always confide in me and ask me for advice.,"I have confidence in my own opinions, even if they are different from the way most other people think.",I feel shut out and excluded by others
"Environmental, Intellectual, Social",I feel self-excluded from others by social media.,3,30,30,My social relationships are superficial,It is difficult for me to make friends,I am no longer close to anyone,My friends know they can always confide in me and ask me for advice.,"I have confidence in my own opinions, even if they are different from the way most other people think.",I feel shut out and excluded by others
"Environmental, Intellectual, Social",I feel that I feel I have nothing to say,3,30,30,My social relationships are superficial,It is difficult for me to make friends,I am no longer close to anyone,My friends know they can always confide in me and ask me for advice.,"I have confidence in my own opinions, even if they are different from the way most other people think.",I feel shut out and excluded by others
"Environmental, Intellectual, Social",I feel unloved and excluded by others,3,30,30,My social relationships are superficial,It is difficult for me to make friends,I am no longer close to anyone,My friends know they can always confide in me and ask me for advice.,"I have confidence in my own opinions, even if they are different from the way most other people think.",I feel shut out and excluded by others
"Environmental, Intellectual, Social",I feel close to people and don't trust them,3,30,30,My social relationships are superficial,It is difficult for me to make friends,I am no longer close to anyone,My friends know they can always confide in me and ask me for advice.,"I have confidence in my own opinions, even if they are different from the way most other people think.",I feel shut out and excluded by others
"Environmental, Intellectual, Social",I feel ludicrous and unhelpful in my social relationships,3,30,30,My social relationships are superficial,It is difficult for me to make friends,I am no longer close to anyone,My friends know they can always confide in me and ask me for advice.,"I have confidence in my own opinions, even if they are different from the way most other people think.",I feel shut out and excluded by others
"Environmental, Intellectual, Social",I am now a social critic,3,30,30,My social relationships are superficial,It is difficult for me to make friends,I am no longer close to anyone,My friends know they can always confide in me and ask me for advice.,"I have confidence in my own opinions, even if they are different from the way most other people think.",I feel shut out and excluded by others
"Environmental, Intellectual, Social",My mental health is not as good as others think,3,30,30,My social relationships are superficial,It is difficult for me to make friends,I am no longer close to anyone,My friends know they can always confide in me and ask me for advice.,"I have confidence in my own opinions, even if they are different from the way most other people think.",I feel shut out and excluded by others
"Environmental, Intellectual, Social",I feel disconnected from others because I do not have friends who share my own opinion.,3,30,30,My social relationships are superficial,It is difficult for me to make friends,I am no longer close to anyone,My friends know they can always confide in me and ask me for advice.,"I have confidence in my own opinions, even if they are different from the way most other people think.",I feel shut out and excluded by others
"Environmental, Intellectual, Social",I feel lonely and isolated in people,3,30,30,My social relationships are superficial,It is difficult for me to make friends,I am no longer close to anyone,My friends know they can always confide in me and ask me for advice.,"I have confidence in my own opinions, even if they are different from the way most other people think.",I feel shut out and excluded by others
"Environmental, Intellectual, Spiritual",I feel that people with strong opinions are influencing me.,3,30,30,I will always seek out activities that challenge me to think and reason.,I think it is important to have new experiences that challenge how I think about myself and the world.,To what extent do you feel you have a sense of direction in your life?,I have a strong sense of purpose in life.,"I judge myself by what I think is important, not by the values of what others think is important.",I tend to be influenced by people with strong opinions.
"Environmental, Intellectual, Spiritual",I believe it is important to have new experiences that challenge me to think and reason.,3,30,30,I will always seek out activities that challenge me to think and reason.,I think it is important to have new experiences that challenge how I think about myself and the world.,To what extent do you feel you have a sense of direction in your life?,I have a strong sense of purpose in life.,"I judge myself by what I think is important, not by the values of what others think is important.",I tend to be influenced by people with strong opinions.
"Environmental, Intellectual, Spiritual",I feel strongly about the values of others opinions.,3,30,30,I will always seek out activities that challenge me to think and reason.,I think it is important to have new experiences that challenge how I think about myself and the world.,To what extent do you feel you have a sense of direction in your life?,I have a strong sense of purpose in life.,"I judge myself by what I think is important, not by the values of what others think is important.",I tend to be influenced by people with strong opinions.
"Environmental, Intellectual, Spiritual",I try to improve myself by not being influenced by people with strong opinions.,3,30,30,I will always seek out activities that challenge me to think and reason.,I think it is important to have new experiences that challenge how I think about myself and the world.,To what extent do you feel you have a sense of direction in your life?,I have a strong sense of purpose in life.,"I judge myself by what I think is important, not by the values of what others think is important.",I tend to be influenced by people with strong opinions.
"Environmental, Intellectual, Spiritual",I have strong spiritual and emotional well being.,3,30,30,I will always seek out activities that challenge me to think and reason.,I think it is important to have new experiences that challenge how I think about myself and the world.,To what extent do you feel you have a sense of direction in your life?,I have a strong sense of purpose in life.,"I judge myself by what I think is important, not by the values of what others think is important.",I tend to be influenced by people with strong opinions.
"Environmental, Intellectual, Spiritual",I consider myself emotionally and intellectually privileged.,3,30,30,I will always seek out activities that challenge me to think and reason.,I think it is important to have new experiences that challenge how I think about myself and the world.,To what extent do you feel you have a sense of direction in your life?,I have a strong sense of purpose in life.,"I judge myself by what I think is important, not by the values of what others think is important.",I tend to be influenced by people with strong opinions.
"Environmental, Intellectual, Spiritual",I am mindful of my own personal bias.,3,30,30,I will always seek out activities that challenge me to think and reason.,I think it is important to have new experiences that challenge how I think about myself and the world.,To what extent do you feel you have a sense of direction in your life?,I have a strong sense of purpose in life.,"I judge myself by what I think is important, not by the values of what others think is important.",I tend to be influenced by people with strong opinions.
"Environmental, Intellectual, Spiritual",I like to be inspired by people.,3,30,30,I will always seek out activities that challenge me to think and reason.,I think it is important to have new experiences that challenge how I think about myself and the world.,To what extent do you feel you have a sense of direction in your life?,I have a strong sense of purpose in life.,"I judge myself by what I think is important, not by the values of what others think is important.",I tend to be influenced by people with strong opinions.
"Environmental, Intellectual, Spiritual",I try to achieve the things that are meaningful to me in life.,3,30,30,I will always seek out activities that challenge me to think and reason.,I think it is important to have new experiences that challenge how I think about myself and the world.,To what extent do you feel you have a sense of direction in your life?,I have a strong sense of purpose in life.,"I judge myself by what I think is important, not by the values of what others think is important.",I tend to be influenced by people with strong opinions.
"Environmental, Intellectual, Spiritual",I am a strong believer in my own existence and what my thoughts and feelings mean to me.,3,30,30,I will always seek out activities that challenge me to think and reason.,I think it is important to have new experiences that challenge how I think about myself and the world.,To what extent do you feel you have a sense of direction in your life?,I have a strong sense of purpose in life.,"I judge myself by what I think is important, not by the values of what others think is important.",I tend to be influenced by people with strong opinions.
"Environmental, Intellectual, Spiritual",I believe in the value of thinking and rationality.,3,30,30,I will always seek out activities that challenge me to think and reason.,I think it is important to have new experiences that challenge how I think about myself and the world.,To what extent do you feel you have a sense of direction in your life?,I have a strong sense of purpose in life.,"I judge myself by what I think is important, not by the values of what others think is important.",I tend to be influenced by people with strong opinions.
"Environmental, Intellectual, Spiritual",I am a hard-core believer in myself and I tend to be influenced by people with strong opinions.,3,30,30,I will always seek out activities that challenge me to think and reason.,I think it is important to have new experiences that challenge how I think about myself and the world.,To what extent do you feel you have a sense of direction in your life?,I have a strong sense of purpose in life.,"I judge myself by what I think is important, not by the values of what others think is important.",I tend to be influenced by people with strong opinions.
"Environmental, Intellectual, Spiritual",I am more interested in what makes me happy than what others think is wrong.,3,30,30,I will always seek out activities that challenge me to think and reason.,I think it is important to have new experiences that challenge how I think about myself and the world.,To what extent do you feel you have a sense of direction in your life?,I have a strong sense of purpose in life.,"I judge myself by what I think is important, not by the values of what others think is important.",I tend to be influenced by people with strong opinions.
"Environmental, Intellectual, Spiritual","I like to read, listen to music, and think about the world.",3,30,30,I will always seek out activities that challenge me to think and reason.,I think it is important to have new experiences that challenge how I think about myself and the world.,To what extent do you feel you have a sense of direction in your life?,I have a strong sense of purpose in life.,"I judge myself by what I think is important, not by the values of what others think is important.",I tend to be influenced by people with strong opinions.
"Environmental, Intellectual, Spiritual",I feel that what I think is important doesn't make me happy or useful in my life.,3,30,30,I will always seek out activities that challenge me to think and reason.,I think it is important to have new experiences that challenge how I think about myself and the world.,To what extent do you feel you have a sense of direction in your life?,I have a strong sense of purpose in life.,"I judge myself by what I think is important, not by the values of what others think is important.",I tend to be influenced by people with strong opinions.
"Environmental, Intellectual, Spiritual",I feel strongly that I have a strong sense of purpose in my life.,3,30,30,I will always seek out activities that challenge me to think and reason.,I think it is important to have new experiences that challenge how I think about myself and the world.,To what extent do you feel you have a sense of direction in your life?,I have a strong sense of purpose in life.,"I judge myself by what I think is important, not by the values of what others think is important.",I tend to be influenced by people with strong opinions.
"Environmental, Intellectual, Spiritual",I think it is important to have new experiences that challenge my thinking and reason.,3,30,30,I will always seek out activities that challenge me to think and reason.,I think it is important to have new experiences that challenge how I think about myself and the world.,To what extent do you feel you have a sense of direction in your life?,I have a strong sense of purpose in life.,"I judge myself by what I think is important, not by the values of what others think is important.",I tend to be influenced by people with strong opinions.
"Environmental, Intellectual, Spiritual",I'm naturally influenced by people with strong opinions.,3,30,30,I will always seek out activities that challenge me to think and reason.,I think it is important to have new experiences that challenge how I think about myself and the world.,To what extent do you feel you have a sense of direction in your life?,I have a strong sense of purpose in life.,"I judge myself by what I think is important, not by the values of what others think is important.",I tend to be influenced by people with strong opinions.
"Environmental, Intellectual, Spiritual",I try to become more self-aware.,3,30,30,I will always seek out activities that challenge me to think and reason.,I think it is important to have new experiences that challenge how I think about myself and the world.,To what extent do you feel you have a sense of direction in your life?,I have a strong sense of purpose in life.,"I judge myself by what I think is important, not by the values of what others think is important.",I tend to be influenced by people with strong opinions.
"Environmental, Intellectual, Spiritual",I try to have experiences that challenge me to think and reason.,3,30,30,I will always seek out activities that challenge me to think and reason.,I think it is important to have new experiences that challenge how I think about myself and the world.,To what extent do you feel you have a sense of direction in your life?,I have a strong sense of purpose in life.,"I judge myself by what I think is important, not by the values of what others think is important.",I tend to be influenced by people with strong opinions.
"Environmental, Intellectual, Spiritual",I judge myself by my values.,3,30,30,I will always seek out activities that challenge me to think and reason.,I think it is important to have new experiences that challenge how I think about myself and the world.,To what extent do you feel you have a sense of direction in your life?,I have a strong sense of purpose in life.,"I judge myself by what I think is important, not by the values of what others think is important.",I tend to be influenced by people with strong opinions.
"Environmental, Intellectual, Spiritual","I like to be challenged, rather than judge myself.",3,30,30,I will always seek out activities that challenge me to think and reason.,I think it is important to have new experiences that challenge how I think about myself and the world.,To what extent do you feel you have a sense of direction in your life?,I have a strong sense of purpose in life.,"I judge myself by what I think is important, not by the values of what others think is important.",I tend to be influenced by people with strong opinions.
"Environmental, Intellectual, Spiritual","I treat myself fairly, not by the values of what others think is important.",3,30,30,I will always seek out activities that challenge me to think and reason.,I think it is important to have new experiences that challenge how I think about myself and the world.,To what extent do you feel you have a sense of direction in your life?,I have a strong sense of purpose in life.,"I judge myself by what I think is important, not by the values of what others think is important.",I tend to be influenced by people with strong opinions.
"Environmental, Intellectual, Spiritual",I have strong values in my life.,3,30,30,I will always seek out activities that challenge me to think and reason.,I think it is important to have new experiences that challenge how I think about myself and the world.,To what extent do you feel you have a sense of direction in your life?,I have a strong sense of purpose in life.,"I judge myself by what I think is important, not by the values of what others think is important.",I tend to be influenced by people with strong opinions.
"Environmental, Intellectual, Spiritual",I am challenged by new experiences that challenge my thinking about myself and the world.,3,30,30,I will always seek out activities that challenge me to think and reason.,I think it is important to have new experiences that challenge how I think about myself and the world.,To what extent do you feel you have a sense of direction in your life?,I have a strong sense of purpose in life.,"I judge myself by what I think is important, not by the values of what others think is important.",I tend to be influenced by people with strong opinions.
"Environmental, Intellectual, Spiritual",I have strong beliefs in my faith and morals.,3,30,30,I will always seek out activities that challenge me to think and reason.,I think it is important to have new experiences that challenge how I think about myself and the world.,To what extent do you feel you have a sense of direction in your life?,I have a strong sense of purpose in life.,"I judge myself by what I think is important, not by the values of what others think is important.",I tend to be influenced by people with strong opinions.
"Environmental, Intellectual, Spiritual",I try to do things that challenge me to think and reason.,3,30,30,I will always seek out activities that challenge me to think and reason.,I think it is important to have new experiences that challenge how I think about myself and the world.,To what extent do you feel you have a sense of direction in your life?,I have a strong sense of purpose in life.,"I judge myself by what I think is important, not by the values of what others think is important.",I tend to be influenced by people with strong opinions.
"Environmental, Intellectual, Spiritual",I take responsibility for my decisions and opinions.,3,30,30,I will always seek out activities that challenge me to think and reason.,I think it is important to have new experiences that challenge how I think about myself and the world.,To what extent do you feel you have a sense of direction in your life?,I have a strong sense of purpose in life.,"I judge myself by what I think is important, not by the values of what others think is important.",I tend to be influenced by people with strong opinions.
"Environmental, Intellectual, Spiritual",I like all kinds of sports and I like the way I look at my life.,3,30,30,I will always seek out activities that challenge me to think and reason.,I think it is important to have new experiences that challenge how I think about myself and the world.,To what extent do you feel you have a sense of direction in your life?,I have a strong sense of purpose in life.,"I judge myself by what I think is important, not by the values of what others think is important.",I tend to be influenced by people with strong opinions.
"Environmental, Intellectual, Spiritual",I enjoy spending time with people with strong opinions.,3,30,30,I will always seek out activities that challenge me to think and reason.,I think it is important to have new experiences that challenge how I think about myself and the world.,To what extent do you feel you have a sense of direction in your life?,I have a strong sense of purpose in life.,"I judge myself by what I think is important, not by the values of what others think is important.",I tend to be influenced by people with strong opinions.
"Environmental, Occupational, Physical",I was pleased with my physical health.,3,30,30,I expect to always be physically healthy.,My physical health is excellent.,How satisfied are you with your current physical health?,I expect my physical health to get worse.,My body seems to resist physical illness very well.,"Compared to people I know, my past physical health has been excellent."
"Environmental, Occupational, Physical",I expect to lose weight and have health problems.,3,30,30,I expect to always be physically healthy.,My physical health is excellent.,How satisfied are you with your current physical health?,I expect my physical health to get worse.,My body seems to resist physical illness very well.,"Compared to people I know, my past physical health has been excellent."
"Environmental, Occupational, Physical",I feel happy about my current physical health.,3,30,30,I expect to always be physically healthy.,My physical health is excellent.,How satisfied are you with your current physical health?,I expect my physical health to get worse.,My body seems to resist physical illness very well.,"Compared to people I know, my past physical health has been excellent."
"Environmental, Occupational, Physical",I expect my current physical health to be great.,3,30,30,I expect to always be physically healthy.,My physical health is excellent.,How satisfied are you with your current physical health?,I expect my physical health to get worse.,My body seems to resist physical illness very well.,"Compared to people I know, my past physical health has been excellent."
"Environmental, Occupational, Physical",I have been very healthy physically and mentally.,3,30,30,I expect to always be physically healthy.,My physical health is excellent.,How satisfied are you with your current physical health?,I expect my physical health to get worse.,My body seems to resist physical illness very well.,"Compared to people I know, my past physical health has been excellent."
"Environmental, Occupational, Physical",I was living in a crappy place.,3,30,30,I expect to always be physically healthy.,My physical health is excellent.,How satisfied are you with your current physical health?,I expect my physical health to get worse.,My body seems to resist physical illness very well.,"Compared to people I know, my past physical health has been excellent."
"Environmental, Occupational, Physical",I expect to have high levels of physical health.,3,30,30,I expect to always be physically healthy.,My physical health is excellent.,How satisfied are you with your current physical health?,I expect my physical health to get worse.,My body seems to resist physical illness very well.,"Compared to people I know, my past physical health has been excellent."
"Environmental, Occupational, Physical",I want to be physically healthy.,3,30,30,I expect to always be physically healthy.,My physical health is excellent.,How satisfied are you with your current physical health?,I expect my physical health to get worse.,My body seems to resist physical illness very well.,"Compared to people I know, my past physical health has been excellent."
"Environmental, Occupational, Physical",My past health is not so good.,3,30,30,I expect to always be physically healthy.,My physical health is excellent.,How satisfied are you with your current physical health?,I expect my physical health to get worse.,My body seems to resist physical illness very well.,"Compared to people I know, my past physical health has been excellent."
"Environmental, Occupational, Physical",I expect my physical health to be worse than that of others.,3,30,30,I expect to always be physically healthy.,My physical health is excellent.,How satisfied are you with your current physical health?,I expect my physical health to get worse.,My body seems to resist physical illness very well.,"Compared to people I know, my past physical health has been excellent."
"Environmental, Occupational, Physical",I expect my current mental health to get worse.,3,30,30,I expect to always be physically healthy.,My physical health is excellent.,How satisfied are you with your current physical health?,I expect my physical health to get worse.,My body seems to resist physical illness very well.,"Compared to people I know, my past physical health has been excellent."
"Environmental, Occupational, Physical",I expect to never feel good about myself.,3,30,30,I expect to always be physically healthy.,My physical health is excellent.,How satisfied are you with your current physical health?,I expect my physical health to get worse.,My body seems to resist physical illness very well.,"Compared to people I know, my past physical health has been excellent."
"Environmental, Occupational, Physical",I have been in good physical health for years.,3,30,30,I expect to always be physically healthy.,My physical health is excellent.,How satisfied are you with your current physical health?,I expect my physical health to get worse.,My body seems to resist physical illness very well.,"Compared to people I know, my past physical health has been excellent."
"Environmental, Occupational, Physical",I think I have good physical health.,3,30,30,I expect to always be physically healthy.,My physical health is excellent.,How satisfied are you with your current physical health?,I expect my physical health to get worse.,My body seems to resist physical illness very well.,"Compared to people I know, my past physical health has been excellent."
"Environmental, Occupational, Physical",I expect to be psychologically healthy.,3,30,30,I expect to always be physically healthy.,My physical health is excellent.,How satisfied are you with your current physical health?,I expect my physical health to get worse.,My body seems to resist physical illness very well.,"Compared to people I know, my past physical health has been excellent."
"Environmental, Occupational, Physical",I am very excited about my current physical health.,3,30,30,I expect to always be physically healthy.,My physical health is excellent.,How satisfied are you with your current physical health?,I expect my physical health to get worse.,My body seems to resist physical illness very well.,"Compared to people I know, my past physical health has been excellent."
"Environmental, Occupational, Physical",I have a great physical health.,3,30,30,I expect to always be physically healthy.,My physical health is excellent.,How satisfied are you with your current physical health?,I expect my physical health to get worse.,My body seems to resist physical illness very well.,"Compared to people I know, my past physical health has been excellent."
"Environmental, Occupational, Physical",I'm in good health from a self-report mental health statement.,3,30,30,I expect to always be physically healthy.,My physical health is excellent.,How satisfied are you with your current physical health?,I expect my physical health to get worse.,My body seems to resist physical illness very well.,"Compared to people I know, my past physical health has been excellent."
"Environmental, Occupational, Physical",I am very unhappy with my current mental health.,3,30,30,I expect to always be physically healthy.,My physical health is excellent.,How satisfied are you with your current physical health?,I expect my physical health to get worse.,My body seems to resist physical illness very well.,"Compared to people I know, my past physical health has been excellent."
"Environmental, Occupational, Physical",I expect to be healthy and happy at the same time.,3,30,30,I expect to always be physically healthy.,My physical health is excellent.,How satisfied are you with your current physical health?,I expect my physical health to get worse.,My body seems to resist physical illness very well.,"Compared to people I know, my past physical health has been excellent."
"Environmental, Occupational, Physical","I enjoy eating healthy foods, especially healthy fruits and vegetables.",3,30,30,I expect to always be physically healthy.,My physical health is excellent.,How satisfied are you with your current physical health?,I expect my physical health to get worse.,My body seems to resist physical illness very well.,"Compared to people I know, my past physical health has been excellent."
"Environmental, Occupational, Physical",I hope I can find a way to be better physically.,3,30,30,I expect to always be physically healthy.,My physical health is excellent.,How satisfied are you with your current physical health?,I expect my physical health to get worse.,My body seems to resist physical illness very well.,"Compared to people I know, my past physical health has been excellent."
"Environmental, Occupational, Physical",My past mental health has been excellent.,3,30,30,I expect to always be physically healthy.,My physical health is excellent.,How satisfied are you with your current physical health?,I expect my physical health to get worse.,My body seems to resist physical illness very well.,"Compared to people I know, my past physical health has been excellent."
"Environmental, Occupational, Physical",I expect to be in perfect health for the rest of my life.,3,30,30,I expect to always be physically healthy.,My physical health is excellent.,How satisfied are you with your current physical health?,I expect my physical health to get worse.,My body seems to resist physical illness very well.,"Compared to people I know, my past physical health has been excellent."
"Environmental, Occupational, Physical",I have a chronic problem with my body's balance.,3,30,30,I expect to always be physically healthy.,My physical health is excellent.,How satisfied are you with your current physical health?,I expect my physical health to get worse.,My body seems to resist physical illness very well.,"Compared to people I know, my past physical health has been excellent."
"Environmental, Occupational, Physical",I expect to never be physically healthy.,3,30,30,I expect to always be physically healthy.,My physical health is excellent.,How satisfied are you with your current physical health?,I expect my physical health to get worse.,My body seems to resist physical illness very well.,"Compared to people I know, my past physical health has been excellent."
"Environmental, Occupational, Physical",I hope that I can be healthy today.,3,30,30,I expect to always be physically healthy.,My physical health is excellent.,How satisfied are you with your current physical health?,I expect my physical health to get worse.,My body seems to resist physical illness very well.,"Compared to people I know, my past physical health has been excellent."
"Environmental, Occupational, Physical",I have always been a little more apathetic to physical illnesses.,3,30,30,I expect to always be physically healthy.,My physical health is excellent.,How satisfied are you with your current physical health?,I expect my physical health to get worse.,My body seems to resist physical illness very well.,"Compared to people I know, my past physical health has been excellent."
"Environmental, Occupational, Physical",I have always been a strong believer in mental health.,3,30,30,I expect to always be physically healthy.,My physical health is excellent.,How satisfied are you with your current physical health?,I expect my physical health to get worse.,My body seems to resist physical illness very well.,"Compared to people I know, my past physical health has been excellent."
"Environmental, Occupational, Physical",My past health had been excellent.,3,30,30,I expect to always be physically healthy.,My physical health is excellent.,How satisfied are you with your current physical health?,I expect my physical health to get worse.,My body seems to resist physical illness very well.,"Compared to people I know, my past physical health has been excellent."
"Environmental, Occupational, Social",I feel alone and disconnected from others,3,30,30,People are around me but not with me,I lack companionship,I feel isolated from others,I feel shut out and excluded by others,"In the past, I have felt sure of myself among strangers.",I cannot tolerate being so alone
"Environmental, Occupational, Social","I feel lonely, lonely, and alone.",3,30,30,People are around me but not with me,I lack companionship,I feel isolated from others,I feel shut out and excluded by others,"In the past, I have felt sure of myself among strangers.",I cannot tolerate being so alone
"Environmental, Occupational, Social",I can't tolerate being so alone.,3,30,30,People are around me but not with me,I lack companionship,I feel isolated from others,I feel shut out and excluded by others,"In the past, I have felt sure of myself among strangers.",I cannot tolerate being so alone
"Environmental, Occupational, Social","I feel lonely, isolated, isolated, socially isolated, socially isolated",3,30,30,People are around me but not with me,I lack companionship,I feel isolated from others,I feel shut out and excluded by others,"In the past, I have felt sure of myself among strangers.",I cannot tolerate being so alone
"Environmental, Occupational, Social",I feel lonely but not alone,3,30,30,People are around me but not with me,I lack companionship,I feel isolated from others,I feel shut out and excluded by others,"In the past, I have felt sure of myself among strangers.",I cannot tolerate being so alone
"Environmental, Occupational, Social",I am alone and in loneliness,3,30,30,People are around me but not with me,I lack companionship,I feel isolated from others,I feel shut out and excluded by others,"In the past, I have felt sure of myself among strangers.",I cannot tolerate being so alone
"Environmental, Occupational, Social","I feel lonely, isolated, isolated from people",3,30,30,People are around me but not with me,I lack companionship,I feel isolated from others,I feel shut out and excluded by others,"In the past, I have felt sure of myself among strangers.",I cannot tolerate being so alone
"Environmental, Occupational, Social",I feel lonely or lonely from others,3,30,30,People are around me but not with me,I lack companionship,I feel isolated from others,I feel shut out and excluded by others,"In the past, I have felt sure of myself among strangers.",I cannot tolerate being so alone
"Environmental, Occupational, Social",I am afraid that others may not respect me,3,30,30,People are around me but not with me,I lack companionship,I feel isolated from others,I feel shut out and excluded by others,"In the past, I have felt sure of myself among strangers.",I cannot tolerate being so alone
"Environmental, Occupational, Social","I feel lonely, unattended, or isolated",3,30,30,People are around me but not with me,I lack companionship,I feel isolated from others,I feel shut out and excluded by others,"In the past, I have felt sure of myself among strangers.",I cannot tolerate being so alone
"Environmental, Occupational, Social",I can tolerate not being so alone,3,30,30,People are around me but not with me,I lack companionship,I feel isolated from others,I feel shut out and excluded by others,"In the past, I have felt sure of myself among strangers.",I cannot tolerate being so alone
"Environmental, Occupational, Social",I find myself alone and lonely.,3,30,30,People are around me but not with me,I lack companionship,I feel isolated from others,I feel shut out and excluded by others,"In the past, I have felt sure of myself among strangers.",I cannot tolerate being so alone
"Environmental, Occupational, Social",I feel shy and uneasy about others,3,30,30,People are around me but not with me,I lack companionship,I feel isolated from others,I feel shut out and excluded by others,"In the past, I have felt sure of myself among strangers.",I cannot tolerate being so alone
"Environmental, Occupational, Social",I feel a lack of social support.,3,30,30,People are around me but not with me,I lack companionship,I feel isolated from others,I feel shut out and excluded by others,"In the past, I have felt sure of myself among strangers.",I cannot tolerate being so alone
"Environmental, Occupational, Social",I am lonely in the world.,3,30,30,People are around me but not with me,I lack companionship,I feel isolated from others,I feel shut out and excluded by others,"In the past, I have felt sure of myself among strangers.",I cannot tolerate being so alone
"Environmental, Occupational, Social",I feel unsure about myself among strangers.,3,30,30,People are around me but not with me,I lack companionship,I feel isolated from others,I feel shut out and excluded by others,"In the past, I have felt sure of myself among strangers.",I cannot tolerate being so alone
"Environmental, Occupational, Social",I feel marginalized by my peers,3,30,30,People are around me but not with me,I lack companionship,I feel isolated from others,I feel shut out and excluded by others,"In the past, I have felt sure of myself among strangers.",I cannot tolerate being so alone
"Environmental, Occupational, Social",I feel lonely but I like people and other people,3,30,30,People are around me but not with me,I lack companionship,I feel isolated from others,I feel shut out and excluded by others,"In the past, I have felt sure of myself among strangers.",I cannot tolerate being so alone
"Environmental, Occupational, Social",I am very lonely because I am in an isolation zone,3,30,30,People are around me but not with me,I lack companionship,I feel isolated from others,I feel shut out and excluded by others,"In the past, I have felt sure of myself among strangers.",I cannot tolerate being so alone
"Environmental, Occupational, Social","I feel lonely, in my own way, and not with anyone",3,30,30,People are around me but not with me,I lack companionship,I feel isolated from others,I feel shut out and excluded by others,"In the past, I have felt sure of myself among strangers.",I cannot tolerate being so alone
"Environmental, Occupational, Social",I lack companionship I feel disconnected from others I feel isolated from others,3,30,30,People are around me but not with me,I lack companionship,I feel isolated from others,I feel shut out and excluded by others,"In the past, I have felt sure of myself among strangers.",I cannot tolerate being so alone
"Environmental, Occupational, Social",I feel loneliness and isolation are a contributing factor,3,30,30,People are around me but not with me,I lack companionship,I feel isolated from others,I feel shut out and excluded by others,"In the past, I have felt sure of myself among strangers.",I cannot tolerate being so alone
"Environmental, Occupational, Social",I feel alone and isolated from others,3,30,30,People are around me but not with me,I lack companionship,I feel isolated from others,I feel shut out and excluded by others,"In the past, I have felt sure of myself among strangers.",I cannot tolerate being so alone
"Environmental, Occupational, Social",I feel marginalized from my family and friends,3,30,30,People are around me but not with me,I lack companionship,I feel isolated from others,I feel shut out and excluded by others,"In the past, I have felt sure of myself among strangers.",I cannot tolerate being so alone
"Environmental, Occupational, Social",I feel alone in the world,3,30,30,People are around me but not with me,I lack companionship,I feel isolated from others,I feel shut out and excluded by others,"In the past, I have felt sure of myself among strangers.",I cannot tolerate being so alone
"Environmental, Occupational, Social",I do not see others in my life,3,30,30,People are around me but not with me,I lack companionship,I feel isolated from others,I feel shut out and excluded by others,"In the past, I have felt sure of myself among strangers.",I cannot tolerate being so alone
"Environmental, Occupational, Social","I feel alone, alone, alone, socially isolated, isolated",3,30,30,People are around me but not with me,I lack companionship,I feel isolated from others,I feel shut out and excluded by others,"In the past, I have felt sure of myself among strangers.",I cannot tolerate being so alone
"Environmental, Occupational, Social",I feel lonely and alone in myself,3,30,30,People are around me but not with me,I lack companionship,I feel isolated from others,I feel shut out and excluded by others,"In the past, I have felt sure of myself among strangers.",I cannot tolerate being so alone
"Environmental, Occupational, Social",I have a low sense of self and are isolated from others,3,30,30,People are around me but not with me,I lack companionship,I feel isolated from others,I feel shut out and excluded by others,"In the past, I have felt sure of myself among strangers.",I cannot tolerate being so alone
"Environmental, Occupational, Social",I have been alone for more than 4 years.,3,30,30,People are around me but not with me,I lack companionship,I feel isolated from others,I feel shut out and excluded by others,"In the past, I have felt sure of myself among strangers.",I cannot tolerate being so alone
"Environmental, Occupational, Spiritual",I am very purposeful and in control of my life.,3,30,30,To what extent do you lead a purposeful and meaningful life?,I have a strong sense of purpose in life.,It seems that my life has always had purpose.,I believe there is a real purpose for my life.,I will always seek out activities that challenge me to think and reason.,To what extent do you feel you have a sense of direction in your life?
"Environmental, Occupational, Spiritual",I feel a strong sense of purpose in my life.,3,30,30,To what extent do you lead a purposeful and meaningful life?,I have a strong sense of purpose in life.,It seems that my life has always had purpose.,I believe there is a real purpose for my life.,I will always seek out activities that challenge me to think and reason.,To what extent do you feel you have a sense of direction in your life?
"Environmental, Occupational, Spiritual",I feel a sense of direction in my life.,3,30,30,To what extent do you lead a purposeful and meaningful life?,I have a strong sense of purpose in life.,It seems that my life has always had purpose.,I believe there is a real purpose for my life.,I will always seek out activities that challenge me to think and reason.,To what extent do you feel you have a sense of direction in your life?
"Environmental, Occupational, Spiritual",My sense of direction is strong.,3,30,30,To what extent do you lead a purposeful and meaningful life?,I have a strong sense of purpose in life.,It seems that my life has always had purpose.,I believe there is a real purpose for my life.,I will always seek out activities that challenge me to think and reason.,To what extent do you feel you have a sense of direction in your life?
"Environmental, Occupational, Spiritual",I think there is a purpose for my life.,3,30,30,To what extent do you lead a purposeful and meaningful life?,I have a strong sense of purpose in life.,It seems that my life has always had purpose.,I believe there is a real purpose for my life.,I will always seek out activities that challenge me to think and reason.,To what extent do you feel you have a sense of direction in your life?
"Environmental, Occupational, Spiritual",I believe I have a real purpose for my life.,3,30,30,To what extent do you lead a purposeful and meaningful life?,I have a strong sense of purpose in life.,It seems that my life has always had purpose.,I believe there is a real purpose for my life.,I will always seek out activities that challenge me to think and reason.,To what extent do you feel you have a sense of direction in your life?
"Environmental, Occupational, Spiritual",I believe my life has always had purpose.,3,30,30,To what extent do you lead a purposeful and meaningful life?,I have a strong sense of purpose in life.,It seems that my life has always had purpose.,I believe there is a real purpose for my life.,I will always seek out activities that challenge me to think and reason.,To what extent do you feel you have a sense of direction in your life?
"Environmental, Occupational, Spiritual",I am a good student in school.,3,30,30,To what extent do you lead a purposeful and meaningful life?,I have a strong sense of purpose in life.,It seems that my life has always had purpose.,I believe there is a real purpose for my life.,I will always seek out activities that challenge me to think and reason.,To what extent do you feel you have a sense of direction in your life?
"Environmental, Occupational, Spiritual",My sense of direction is in the direction I believe I want to go in life.,3,30,30,To what extent do you lead a purposeful and meaningful life?,I have a strong sense of purpose in life.,It seems that my life has always had purpose.,I believe there is a real purpose for my life.,I will always seek out activities that challenge me to think and reason.,To what extent do you feel you have a sense of direction in your life?
"Environmental, Occupational, Spiritual",I think there is a true purpose in life.,3,30,30,To what extent do you lead a purposeful and meaningful life?,I have a strong sense of purpose in life.,It seems that my life has always had purpose.,I believe there is a real purpose for my life.,I will always seek out activities that challenge me to think and reason.,To what extent do you feel you have a sense of direction in your life?
"Environmental, Occupational, Spiritual",I feel that I am a purposeful and meaningful person in life.,3,30,30,To what extent do you lead a purposeful and meaningful life?,I have a strong sense of purpose in life.,It seems that my life has always had purpose.,I believe there is a real purpose for my life.,I will always seek out activities that challenge me to think and reason.,To what extent do you feel you have a sense of direction in your life?
"Environmental, Occupational, Spiritual",My health has been lowered by my mood swing.,3,30,30,To what extent do you lead a purposeful and meaningful life?,I have a strong sense of purpose in life.,It seems that my life has always had purpose.,I believe there is a real purpose for my life.,I will always seek out activities that challenge me to think and reason.,To what extent do you feel you have a sense of direction in your life?
"Environmental, Occupational, Spiritual",My sense of direction is rooted in my faith in the ability to do the impossible.,3,30,30,To what extent do you lead a purposeful and meaningful life?,I have a strong sense of purpose in life.,It seems that my life has always had purpose.,I believe there is a real purpose for my life.,I will always seek out activities that challenge me to think and reason.,To what extent do you feel you have a sense of direction in your life?
"Environmental, Occupational, Spiritual",I have an ongoing sense of purpose in life.,3,30,30,To what extent do you lead a purposeful and meaningful life?,I have a strong sense of purpose in life.,It seems that my life has always had purpose.,I believe there is a real purpose for my life.,I will always seek out activities that challenge me to think and reason.,To what extent do you feel you have a sense of direction in your life?
"Environmental, Occupational, Spiritual",My sense of direction is reflected in my own actions.,3,30,30,To what extent do you lead a purposeful and meaningful life?,I have a strong sense of purpose in life.,It seems that my life has always had purpose.,I believe there is a real purpose for my life.,I will always seek out activities that challenge me to think and reason.,To what extent do you feel you have a sense of direction in your life?
"Environmental, Occupational, Spiritual",I feel my sense of direction in life is a strong sense of purpose.,3,30,30,To what extent do you lead a purposeful and meaningful life?,I have a strong sense of purpose in life.,It seems that my life has always had purpose.,I believe there is a real purpose for my life.,I will always seek out activities that challenge me to think and reason.,To what extent do you feel you have a sense of direction in your life?
"Environmental, Occupational, Spiritual","I feel myself expressing myself, thinking, and reasoning.",3,30,30,To what extent do you lead a purposeful and meaningful life?,I have a strong sense of purpose in life.,It seems that my life has always had purpose.,I believe there is a real purpose for my life.,I will always seek out activities that challenge me to think and reason.,To what extent do you feel you have a sense of direction in your life?
"Environmental, Occupational, Spiritual",I feel that I have a sense of direction in life.,3,30,30,To what extent do you lead a purposeful and meaningful life?,I have a strong sense of purpose in life.,It seems that my life has always had purpose.,I believe there is a real purpose for my life.,I will always seek out activities that challenge me to think and reason.,To what extent do you feel you have a sense of direction in your life?
"Environmental, Occupational, Spiritual",My sense of direction is in the direction of my life.,3,30,30,To what extent do you lead a purposeful and meaningful life?,I have a strong sense of purpose in life.,It seems that my life has always had purpose.,I believe there is a real purpose for my life.,I will always seek out activities that challenge me to think and reason.,To what extent do you feel you have a sense of direction in your life?
"Environmental, Occupational, Spiritual",I have an appreciation for the value of life.,3,30,30,To what extent do you lead a purposeful and meaningful life?,I have a strong sense of purpose in life.,It seems that my life has always had purpose.,I believe there is a real purpose for my life.,I will always seek out activities that challenge me to think and reason.,To what extent do you feel you have a sense of direction in your life?
"Environmental, Occupational, Spiritual",I am very clear on what kind of purpose my life is.,3,30,30,To what extent do you lead a purposeful and meaningful life?,I have a strong sense of purpose in life.,It seems that my life has always had purpose.,I believe there is a real purpose for my life.,I will always seek out activities that challenge me to think and reason.,To what extent do you feel you have a sense of direction in your life?
"Environmental, Occupational, Spiritual",I am a strong ally of spirituality.,3,30,30,To what extent do you lead a purposeful and meaningful life?,I have a strong sense of purpose in life.,It seems that my life has always had purpose.,I believe there is a real purpose for my life.,I will always seek out activities that challenge me to think and reason.,To what extent do you feel you have a sense of direction in your life?
"Environmental, Occupational, Spiritual",I am a very strong sense of direction.,3,30,30,To what extent do you lead a purposeful and meaningful life?,I have a strong sense of purpose in life.,It seems that my life has always had purpose.,I believe there is a real purpose for my life.,I will always seek out activities that challenge me to think and reason.,To what extent do you feel you have a sense of direction in your life?
"Environmental, Occupational, Spiritual",I have an important sense of direction in life.,3,30,30,To what extent do you lead a purposeful and meaningful life?,I have a strong sense of purpose in life.,It seems that my life has always had purpose.,I believe there is a real purpose for my life.,I will always seek out activities that challenge me to think and reason.,To what extent do you feel you have a sense of direction in your life?
"Environmental, Occupational, Spiritual",I feel that my life is purposeful.,3,30,30,To what extent do you lead a purposeful and meaningful life?,I have a strong sense of purpose in life.,It seems that my life has always had purpose.,I believe there is a real purpose for my life.,I will always seek out activities that challenge me to think and reason.,To what extent do you feel you have a sense of direction in your life?
"Environmental, Occupational, Spiritual",I am a self-report mental health statement that is about the mental health of my mental health.,3,30,30,To what extent do you lead a purposeful and meaningful life?,I have a strong sense of purpose in life.,It seems that my life has always had purpose.,I believe there is a real purpose for my life.,I will always seek out activities that challenge me to think and reason.,To what extent do you feel you have a sense of direction in your life?
"Environmental, Occupational, Spiritual",My sense of purpose is a strong and strong sense of direction.,3,30,30,To what extent do you lead a purposeful and meaningful life?,I have a strong sense of purpose in life.,It seems that my life has always had purpose.,I believe there is a real purpose for my life.,I will always seek out activities that challenge me to think and reason.,To what extent do you feel you have a sense of direction in your life?
"Environmental, Occupational, Spiritual",I have an established sense of direction in my life.,3,30,30,To what extent do you lead a purposeful and meaningful life?,I have a strong sense of purpose in life.,It seems that my life has always had purpose.,I believe there is a real purpose for my life.,I will always seek out activities that challenge me to think and reason.,To what extent do you feel you have a sense of direction in your life?
"Environmental, Occupational, Spiritual",I am able to keep a good balance in my life.,3,30,30,To what extent do you lead a purposeful and meaningful life?,I have a strong sense of purpose in life.,It seems that my life has always had purpose.,I believe there is a real purpose for my life.,I will always seek out activities that challenge me to think and reason.,To what extent do you feel you have a sense of direction in your life?
"Environmental, Occupational, Spiritual",My life has been meaningful and meaningful.,3,30,30,To what extent do you lead a purposeful and meaningful life?,I have a strong sense of purpose in life.,It seems that my life has always had purpose.,I believe there is a real purpose for my life.,I will always seek out activities that challenge me to think and reason.,To what extent do you feel you have a sense of direction in your life?
