target_dims,generated_text,combo_size,target_count,generated_count,seed_1,seed_2,seed_3,seed_4,seed_5,seed_6
Emotional,"When I feel stressed, I know where to find help.",1,30,30,"I am able to handle unpleasant or painful feelings like sadness, fear, and anger.",How often do you feel sad?,How often do you feel angry?,How often do you feel anxious?,"In times of stress, I know where to find help.",Having to cope with stress can make me stronger.
Emotional,"I am able to deal with unpleasant feelings like sadness, fear, and anger.",1,30,30,"I am able to handle unpleasant or painful feelings like sadness, fear, and anger.",How often do you feel sad?,How often do you feel angry?,How often do you feel anxious?,"In times of stress, I know where to find help.",Having to cope with stress can make me stronger.
Emotional,I have an understanding of and strong response to stress.,1,30,30,"I am able to handle unpleasant or painful feelings like sadness, fear, and anger.",How often do you feel sad?,How often do you feel angry?,How often do you feel anxious?,"In times of stress, I know where to find help.",Having to cope with stress can make me stronger.
Emotional,I have been able to cope with stress.,1,30,30,"I am able to handle unpleasant or painful feelings like sadness, fear, and anger.",How often do you feel sad?,How often do you feel angry?,How often do you feel anxious?,"In times of stress, I know where to find help.",Having to cope with stress can make me stronger.
Emotional,My mental health is at an all-time high and I am able to handle my emotions calmly.,1,30,30,"I am able to handle unpleasant or painful feelings like sadness, fear, and anger.",How often do you feel sad?,How often do you feel angry?,How often do you feel anxious?,"In times of stress, I know where to find help.",Having to cope with stress can make me stronger.
Emotional,I have a strong resolve to help myself from stress.,1,30,30,"I am able to handle unpleasant or painful feelings like sadness, fear, and anger.",How often do you feel sad?,How often do you feel angry?,How often do you feel anxious?,"In times of stress, I know where to find help.",Having to cope with stress can make me stronger.
Emotional,I can manage the stress of my life.,1,30,30,"I am able to handle unpleasant or painful feelings like sadness, fear, and anger.",How often do you feel sad?,How often do you feel angry?,How often do you feel anxious?,"In times of stress, I know where to find help.",Having to cope with stress can make me stronger.
Emotional,I have coping mechanisms that work.,1,30,30,"I am able to handle unpleasant or painful feelings like sadness, fear, and anger.",How often do you feel sad?,How often do you feel angry?,How often do you feel anxious?,"In times of stress, I know where to find help.",Having to cope with stress can make me stronger.
Emotional,I have developed a strong resilience.,1,30,30,"I am able to handle unpleasant or painful feelings like sadness, fear, and anger.",How often do you feel sad?,How often do you feel angry?,How often do you feel anxious?,"In times of stress, I know where to find help.",Having to cope with stress can make me stronger.
Emotional,My emotional wellbeing improves when I focus on my positive self-report mental health,1,30,30,"I am able to handle unpleasant or painful feelings like sadness, fear, and anger.",How often do you feel sad?,How often do you feel angry?,How often do you feel anxious?,"In times of stress, I know where to find help.",Having to cope with stress can make me stronger.
Emotional,I know where to find help and can't seem to find help.,1,30,30,"I am able to handle unpleasant or painful feelings like sadness, fear, and anger.",How often do you feel sad?,How often do you feel angry?,How often do you feel anxious?,"In times of stress, I know where to find help.",Having to cope with stress can make me stronger.
Emotional,"I cope with stress, anxiety and depression.",1,30,30,"I am able to handle unpleasant or painful feelings like sadness, fear, and anger.",How often do you feel sad?,How often do you feel angry?,How often do you feel anxious?,"In times of stress, I know where to find help.",Having to cope with stress can make me stronger.
Emotional,"When I feel sad and anxious, I know I have to find help.",1,30,30,"I am able to handle unpleasant or painful feelings like sadness, fear, and anger.",How often do you feel sad?,How often do you feel angry?,How often do you feel anxious?,"In times of stress, I know where to find help.",Having to cope with stress can make me stronger.
Emotional,I am able to cope with stressful events and experiences.,1,30,30,"I am able to handle unpleasant or painful feelings like sadness, fear, and anger.",How often do you feel sad?,How often do you feel angry?,How often do you feel anxious?,"In times of stress, I know where to find help.",Having to cope with stress can make me stronger.
Emotional,"When I need help, I know what to do.",1,30,30,"I am able to handle unpleasant or painful feelings like sadness, fear, and anger.",How often do you feel sad?,How often do you feel angry?,How often do you feel anxious?,"In times of stress, I know where to find help.",Having to cope with stress can make me stronger.
Emotional,I have coped well with stress.,1,30,30,"I am able to handle unpleasant or painful feelings like sadness, fear, and anger.",How often do you feel sad?,How often do you feel angry?,How often do you feel anxious?,"In times of stress, I know where to find help.",Having to cope with stress can make me stronger.
Emotional,"I have a strong sense of humor, and I know how to deal with stress.",1,30,30,"I am able to handle unpleasant or painful feelings like sadness, fear, and anger.",How often do you feel sad?,How often do you feel angry?,How often do you feel anxious?,"In times of stress, I know where to find help.",Having to cope with stress can make me stronger.
Emotional,I feel sad sometimes but I can handle stress easily.,1,30,30,"I am able to handle unpleasant or painful feelings like sadness, fear, and anger.",How often do you feel sad?,How often do you feel angry?,How often do you feel anxious?,"In times of stress, I know where to find help.",Having to cope with stress can make me stronger.
Emotional,I have a strong sense of self,1,30,30,"I am able to handle unpleasant or painful feelings like sadness, fear, and anger.",How often do you feel sad?,How often do you feel angry?,How often do you feel anxious?,"In times of stress, I know where to find help.",Having to cope with stress can make me stronger.
Emotional,I can cope with stressful situations.,1,30,30,"I am able to handle unpleasant or painful feelings like sadness, fear, and anger.",How often do you feel sad?,How often do you feel angry?,How often do you feel anxious?,"In times of stress, I know where to find help.",Having to cope with stress can make me stronger.
Emotional,coping is a way for me to make myself stronger.,1,30,30,"I am able to handle unpleasant or painful feelings like sadness, fear, and anger.",How often do you feel sad?,How often do you feel angry?,How often do you feel anxious?,"In times of stress, I know where to find help.",Having to cope with stress can make me stronger.
Emotional,"I can handle sadness, fear, and anger.",1,30,30,"I am able to handle unpleasant or painful feelings like sadness, fear, and anger.",How often do you feel sad?,How often do you feel angry?,How often do you feel anxious?,"In times of stress, I know where to find help.",Having to cope with stress can make me stronger.
Emotional,I feel excited about the challenges of my life.,1,30,30,"I am able to handle unpleasant or painful feelings like sadness, fear, and anger.",How often do you feel sad?,How often do you feel angry?,How often do you feel anxious?,"In times of stress, I know where to find help.",Having to cope with stress can make me stronger.
Emotional,I have a strong ability to manage emotions.,1,30,30,"I am able to handle unpleasant or painful feelings like sadness, fear, and anger.",How often do you feel sad?,How often do you feel angry?,How often do you feel anxious?,"In times of stress, I know where to find help.",Having to cope with stress can make me stronger.
Emotional,I know how to find help.,1,30,30,"I am able to handle unpleasant or painful feelings like sadness, fear, and anger.",How often do you feel sad?,How often do you feel angry?,How often do you feel anxious?,"In times of stress, I know where to find help.",Having to cope with stress can make me stronger.
Emotional,I am able to cope with unpleasant or painful feelings.,1,30,30,"I am able to handle unpleasant or painful feelings like sadness, fear, and anger.",How often do you feel sad?,How often do you feel angry?,How often do you feel anxious?,"In times of stress, I know where to find help.",Having to cope with stress can make me stronger.
Emotional,"I have a tendency to feel negative emotions like sadness, fear, and anger.",1,30,30,"I am able to handle unpleasant or painful feelings like sadness, fear, and anger.",How often do you feel sad?,How often do you feel angry?,How often do you feel anxious?,"In times of stress, I know where to find help.",Having to cope with stress can make me stronger.
Emotional,How often do you feel a lot of stress?,1,30,30,"I am able to handle unpleasant or painful feelings like sadness, fear, and anger.",How often do you feel sad?,How often do you feel angry?,How often do you feel anxious?,"In times of stress, I know where to find help.",Having to cope with stress can make me stronger.
Emotional,I have a strong immune system.,1,30,30,"I am able to handle unpleasant or painful feelings like sadness, fear, and anger.",How often do you feel sad?,How often do you feel angry?,How often do you feel anxious?,"In times of stress, I know where to find help.",Having to cope with stress can make me stronger.
Emotional,"I'm able to manage unpleasant or painful feelings like sadness, fear, and anger.",1,30,30,"I am able to handle unpleasant or painful feelings like sadness, fear, and anger.",How often do you feel sad?,How often do you feel angry?,How often do you feel anxious?,"In times of stress, I know where to find help.",Having to cope with stress can make me stronger.
Environmental,The things around me are close to me,1,30,30,"During the past month, how often have you had trouble sleeping because you have to get up to use the bathroom?","During the past month, how often have you had trouble sleeping because you cannot breathe comfortably?","During the past month, how often has your bed partner or room mate reported long pauses between breaths while asleep?","During the past month, how often has your bed partner or room mate reported loud snoring?",I am no longer close to anyone,People are around me but not with me
Environmental,It's very easy to be disconnected from someone without ever becoming close.,1,30,30,"During the past month, how often have you had trouble sleeping because you have to get up to use the bathroom?","During the past month, how often have you had trouble sleeping because you cannot breathe comfortably?","During the past month, how often has your bed partner or room mate reported long pauses between breaths while asleep?","During the past month, how often has your bed partner or room mate reported loud snoring?",I am no longer close to anyone,People are around me but not with me
Environmental,It was not a big deal because people were around me but not with me,1,30,30,"During the past month, how often have you had trouble sleeping because you have to get up to use the bathroom?","During the past month, how often have you had trouble sleeping because you cannot breathe comfortably?","During the past month, how often has your bed partner or room mate reported long pauses between breaths while asleep?","During the past month, how often has your bed partner or room mate reported loud snoring?",I am no longer close to anyone,People are around me but not with me
Environmental,I am no longer close to anyone I am close to people who are around me,1,30,30,"During the past month, how often have you had trouble sleeping because you have to get up to use the bathroom?","During the past month, how often have you had trouble sleeping because you cannot breathe comfortably?","During the past month, how often has your bed partner or room mate reported long pauses between breaths while asleep?","During the past month, how often has your bed partner or room mate reported loud snoring?",I am no longer close to anyone,People are around me but not with me
Environmental,"I have high moods, and I sleep on the couch but not in the room",1,30,30,"During the past month, how often have you had trouble sleeping because you have to get up to use the bathroom?","During the past month, how often have you had trouble sleeping because you cannot breathe comfortably?","During the past month, how often has your bed partner or room mate reported long pauses between breaths while asleep?","During the past month, how often has your bed partner or room mate reported loud snoring?",I am no longer close to anyone,People are around me but not with me
Environmental,I have a fear that being close to someone may cause depression.,1,30,30,"During the past month, how often have you had trouble sleeping because you have to get up to use the bathroom?","During the past month, how often have you had trouble sleeping because you cannot breathe comfortably?","During the past month, how often has your bed partner or room mate reported long pauses between breaths while asleep?","During the past month, how often has your bed partner or room mate reported loud snoring?",I am no longer close to anyone,People are around me but not with me
Environmental,People who like me are close but not with me,1,30,30,"During the past month, how often have you had trouble sleeping because you have to get up to use the bathroom?","During the past month, how often have you had trouble sleeping because you cannot breathe comfortably?","During the past month, how often has your bed partner or room mate reported long pauses between breaths while asleep?","During the past month, how often has your bed partner or room mate reported loud snoring?",I am no longer close to anyone,People are around me but not with me
Environmental,"I am close to anyone, but there are no people in my home",1,30,30,"During the past month, how often have you had trouble sleeping because you have to get up to use the bathroom?","During the past month, how often have you had trouble sleeping because you cannot breathe comfortably?","During the past month, how often has your bed partner or room mate reported long pauses between breaths while asleep?","During the past month, how often has your bed partner or room mate reported loud snoring?",I am no longer close to anyone,People are around me but not with me
Environmental,I have had my bed partner or room mate reported long pauses between breaths while asleep?,1,30,30,"During the past month, how often have you had trouble sleeping because you have to get up to use the bathroom?","During the past month, how often have you had trouble sleeping because you cannot breathe comfortably?","During the past month, how often has your bed partner or room mate reported long pauses between breaths while asleep?","During the past month, how often has your bed partner or room mate reported loud snoring?",I am no longer close to anyone,People are around me but not with me
Environmental,"When it comes to staying healthy, people around me are the only people close to me.",1,30,30,"During the past month, how often have you had trouble sleeping because you have to get up to use the bathroom?","During the past month, how often have you had trouble sleeping because you cannot breathe comfortably?","During the past month, how often has your bed partner or room mate reported long pauses between breaths while asleep?","During the past month, how often has your bed partner or room mate reported loud snoring?",I am no longer close to anyone,People are around me but not with me
Environmental,I am unable to sleep because I cannot breathe comfortably?,1,30,30,"During the past month, how often have you had trouble sleeping because you have to get up to use the bathroom?","During the past month, how often have you had trouble sleeping because you cannot breathe comfortably?","During the past month, how often has your bed partner or room mate reported long pauses between breaths while asleep?","During the past month, how often has your bed partner or room mate reported loud snoring?",I am no longer close to anyone,People are around me but not with me
Environmental,I have a problem with the environment,1,30,30,"During the past month, how often have you had trouble sleeping because you have to get up to use the bathroom?","During the past month, how often have you had trouble sleeping because you cannot breathe comfortably?","During the past month, how often has your bed partner or room mate reported long pauses between breaths while asleep?","During the past month, how often has your bed partner or room mate reported loud snoring?",I am no longer close to anyone,People are around me but not with me
Environmental,I am no longer close to anyone People are around me but not with me,1,30,30,"During the past month, how often have you had trouble sleeping because you have to get up to use the bathroom?","During the past month, how often have you had trouble sleeping because you cannot breathe comfortably?","During the past month, how often has your bed partner or room mate reported long pauses between breaths while asleep?","During the past month, how often has your bed partner or room mate reported loud snoring?",I am no longer close to anyone,People are around me but not with me
Environmental,I have no longer close to anyone,1,30,30,"During the past month, how often have you had trouble sleeping because you have to get up to use the bathroom?","During the past month, how often have you had trouble sleeping because you cannot breathe comfortably?","During the past month, how often has your bed partner or room mate reported long pauses between breaths while asleep?","During the past month, how often has your bed partner or room mate reported loud snoring?",I am no longer close to anyone,People are around me but not with me
Environmental,You have been around me for a long time,1,30,30,"During the past month, how often have you had trouble sleeping because you have to get up to use the bathroom?","During the past month, how often have you had trouble sleeping because you cannot breathe comfortably?","During the past month, how often has your bed partner or room mate reported long pauses between breaths while asleep?","During the past month, how often has your bed partner or room mate reported loud snoring?",I am no longer close to anyone,People are around me but not with me
Environmental,People are close to me but not with me,1,30,30,"During the past month, how often have you had trouble sleeping because you have to get up to use the bathroom?","During the past month, how often have you had trouble sleeping because you cannot breathe comfortably?","During the past month, how often has your bed partner or room mate reported long pauses between breaths while asleep?","During the past month, how often has your bed partner or room mate reported loud snoring?",I am no longer close to anyone,People are around me but not with me
Environmental,I am now no longer close to anyone,1,30,30,"During the past month, how often have you had trouble sleeping because you have to get up to use the bathroom?","During the past month, how often have you had trouble sleeping because you cannot breathe comfortably?","During the past month, how often has your bed partner or room mate reported long pauses between breaths while asleep?","During the past month, how often has your bed partner or room mate reported loud snoring?",I am no longer close to anyone,People are around me but not with me
Environmental,My friend and I are not near everyone,1,30,30,"During the past month, how often have you had trouble sleeping because you have to get up to use the bathroom?","During the past month, how often have you had trouble sleeping because you cannot breathe comfortably?","During the past month, how often has your bed partner or room mate reported long pauses between breaths while asleep?","During the past month, how often has your bed partner or room mate reported loud snoring?",I am no longer close to anyone,People are around me but not with me
Environmental,My partner has always been irritable,1,30,30,"During the past month, how often have you had trouble sleeping because you have to get up to use the bathroom?","During the past month, how often have you had trouble sleeping because you cannot breathe comfortably?","During the past month, how often has your bed partner or room mate reported long pauses between breaths while asleep?","During the past month, how often has your bed partner or room mate reported loud snoring?",I am no longer close to anyone,People are around me but not with me
Environmental,I am no longer close to anyone I have snoring while sleeping loud snoring during the past month,1,30,30,"During the past month, how often have you had trouble sleeping because you have to get up to use the bathroom?","During the past month, how often have you had trouble sleeping because you cannot breathe comfortably?","During the past month, how often has your bed partner or room mate reported long pauses between breaths while asleep?","During the past month, how often has your bed partner or room mate reported loud snoring?",I am no longer close to anyone,People are around me but not with me
Environmental,People around me are near me but not with me,1,30,30,"During the past month, how often have you had trouble sleeping because you have to get up to use the bathroom?","During the past month, how often have you had trouble sleeping because you cannot breathe comfortably?","During the past month, how often has your bed partner or room mate reported long pauses between breaths while asleep?","During the past month, how often has your bed partner or room mate reported loud snoring?",I am no longer close to anyone,People are around me but not with me
Environmental,My friends and family are not around me,1,30,30,"During the past month, how often have you had trouble sleeping because you have to get up to use the bathroom?","During the past month, how often have you had trouble sleeping because you cannot breathe comfortably?","During the past month, how often has your bed partner or room mate reported long pauses between breaths while asleep?","During the past month, how often has your bed partner or room mate reported loud snoring?",I am no longer close to anyone,People are around me but not with me
Environmental,I am not close to anyone,1,30,30,"During the past month, how often have you had trouble sleeping because you have to get up to use the bathroom?","During the past month, how often have you had trouble sleeping because you cannot breathe comfortably?","During the past month, how often has your bed partner or room mate reported long pauses between breaths while asleep?","During the past month, how often has your bed partner or room mate reported loud snoring?",I am no longer close to anyone,People are around me but not with me
Environmental,Are you being close to anyone?,1,30,30,"During the past month, how often have you had trouble sleeping because you have to get up to use the bathroom?","During the past month, how often have you had trouble sleeping because you cannot breathe comfortably?","During the past month, how often has your bed partner or room mate reported long pauses between breaths while asleep?","During the past month, how often has your bed partner or room mate reported loud snoring?",I am no longer close to anyone,People are around me but not with me
Environmental,I am no longer close to anyone I have to get up to use the bathroom,1,30,30,"During the past month, how often have you had trouble sleeping because you have to get up to use the bathroom?","During the past month, how often have you had trouble sleeping because you cannot breathe comfortably?","During the past month, how often has your bed partner or room mate reported long pauses between breaths while asleep?","During the past month, how often has your bed partner or room mate reported loud snoring?",I am no longer close to anyone,People are around me but not with me
Environmental,A lot of people around me and I have some friends around me that are not with me,1,30,30,"During the past month, how often have you had trouble sleeping because you have to get up to use the bathroom?","During the past month, how often have you had trouble sleeping because you cannot breathe comfortably?","During the past month, how often has your bed partner or room mate reported long pauses between breaths while asleep?","During the past month, how often has your bed partner or room mate reported loud snoring?",I am no longer close to anyone,People are around me but not with me
Environmental,How often have you had difficulty sleeping because you cannot breathe comfortably?,1,30,30,"During the past month, how often have you had trouble sleeping because you have to get up to use the bathroom?","During the past month, how often have you had trouble sleeping because you cannot breathe comfortably?","During the past month, how often has your bed partner or room mate reported long pauses between breaths while asleep?","During the past month, how often has your bed partner or room mate reported loud snoring?",I am no longer close to anyone,People are around me but not with me
Environmental,A person’s feelings of loneliness may be stifled by a person’s ecstasy.,1,30,30,"During the past month, how often have you had trouble sleeping because you have to get up to use the bathroom?","During the past month, how often have you had trouble sleeping because you cannot breathe comfortably?","During the past month, how often has your bed partner or room mate reported long pauses between breaths while asleep?","During the past month, how often has your bed partner or room mate reported loud snoring?",I am no longer close to anyone,People are around me but not with me
Environmental,My feelings of loneliness can affect your physical and mental health.,1,30,30,"During the past month, how often have you had trouble sleeping because you have to get up to use the bathroom?","During the past month, how often have you had trouble sleeping because you cannot breathe comfortably?","During the past month, how often has your bed partner or room mate reported long pauses between breaths while asleep?","During the past month, how often has your bed partner or room mate reported loud snoring?",I am no longer close to anyone,People are around me but not with me
Environmental,I do not sleep very well,1,30,30,"During the past month, how often have you had trouble sleeping because you have to get up to use the bathroom?","During the past month, how often have you had trouble sleeping because you cannot breathe comfortably?","During the past month, how often has your bed partner or room mate reported long pauses between breaths while asleep?","During the past month, how often has your bed partner or room mate reported loud snoring?",I am no longer close to anyone,People are around me but not with me
Financial,I am worried about my future.,1,30,30,I feel starved for company,Things will not work out the way I want them to in the future.,My family has been available to support me in the past.,I am always optimistic about my future.,I am uncertain about my ability to do things well in the future.,Life does not hold much future promise for me.
Financial,I do not feel as if life is good for me in the long run.,1,30,30,I feel starved for company,Things will not work out the way I want them to in the future.,My family has been available to support me in the past.,I am always optimistic about my future.,I am uncertain about my ability to do things well in the future.,Life does not hold much future promise for me.
Financial,I am not optimistic about my future.,1,30,30,I feel starved for company,Things will not work out the way I want them to in the future.,My family has been available to support me in the past.,I am always optimistic about my future.,I am uncertain about my ability to do things well in the future.,Life does not hold much future promise for me.
Financial,I feel unfulfilled about my life.,1,30,30,I feel starved for company,Things will not work out the way I want them to in the future.,My family has been available to support me in the past.,I am always optimistic about my future.,I am uncertain about my ability to do things well in the future.,Life does not hold much future promise for me.
Financial,I am very uncertain about my future.,1,30,30,I feel starved for company,Things will not work out the way I want them to in the future.,My family has been available to support me in the past.,I am always optimistic about my future.,I am uncertain about my ability to do things well in the future.,Life does not hold much future promise for me.
Financial,I feel insecure about my abilities in the future.,1,30,30,I feel starved for company,Things will not work out the way I want them to in the future.,My family has been available to support me in the past.,I am always optimistic about my future.,I am uncertain about my ability to do things well in the future.,Life does not hold much future promise for me.
Financial,I feel like I am starving,1,30,30,I feel starved for company,Things will not work out the way I want them to in the future.,My family has been available to support me in the past.,I am always optimistic about my future.,I am uncertain about my ability to do things well in the future.,Life does not hold much future promise for me.
Financial,I feel very uncertain about my future.,1,30,30,I feel starved for company,Things will not work out the way I want them to in the future.,My family has been available to support me in the past.,I am always optimistic about my future.,I am uncertain about my ability to do things well in the future.,Life does not hold much future promise for me.
Financial,I feel that I feel very low in myself.,1,30,30,I feel starved for company,Things will not work out the way I want them to in the future.,My family has been available to support me in the past.,I am always optimistic about my future.,I am uncertain about my ability to do things well in the future.,Life does not hold much future promise for me.
Financial,I am anxious about my future.,1,30,30,I feel starved for company,Things will not work out the way I want them to in the future.,My family has been available to support me in the past.,I am always optimistic about my future.,I am uncertain about my ability to do things well in the future.,Life does not hold much future promise for me.
Financial,I can't believe things in the future,1,30,30,I feel starved for company,Things will not work out the way I want them to in the future.,My family has been available to support me in the past.,I am always optimistic about my future.,I am uncertain about my ability to do things well in the future.,Life does not hold much future promise for me.
Financial,I am not sure about my future.,1,30,30,I feel starved for company,Things will not work out the way I want them to in the future.,My family has been available to support me in the past.,I am always optimistic about my future.,I am uncertain about my ability to do things well in the future.,Life does not hold much future promise for me.
Financial,I am afraid to do things well in the future.,1,30,30,I feel starved for company,Things will not work out the way I want them to in the future.,My family has been available to support me in the past.,I am always optimistic about my future.,I am uncertain about my ability to do things well in the future.,Life does not hold much future promise for me.
Financial,I feel that I have not fulfilled my dream,1,30,30,I feel starved for company,Things will not work out the way I want them to in the future.,My family has been available to support me in the past.,I am always optimistic about my future.,I am uncertain about my ability to do things well in the future.,Life does not hold much future promise for me.
Financial,I feel disappointed in my life,1,30,30,I feel starved for company,Things will not work out the way I want them to in the future.,My family has been available to support me in the past.,I am always optimistic about my future.,I am uncertain about my ability to do things well in the future.,Life does not hold much future promise for me.
Financial,I feel anxious and very uncertain about my future.,1,30,30,I feel starved for company,Things will not work out the way I want them to in the future.,My family has been available to support me in the past.,I am always optimistic about my future.,I am uncertain about my ability to do things well in the future.,Life does not hold much future promise for me.
Financial,I have a lowered outlook on life.,1,30,30,I feel starved for company,Things will not work out the way I want them to in the future.,My family has been available to support me in the past.,I am always optimistic about my future.,I am uncertain about my ability to do things well in the future.,Life does not hold much future promise for me.
Financial,I am inferred that I have no sense of purpose.,1,30,30,I feel starved for company,Things will not work out the way I want them to in the future.,My family has been available to support me in the past.,I am always optimistic about my future.,I am uncertain about my ability to do things well in the future.,Life does not hold much future promise for me.
Financial,I feel disappointed in my present happiness and current life.,1,30,30,I feel starved for company,Things will not work out the way I want them to in the future.,My family has been available to support me in the past.,I am always optimistic about my future.,I am uncertain about my ability to do things well in the future.,Life does not hold much future promise for me.
Financial,I do not know what it takes to succeed in my future.,1,30,30,I feel starved for company,Things will not work out the way I want them to in the future.,My family has been available to support me in the past.,I am always optimistic about my future.,I am uncertain about my ability to do things well in the future.,Life does not hold much future promise for me.
Financial,I have a fear of the future.,1,30,30,I feel starved for company,Things will not work out the way I want them to in the future.,My family has been available to support me in the past.,I am always optimistic about my future.,I am uncertain about my ability to do things well in the future.,Life does not hold much future promise for me.
Financial,I feel anxious about my future.,1,30,30,I feel starved for company,Things will not work out the way I want them to in the future.,My family has been available to support me in the past.,I am always optimistic about my future.,I am uncertain about my ability to do things well in the future.,Life does not hold much future promise for me.
Financial,I feel very anxious about the future.,1,30,30,I feel starved for company,Things will not work out the way I want them to in the future.,My family has been available to support me in the past.,I am always optimistic about my future.,I am uncertain about my ability to do things well in the future.,Life does not hold much future promise for me.
Financial,I feel impatient and uncertain about my future.,1,30,30,I feel starved for company,Things will not work out the way I want them to in the future.,My family has been available to support me in the past.,I am always optimistic about my future.,I am uncertain about my ability to do things well in the future.,Life does not hold much future promise for me.
Financial,I feel like i do not have anything to show for the future.,1,30,30,I feel starved for company,Things will not work out the way I want them to in the future.,My family has been available to support me in the past.,I am always optimistic about my future.,I am uncertain about my ability to do things well in the future.,Life does not hold much future promise for me.
Financial,I am still hopeful about the future.,1,30,30,I feel starved for company,Things will not work out the way I want them to in the future.,My family has been available to support me in the past.,I am always optimistic about my future.,I am uncertain about my ability to do things well in the future.,Life does not hold much future promise for me.
Financial,I feel doubtful about my future.,1,30,30,I feel starved for company,Things will not work out the way I want them to in the future.,My family has been available to support me in the past.,I am always optimistic about my future.,I am uncertain about my ability to do things well in the future.,Life does not hold much future promise for me.
Financial,I can't seem to be getting along with my parents anymore.,1,30,30,I feel starved for company,Things will not work out the way I want them to in the future.,My family has been available to support me in the past.,I am always optimistic about my future.,I am uncertain about my ability to do things well in the future.,Life does not hold much future promise for me.
Financial,I feel like I have lost my future.,1,30,30,I feel starved for company,Things will not work out the way I want them to in the future.,My family has been available to support me in the past.,I am always optimistic about my future.,I am uncertain about my ability to do things well in the future.,Life does not hold much future promise for me.
Financial,I feel like I don't know what to do in the future.,1,30,30,I feel starved for company,Things will not work out the way I want them to in the future.,My family has been available to support me in the past.,I am always optimistic about my future.,I am uncertain about my ability to do things well in the future.,Life does not hold much future promise for me.
Intellectual,I am happy and motivated to work hard.,1,30,30,"In the past, I have generally found intellectual challenges to be vital to my overall well-being.","Generally, I feel pleased with the amount of intellectual stimulation I receive in my daily life.",I prefer to take the lead in problem-solving.,My interests and ideas are not shared by those around me,To what extent do you feel excited and interested in things?,"Under pressure, I stay focused and think clearly."
Intellectual,I feel intellectually stimulated by my intellectual stimulation,1,30,30,"In the past, I have generally found intellectual challenges to be vital to my overall well-being.","Generally, I feel pleased with the amount of intellectual stimulation I receive in my daily life.",I prefer to take the lead in problem-solving.,My interests and ideas are not shared by those around me,To what extent do you feel excited and interested in things?,"Under pressure, I stay focused and think clearly."
Intellectual,I am excited and interested in things.,1,30,30,"In the past, I have generally found intellectual challenges to be vital to my overall well-being.","Generally, I feel pleased with the amount of intellectual stimulation I receive in my daily life.",I prefer to take the lead in problem-solving.,My interests and ideas are not shared by those around me,To what extent do you feel excited and interested in things?,"Under pressure, I stay focused and think clearly."
Intellectual,I find intellectual challenges to be vital to my overall well-being.,1,30,30,"In the past, I have generally found intellectual challenges to be vital to my overall well-being.","Generally, I feel pleased with the amount of intellectual stimulation I receive in my daily life.",I prefer to take the lead in problem-solving.,My interests and ideas are not shared by those around me,To what extent do you feel excited and interested in things?,"Under pressure, I stay focused and think clearly."
Intellectual,I'm a proponent of using an intellectual mind,1,30,30,"In the past, I have generally found intellectual challenges to be vital to my overall well-being.","Generally, I feel pleased with the amount of intellectual stimulation I receive in my daily life.",I prefer to take the lead in problem-solving.,My interests and ideas are not shared by those around me,To what extent do you feel excited and interested in things?,"Under pressure, I stay focused and think clearly."
Intellectual,"I feel creative, creative, and motivated.",1,30,30,"In the past, I have generally found intellectual challenges to be vital to my overall well-being.","Generally, I feel pleased with the amount of intellectual stimulation I receive in my daily life.",I prefer to take the lead in problem-solving.,My interests and ideas are not shared by those around me,To what extent do you feel excited and interested in things?,"Under pressure, I stay focused and think clearly."
Intellectual,My mind is at work and I am feeling engaged in my daily life,1,30,30,"In the past, I have generally found intellectual challenges to be vital to my overall well-being.","Generally, I feel pleased with the amount of intellectual stimulation I receive in my daily life.",I prefer to take the lead in problem-solving.,My interests and ideas are not shared by those around me,To what extent do you feel excited and interested in things?,"Under pressure, I stay focused and think clearly."
Intellectual,I am interested in the concept of the universe and the universe,1,30,30,"In the past, I have generally found intellectual challenges to be vital to my overall well-being.","Generally, I feel pleased with the amount of intellectual stimulation I receive in my daily life.",I prefer to take the lead in problem-solving.,My interests and ideas are not shared by those around me,To what extent do you feel excited and interested in things?,"Under pressure, I stay focused and think clearly."
Intellectual,I feel a lot of intellectual stimulation,1,30,30,"In the past, I have generally found intellectual challenges to be vital to my overall well-being.","Generally, I feel pleased with the amount of intellectual stimulation I receive in my daily life.",I prefer to take the lead in problem-solving.,My interests and ideas are not shared by those around me,To what extent do you feel excited and interested in things?,"Under pressure, I stay focused and think clearly."
Intellectual,I'm often focused on my thoughts,1,30,30,"In the past, I have generally found intellectual challenges to be vital to my overall well-being.","Generally, I feel pleased with the amount of intellectual stimulation I receive in my daily life.",I prefer to take the lead in problem-solving.,My interests and ideas are not shared by those around me,To what extent do you feel excited and interested in things?,"Under pressure, I stay focused and think clearly."
Intellectual,"I feel excited and interested in things, but not creative.",1,30,30,"In the past, I have generally found intellectual challenges to be vital to my overall well-being.","Generally, I feel pleased with the amount of intellectual stimulation I receive in my daily life.",I prefer to take the lead in problem-solving.,My interests and ideas are not shared by those around me,To what extent do you feel excited and interested in things?,"Under pressure, I stay focused and think clearly."
Intellectual,"I like a challenge, but I feel unable to do it myself.",1,30,30,"In the past, I have generally found intellectual challenges to be vital to my overall well-being.","Generally, I feel pleased with the amount of intellectual stimulation I receive in my daily life.",I prefer to take the lead in problem-solving.,My interests and ideas are not shared by those around me,To what extent do you feel excited and interested in things?,"Under pressure, I stay focused and think clearly."
Intellectual,I feel confident and curious about things,1,30,30,"In the past, I have generally found intellectual challenges to be vital to my overall well-being.","Generally, I feel pleased with the amount of intellectual stimulation I receive in my daily life.",I prefer to take the lead in problem-solving.,My interests and ideas are not shared by those around me,To what extent do you feel excited and interested in things?,"Under pressure, I stay focused and think clearly."
Intellectual,I am often overly enthusiastic about intellectual things,1,30,30,"In the past, I have generally found intellectual challenges to be vital to my overall well-being.","Generally, I feel pleased with the amount of intellectual stimulation I receive in my daily life.",I prefer to take the lead in problem-solving.,My interests and ideas are not shared by those around me,To what extent do you feel excited and interested in things?,"Under pressure, I stay focused and think clearly."
Intellectual,I feel more interested in intellectual stimulation than that of a physical activity,1,30,30,"In the past, I have generally found intellectual challenges to be vital to my overall well-being.","Generally, I feel pleased with the amount of intellectual stimulation I receive in my daily life.",I prefer to take the lead in problem-solving.,My interests and ideas are not shared by those around me,To what extent do you feel excited and interested in things?,"Under pressure, I stay focused and think clearly."
Intellectual,I keep focused and think clearly,1,30,30,"In the past, I have generally found intellectual challenges to be vital to my overall well-being.","Generally, I feel pleased with the amount of intellectual stimulation I receive in my daily life.",I prefer to take the lead in problem-solving.,My interests and ideas are not shared by those around me,To what extent do you feel excited and interested in things?,"Under pressure, I stay focused and think clearly."
Intellectual,I feel good about the intellectual stimulation I receive,1,30,30,"In the past, I have generally found intellectual challenges to be vital to my overall well-being.","Generally, I feel pleased with the amount of intellectual stimulation I receive in my daily life.",I prefer to take the lead in problem-solving.,My interests and ideas are not shared by those around me,To what extent do you feel excited and interested in things?,"Under pressure, I stay focused and think clearly."
Intellectual,I like my thoughts to be clear and direct,1,30,30,"In the past, I have generally found intellectual challenges to be vital to my overall well-being.","Generally, I feel pleased with the amount of intellectual stimulation I receive in my daily life.",I prefer to take the lead in problem-solving.,My interests and ideas are not shared by those around me,To what extent do you feel excited and interested in things?,"Under pressure, I stay focused and think clearly."
Intellectual,I can concentrate and think clearly,1,30,30,"In the past, I have generally found intellectual challenges to be vital to my overall well-being.","Generally, I feel pleased with the amount of intellectual stimulation I receive in my daily life.",I prefer to take the lead in problem-solving.,My interests and ideas are not shared by those around me,To what extent do you feel excited and interested in things?,"Under pressure, I stay focused and think clearly."
Intellectual,"I spend more time on my studies, intellectual experiences, and experiences that interest me.",1,30,30,"In the past, I have generally found intellectual challenges to be vital to my overall well-being.","Generally, I feel pleased with the amount of intellectual stimulation I receive in my daily life.",I prefer to take the lead in problem-solving.,My interests and ideas are not shared by those around me,To what extent do you feel excited and interested in things?,"Under pressure, I stay focused and think clearly."
Intellectual,"I'm focused on my mind, and often don't look at it from space.",1,30,30,"In the past, I have generally found intellectual challenges to be vital to my overall well-being.","Generally, I feel pleased with the amount of intellectual stimulation I receive in my daily life.",I prefer to take the lead in problem-solving.,My interests and ideas are not shared by those around me,To what extent do you feel excited and interested in things?,"Under pressure, I stay focused and think clearly."
Intellectual,I am a self-report mental health performer,1,30,30,"In the past, I have generally found intellectual challenges to be vital to my overall well-being.","Generally, I feel pleased with the amount of intellectual stimulation I receive in my daily life.",I prefer to take the lead in problem-solving.,My interests and ideas are not shared by those around me,To what extent do you feel excited and interested in things?,"Under pressure, I stay focused and think clearly."
Intellectual,My intelligence is highly motivated and high-energy,1,30,30,"In the past, I have generally found intellectual challenges to be vital to my overall well-being.","Generally, I feel pleased with the amount of intellectual stimulation I receive in my daily life.",I prefer to take the lead in problem-solving.,My interests and ideas are not shared by those around me,To what extent do you feel excited and interested in things?,"Under pressure, I stay focused and think clearly."
Intellectual,I tend to take control of my mind by being conscious of my surroundings,1,30,30,"In the past, I have generally found intellectual challenges to be vital to my overall well-being.","Generally, I feel pleased with the amount of intellectual stimulation I receive in my daily life.",I prefer to take the lead in problem-solving.,My interests and ideas are not shared by those around me,To what extent do you feel excited and interested in things?,"Under pressure, I stay focused and think clearly."
Intellectual,I feel content that I do what I am asked to do and not what others have done,1,30,30,"In the past, I have generally found intellectual challenges to be vital to my overall well-being.","Generally, I feel pleased with the amount of intellectual stimulation I receive in my daily life.",I prefer to take the lead in problem-solving.,My interests and ideas are not shared by those around me,To what extent do you feel excited and interested in things?,"Under pressure, I stay focused and think clearly."
Intellectual,I like to think in terms of my own thoughts.,1,30,30,"In the past, I have generally found intellectual challenges to be vital to my overall well-being.","Generally, I feel pleased with the amount of intellectual stimulation I receive in my daily life.",I prefer to take the lead in problem-solving.,My interests and ideas are not shared by those around me,To what extent do you feel excited and interested in things?,"Under pressure, I stay focused and think clearly."
Intellectual,I prefer taking the lead in problem-solving.,1,30,30,"In the past, I have generally found intellectual challenges to be vital to my overall well-being.","Generally, I feel pleased with the amount of intellectual stimulation I receive in my daily life.",I prefer to take the lead in problem-solving.,My interests and ideas are not shared by those around me,To what extent do you feel excited and interested in things?,"Under pressure, I stay focused and think clearly."
Intellectual,"I feel good when I get creative, productive, and thinking critically.",1,30,30,"In the past, I have generally found intellectual challenges to be vital to my overall well-being.","Generally, I feel pleased with the amount of intellectual stimulation I receive in my daily life.",I prefer to take the lead in problem-solving.,My interests and ideas are not shared by those around me,To what extent do you feel excited and interested in things?,"Under pressure, I stay focused and think clearly."
Intellectual,I am interested in what I do and believe it is the most intelligent thing in the world,1,30,30,"In the past, I have generally found intellectual challenges to be vital to my overall well-being.","Generally, I feel pleased with the amount of intellectual stimulation I receive in my daily life.",I prefer to take the lead in problem-solving.,My interests and ideas are not shared by those around me,To what extent do you feel excited and interested in things?,"Under pressure, I stay focused and think clearly."
Intellectual,I feel very concerned that intellectual challenges will be damaging to my overall mental health,1,30,30,"In the past, I have generally found intellectual challenges to be vital to my overall well-being.","Generally, I feel pleased with the amount of intellectual stimulation I receive in my daily life.",I prefer to take the lead in problem-solving.,My interests and ideas are not shared by those around me,To what extent do you feel excited and interested in things?,"Under pressure, I stay focused and think clearly."
Occupational,I enjoy the variety of lifestyle choices I choose.,1,30,30,I work to attain goals.,To what extent do you feel that what you do in your life is valuable and worthwhile?,I take pride in my achievements.,I am good at managing the responsibilities of daily life.,I sometimes feel as if I've done all there is to do in life.,"Generally, I feel pleased with the amount of intellectual stimulation I receive in my daily life."
Occupational,I'm good at managing responsibilities of daily life.,1,30,30,I work to attain goals.,To what extent do you feel that what you do in your life is valuable and worthwhile?,I take pride in my achievements.,I am good at managing the responsibilities of daily life.,I sometimes feel as if I've done all there is to do in life.,"Generally, I feel pleased with the amount of intellectual stimulation I receive in my daily life."
Occupational,I enjoy working on my computer.,1,30,30,I work to attain goals.,To what extent do you feel that what you do in your life is valuable and worthwhile?,I take pride in my achievements.,I am good at managing the responsibilities of daily life.,I sometimes feel as if I've done all there is to do in life.,"Generally, I feel pleased with the amount of intellectual stimulation I receive in my daily life."
Occupational,I enjoy the arts and literature in my life.,1,30,30,I work to attain goals.,To what extent do you feel that what you do in your life is valuable and worthwhile?,I take pride in my achievements.,I am good at managing the responsibilities of daily life.,I sometimes feel as if I've done all there is to do in life.,"Generally, I feel pleased with the amount of intellectual stimulation I receive in my daily life."
Occupational,I like to be a worker.,1,30,30,I work to attain goals.,To what extent do you feel that what you do in your life is valuable and worthwhile?,I take pride in my achievements.,I am good at managing the responsibilities of daily life.,I sometimes feel as if I've done all there is to do in life.,"Generally, I feel pleased with the amount of intellectual stimulation I receive in my daily life."
Occupational,I have an interest in mathematics.,1,30,30,I work to attain goals.,To what extent do you feel that what you do in your life is valuable and worthwhile?,I take pride in my achievements.,I am good at managing the responsibilities of daily life.,I sometimes feel as if I've done all there is to do in life.,"Generally, I feel pleased with the amount of intellectual stimulation I receive in my daily life."
Occupational,I find I am good at managing my responsibilities of daily life.,1,30,30,I work to attain goals.,To what extent do you feel that what you do in your life is valuable and worthwhile?,I take pride in my achievements.,I am good at managing the responsibilities of daily life.,I sometimes feel as if I've done all there is to do in life.,"Generally, I feel pleased with the amount of intellectual stimulation I receive in my daily life."
Occupational,I think I do a good job at managing my daily life.,1,30,30,I work to attain goals.,To what extent do you feel that what you do in your life is valuable and worthwhile?,I take pride in my achievements.,I am good at managing the responsibilities of daily life.,I sometimes feel as if I've done all there is to do in life.,"Generally, I feel pleased with the amount of intellectual stimulation I receive in my daily life."
Occupational,I like working at my own pace.,1,30,30,I work to attain goals.,To what extent do you feel that what you do in your life is valuable and worthwhile?,I take pride in my achievements.,I am good at managing the responsibilities of daily life.,I sometimes feel as if I've done all there is to do in life.,"Generally, I feel pleased with the amount of intellectual stimulation I receive in my daily life."
Occupational,I enjoy my job and enjoy learning.,1,30,30,I work to attain goals.,To what extent do you feel that what you do in your life is valuable and worthwhile?,I take pride in my achievements.,I am good at managing the responsibilities of daily life.,I sometimes feel as if I've done all there is to do in life.,"Generally, I feel pleased with the amount of intellectual stimulation I receive in my daily life."
Occupational,I enjoy the way I interact with other people.,1,30,30,I work to attain goals.,To what extent do you feel that what you do in your life is valuable and worthwhile?,I take pride in my achievements.,I am good at managing the responsibilities of daily life.,I sometimes feel as if I've done all there is to do in life.,"Generally, I feel pleased with the amount of intellectual stimulation I receive in my daily life."
Occupational,I've worked hard in my spare time to achieve goals.,1,30,30,I work to attain goals.,To what extent do you feel that what you do in your life is valuable and worthwhile?,I take pride in my achievements.,I am good at managing the responsibilities of daily life.,I sometimes feel as if I've done all there is to do in life.,"Generally, I feel pleased with the amount of intellectual stimulation I receive in my daily life."
Occupational,I feel my life as a company and how I do it can help me achieve my goals.,1,30,30,I work to attain goals.,To what extent do you feel that what you do in your life is valuable and worthwhile?,I take pride in my achievements.,I am good at managing the responsibilities of daily life.,I sometimes feel as if I've done all there is to do in life.,"Generally, I feel pleased with the amount of intellectual stimulation I receive in my daily life."
Occupational,I have the capacity to work and get better at what I do in my life.,1,30,30,I work to attain goals.,To what extent do you feel that what you do in your life is valuable and worthwhile?,I take pride in my achievements.,I am good at managing the responsibilities of daily life.,I sometimes feel as if I've done all there is to do in life.,"Generally, I feel pleased with the amount of intellectual stimulation I receive in my daily life."
Occupational,I enjoy the ways I interact with my family.,1,30,30,I work to attain goals.,To what extent do you feel that what you do in your life is valuable and worthwhile?,I take pride in my achievements.,I am good at managing the responsibilities of daily life.,I sometimes feel as if I've done all there is to do in life.,"Generally, I feel pleased with the amount of intellectual stimulation I receive in my daily life."
Occupational,I find it difficult to keep track of what I do in my life.,1,30,30,I work to attain goals.,To what extent do you feel that what you do in your life is valuable and worthwhile?,I take pride in my achievements.,I am good at managing the responsibilities of daily life.,I sometimes feel as if I've done all there is to do in life.,"Generally, I feel pleased with the amount of intellectual stimulation I receive in my daily life."
Occupational,I am a great at managing the responsibilities of daily life.,1,30,30,I work to attain goals.,To what extent do you feel that what you do in your life is valuable and worthwhile?,I take pride in my achievements.,I am good at managing the responsibilities of daily life.,I sometimes feel as if I've done all there is to do in life.,"Generally, I feel pleased with the amount of intellectual stimulation I receive in my daily life."
Occupational,I have a work-life balance.,1,30,30,I work to attain goals.,To what extent do you feel that what you do in your life is valuable and worthwhile?,I take pride in my achievements.,I am good at managing the responsibilities of daily life.,I sometimes feel as if I've done all there is to do in life.,"Generally, I feel pleased with the amount of intellectual stimulation I receive in my daily life."
Occupational,I feel well prepared and motivated.,1,30,30,I work to attain goals.,To what extent do you feel that what you do in your life is valuable and worthwhile?,I take pride in my achievements.,I am good at managing the responsibilities of daily life.,I sometimes feel as if I've done all there is to do in life.,"Generally, I feel pleased with the amount of intellectual stimulation I receive in my daily life."
Occupational,I am able to perform an occupation that requires a high degree of effort to accomplish goals.,1,30,30,I work to attain goals.,To what extent do you feel that what you do in your life is valuable and worthwhile?,I take pride in my achievements.,I am good at managing the responsibilities of daily life.,I sometimes feel as if I've done all there is to do in life.,"Generally, I feel pleased with the amount of intellectual stimulation I receive in my daily life."
Occupational,I do what I do in my life is worthwhile.,1,30,30,I work to attain goals.,To what extent do you feel that what you do in your life is valuable and worthwhile?,I take pride in my achievements.,I am good at managing the responsibilities of daily life.,I sometimes feel as if I've done all there is to do in life.,"Generally, I feel pleased with the amount of intellectual stimulation I receive in my daily life."
Occupational,I manage the responsibilities of daily life.,1,30,30,I work to attain goals.,To what extent do you feel that what you do in your life is valuable and worthwhile?,I take pride in my achievements.,I am good at managing the responsibilities of daily life.,I sometimes feel as if I've done all there is to do in life.,"Generally, I feel pleased with the amount of intellectual stimulation I receive in my daily life."
Occupational,I feel motivated to achieve my goals.,1,30,30,I work to attain goals.,To what extent do you feel that what you do in your life is valuable and worthwhile?,I take pride in my achievements.,I am good at managing the responsibilities of daily life.,I sometimes feel as if I've done all there is to do in life.,"Generally, I feel pleased with the amount of intellectual stimulation I receive in my daily life."
Occupational,I enjoy working to achieve goals.,1,30,30,I work to attain goals.,To what extent do you feel that what you do in your life is valuable and worthwhile?,I take pride in my achievements.,I am good at managing the responsibilities of daily life.,I sometimes feel as if I've done all there is to do in life.,"Generally, I feel pleased with the amount of intellectual stimulation I receive in my daily life."
Occupational,I think I'm a very good person.,1,30,30,I work to attain goals.,To what extent do you feel that what you do in your life is valuable and worthwhile?,I take pride in my achievements.,I am good at managing the responsibilities of daily life.,I sometimes feel as if I've done all there is to do in life.,"Generally, I feel pleased with the amount of intellectual stimulation I receive in my daily life."
Occupational,I feel good about my responsibilities.,1,30,30,I work to attain goals.,To what extent do you feel that what you do in your life is valuable and worthwhile?,I take pride in my achievements.,I am good at managing the responsibilities of daily life.,I sometimes feel as if I've done all there is to do in life.,"Generally, I feel pleased with the amount of intellectual stimulation I receive in my daily life."
Occupational,I enjoy working in the home.,1,30,30,I work to attain goals.,To what extent do you feel that what you do in your life is valuable and worthwhile?,I take pride in my achievements.,I am good at managing the responsibilities of daily life.,I sometimes feel as if I've done all there is to do in life.,"Generally, I feel pleased with the amount of intellectual stimulation I receive in my daily life."
Occupational,I like the fact that I've worked to achieve my goals and I have made it worth it.,1,30,30,I work to attain goals.,To what extent do you feel that what you do in your life is valuable and worthwhile?,I take pride in my achievements.,I am good at managing the responsibilities of daily life.,I sometimes feel as if I've done all there is to do in life.,"Generally, I feel pleased with the amount of intellectual stimulation I receive in my daily life."
Occupational,I may feel satisfied with what I receive in my daily life.,1,30,30,I work to attain goals.,To what extent do you feel that what you do in your life is valuable and worthwhile?,I take pride in my achievements.,I am good at managing the responsibilities of daily life.,I sometimes feel as if I've done all there is to do in life.,"Generally, I feel pleased with the amount of intellectual stimulation I receive in my daily life."
Occupational,I am able to manage the responsibilities of daily life.,1,30,30,I work to attain goals.,To what extent do you feel that what you do in your life is valuable and worthwhile?,I take pride in my achievements.,I am good at managing the responsibilities of daily life.,I sometimes feel as if I've done all there is to do in life.,"Generally, I feel pleased with the amount of intellectual stimulation I receive in my daily life."
Physical,I am very satisfied with my physical health.,1,30,30,My physical health is excellent.,I expect to always be physically healthy.,How satisfied are you with your current physical health?,I expect my physical health to get worse.,My physical health has restricted me in the past.,My body seems to resist physical illness very well.
Physical,My physical health is very good.,1,30,30,My physical health is excellent.,I expect to always be physically healthy.,How satisfied are you with your current physical health?,I expect my physical health to get worse.,My physical health has restricted me in the past.,My body seems to resist physical illness very well.
Physical,My physical health has improved dramatically over the past years.,1,30,30,My physical health is excellent.,I expect to always be physically healthy.,How satisfied are you with your current physical health?,I expect my physical health to get worse.,My physical health has restricted me in the past.,My body seems to resist physical illness very well.
Physical,I hope to be physically healthy.,1,30,30,My physical health is excellent.,I expect to always be physically healthy.,How satisfied are you with your current physical health?,I expect my physical health to get worse.,My physical health has restricted me in the past.,My body seems to resist physical illness very well.
Physical,I believe physical health is important.,1,30,30,My physical health is excellent.,I expect to always be physically healthy.,How satisfied are you with your current physical health?,I expect my physical health to get worse.,My physical health has restricted me in the past.,My body seems to resist physical illness very well.
Physical,My physical health has been bad.,1,30,30,My physical health is excellent.,I expect to always be physically healthy.,How satisfied are you with your current physical health?,I expect my physical health to get worse.,My physical health has restricted me in the past.,My body seems to resist physical illness very well.
Physical,I see great potential in my health.,1,30,30,My physical health is excellent.,I expect to always be physically healthy.,How satisfied are you with your current physical health?,I expect my physical health to get worse.,My physical health has restricted me in the past.,My body seems to resist physical illness very well.
Physical,I have been unhealthy since childhood.,1,30,30,My physical health is excellent.,I expect to always be physically healthy.,How satisfied are you with your current physical health?,I expect my physical health to get worse.,My physical health has restricted me in the past.,My body seems to resist physical illness very well.
Physical,I am having a good physical health.,1,30,30,My physical health is excellent.,I expect to always be physically healthy.,How satisfied are you with your current physical health?,I expect my physical health to get worse.,My physical health has restricted me in the past.,My body seems to resist physical illness very well.
Physical,My body has been damaged by stress.,1,30,30,My physical health is excellent.,I expect to always be physically healthy.,How satisfied are you with your current physical health?,I expect my physical health to get worse.,My physical health has restricted me in the past.,My body seems to resist physical illness very well.
Physical,I expected to always be physically healthy.,1,30,30,My physical health is excellent.,I expect to always be physically healthy.,How satisfied are you with your current physical health?,I expect my physical health to get worse.,My physical health has restricted me in the past.,My body seems to resist physical illness very well.
Physical,I expect to be physically healthy.,1,30,30,My physical health is excellent.,I expect to always be physically healthy.,How satisfied are you with your current physical health?,I expect my physical health to get worse.,My physical health has restricted me in the past.,My body seems to resist physical illness very well.
Physical,My physical health has made my life a better place.,1,30,30,My physical health is excellent.,I expect to always be physically healthy.,How satisfied are you with your current physical health?,I expect my physical health to get worse.,My physical health has restricted me in the past.,My body seems to resist physical illness very well.
Physical,I feel I have a sense of humour.,1,30,30,My physical health is excellent.,I expect to always be physically healthy.,How satisfied are you with your current physical health?,I expect my physical health to get worse.,My physical health has restricted me in the past.,My body seems to resist physical illness very well.
Physical,I have a good mental health.,1,30,30,My physical health is excellent.,I expect to always be physically healthy.,How satisfied are you with your current physical health?,I expect my physical health to get worse.,My physical health has restricted me in the past.,My body seems to resist physical illness very well.
Physical,I'm spotting a body problem that keeps me up at night,1,30,30,My physical health is excellent.,I expect to always be physically healthy.,How satisfied are you with your current physical health?,I expect my physical health to get worse.,My physical health has restricted me in the past.,My body seems to resist physical illness very well.
Physical,I'm in good physical condition.,1,30,30,My physical health is excellent.,I expect to always be physically healthy.,How satisfied are you with your current physical health?,I expect my physical health to get worse.,My physical health has restricted me in the past.,My body seems to resist physical illness very well.
Physical,My health is good and healthy.,1,30,30,My physical health is excellent.,I expect to always be physically healthy.,How satisfied are you with your current physical health?,I expect my physical health to get worse.,My physical health has restricted me in the past.,My body seems to resist physical illness very well.
Physical,I hope my physical health will improve.,1,30,30,My physical health is excellent.,I expect to always be physically healthy.,How satisfied are you with your current physical health?,I expect my physical health to get worse.,My physical health has restricted me in the past.,My body seems to resist physical illness very well.
Physical,I'm a pretty well-balanced person.,1,30,30,My physical health is excellent.,I expect to always be physically healthy.,How satisfied are you with your current physical health?,I expect my physical health to get worse.,My physical health has restricted me in the past.,My body seems to resist physical illness very well.
Physical,I expect my physical health to go downhill in the future.,1,30,30,My physical health is excellent.,I expect to always be physically healthy.,How satisfied are you with your current physical health?,I expect my physical health to get worse.,My physical health has restricted me in the past.,My body seems to resist physical illness very well.
Physical,I am extremely satisfied with the physical health I'm going through.,1,30,30,My physical health is excellent.,I expect to always be physically healthy.,How satisfied are you with your current physical health?,I expect my physical health to get worse.,My physical health has restricted me in the past.,My body seems to resist physical illness very well.
Physical,My physical health is extremely good.,1,30,30,My physical health is excellent.,I expect to always be physically healthy.,How satisfied are you with your current physical health?,I expect my physical health to get worse.,My physical health has restricted me in the past.,My body seems to resist physical illness very well.
Physical,My physical health has been good in the past.,1,30,30,My physical health is excellent.,I expect to always be physically healthy.,How satisfied are you with your current physical health?,I expect my physical health to get worse.,My physical health has restricted me in the past.,My body seems to resist physical illness very well.
Physical,I have to be physically healthy,1,30,30,My physical health is excellent.,I expect to always be physically healthy.,How satisfied are you with your current physical health?,I expect my physical health to get worse.,My physical health has restricted me in the past.,My body seems to resist physical illness very well.
Physical,I expected my physical health to be poor.,1,30,30,My physical health is excellent.,I expect to always be physically healthy.,How satisfied are you with your current physical health?,I expect my physical health to get worse.,My physical health has restricted me in the past.,My body seems to resist physical illness very well.
Physical,"I have a strong physical ability, but not enough time to take care of my physical condition.",1,30,30,My physical health is excellent.,I expect to always be physically healthy.,How satisfied are you with your current physical health?,I expect my physical health to get worse.,My physical health has restricted me in the past.,My body seems to resist physical illness very well.
Physical,I have not been physically healthy in years.,1,30,30,My physical health is excellent.,I expect to always be physically healthy.,How satisfied are you with your current physical health?,I expect my physical health to get worse.,My physical health has restricted me in the past.,My body seems to resist physical illness very well.
Physical,I'm happy with my physical health.,1,30,30,My physical health is excellent.,I expect to always be physically healthy.,How satisfied are you with your current physical health?,I expect my physical health to get worse.,My physical health has restricted me in the past.,My body seems to resist physical illness very well.
Physical,I have been physically healthy since I was a child.,1,30,30,My physical health is excellent.,I expect to always be physically healthy.,How satisfied are you with your current physical health?,I expect my physical health to get worse.,My physical health has restricted me in the past.,My body seems to resist physical illness very well.
Social,I have not been able to make friends,1,30,30,My social relationships are superficial,I have not experienced many warm and trusting relationships with others.,It is difficult for me to make friends,"In the past, I have not always had friends with whom I could share my joys and sorrows.",I have one close and secure relationship.,Maintaining close relationships has been difficult and frustrating for me.
Social,"I have been a superficial person for the past 2 years, I have not had good friends in the past I have been a successful person for the past",1,30,30,My social relationships are superficial,I have not experienced many warm and trusting relationships with others.,It is difficult for me to make friends,"In the past, I have not always had friends with whom I could share my joys and sorrows.",I have one close and secure relationship.,Maintaining close relationships has been difficult and frustrating for me.
Social,I am unsure how to interact with others,1,30,30,My social relationships are superficial,I have not experienced many warm and trusting relationships with others.,It is difficult for me to make friends,"In the past, I have not always had friends with whom I could share my joys and sorrows.",I have one close and secure relationship.,Maintaining close relationships has been difficult and frustrating for me.
Social,My social relationships have not improved,1,30,30,My social relationships are superficial,I have not experienced many warm and trusting relationships with others.,It is difficult for me to make friends,"In the past, I have not always had friends with whom I could share my joys and sorrows.",I have one close and secure relationship.,Maintaining close relationships has been difficult and frustrating for me.
Social,I have a weak sense of responsibility and a sense of guilt that I do not have to be responsible for my relationships.,1,30,30,My social relationships are superficial,I have not experienced many warm and trusting relationships with others.,It is difficult for me to make friends,"In the past, I have not always had friends with whom I could share my joys and sorrows.",I have one close and secure relationship.,Maintaining close relationships has been difficult and frustrating for me.
Social,I do not have any friends in the past,1,30,30,My social relationships are superficial,I have not experienced many warm and trusting relationships with others.,It is difficult for me to make friends,"In the past, I have not always had friends with whom I could share my joys and sorrows.",I have one close and secure relationship.,Maintaining close relationships has been difficult and frustrating for me.
Social,I have not found close friends in the past,1,30,30,My social relationships are superficial,I have not experienced many warm and trusting relationships with others.,It is difficult for me to make friends,"In the past, I have not always had friends with whom I could share my joys and sorrows.",I have one close and secure relationship.,Maintaining close relationships has been difficult and frustrating for me.
Social,I have relationships with many friends with whom I could share my joys and sorrows.,1,30,30,My social relationships are superficial,I have not experienced many warm and trusting relationships with others.,It is difficult for me to make friends,"In the past, I have not always had friends with whom I could share my joys and sorrows.",I have one close and secure relationship.,Maintaining close relationships has been difficult and frustrating for me.
Social,"I am a superficial person, I am not trustworthy with others",1,30,30,My social relationships are superficial,I have not experienced many warm and trusting relationships with others.,It is difficult for me to make friends,"In the past, I have not always had friends with whom I could share my joys and sorrows.",I have one close and secure relationship.,Maintaining close relationships has been difficult and frustrating for me.
Social,I have not had good social relationships,1,30,30,My social relationships are superficial,I have not experienced many warm and trusting relationships with others.,It is difficult for me to make friends,"In the past, I have not always had friends with whom I could share my joys and sorrows.",I have one close and secure relationship.,Maintaining close relationships has been difficult and frustrating for me.
Social,I have not received good service in my relationships with other people.,1,30,30,My social relationships are superficial,I have not experienced many warm and trusting relationships with others.,It is difficult for me to make friends,"In the past, I have not always had friends with whom I could share my joys and sorrows.",I have one close and secure relationship.,Maintaining close relationships has been difficult and frustrating for me.
Social,I have not had close and secure relationships.,1,30,30,My social relationships are superficial,I have not experienced many warm and trusting relationships with others.,It is difficult for me to make friends,"In the past, I have not always had friends with whom I could share my joys and sorrows.",I have one close and secure relationship.,Maintaining close relationships has been difficult and frustrating for me.
Social,I have never had a good friend,1,30,30,My social relationships are superficial,I have not experienced many warm and trusting relationships with others.,It is difficult for me to make friends,"In the past, I have not always had friends with whom I could share my joys and sorrows.",I have one close and secure relationship.,Maintaining close relationships has been difficult and frustrating for me.
Social,I am lonely I can't find people I can make friends with.,1,30,30,My social relationships are superficial,I have not experienced many warm and trusting relationships with others.,It is difficult for me to make friends,"In the past, I have not always had friends with whom I could share my joys and sorrows.",I have one close and secure relationship.,Maintaining close relationships has been difficult and frustrating for me.
Social,"I have very little social connection , because I do not have friends or close ones.",1,30,30,My social relationships are superficial,I have not experienced many warm and trusting relationships with others.,It is difficult for me to make friends,"In the past, I have not always had friends with whom I could share my joys and sorrows.",I have one close and secure relationship.,Maintaining close relationships has been difficult and frustrating for me.
Social,I have not had any close and secure relationships,1,30,30,My social relationships are superficial,I have not experienced many warm and trusting relationships with others.,It is difficult for me to make friends,"In the past, I have not always had friends with whom I could share my joys and sorrows.",I have one close and secure relationship.,Maintaining close relationships has been difficult and frustrating for me.
Social,"I have been lonely lately , I have a fragile relationship with my affluent friend, my friends are not my best friends , I",1,30,30,My social relationships are superficial,I have not experienced many warm and trusting relationships with others.,It is difficult for me to make friends,"In the past, I have not always had friends with whom I could share my joys and sorrows.",I have one close and secure relationship.,Maintaining close relationships has been difficult and frustrating for me.
Social,I have a weak heart and a low sense of humor,1,30,30,My social relationships are superficial,I have not experienced many warm and trusting relationships with others.,It is difficult for me to make friends,"In the past, I have not always had friends with whom I could share my joys and sorrows.",I have one close and secure relationship.,Maintaining close relationships has been difficult and frustrating for me.
Social,I have not had a social life,1,30,30,My social relationships are superficial,I have not experienced many warm and trusting relationships with others.,It is difficult for me to make friends,"In the past, I have not always had friends with whom I could share my joys and sorrows.",I have one close and secure relationship.,Maintaining close relationships has been difficult and frustrating for me.
Social,I have been on a roller coaster and am trying to get to my first crush,1,30,30,My social relationships are superficial,I have not experienced many warm and trusting relationships with others.,It is difficult for me to make friends,"In the past, I have not always had friends with whom I could share my joys and sorrows.",I have one close and secure relationship.,Maintaining close relationships has been difficult and frustrating for me.
Social,I have not had friends who share my joys and sorrows.,1,30,30,My social relationships are superficial,I have not experienced many warm and trusting relationships with others.,It is difficult for me to make friends,"In the past, I have not always had friends with whom I could share my joys and sorrows.",I have one close and secure relationship.,Maintaining close relationships has been difficult and frustrating for me.
Social,My social relationships have been fragile - I have not had many friends with whom I could share my joys and sorrows.,1,30,30,My social relationships are superficial,I have not experienced many warm and trusting relationships with others.,It is difficult for me to make friends,"In the past, I have not always had friends with whom I could share my joys and sorrows.",I have one close and secure relationship.,Maintaining close relationships has been difficult and frustrating for me.
Social,I have a low social life,1,30,30,My social relationships are superficial,I have not experienced many warm and trusting relationships with others.,It is difficult for me to make friends,"In the past, I have not always had friends with whom I could share my joys and sorrows.",I have one close and secure relationship.,Maintaining close relationships has been difficult and frustrating for me.
Social,"I have not had close, intimate relationships in years.",1,30,30,My social relationships are superficial,I have not experienced many warm and trusting relationships with others.,It is difficult for me to make friends,"In the past, I have not always had friends with whom I could share my joys and sorrows.",I have one close and secure relationship.,Maintaining close relationships has been difficult and frustrating for me.
Social,I have a social relationship with no friends,1,30,30,My social relationships are superficial,I have not experienced many warm and trusting relationships with others.,It is difficult for me to make friends,"In the past, I have not always had friends with whom I could share my joys and sorrows.",I have one close and secure relationship.,Maintaining close relationships has been difficult and frustrating for me.
Social,I have not felt comfortable with being alone and with others,1,30,30,My social relationships are superficial,I have not experienced many warm and trusting relationships with others.,It is difficult for me to make friends,"In the past, I have not always had friends with whom I could share my joys and sorrows.",I have one close and secure relationship.,Maintaining close relationships has been difficult and frustrating for me.
Social,I have a social relationship with a friend that is very supportive,1,30,30,My social relationships are superficial,I have not experienced many warm and trusting relationships with others.,It is difficult for me to make friends,"In the past, I have not always had friends with whom I could share my joys and sorrows.",I have one close and secure relationship.,Maintaining close relationships has been difficult and frustrating for me.
Social,I have had a lot of people who are just trying to make me feel good,1,30,30,My social relationships are superficial,I have not experienced many warm and trusting relationships with others.,It is difficult for me to make friends,"In the past, I have not always had friends with whom I could share my joys and sorrows.",I have one close and secure relationship.,Maintaining close relationships has been difficult and frustrating for me.
Social,I have many superficial and trusting relationships with others.,1,30,30,My social relationships are superficial,I have not experienced many warm and trusting relationships with others.,It is difficult for me to make friends,"In the past, I have not always had friends with whom I could share my joys and sorrows.",I have one close and secure relationship.,Maintaining close relationships has been difficult and frustrating for me.
Social,I have an unhealthy relationship with my husband,1,30,30,My social relationships are superficial,I have not experienced many warm and trusting relationships with others.,It is difficult for me to make friends,"In the past, I have not always had friends with whom I could share my joys and sorrows.",I have one close and secure relationship.,Maintaining close relationships has been difficult and frustrating for me.
Spiritual,I have strong faith in the universe.,1,30,30,To what extent do you lead a purposeful and meaningful life?,"I judge myself by what I think is important, not by the values of what others think is important.",To what extent do you feel you have a sense of direction in your life?,Sometimes fate or God helps me.,I have a strong sense of purpose in life.,I believe most things happen for a reason.
Spiritual,I feel that most things happen for a reason.,1,30,30,To what extent do you lead a purposeful and meaningful life?,"I judge myself by what I think is important, not by the values of what others think is important.",To what extent do you feel you have a sense of direction in your life?,Sometimes fate or God helps me.,I have a strong sense of purpose in life.,I believe most things happen for a reason.
Spiritual,I believe in the benevolence of God.,1,30,30,To what extent do you lead a purposeful and meaningful life?,"I judge myself by what I think is important, not by the values of what others think is important.",To what extent do you feel you have a sense of direction in your life?,Sometimes fate or God helps me.,I have a strong sense of purpose in life.,I believe most things happen for a reason.
Spiritual,I believe my life is purposeful and meaningful.,1,30,30,To what extent do you lead a purposeful and meaningful life?,"I judge myself by what I think is important, not by the values of what others think is important.",To what extent do you feel you have a sense of direction in your life?,Sometimes fate or God helps me.,I have a strong sense of purpose in life.,I believe most things happen for a reason.
Spiritual,I believe it is important to have a reason for what you say is important.,1,30,30,To what extent do you lead a purposeful and meaningful life?,"I judge myself by what I think is important, not by the values of what others think is important.",To what extent do you feel you have a sense of direction in your life?,Sometimes fate or God helps me.,I have a strong sense of purpose in life.,I believe most things happen for a reason.
Spiritual,I believe in my ability to find purpose in my life.,1,30,30,To what extent do you lead a purposeful and meaningful life?,"I judge myself by what I think is important, not by the values of what others think is important.",To what extent do you feel you have a sense of direction in your life?,Sometimes fate or God helps me.,I have a strong sense of purpose in life.,I believe most things happen for a reason.
Spiritual,I have strong sense of purpose in life.,1,30,30,To what extent do you lead a purposeful and meaningful life?,"I judge myself by what I think is important, not by the values of what others think is important.",To what extent do you feel you have a sense of direction in your life?,Sometimes fate or God helps me.,I have a strong sense of purpose in life.,I believe most things happen for a reason.
Spiritual,I think there is a reason why things happen.,1,30,30,To what extent do you lead a purposeful and meaningful life?,"I judge myself by what I think is important, not by the values of what others think is important.",To what extent do you feel you have a sense of direction in your life?,Sometimes fate or God helps me.,I have a strong sense of purpose in life.,I believe most things happen for a reason.
Spiritual,i have a sense of purpose in life.,1,30,30,To what extent do you lead a purposeful and meaningful life?,"I judge myself by what I think is important, not by the values of what others think is important.",To what extent do you feel you have a sense of direction in your life?,Sometimes fate or God helps me.,I have a strong sense of purpose in life.,I believe most things happen for a reason.
Spiritual,I believe that most things happen because of my belief in God.,1,30,30,To what extent do you lead a purposeful and meaningful life?,"I judge myself by what I think is important, not by the values of what others think is important.",To what extent do you feel you have a sense of direction in your life?,Sometimes fate or God helps me.,I have a strong sense of purpose in life.,I believe most things happen for a reason.
Spiritual,I believe the world is for the best.,1,30,30,To what extent do you lead a purposeful and meaningful life?,"I judge myself by what I think is important, not by the values of what others think is important.",To what extent do you feel you have a sense of direction in your life?,Sometimes fate or God helps me.,I have a strong sense of purpose in life.,I believe most things happen for a reason.
Spiritual,I believe that people often come to me with a reason.,1,30,30,To what extent do you lead a purposeful and meaningful life?,"I judge myself by what I think is important, not by the values of what others think is important.",To what extent do you feel you have a sense of direction in your life?,Sometimes fate or God helps me.,I have a strong sense of purpose in life.,I believe most things happen for a reason.
Spiritual,I believe everything happens for a reason.,1,30,30,To what extent do you lead a purposeful and meaningful life?,"I judge myself by what I think is important, not by the values of what others think is important.",To what extent do you feel you have a sense of direction in your life?,Sometimes fate or God helps me.,I have a strong sense of purpose in life.,I believe most things happen for a reason.
Spiritual,I believe the most things happen for a reason.,1,30,30,To what extent do you lead a purposeful and meaningful life?,"I judge myself by what I think is important, not by the values of what others think is important.",To what extent do you feel you have a sense of direction in your life?,Sometimes fate or God helps me.,I have a strong sense of purpose in life.,I believe most things happen for a reason.
Spiritual,I have an unhealthy sense of purpose in life.,1,30,30,To what extent do you lead a purposeful and meaningful life?,"I judge myself by what I think is important, not by the values of what others think is important.",To what extent do you feel you have a sense of direction in your life?,Sometimes fate or God helps me.,I have a strong sense of purpose in life.,I believe most things happen for a reason.
Spiritual,I believe in a spiritual future,1,30,30,To what extent do you lead a purposeful and meaningful life?,"I judge myself by what I think is important, not by the values of what others think is important.",To what extent do you feel you have a sense of direction in your life?,Sometimes fate or God helps me.,I have a strong sense of purpose in life.,I believe most things happen for a reason.
Spiritual,I have strong belief that life is going well for me.,1,30,30,To what extent do you lead a purposeful and meaningful life?,"I judge myself by what I think is important, not by the values of what others think is important.",To what extent do you feel you have a sense of direction in your life?,Sometimes fate or God helps me.,I have a strong sense of purpose in life.,I believe most things happen for a reason.
Spiritual,I think I have an intrinsic sense of meaning in my life.,1,30,30,To what extent do you lead a purposeful and meaningful life?,"I judge myself by what I think is important, not by the values of what others think is important.",To what extent do you feel you have a sense of direction in your life?,Sometimes fate or God helps me.,I have a strong sense of purpose in life.,I believe most things happen for a reason.
Spiritual,To what extent do you have a sense of purpose in life?,1,30,30,To what extent do you lead a purposeful and meaningful life?,"I judge myself by what I think is important, not by the values of what others think is important.",To what extent do you feel you have a sense of direction in your life?,Sometimes fate or God helps me.,I have a strong sense of purpose in life.,I believe most things happen for a reason.
Spiritual,I believe all things are out of a reasonable expectation.,1,30,30,To what extent do you lead a purposeful and meaningful life?,"I judge myself by what I think is important, not by the values of what others think is important.",To what extent do you feel you have a sense of direction in your life?,Sometimes fate or God helps me.,I have a strong sense of purpose in life.,I believe most things happen for a reason.
Spiritual,I believe God is the one who helps me to live.,1,30,30,To what extent do you lead a purposeful and meaningful life?,"I judge myself by what I think is important, not by the values of what others think is important.",To what extent do you feel you have a sense of direction in your life?,Sometimes fate or God helps me.,I have a strong sense of purpose in life.,I believe most things happen for a reason.
Spiritual,I think there is some logical reason people get ill.,1,30,30,To what extent do you lead a purposeful and meaningful life?,"I judge myself by what I think is important, not by the values of what others think is important.",To what extent do you feel you have a sense of direction in your life?,Sometimes fate or God helps me.,I have a strong sense of purpose in life.,I believe most things happen for a reason.
Spiritual,I believe life has nothing to do with fate and God.,1,30,30,To what extent do you lead a purposeful and meaningful life?,"I judge myself by what I think is important, not by the values of what others think is important.",To what extent do you feel you have a sense of direction in your life?,Sometimes fate or God helps me.,I have a strong sense of purpose in life.,I believe most things happen for a reason.
Spiritual,i believe that things happen for a reason.,1,30,30,To what extent do you lead a purposeful and meaningful life?,"I judge myself by what I think is important, not by the values of what others think is important.",To what extent do you feel you have a sense of direction in your life?,Sometimes fate or God helps me.,I have a strong sense of purpose in life.,I believe most things happen for a reason.
Spiritual,I believe I have the best sense of purpose in life.,1,30,30,To what extent do you lead a purposeful and meaningful life?,"I judge myself by what I think is important, not by the values of what others think is important.",To what extent do you feel you have a sense of direction in your life?,Sometimes fate or God helps me.,I have a strong sense of purpose in life.,I believe most things happen for a reason.
Spiritual,To what extent do you feel you lead a meaningful life?,1,30,30,To what extent do you lead a purposeful and meaningful life?,"I judge myself by what I think is important, not by the values of what others think is important.",To what extent do you feel you have a sense of direction in your life?,Sometimes fate or God helps me.,I have a strong sense of purpose in life.,I believe most things happen for a reason.
Spiritual,I believe life is about reason.,1,30,30,To what extent do you lead a purposeful and meaningful life?,"I judge myself by what I think is important, not by the values of what others think is important.",To what extent do you feel you have a sense of direction in your life?,Sometimes fate or God helps me.,I have a strong sense of purpose in life.,I believe most things happen for a reason.
Spiritual,I believe in a solid foundation.,1,30,30,To what extent do you lead a purposeful and meaningful life?,"I judge myself by what I think is important, not by the values of what others think is important.",To what extent do you feel you have a sense of direction in your life?,Sometimes fate or God helps me.,I have a strong sense of purpose in life.,I believe most things happen for a reason.
Spiritual,I believe my spirituality has been influenced by the Universe.,1,30,30,To what extent do you lead a purposeful and meaningful life?,"I judge myself by what I think is important, not by the values of what others think is important.",To what extent do you feel you have a sense of direction in your life?,Sometimes fate or God helps me.,I have a strong sense of purpose in life.,I believe most things happen for a reason.
Spiritual,I believe that the world is full of void.,1,30,30,To what extent do you lead a purposeful and meaningful life?,"I judge myself by what I think is important, not by the values of what others think is important.",To what extent do you feel you have a sense of direction in your life?,Sometimes fate or God helps me.,I have a strong sense of purpose in life.,I believe most things happen for a reason.
