qid,text,answer,source,text_norm
CD_RISC_22,I feel like I am in control.,Emotional,Human01,I feel like I am in control
CD_RISC_22,I feel like I am in control.,Emotional,Human02,I feel like I am in control
CD_RISC_22,I feel like I am in control.,Spiritual,Human03,I feel like I am in control
CD_RISC_22,I feel like I am in control.,Emotional,Human04,I feel like I am in control
CD_RISC_22,I feel like I am in control.,Environmental,Human05,I feel like I am in control
CD_RISC_22,I feel like I am in control.,Emotional,Human06,I feel like I am in control
CD_RISC_22,I feel like I am in control.,Emotional,Human07,I feel like I am in control
CD_RISC_22,I feel like I am in control.,Emotional,Human08,I feel like I am in control
CD_RISC_22,I feel like I am in control.,Emotional,Human09,I feel like I am in control
CD_RISC_22,I feel like I am in control.,Emotional,Human10,I feel like I am in control
CD_RISC_22,I feel like I am in control.,Emotional,Human11,I feel like I am in control
CD_RISC_22,I feel like I am in control.,Environmental,Human12,I feel like I am in control
CD_RISC_22,I feel like I am in control.,Emotional,Human13,I feel like I am in control
CD_RISC_22,I feel like I am in control.,Emotional,Human14,I feel like I am in control
CD_RISC_22,I feel like I am in control.,Spiritual,Human15,I feel like I am in control
CD_RISC_22,I feel like I am in control.,Emotional,Human16,I feel like I am in control
CD_RISC_22,I feel like I am in control.,Emotional,Human17,I feel like I am in control
CD_RISC_22,I feel like I am in control.,Emotional,Human18,I feel like I am in control
CD_RISC_22,I feel like I am in control.,Environmental,Human19,I feel like I am in control
CD_RISC_22,I feel like I am in control.,Emotional,Human20,I feel like I am in control
CD_RISC_22,I feel like I am in control.,Spiritual,Human21,I feel like I am in control
CD_RISC_22,I feel like I am in control.,Spiritual,Human22,I feel like I am in control
CD_RISC_22,I feel like I am in control.,Environmental,Human23,I feel like I am in control
CD_RISC_22,I feel like I am in control.,Emotional,Human24,I feel like I am in control
CD_RISC_22,I feel like I am in control.,Intellectual,Human25,I feel like I am in control
CD_RISC_22,I feel like I am in control.,Spiritual,Human26,I feel like I am in control
CD_RISC_22,I feel like I am in control.,Spiritual,Human27,I feel like I am in control
CD_RISC_22,I feel like I am in control.,Environmental,Human28,I feel like I am in control
CD_RISC_22,I feel like I am in control.2,Emotional,Human01,I feel like I am in control
CD_RISC_22,I feel like I am in control.2,Emotional,Human02,I feel like I am in control
CD_RISC_22,I feel like I am in control.2,Spiritual,Human03,I feel like I am in control
CD_RISC_22,I feel like I am in control.2,Emotional,Human04,I feel like I am in control
CD_RISC_22,I feel like I am in control.2,Environmental,Human05,I feel like I am in control
CD_RISC_22,I feel like I am in control.2,Emotional,Human06,I feel like I am in control
CD_RISC_22,I feel like I am in control.2,Emotional,Human07,I feel like I am in control
CD_RISC_22,I feel like I am in control.2,Occupational,Human08,I feel like I am in control
CD_RISC_22,I feel like I am in control.2,Emotional,Human09,I feel like I am in control
CD_RISC_22,I feel like I am in control.2,Emotional,Human10,I feel like I am in control
CD_RISC_22,I feel like I am in control.2,Emotional,Human11,I feel like I am in control
CD_RISC_22,I feel like I am in control.2,Environmental,Human12,I feel like I am in control
CD_RISC_22,I feel like I am in control.2,Emotional,Human13,I feel like I am in control
CD_RISC_22,I feel like I am in control.2,Emotional,Human14,I feel like I am in control
CD_RISC_22,I feel like I am in control.2,Spiritual,Human15,I feel like I am in control
CD_RISC_22,I feel like I am in control.2,Emotional,Human16,I feel like I am in control
CD_RISC_22,I feel like I am in control.2,Emotional,Human17,I feel like I am in control
CD_RISC_22,I feel like I am in control.2,Emotional,Human18,I feel like I am in control
CD_RISC_22,I feel like I am in control.2,Environmental,Human19,I feel like I am in control
CD_RISC_22,I feel like I am in control.2,Emotional,Human20,I feel like I am in control
CD_RISC_22,I feel like I am in control.2,Spiritual,Human21,I feel like I am in control
CD_RISC_22,I feel like I am in control.2,Spiritual,Human22,I feel like I am in control
CD_RISC_22,I feel like I am in control.2,Occupational,Human23,I feel like I am in control
CD_RISC_22,I feel like I am in control.2,Emotional,Human24,I feel like I am in control
CD_RISC_22,I feel like I am in control.2,Intellectual,Human25,I feel like I am in control
CD_RISC_22,I feel like I am in control.2,Spiritual,Human26,I feel like I am in control
CD_RISC_22,I feel like I am in control.2,Spiritual,Human27,I feel like I am in control
CD_RISC_22,I feel like I am in control.2,Social,Human28,I feel like I am in control
CD_RISC_22,I feel like I am in control.3,Emotional,Human01,I feel like I am in control
CD_RISC_22,I feel like I am in control.3,Emotional,Human02,I feel like I am in control
CD_RISC_22,I feel like I am in control.3,Spiritual,Human03,I feel like I am in control
CD_RISC_22,I feel like I am in control.3,Emotional,Human04,I feel like I am in control
CD_RISC_22,I feel like I am in control.3,Environmental,Human05,I feel like I am in control
CD_RISC_22,I feel like I am in control.3,Emotional,Human06,I feel like I am in control
CD_RISC_22,I feel like I am in control.3,Emotional,Human07,I feel like I am in control
CD_RISC_22,I feel like I am in control.3,Spiritual,Human08,I feel like I am in control
CD_RISC_22,I feel like I am in control.3,Emotional,Human09,I feel like I am in control
CD_RISC_22,I feel like I am in control.3,Emotional,Human10,I feel like I am in control
CD_RISC_22,I feel like I am in control.3,Emotional,Human11,I feel like I am in control
CD_RISC_22,I feel like I am in control.3,Environmental,Human12,I feel like I am in control
CD_RISC_22,I feel like I am in control.3,Emotional,Human13,I feel like I am in control
CD_RISC_22,I feel like I am in control.3,Emotional,Human14,I feel like I am in control
CD_RISC_22,I feel like I am in control.3,Spiritual,Human15,I feel like I am in control
CD_RISC_22,I feel like I am in control.3,Emotional,Human16,I feel like I am in control
CD_RISC_22,I feel like I am in control.3,Emotional,Human17,I feel like I am in control
CD_RISC_22,I feel like I am in control.3,Emotional,Human18,I feel like I am in control
CD_RISC_22,I feel like I am in control.3,Environmental,Human19,I feel like I am in control
CD_RISC_22,I feel like I am in control.3,Emotional,Human20,I feel like I am in control
CD_RISC_22,I feel like I am in control.3,Spiritual,Human21,I feel like I am in control
CD_RISC_22,I feel like I am in control.3,Spiritual,Human22,I feel like I am in control
CD_RISC_22,I feel like I am in control.3,Emotional,Human23,I feel like I am in control
CD_RISC_22,I feel like I am in control.3,Emotional,Human24,I feel like I am in control
CD_RISC_22,I feel like I am in control.3,Intellectual,Human25,I feel like I am in control
CD_RISC_22,I feel like I am in control.3,Spiritual,Human26,I feel like I am in control
CD_RISC_22,I feel like I am in control.3,Spiritual,Human27,I feel like I am in control
CD_RISC_22,I feel like I am in control.3,Emotional,Human28,I feel like I am in control
PWB_1,I like most parts of my personality.,Emotional,Human01,I like most parts of my personality
PWB_1,I like most parts of my personality.,Emotional,Human02,I like most parts of my personality
PWB_1,I like most parts of my personality.,Emotional,Human03,I like most parts of my personality
PWB_1,I like most parts of my personality.,Emotional,Human04,I like most parts of my personality
PWB_1,I like most parts of my personality.,Emotional,Human05,I like most parts of my personality
PWB_1,I like most parts of my personality.,Emotional,Human06,I like most parts of my personality
PWB_1,I like most parts of my personality.,Emotional,Human07,I like most parts of my personality
PWB_1,I like most parts of my personality.,Emotional,Human08,I like most parts of my personality
PWB_1,I like most parts of my personality.,Emotional,Human09,I like most parts of my personality
PWB_1,I like most parts of my personality.,Emotional,Human10,I like most parts of my personality
PWB_1,I like most parts of my personality.,Emotional,Human11,I like most parts of my personality
PWB_1,I like most parts of my personality.,Emotional,Human12,I like most parts of my personality
PWB_1,I like most parts of my personality.,Emotional,Human13,I like most parts of my personality
PWB_1,I like most parts of my personality.,Emotional,Human14,I like most parts of my personality
PWB_1,I like most parts of my personality.,Emotional,Human15,I like most parts of my personality
PWB_1,I like most parts of my personality.,Emotional,Human16,I like most parts of my personality
PWB_1,I like most parts of my personality.,Emotional,Human17,I like most parts of my personality
PWB_1,I like most parts of my personality.,Spiritual,Human18,I like most parts of my personality
PWB_1,I like most parts of my personality.,Emotional,Human19,I like most parts of my personality
PWB_1,I like most parts of my personality.,Emotional,Human20,I like most parts of my personality
PWB_1,I like most parts of my personality.,Emotional,Human21,I like most parts of my personality
PWB_1,I like most parts of my personality.,Spiritual,Human22,I like most parts of my personality
PWB_1,I like most parts of my personality.,Spiritual,Human23,I like most parts of my personality
PWB_1,I like most parts of my personality.,Emotional,Human24,I like most parts of my personality
PWB_1,I like most parts of my personality.,Emotional,Human25,I like most parts of my personality
PWB_1,I like most parts of my personality.,Emotional,Human26,I like most parts of my personality
PWB_1,I like most parts of my personality.,Emotional,Human27,I like most parts of my personality
PWB_1,I like most parts of my personality.,Emotional,Human28,I like most parts of my personality
PWB_1,I like most parts of my personality.2,Emotional,Human01,I like most parts of my personality
PWB_1,I like most parts of my personality.2,Emotional,Human02,I like most parts of my personality
PWB_1,I like most parts of my personality.2,Emotional,Human03,I like most parts of my personality
PWB_1,I like most parts of my personality.2,Emotional,Human04,I like most parts of my personality
PWB_1,I like most parts of my personality.2,Emotional,Human05,I like most parts of my personality
PWB_1,I like most parts of my personality.2,Emotional,Human06,I like most parts of my personality
PWB_1,I like most parts of my personality.2,Spiritual,Human07,I like most parts of my personality
PWB_1,I like most parts of my personality.2,Social,Human08,I like most parts of my personality
PWB_1,I like most parts of my personality.2,Emotional,Human09,I like most parts of my personality
PWB_1,I like most parts of my personality.2,Emotional,Human10,I like most parts of my personality
PWB_1,I like most parts of my personality.2,Emotional,Human11,I like most parts of my personality
PWB_1,I like most parts of my personality.2,Emotional,Human12,I like most parts of my personality
PWB_1,I like most parts of my personality.2,Emotional,Human13,I like most parts of my personality
PWB_1,I like most parts of my personality.2,Emotional,Human14,I like most parts of my personality
PWB_1,I like most parts of my personality.2,Emotional,Human15,I like most parts of my personality
PWB_1,I like most parts of my personality.2,Emotional,Human16,I like most parts of my personality
PWB_1,I like most parts of my personality.2,Emotional,Human17,I like most parts of my personality
PWB_1,I like most parts of my personality.2,Spiritual,Human18,I like most parts of my personality
PWB_1,I like most parts of my personality.2,Emotional,Human19,I like most parts of my personality
PWB_1,I like most parts of my personality.2,Emotional,Human20,I like most parts of my personality
PWB_1,I like most parts of my personality.2,Emotional,Human21,I like most parts of my personality
PWB_1,I like most parts of my personality.2,Emotional,Human22,I like most parts of my personality
PWB_1,I like most parts of my personality.2,Spiritual,Human23,I like most parts of my personality
PWB_1,I like most parts of my personality.2,Physical,Human24,I like most parts of my personality
PWB_1,I like most parts of my personality.2,Spiritual,Human25,I like most parts of my personality
PWB_1,I like most parts of my personality.2,Emotional,Human26,I like most parts of my personality
PWB_1,I like most parts of my personality.2,Emotional,Human27,I like most parts of my personality
PWB_1,I like most parts of my personality.2,Emotional,Human28,I like most parts of my personality
PWB_1,I like most parts of my personality.3,Emotional,Human01,I like most parts of my personality
PWB_1,I like most parts of my personality.3,Emotional,Human02,I like most parts of my personality
PWB_1,I like most parts of my personality.3,Emotional,Human03,I like most parts of my personality
PWB_1,I like most parts of my personality.3,Emotional,Human04,I like most parts of my personality
PWB_1,I like most parts of my personality.3,Emotional,Human05,I like most parts of my personality
PWB_1,I like most parts of my personality.3,Emotional,Human06,I like most parts of my personality
PWB_1,I like most parts of my personality.3,Spiritual,Human07,I like most parts of my personality
PWB_1,I like most parts of my personality.3,Social,Human08,I like most parts of my personality
PWB_1,I like most parts of my personality.3,Emotional,Human09,I like most parts of my personality
PWB_1,I like most parts of my personality.3,Emotional,Human10,I like most parts of my personality
PWB_1,I like most parts of my personality.3,Emotional,Human11,I like most parts of my personality
PWB_1,I like most parts of my personality.3,Emotional,Human12,I like most parts of my personality
PWB_1,I like most parts of my personality.3,Emotional,Human13,I like most parts of my personality
PWB_1,I like most parts of my personality.3,Emotional,Human14,I like most parts of my personality
PWB_1,I like most parts of my personality.3,Emotional,Human15,I like most parts of my personality
PWB_1,I like most parts of my personality.3,Emotional,Human16,I like most parts of my personality
PWB_1,I like most parts of my personality.3,Emotional,Human17,I like most parts of my personality
PWB_1,I like most parts of my personality.3,Intellectual,Human18,I like most parts of my personality
PWB_1,I like most parts of my personality.3,Emotional,Human19,I like most parts of my personality
PWB_1,I like most parts of my personality.3,Emotional,Human20,I like most parts of my personality
PWB_1,I like most parts of my personality.3,Emotional,Human21,I like most parts of my personality
PWB_1,I like most parts of my personality.3,Emotional,Human22,I like most parts of my personality
PWB_1,I like most parts of my personality.3,Spiritual,Human23,I like most parts of my personality
PWB_1,I like most parts of my personality.3,Emotional,Human24,I like most parts of my personality
PWB_1,I like most parts of my personality.3,Spiritual,Human25,I like most parts of my personality
PWB_1,I like most parts of my personality.3,Emotional,Human26,I like most parts of my personality
PWB_1,I like most parts of my personality.3,Emotional,Human27,I like most parts of my personality
PWB_1,I like most parts of my personality.3,Emotional,Human28,I like most parts of my personality
PWB_1,I like most parts of my personality.4,Emotional,Human01,I like most parts of my personality
PWB_1,I like most parts of my personality.4,Emotional,Human02,I like most parts of my personality
PWB_1,I like most parts of my personality.4,Emotional,Human03,I like most parts of my personality
PWB_1,I like most parts of my personality.4,Emotional,Human04,I like most parts of my personality
PWB_1,I like most parts of my personality.4,Emotional,Human05,I like most parts of my personality
PWB_1,I like most parts of my personality.4,Emotional,Human06,I like most parts of my personality
PWB_1,I like most parts of my personality.4,Spiritual,Human07,I like most parts of my personality
PWB_1,I like most parts of my personality.4,Social,Human08,I like most parts of my personality
PWB_1,I like most parts of my personality.4,Emotional,Human09,I like most parts of my personality
PWB_1,I like most parts of my personality.4,Emotional,Human10,I like most parts of my personality
PWB_1,I like most parts of my personality.4,Emotional,Human11,I like most parts of my personality
PWB_1,I like most parts of my personality.4,Emotional,Human12,I like most parts of my personality
PWB_1,I like most parts of my personality.4,Emotional,Human13,I like most parts of my personality
PWB_1,I like most parts of my personality.4,Emotional,Human14,I like most parts of my personality
PWB_1,I like most parts of my personality.4,Emotional,Human15,I like most parts of my personality
PWB_1,I like most parts of my personality.4,Emotional,Human16,I like most parts of my personality
PWB_1,I like most parts of my personality.4,Emotional,Human17,I like most parts of my personality
PWB_1,I like most parts of my personality.4,Environmental,Human18,I like most parts of my personality
PWB_1,I like most parts of my personality.4,Emotional,Human19,I like most parts of my personality
PWB_1,I like most parts of my personality.4,Emotional,Human20,I like most parts of my personality
PWB_1,I like most parts of my personality.4,Emotional,Human21,I like most parts of my personality
PWB_1,I like most parts of my personality.4,Emotional,Human22,I like most parts of my personality
PWB_1,I like most parts of my personality.4,Spiritual,Human23,I like most parts of my personality
PWB_1,I like most parts of my personality.4,Emotional,Human24,I like most parts of my personality
PWB_1,I like most parts of my personality.4,Spiritual,Human25,I like most parts of my personality
PWB_1,I like most parts of my personality.4,Emotional,Human26,I like most parts of my personality
PWB_1,I like most parts of my personality.4,Social,Human27,I like most parts of my personality
PWB_1,I like most parts of my personality.4,Emotional,Human28,I like most parts of my personality
PWB_10,I sometimes feel as if I've done all there is to do in life.,Emotional,Human01,I sometimes feel as if I've done all there is to do in life
PWB_10,I sometimes feel as if I've done all there is to do in life.,Emotional,Human02,I sometimes feel as if I've done all there is to do in life
PWB_10,I sometimes feel as if I've done all there is to do in life.,Emotional,Human03,I sometimes feel as if I've done all there is to do in life
PWB_10,I sometimes feel as if I've done all there is to do in life.,Spiritual,Human04,I sometimes feel as if I've done all there is to do in life
PWB_10,I sometimes feel as if I've done all there is to do in life.,Spiritual,Human05,I sometimes feel as if I've done all there is to do in life
PWB_10,I sometimes feel as if I've done all there is to do in life.,Spiritual,Human06,I sometimes feel as if I've done all there is to do in life
PWB_10,I sometimes feel as if I've done all there is to do in life.,Spiritual,Human07,I sometimes feel as if I've done all there is to do in life
PWB_10,I sometimes feel as if I've done all there is to do in life.,Spiritual,Human08,I sometimes feel as if I've done all there is to do in life
PWB_10,I sometimes feel as if I've done all there is to do in life.,Emotional,Human09,I sometimes feel as if I've done all there is to do in life
PWB_10,I sometimes feel as if I've done all there is to do in life.,Spiritual,Human10,I sometimes feel as if I've done all there is to do in life
PWB_10,I sometimes feel as if I've done all there is to do in life.,Spiritual,Human11,I sometimes feel as if I've done all there is to do in life
PWB_10,I sometimes feel as if I've done all there is to do in life.,Spiritual,Human12,I sometimes feel as if I've done all there is to do in life
PWB_10,I sometimes feel as if I've done all there is to do in life.,Spiritual,Human13,I sometimes feel as if I've done all there is to do in life
PWB_10,I sometimes feel as if I've done all there is to do in life.,Intellectual,Human14,I sometimes feel as if I've done all there is to do in life
PWB_10,I sometimes feel as if I've done all there is to do in life.,Spiritual,Human15,I sometimes feel as if I've done all there is to do in life
PWB_10,I sometimes feel as if I've done all there is to do in life.,Occupational,Human16,I sometimes feel as if I've done all there is to do in life
PWB_10,I sometimes feel as if I've done all there is to do in life.,Spiritual,Human17,I sometimes feel as if I've done all there is to do in life
PWB_10,I sometimes feel as if I've done all there is to do in life.,Spiritual,Human18,I sometimes feel as if I've done all there is to do in life
PWB_10,I sometimes feel as if I've done all there is to do in life.,Occupational,Human19,I sometimes feel as if I've done all there is to do in life
PWB_10,I sometimes feel as if I've done all there is to do in life.,Spiritual,Human20,I sometimes feel as if I've done all there is to do in life
PWB_10,I sometimes feel as if I've done all there is to do in life.,Spiritual,Human21,I sometimes feel as if I've done all there is to do in life
PWB_10,I sometimes feel as if I've done all there is to do in life.,Spiritual,Human22,I sometimes feel as if I've done all there is to do in life
PWB_10,I sometimes feel as if I've done all there is to do in life.,Social,Human23,I sometimes feel as if I've done all there is to do in life
PWB_10,I sometimes feel as if I've done all there is to do in life.,Occupational,Human24,I sometimes feel as if I've done all there is to do in life
PWB_10,I sometimes feel as if I've done all there is to do in life.,Spiritual,Human25,I sometimes feel as if I've done all there is to do in life
PWB_10,I sometimes feel as if I've done all there is to do in life.,Spiritual,Human26,I sometimes feel as if I've done all there is to do in life
PWB_10,I sometimes feel as if I've done all there is to do in life.,Spiritual,Human27,I sometimes feel as if I've done all there is to do in life
PWB_10,I sometimes feel as if I've done all there is to do in life.,Intellectual,Human28,I sometimes feel as if I've done all there is to do in life
PWB_10,I sometimes feel as if I've done all there is to do in life.2,Emotional,Human01,I sometimes feel as if I've done all there is to do in life
PWB_10,I sometimes feel as if I've done all there is to do in life.2,Emotional,Human02,I sometimes feel as if I've done all there is to do in life
PWB_10,I sometimes feel as if I've done all there is to do in life.2,Emotional,Human03,I sometimes feel as if I've done all there is to do in life
PWB_10,I sometimes feel as if I've done all there is to do in life.2,Spiritual,Human04,I sometimes feel as if I've done all there is to do in life
PWB_10,I sometimes feel as if I've done all there is to do in life.2,Spiritual,Human05,I sometimes feel as if I've done all there is to do in life
PWB_10,I sometimes feel as if I've done all there is to do in life.2,Spiritual,Human06,I sometimes feel as if I've done all there is to do in life
PWB_10,I sometimes feel as if I've done all there is to do in life.2,Emotional,Human07,I sometimes feel as if I've done all there is to do in life
PWB_10,I sometimes feel as if I've done all there is to do in life.2,Spiritual,Human08,I sometimes feel as if I've done all there is to do in life
PWB_10,I sometimes feel as if I've done all there is to do in life.2,Emotional,Human09,I sometimes feel as if I've done all there is to do in life
PWB_10,I sometimes feel as if I've done all there is to do in life.2,Spiritual,Human10,I sometimes feel as if I've done all there is to do in life
PWB_10,I sometimes feel as if I've done all there is to do in life.2,Spiritual,Human11,I sometimes feel as if I've done all there is to do in life
PWB_10,I sometimes feel as if I've done all there is to do in life.2,Spiritual,Human12,I sometimes feel as if I've done all there is to do in life
PWB_10,I sometimes feel as if I've done all there is to do in life.2,Spiritual,Human13,I sometimes feel as if I've done all there is to do in life
PWB_10,I sometimes feel as if I've done all there is to do in life.2,Intellectual,Human14,I sometimes feel as if I've done all there is to do in life
PWB_10,I sometimes feel as if I've done all there is to do in life.2,Spiritual,Human15,I sometimes feel as if I've done all there is to do in life
PWB_10,I sometimes feel as if I've done all there is to do in life.2,Occupational,Human16,I sometimes feel as if I've done all there is to do in life
PWB_10,I sometimes feel as if I've done all there is to do in life.2,Emotional,Human17,I sometimes feel as if I've done all there is to do in life
PWB_10,I sometimes feel as if I've done all there is to do in life.2,Emotional,Human18,I sometimes feel as if I've done all there is to do in life
PWB_10,I sometimes feel as if I've done all there is to do in life.2,Intellectual,Human19,I sometimes feel as if I've done all there is to do in life
PWB_10,I sometimes feel as if I've done all there is to do in life.2,Spiritual,Human20,I sometimes feel as if I've done all there is to do in life
PWB_10,I sometimes feel as if I've done all there is to do in life.2,Spiritual,Human21,I sometimes feel as if I've done all there is to do in life
PWB_10,I sometimes feel as if I've done all there is to do in life.2,Spiritual,Human22,I sometimes feel as if I've done all there is to do in life
PWB_10,I sometimes feel as if I've done all there is to do in life.2,Occupational,Human23,I sometimes feel as if I've done all there is to do in life
PWB_10,I sometimes feel as if I've done all there is to do in life.2,Occupational,Human24,I sometimes feel as if I've done all there is to do in life
PWB_10,I sometimes feel as if I've done all there is to do in life.2,Spiritual,Human25,I sometimes feel as if I've done all there is to do in life
PWB_10,I sometimes feel as if I've done all there is to do in life.2,Spiritual,Human26,I sometimes feel as if I've done all there is to do in life
PWB_10,I sometimes feel as if I've done all there is to do in life.2,Spiritual,Human27,I sometimes feel as if I've done all there is to do in life
PWB_10,I sometimes feel as if I've done all there is to do in life.2,Intellectual,Human28,I sometimes feel as if I've done all there is to do in life
PWB_10,I sometimes feel as if I've done all there is to do in life.3,Emotional,Human01,I sometimes feel as if I've done all there is to do in life
PWB_10,I sometimes feel as if I've done all there is to do in life.3,Emotional,Human02,I sometimes feel as if I've done all there is to do in life
PWB_10,I sometimes feel as if I've done all there is to do in life.3,Intellectual,Human03,I sometimes feel as if I've done all there is to do in life
PWB_10,I sometimes feel as if I've done all there is to do in life.3,Spiritual,Human04,I sometimes feel as if I've done all there is to do in life
PWB_10,I sometimes feel as if I've done all there is to do in life.3,Spiritual,Human05,I sometimes feel as if I've done all there is to do in life
PWB_10,I sometimes feel as if I've done all there is to do in life.3,Spiritual,Human06,I sometimes feel as if I've done all there is to do in life
PWB_10,I sometimes feel as if I've done all there is to do in life.3,Spiritual,Human07,I sometimes feel as if I've done all there is to do in life
PWB_10,I sometimes feel as if I've done all there is to do in life.3,Spiritual,Human08,I sometimes feel as if I've done all there is to do in life
PWB_10,I sometimes feel as if I've done all there is to do in life.3,Emotional,Human09,I sometimes feel as if I've done all there is to do in life
PWB_10,I sometimes feel as if I've done all there is to do in life.3,Spiritual,Human10,I sometimes feel as if I've done all there is to do in life
PWB_10,I sometimes feel as if I've done all there is to do in life.3,Spiritual,Human11,I sometimes feel as if I've done all there is to do in life
PWB_10,I sometimes feel as if I've done all there is to do in life.3,Spiritual,Human12,I sometimes feel as if I've done all there is to do in life
PWB_10,I sometimes feel as if I've done all there is to do in life.3,Spiritual,Human13,I sometimes feel as if I've done all there is to do in life
PWB_10,I sometimes feel as if I've done all there is to do in life.3,Intellectual,Human14,I sometimes feel as if I've done all there is to do in life
PWB_10,I sometimes feel as if I've done all there is to do in life.3,Emotional,Human15,I sometimes feel as if I've done all there is to do in life
PWB_10,I sometimes feel as if I've done all there is to do in life.3,Occupational,Human16,I sometimes feel as if I've done all there is to do in life
PWB_10,I sometimes feel as if I've done all there is to do in life.3,Emotional,Human17,I sometimes feel as if I've done all there is to do in life
PWB_10,I sometimes feel as if I've done all there is to do in life.3,Intellectual,Human18,I sometimes feel as if I've done all there is to do in life
PWB_10,I sometimes feel as if I've done all there is to do in life.3,Occupational,Human19,I sometimes feel as if I've done all there is to do in life
PWB_10,I sometimes feel as if I've done all there is to do in life.3,Spiritual,Human20,I sometimes feel as if I've done all there is to do in life
PWB_10,I sometimes feel as if I've done all there is to do in life.3,Spiritual,Human21,I sometimes feel as if I've done all there is to do in life
PWB_10,I sometimes feel as if I've done all there is to do in life.3,Spiritual,Human22,I sometimes feel as if I've done all there is to do in life
PWB_10,I sometimes feel as if I've done all there is to do in life.3,Occupational,Human23,I sometimes feel as if I've done all there is to do in life
PWB_10,I sometimes feel as if I've done all there is to do in life.3,Occupational,Human24,I sometimes feel as if I've done all there is to do in life
PWB_10,I sometimes feel as if I've done all there is to do in life.3,Spiritual,Human25,I sometimes feel as if I've done all there is to do in life
PWB_10,I sometimes feel as if I've done all there is to do in life.3,Spiritual,Human26,I sometimes feel as if I've done all there is to do in life
PWB_10,I sometimes feel as if I've done all there is to do in life.3,Spiritual,Human27,I sometimes feel as if I've done all there is to do in life
PWB_10,I sometimes feel as if I've done all there is to do in life.3,Environmental,Human28,I sometimes feel as if I've done all there is to do in life
PWB_10,I sometimes feel as if I've done all there is to do in life.4,Emotional,Human01,I sometimes feel as if I've done all there is to do in life
PWB_10,I sometimes feel as if I've done all there is to do in life.4,Emotional,Human02,I sometimes feel as if I've done all there is to do in life
PWB_10,I sometimes feel as if I've done all there is to do in life.4,Emotional,Human03,I sometimes feel as if I've done all there is to do in life
PWB_10,I sometimes feel as if I've done all there is to do in life.4,Spiritual,Human04,I sometimes feel as if I've done all there is to do in life
PWB_10,I sometimes feel as if I've done all there is to do in life.4,Spiritual,Human05,I sometimes feel as if I've done all there is to do in life
PWB_10,I sometimes feel as if I've done all there is to do in life.4,Spiritual,Human06,I sometimes feel as if I've done all there is to do in life
PWB_10,I sometimes feel as if I've done all there is to do in life.4,Spiritual,Human07,I sometimes feel as if I've done all there is to do in life
PWB_10,I sometimes feel as if I've done all there is to do in life.4,Spiritual,Human08,I sometimes feel as if I've done all there is to do in life
PWB_10,I sometimes feel as if I've done all there is to do in life.4,Emotional,Human09,I sometimes feel as if I've done all there is to do in life
PWB_10,I sometimes feel as if I've done all there is to do in life.4,Spiritual,Human10,I sometimes feel as if I've done all there is to do in life
PWB_10,I sometimes feel as if I've done all there is to do in life.4,Spiritual,Human11,I sometimes feel as if I've done all there is to do in life
PWB_10,I sometimes feel as if I've done all there is to do in life.4,Spiritual,Human12,I sometimes feel as if I've done all there is to do in life
PWB_10,I sometimes feel as if I've done all there is to do in life.4,Spiritual,Human13,I sometimes feel as if I've done all there is to do in life
PWB_10,I sometimes feel as if I've done all there is to do in life.4,Intellectual,Human14,I sometimes feel as if I've done all there is to do in life
PWB_10,I sometimes feel as if I've done all there is to do in life.4,Emotional,Human15,I sometimes feel as if I've done all there is to do in life
PWB_10,I sometimes feel as if I've done all there is to do in life.4,Occupational,Human16,I sometimes feel as if I've done all there is to do in life
PWB_10,I sometimes feel as if I've done all there is to do in life.4,Spiritual,Human17,I sometimes feel as if I've done all there is to do in life
PWB_10,I sometimes feel as if I've done all there is to do in life.4,Environmental,Human18,I sometimes feel as if I've done all there is to do in life
PWB_10,I sometimes feel as if I've done all there is to do in life.4,Emotional,Human19,I sometimes feel as if I've done all there is to do in life
PWB_10,I sometimes feel as if I've done all there is to do in life.4,Spiritual,Human20,I sometimes feel as if I've done all there is to do in life
PWB_10,I sometimes feel as if I've done all there is to do in life.4,Spiritual,Human21,I sometimes feel as if I've done all there is to do in life
PWB_10,I sometimes feel as if I've done all there is to do in life.4,Spiritual,Human22,I sometimes feel as if I've done all there is to do in life
PWB_10,I sometimes feel as if I've done all there is to do in life.4,Occupational,Human23,I sometimes feel as if I've done all there is to do in life
PWB_10,I sometimes feel as if I've done all there is to do in life.4,Occupational,Human24,I sometimes feel as if I've done all there is to do in life
PWB_10,I sometimes feel as if I've done all there is to do in life.4,Spiritual,Human25,I sometimes feel as if I've done all there is to do in life
PWB_10,I sometimes feel as if I've done all there is to do in life.4,Spiritual,Human26,I sometimes feel as if I've done all there is to do in life
PWB_10,I sometimes feel as if I've done all there is to do in life.4,Spiritual,Human27,I sometimes feel as if I've done all there is to do in life
PWB_10,I sometimes feel as if I've done all there is to do in life.4,Environmental,Human28,I sometimes feel as if I've done all there is to do in life
PWB_10,I sometimes feel as if I've done all there is to do in life.5,Emotional,Human01,I sometimes feel as if I've done all there is to do in life
PWB_10,I sometimes feel as if I've done all there is to do in life.5,Emotional,Human02,I sometimes feel as if I've done all there is to do in life
PWB_10,I sometimes feel as if I've done all there is to do in life.5,Emotional,Human03,I sometimes feel as if I've done all there is to do in life
PWB_10,I sometimes feel as if I've done all there is to do in life.5,Spiritual,Human04,I sometimes feel as if I've done all there is to do in life
PWB_10,I sometimes feel as if I've done all there is to do in life.5,Spiritual,Human05,I sometimes feel as if I've done all there is to do in life
PWB_10,I sometimes feel as if I've done all there is to do in life.5,Spiritual,Human06,I sometimes feel as if I've done all there is to do in life
PWB_10,I sometimes feel as if I've done all there is to do in life.5,Spiritual,Human07,I sometimes feel as if I've done all there is to do in life
PWB_10,I sometimes feel as if I've done all there is to do in life.5,Spiritual,Human08,I sometimes feel as if I've done all there is to do in life
PWB_10,I sometimes feel as if I've done all there is to do in life.5,Emotional,Human09,I sometimes feel as if I've done all there is to do in life
PWB_10,I sometimes feel as if I've done all there is to do in life.5,Spiritual,Human10,I sometimes feel as if I've done all there is to do in life
PWB_10,I sometimes feel as if I've done all there is to do in life.5,Spiritual,Human11,I sometimes feel as if I've done all there is to do in life
PWB_10,I sometimes feel as if I've done all there is to do in life.5,Spiritual,Human12,I sometimes feel as if I've done all there is to do in life
PWB_10,I sometimes feel as if I've done all there is to do in life.5,Spiritual,Human13,I sometimes feel as if I've done all there is to do in life
PWB_10,I sometimes feel as if I've done all there is to do in life.5,Intellectual,Human14,I sometimes feel as if I've done all there is to do in life
PWB_10,I sometimes feel as if I've done all there is to do in life.5,Emotional,Human15,I sometimes feel as if I've done all there is to do in life
PWB_10,I sometimes feel as if I've done all there is to do in life.5,Occupational,Human16,I sometimes feel as if I've done all there is to do in life
PWB_10,I sometimes feel as if I've done all there is to do in life.5,Social,Human17,I sometimes feel as if I've done all there is to do in life
PWB_10,I sometimes feel as if I've done all there is to do in life.5,Occupational,Human18,I sometimes feel as if I've done all there is to do in life
PWB_10,I sometimes feel as if I've done all there is to do in life.5,Emotional,Human19,I sometimes feel as if I've done all there is to do in life
PWB_10,I sometimes feel as if I've done all there is to do in life.5,Spiritual,Human20,I sometimes feel as if I've done all there is to do in life
PWB_10,I sometimes feel as if I've done all there is to do in life.5,Spiritual,Human21,I sometimes feel as if I've done all there is to do in life
PWB_10,I sometimes feel as if I've done all there is to do in life.5,Spiritual,Human22,I sometimes feel as if I've done all there is to do in life
PWB_10,I sometimes feel as if I've done all there is to do in life.5,Occupational,Human23,I sometimes feel as if I've done all there is to do in life
PWB_10,I sometimes feel as if I've done all there is to do in life.5,Occupational,Human24,I sometimes feel as if I've done all there is to do in life
PWB_10,I sometimes feel as if I've done all there is to do in life.5,Spiritual,Human25,I sometimes feel as if I've done all there is to do in life
PWB_10,I sometimes feel as if I've done all there is to do in life.5,Spiritual,Human26,I sometimes feel as if I've done all there is to do in life
PWB_10,I sometimes feel as if I've done all there is to do in life.5,Spiritual,Human27,I sometimes feel as if I've done all there is to do in life
PWB_10,I sometimes feel as if I've done all there is to do in life.5,Environmental,Human28,I sometimes feel as if I've done all there is to do in life
PWB_2,"When I look at the story of my life, I am pleased with how things have turned out so far.",Emotional,Human01,"When I look at the story of my life, I am pleased with how things have turned out so far"
PWB_2,"When I look at the story of my life, I am pleased with how things have turned out so far.",Emotional,Human02,"When I look at the story of my life, I am pleased with how things have turned out so far"
PWB_2,"When I look at the story of my life, I am pleased with how things have turned out so far.",Emotional,Human03,"When I look at the story of my life, I am pleased with how things have turned out so far"
PWB_2,"When I look at the story of my life, I am pleased with how things have turned out so far.",Emotional,Human04,"When I look at the story of my life, I am pleased with how things have turned out so far"
PWB_2,"When I look at the story of my life, I am pleased with how things have turned out so far.",Spiritual,Human05,"When I look at the story of my life, I am pleased with how things have turned out so far"
PWB_2,"When I look at the story of my life, I am pleased with how things have turned out so far.",Emotional,Human06,"When I look at the story of my life, I am pleased with how things have turned out so far"
PWB_2,"When I look at the story of my life, I am pleased with how things have turned out so far.",Spiritual,Human07,"When I look at the story of my life, I am pleased with how things have turned out so far"
PWB_2,"When I look at the story of my life, I am pleased with how things have turned out so far.",Spiritual,Human08,"When I look at the story of my life, I am pleased with how things have turned out so far"
PWB_2,"When I look at the story of my life, I am pleased with how things have turned out so far.",Emotional,Human09,"When I look at the story of my life, I am pleased with how things have turned out so far"
PWB_2,"When I look at the story of my life, I am pleased with how things have turned out so far.",Spiritual,Human10,"When I look at the story of my life, I am pleased with how things have turned out so far"
PWB_2,"When I look at the story of my life, I am pleased with how things have turned out so far.",Spiritual,Human11,"When I look at the story of my life, I am pleased with how things have turned out so far"
PWB_2,"When I look at the story of my life, I am pleased with how things have turned out so far.",Occupational,Human12,"When I look at the story of my life, I am pleased with how things have turned out so far"
PWB_2,"When I look at the story of my life, I am pleased with how things have turned out so far.",Emotional,Human13,"When I look at the story of my life, I am pleased with how things have turned out so far"
PWB_2,"When I look at the story of my life, I am pleased with how things have turned out so far.",Intellectual,Human14,"When I look at the story of my life, I am pleased with how things have turned out so far"
PWB_2,"When I look at the story of my life, I am pleased with how things have turned out so far.",Emotional,Human15,"When I look at the story of my life, I am pleased with how things have turned out so far"
PWB_2,"When I look at the story of my life, I am pleased with how things have turned out so far.",Occupational,Human16,"When I look at the story of my life, I am pleased with how things have turned out so far"
PWB_2,"When I look at the story of my life, I am pleased with how things have turned out so far.",Emotional,Human17,"When I look at the story of my life, I am pleased with how things have turned out so far"
PWB_2,"When I look at the story of my life, I am pleased with how things have turned out so far.",Social,Human18,"When I look at the story of my life, I am pleased with how things have turned out so far"
PWB_2,"When I look at the story of my life, I am pleased with how things have turned out so far.",Occupational,Human19,"When I look at the story of my life, I am pleased with how things have turned out so far"
PWB_2,"When I look at the story of my life, I am pleased with how things have turned out so far.",Spiritual,Human20,"When I look at the story of my life, I am pleased with how things have turned out so far"
PWB_2,"When I look at the story of my life, I am pleased with how things have turned out so far.",Spiritual,Human21,"When I look at the story of my life, I am pleased with how things have turned out so far"
PWB_2,"When I look at the story of my life, I am pleased with how things have turned out so far.",Spiritual,Human22,"When I look at the story of my life, I am pleased with how things have turned out so far"
PWB_2,"When I look at the story of my life, I am pleased with how things have turned out so far.",Occupational,Human23,"When I look at the story of my life, I am pleased with how things have turned out so far"
PWB_2,"When I look at the story of my life, I am pleased with how things have turned out so far.",Emotional,Human24,"When I look at the story of my life, I am pleased with how things have turned out so far"
PWB_2,"When I look at the story of my life, I am pleased with how things have turned out so far.",Spiritual,Human25,"When I look at the story of my life, I am pleased with how things have turned out so far"
PWB_2,"When I look at the story of my life, I am pleased with how things have turned out so far.",Spiritual,Human26,"When I look at the story of my life, I am pleased with how things have turned out so far"
PWB_2,"When I look at the story of my life, I am pleased with how things have turned out so far.",Spiritual,Human27,"When I look at the story of my life, I am pleased with how things have turned out so far"
PWB_2,"When I look at the story of my life, I am pleased with how things have turned out so far.",Emotional,Human28,"When I look at the story of my life, I am pleased with how things have turned out so far"
PWB_2,"When I look at the story of my life, I am pleased with how things have turned out so far.2",Emotional,Human01,"When I look at the story of my life, I am pleased with how things have turned out so far"
PWB_2,"When I look at the story of my life, I am pleased with how things have turned out so far.2",Emotional,Human02,"When I look at the story of my life, I am pleased with how things have turned out so far"
PWB_2,"When I look at the story of my life, I am pleased with how things have turned out so far.2",Spiritual,Human03,"When I look at the story of my life, I am pleased with how things have turned out so far"
PWB_2,"When I look at the story of my life, I am pleased with how things have turned out so far.2",Emotional,Human04,"When I look at the story of my life, I am pleased with how things have turned out so far"
PWB_2,"When I look at the story of my life, I am pleased with how things have turned out so far.2",Spiritual,Human05,"When I look at the story of my life, I am pleased with how things have turned out so far"
PWB_2,"When I look at the story of my life, I am pleased with how things have turned out so far.2",Emotional,Human06,"When I look at the story of my life, I am pleased with how things have turned out so far"
PWB_2,"When I look at the story of my life, I am pleased with how things have turned out so far.2",Spiritual,Human07,"When I look at the story of my life, I am pleased with how things have turned out so far"
PWB_2,"When I look at the story of my life, I am pleased with how things have turned out so far.2",Spiritual,Human08,"When I look at the story of my life, I am pleased with how things have turned out so far"
PWB_2,"When I look at the story of my life, I am pleased with how things have turned out so far.2",Occupational,Human09,"When I look at the story of my life, I am pleased with how things have turned out so far"
PWB_2,"When I look at the story of my life, I am pleased with how things have turned out so far.2",Spiritual,Human10,"When I look at the story of my life, I am pleased with how things have turned out so far"
PWB_2,"When I look at the story of my life, I am pleased with how things have turned out so far.2",Spiritual,Human11,"When I look at the story of my life, I am pleased with how things have turned out so far"
PWB_2,"When I look at the story of my life, I am pleased with how things have turned out so far.2",Emotional,Human12,"When I look at the story of my life, I am pleased with how things have turned out so far"
PWB_2,"When I look at the story of my life, I am pleased with how things have turned out so far.2",Emotional,Human13,"When I look at the story of my life, I am pleased with how things have turned out so far"
PWB_2,"When I look at the story of my life, I am pleased with how things have turned out so far.2",Intellectual,Human14,"When I look at the story of my life, I am pleased with how things have turned out so far"
PWB_2,"When I look at the story of my life, I am pleased with how things have turned out so far.2",Emotional,Human15,"When I look at the story of my life, I am pleased with how things have turned out so far"
PWB_2,"When I look at the story of my life, I am pleased with how things have turned out so far.2",Occupational,Human16,"When I look at the story of my life, I am pleased with how things have turned out so far"
PWB_2,"When I look at the story of my life, I am pleased with how things have turned out so far.2",Emotional,Human17,"When I look at the story of my life, I am pleased with how things have turned out so far"
PWB_2,"When I look at the story of my life, I am pleased with how things have turned out so far.2",Emotional,Human18,"When I look at the story of my life, I am pleased with how things have turned out so far"
PWB_2,"When I look at the story of my life, I am pleased with how things have turned out so far.2",Occupational,Human19,"When I look at the story of my life, I am pleased with how things have turned out so far"
PWB_2,"When I look at the story of my life, I am pleased with how things have turned out so far.2",Spiritual,Human20,"When I look at the story of my life, I am pleased with how things have turned out so far"
PWB_2,"When I look at the story of my life, I am pleased with how things have turned out so far.2",Social,Human21,"When I look at the story of my life, I am pleased with how things have turned out so far"
PWB_2,"When I look at the story of my life, I am pleased with how things have turned out so far.2",Spiritual,Human22,"When I look at the story of my life, I am pleased with how things have turned out so far"
PWB_2,"When I look at the story of my life, I am pleased with how things have turned out so far.2",Spiritual,Human23,"When I look at the story of my life, I am pleased with how things have turned out so far"
PWB_2,"When I look at the story of my life, I am pleased with how things have turned out so far.2",Emotional,Human24,"When I look at the story of my life, I am pleased with how things have turned out so far"
PWB_2,"When I look at the story of my life, I am pleased with how things have turned out so far.2",Spiritual,Human25,"When I look at the story of my life, I am pleased with how things have turned out so far"
PWB_2,"When I look at the story of my life, I am pleased with how things have turned out so far.2",Spiritual,Human26,"When I look at the story of my life, I am pleased with how things have turned out so far"
PWB_2,"When I look at the story of my life, I am pleased with how things have turned out so far.2",Spiritual,Human27,"When I look at the story of my life, I am pleased with how things have turned out so far"
PWB_2,"When I look at the story of my life, I am pleased with how things have turned out so far.2",Environmental,Human28,"When I look at the story of my life, I am pleased with how things have turned out so far"
PWB_2,"When I look at the story of my life, I am pleased with how things have turned out so far.3",Emotional,Human01,"When I look at the story of my life, I am pleased with how things have turned out so far"
PWB_2,"When I look at the story of my life, I am pleased with how things have turned out so far.3",Emotional,Human02,"When I look at the story of my life, I am pleased with how things have turned out so far"
PWB_2,"When I look at the story of my life, I am pleased with how things have turned out so far.3",Emotional,Human03,"When I look at the story of my life, I am pleased with how things have turned out so far"
PWB_2,"When I look at the story of my life, I am pleased with how things have turned out so far.3",Emotional,Human04,"When I look at the story of my life, I am pleased with how things have turned out so far"
PWB_2,"When I look at the story of my life, I am pleased with how things have turned out so far.3",Spiritual,Human05,"When I look at the story of my life, I am pleased with how things have turned out so far"
PWB_2,"When I look at the story of my life, I am pleased with how things have turned out so far.3",Emotional,Human06,"When I look at the story of my life, I am pleased with how things have turned out so far"
PWB_2,"When I look at the story of my life, I am pleased with how things have turned out so far.3",Emotional,Human07,"When I look at the story of my life, I am pleased with how things have turned out so far"
PWB_2,"When I look at the story of my life, I am pleased with how things have turned out so far.3",Spiritual,Human08,"When I look at the story of my life, I am pleased with how things have turned out so far"
PWB_2,"When I look at the story of my life, I am pleased with how things have turned out so far.3",Emotional,Human09,"When I look at the story of my life, I am pleased with how things have turned out so far"
PWB_2,"When I look at the story of my life, I am pleased with how things have turned out so far.3",Physical,Human10,"When I look at the story of my life, I am pleased with how things have turned out so far"
PWB_2,"When I look at the story of my life, I am pleased with how things have turned out so far.3",Spiritual,Human11,"When I look at the story of my life, I am pleased with how things have turned out so far"
PWB_2,"When I look at the story of my life, I am pleased with how things have turned out so far.3",Emotional,Human12,"When I look at the story of my life, I am pleased with how things have turned out so far"
PWB_2,"When I look at the story of my life, I am pleased with how things have turned out so far.3",Emotional,Human13,"When I look at the story of my life, I am pleased with how things have turned out so far"
PWB_2,"When I look at the story of my life, I am pleased with how things have turned out so far.3",Intellectual,Human14,"When I look at the story of my life, I am pleased with how things have turned out so far"
PWB_2,"When I look at the story of my life, I am pleased with how things have turned out so far.3",Emotional,Human15,"When I look at the story of my life, I am pleased with how things have turned out so far"
PWB_2,"When I look at the story of my life, I am pleased with how things have turned out so far.3",Occupational,Human16,"When I look at the story of my life, I am pleased with how things have turned out so far"
PWB_2,"When I look at the story of my life, I am pleased with how things have turned out so far.3",Emotional,Human17,"When I look at the story of my life, I am pleased with how things have turned out so far"
PWB_2,"When I look at the story of my life, I am pleased with how things have turned out so far.3",Emotional,Human18,"When I look at the story of my life, I am pleased with how things have turned out so far"
PWB_2,"When I look at the story of my life, I am pleased with how things have turned out so far.3",Emotional,Human19,"When I look at the story of my life, I am pleased with how things have turned out so far"
PWB_2,"When I look at the story of my life, I am pleased with how things have turned out so far.3",Spiritual,Human20,"When I look at the story of my life, I am pleased with how things have turned out so far"
PWB_2,"When I look at the story of my life, I am pleased with how things have turned out so far.3",Emotional,Human21,"When I look at the story of my life, I am pleased with how things have turned out so far"
PWB_2,"When I look at the story of my life, I am pleased with how things have turned out so far.3",Spiritual,Human22,"When I look at the story of my life, I am pleased with how things have turned out so far"
PWB_2,"When I look at the story of my life, I am pleased with how things have turned out so far.3",Spiritual,Human23,"When I look at the story of my life, I am pleased with how things have turned out so far"
PWB_2,"When I look at the story of my life, I am pleased with how things have turned out so far.3",Emotional,Human24,"When I look at the story of my life, I am pleased with how things have turned out so far"
PWB_2,"When I look at the story of my life, I am pleased with how things have turned out so far.3",Spiritual,Human25,"When I look at the story of my life, I am pleased with how things have turned out so far"
PWB_2,"When I look at the story of my life, I am pleased with how things have turned out so far.3",Spiritual,Human26,"When I look at the story of my life, I am pleased with how things have turned out so far"
PWB_2,"When I look at the story of my life, I am pleased with how things have turned out so far.3",Spiritual,Human27,"When I look at the story of my life, I am pleased with how things have turned out so far"
PWB_2,"When I look at the story of my life, I am pleased with how things have turned out so far.3",Environmental,Human28,"When I look at the story of my life, I am pleased with how things have turned out so far"
PWB_2,"When I look at the story of my life, I am pleased with how things have turned out so far.4",Emotional,Human01,"When I look at the story of my life, I am pleased with how things have turned out so far"
PWB_2,"When I look at the story of my life, I am pleased with how things have turned out so far.4",Emotional,Human02,"When I look at the story of my life, I am pleased with how things have turned out so far"
PWB_2,"When I look at the story of my life, I am pleased with how things have turned out so far.4",Emotional,Human03,"When I look at the story of my life, I am pleased with how things have turned out so far"
PWB_2,"When I look at the story of my life, I am pleased with how things have turned out so far.4",Emotional,Human04,"When I look at the story of my life, I am pleased with how things have turned out so far"
PWB_2,"When I look at the story of my life, I am pleased with how things have turned out so far.4",Spiritual,Human05,"When I look at the story of my life, I am pleased with how things have turned out so far"
PWB_2,"When I look at the story of my life, I am pleased with how things have turned out so far.4",Spiritual,Human06,"When I look at the story of my life, I am pleased with how things have turned out so far"
PWB_2,"When I look at the story of my life, I am pleased with how things have turned out so far.4",Emotional,Human07,"When I look at the story of my life, I am pleased with how things have turned out so far"
PWB_2,"When I look at the story of my life, I am pleased with how things have turned out so far.4",Spiritual,Human08,"When I look at the story of my life, I am pleased with how things have turned out so far"
PWB_2,"When I look at the story of my life, I am pleased with how things have turned out so far.4",Emotional,Human09,"When I look at the story of my life, I am pleased with how things have turned out so far"
PWB_2,"When I look at the story of my life, I am pleased with how things have turned out so far.4",Spiritual,Human10,"When I look at the story of my life, I am pleased with how things have turned out so far"
PWB_2,"When I look at the story of my life, I am pleased with how things have turned out so far.4",Spiritual,Human11,"When I look at the story of my life, I am pleased with how things have turned out so far"
PWB_2,"When I look at the story of my life, I am pleased with how things have turned out so far.4",Emotional,Human12,"When I look at the story of my life, I am pleased with how things have turned out so far"
PWB_2,"When I look at the story of my life, I am pleased with how things have turned out so far.4",Emotional,Human13,"When I look at the story of my life, I am pleased with how things have turned out so far"
PWB_2,"When I look at the story of my life, I am pleased with how things have turned out so far.4",Intellectual,Human14,"When I look at the story of my life, I am pleased with how things have turned out so far"
PWB_2,"When I look at the story of my life, I am pleased with how things have turned out so far.4",Emotional,Human15,"When I look at the story of my life, I am pleased with how things have turned out so far"
PWB_2,"When I look at the story of my life, I am pleased with how things have turned out so far.4",Occupational,Human16,"When I look at the story of my life, I am pleased with how things have turned out so far"
PWB_2,"When I look at the story of my life, I am pleased with how things have turned out so far.4",Spiritual,Human17,"When I look at the story of my life, I am pleased with how things have turned out so far"
PWB_2,"When I look at the story of my life, I am pleased with how things have turned out so far.4",Occupational,Human18,"When I look at the story of my life, I am pleased with how things have turned out so far"
PWB_2,"When I look at the story of my life, I am pleased with how things have turned out so far.4",Emotional,Human19,"When I look at the story of my life, I am pleased with how things have turned out so far"
PWB_2,"When I look at the story of my life, I am pleased with how things have turned out so far.4",Spiritual,Human20,"When I look at the story of my life, I am pleased with how things have turned out so far"
PWB_2,"When I look at the story of my life, I am pleased with how things have turned out so far.4",Emotional,Human21,"When I look at the story of my life, I am pleased with how things have turned out so far"
PWB_2,"When I look at the story of my life, I am pleased with how things have turned out so far.4",Spiritual,Human22,"When I look at the story of my life, I am pleased with how things have turned out so far"
PWB_2,"When I look at the story of my life, I am pleased with how things have turned out so far.4",Spiritual,Human23,"When I look at the story of my life, I am pleased with how things have turned out so far"
PWB_2,"When I look at the story of my life, I am pleased with how things have turned out so far.4",Emotional,Human24,"When I look at the story of my life, I am pleased with how things have turned out so far"
PWB_2,"When I look at the story of my life, I am pleased with how things have turned out so far.4",Spiritual,Human25,"When I look at the story of my life, I am pleased with how things have turned out so far"
PWB_2,"When I look at the story of my life, I am pleased with how things have turned out so far.4",Spiritual,Human26,"When I look at the story of my life, I am pleased with how things have turned out so far"
PWB_2,"When I look at the story of my life, I am pleased with how things have turned out so far.4",Spiritual,Human27,"When I look at the story of my life, I am pleased with how things have turned out so far"
PWB_2,"When I look at the story of my life, I am pleased with how things have turned out so far.4",Environmental,Human28,"When I look at the story of my life, I am pleased with how things have turned out so far"
PWB_2,"When I look at the story of my life, I am pleased with how things have turned out so far.5",Emotional,Human01,"When I look at the story of my life, I am pleased with how things have turned out so far"
PWB_2,"When I look at the story of my life, I am pleased with how things have turned out so far.5",Emotional,Human02,"When I look at the story of my life, I am pleased with how things have turned out so far"
PWB_2,"When I look at the story of my life, I am pleased with how things have turned out so far.5",Spiritual,Human03,"When I look at the story of my life, I am pleased with how things have turned out so far"
PWB_2,"When I look at the story of my life, I am pleased with how things have turned out so far.5",Emotional,Human04,"When I look at the story of my life, I am pleased with how things have turned out so far"
PWB_2,"When I look at the story of my life, I am pleased with how things have turned out so far.5",Spiritual,Human05,"When I look at the story of my life, I am pleased with how things have turned out so far"
PWB_2,"When I look at the story of my life, I am pleased with how things have turned out so far.5",Spiritual,Human06,"When I look at the story of my life, I am pleased with how things have turned out so far"
PWB_2,"When I look at the story of my life, I am pleased with how things have turned out so far.5",Spiritual,Human07,"When I look at the story of my life, I am pleased with how things have turned out so far"
PWB_2,"When I look at the story of my life, I am pleased with how things have turned out so far.5",Spiritual,Human08,"When I look at the story of my life, I am pleased with how things have turned out so far"
PWB_2,"When I look at the story of my life, I am pleased with how things have turned out so far.5",Occupational,Human09,"When I look at the story of my life, I am pleased with how things have turned out so far"
PWB_2,"When I look at the story of my life, I am pleased with how things have turned out so far.5",Spiritual,Human10,"When I look at the story of my life, I am pleased with how things have turned out so far"
PWB_2,"When I look at the story of my life, I am pleased with how things have turned out so far.5",Spiritual,Human11,"When I look at the story of my life, I am pleased with how things have turned out so far"
PWB_2,"When I look at the story of my life, I am pleased with how things have turned out so far.5",Emotional,Human12,"When I look at the story of my life, I am pleased with how things have turned out so far"
PWB_2,"When I look at the story of my life, I am pleased with how things have turned out so far.5",Emotional,Human13,"When I look at the story of my life, I am pleased with how things have turned out so far"
PWB_2,"When I look at the story of my life, I am pleased with how things have turned out so far.5",Intellectual,Human14,"When I look at the story of my life, I am pleased with how things have turned out so far"
PWB_2,"When I look at the story of my life, I am pleased with how things have turned out so far.5",Emotional,Human15,"When I look at the story of my life, I am pleased with how things have turned out so far"
PWB_2,"When I look at the story of my life, I am pleased with how things have turned out so far.5",Occupational,Human16,"When I look at the story of my life, I am pleased with how things have turned out so far"
PWB_2,"When I look at the story of my life, I am pleased with how things have turned out so far.5",Emotional,Human17,"When I look at the story of my life, I am pleased with how things have turned out so far"
PWB_2,"When I look at the story of my life, I am pleased with how things have turned out so far.5",Spiritual,Human18,"When I look at the story of my life, I am pleased with how things have turned out so far"
PWB_2,"When I look at the story of my life, I am pleased with how things have turned out so far.5",Intellectual,Human19,"When I look at the story of my life, I am pleased with how things have turned out so far"
PWB_2,"When I look at the story of my life, I am pleased with how things have turned out so far.5",Spiritual,Human20,"When I look at the story of my life, I am pleased with how things have turned out so far"
PWB_2,"When I look at the story of my life, I am pleased with how things have turned out so far.5",Emotional,Human21,"When I look at the story of my life, I am pleased with how things have turned out so far"
PWB_2,"When I look at the story of my life, I am pleased with how things have turned out so far.5",Spiritual,Human22,"When I look at the story of my life, I am pleased with how things have turned out so far"
PWB_2,"When I look at the story of my life, I am pleased with how things have turned out so far.5",Spiritual,Human23,"When I look at the story of my life, I am pleased with how things have turned out so far"
PWB_2,"When I look at the story of my life, I am pleased with how things have turned out so far.5",Emotional,Human24,"When I look at the story of my life, I am pleased with how things have turned out so far"
PWB_2,"When I look at the story of my life, I am pleased with how things have turned out so far.5",Spiritual,Human25,"When I look at the story of my life, I am pleased with how things have turned out so far"
PWB_2,"When I look at the story of my life, I am pleased with how things have turned out so far.5",Spiritual,Human26,"When I look at the story of my life, I am pleased with how things have turned out so far"
PWB_2,"When I look at the story of my life, I am pleased with how things have turned out so far.5",Spiritual,Human27,"When I look at the story of my life, I am pleased with how things have turned out so far"
PWB_2,"When I look at the story of my life, I am pleased with how things have turned out so far.5",Environmental,Human28,"When I look at the story of my life, I am pleased with how things have turned out so far"
PWB_3,"Some people wander aimlessly through life, but I am not one of them.",Emotional,Human01,"Some people wander aimlessly through life, but I am not one of them"
PWB_3,"Some people wander aimlessly through life, but I am not one of them.",Emotional,Human02,"Some people wander aimlessly through life, but I am not one of them"
PWB_3,"Some people wander aimlessly through life, but I am not one of them.",Spiritual,Human03,"Some people wander aimlessly through life, but I am not one of them"
PWB_3,"Some people wander aimlessly through life, but I am not one of them.",Spiritual,Human04,"Some people wander aimlessly through life, but I am not one of them"
PWB_3,"Some people wander aimlessly through life, but I am not one of them.",Spiritual,Human05,"Some people wander aimlessly through life, but I am not one of them"
PWB_3,"Some people wander aimlessly through life, but I am not one of them.",Spiritual,Human06,"Some people wander aimlessly through life, but I am not one of them"
PWB_3,"Some people wander aimlessly through life, but I am not one of them.",Spiritual,Human07,"Some people wander aimlessly through life, but I am not one of them"
PWB_3,"Some people wander aimlessly through life, but I am not one of them.",Spiritual,Human08,"Some people wander aimlessly through life, but I am not one of them"
PWB_3,"Some people wander aimlessly through life, but I am not one of them.",Occupational,Human09,"Some people wander aimlessly through life, but I am not one of them"
PWB_3,"Some people wander aimlessly through life, but I am not one of them.",Spiritual,Human10,"Some people wander aimlessly through life, but I am not one of them"
PWB_3,"Some people wander aimlessly through life, but I am not one of them.",Spiritual,Human11,"Some people wander aimlessly through life, but I am not one of them"
PWB_3,"Some people wander aimlessly through life, but I am not one of them.",Intellectual,Human12,"Some people wander aimlessly through life, but I am not one of them"
PWB_3,"Some people wander aimlessly through life, but I am not one of them.",Emotional,Human13,"Some people wander aimlessly through life, but I am not one of them"
PWB_3,"Some people wander aimlessly through life, but I am not one of them.",Intellectual,Human14,"Some people wander aimlessly through life, but I am not one of them"
PWB_3,"Some people wander aimlessly through life, but I am not one of them.",Intellectual,Human15,"Some people wander aimlessly through life, but I am not one of them"
PWB_3,"Some people wander aimlessly through life, but I am not one of them.",Occupational,Human16,"Some people wander aimlessly through life, but I am not one of them"
PWB_3,"Some people wander aimlessly through life, but I am not one of them.",Spiritual,Human17,"Some people wander aimlessly through life, but I am not one of them"
PWB_3,"Some people wander aimlessly through life, but I am not one of them.",Occupational,Human18,"Some people wander aimlessly through life, but I am not one of them"
PWB_3,"Some people wander aimlessly through life, but I am not one of them.",Intellectual,Human19,"Some people wander aimlessly through life, but I am not one of them"
PWB_3,"Some people wander aimlessly through life, but I am not one of them.",Spiritual,Human20,"Some people wander aimlessly through life, but I am not one of them"
PWB_3,"Some people wander aimlessly through life, but I am not one of them.",Spiritual,Human21,"Some people wander aimlessly through life, but I am not one of them"
PWB_3,"Some people wander aimlessly through life, but I am not one of them.",Spiritual,Human22,"Some people wander aimlessly through life, but I am not one of them"
PWB_3,"Some people wander aimlessly through life, but I am not one of them.",Occupational,Human23,"Some people wander aimlessly through life, but I am not one of them"
PWB_3,"Some people wander aimlessly through life, but I am not one of them.",Occupational,Human24,"Some people wander aimlessly through life, but I am not one of them"
PWB_3,"Some people wander aimlessly through life, but I am not one of them.",Spiritual,Human25,"Some people wander aimlessly through life, but I am not one of them"
PWB_3,"Some people wander aimlessly through life, but I am not one of them.",Spiritual,Human26,"Some people wander aimlessly through life, but I am not one of them"
PWB_3,"Some people wander aimlessly through life, but I am not one of them.",Spiritual,Human27,"Some people wander aimlessly through life, but I am not one of them"
PWB_3,"Some people wander aimlessly through life, but I am not one of them.",Spiritual,Human28,"Some people wander aimlessly through life, but I am not one of them"
PWB_3,"Some people wander aimlessly through life, but I am not one of them.2",Emotional,Human01,"Some people wander aimlessly through life, but I am not one of them"
PWB_3,"Some people wander aimlessly through life, but I am not one of them.2",Emotional,Human02,"Some people wander aimlessly through life, but I am not one of them"
PWB_3,"Some people wander aimlessly through life, but I am not one of them.2",Emotional,Human03,"Some people wander aimlessly through life, but I am not one of them"
PWB_3,"Some people wander aimlessly through life, but I am not one of them.2",Spiritual,Human04,"Some people wander aimlessly through life, but I am not one of them"
PWB_3,"Some people wander aimlessly through life, but I am not one of them.2",Spiritual,Human05,"Some people wander aimlessly through life, but I am not one of them"
PWB_3,"Some people wander aimlessly through life, but I am not one of them.2",Spiritual,Human06,"Some people wander aimlessly through life, but I am not one of them"
PWB_3,"Some people wander aimlessly through life, but I am not one of them.2",Spiritual,Human07,"Some people wander aimlessly through life, but I am not one of them"
PWB_3,"Some people wander aimlessly through life, but I am not one of them.2",Spiritual,Human08,"Some people wander aimlessly through life, but I am not one of them"
PWB_3,"Some people wander aimlessly through life, but I am not one of them.2",Occupational,Human09,"Some people wander aimlessly through life, but I am not one of them"
PWB_3,"Some people wander aimlessly through life, but I am not one of them.2",Spiritual,Human10,"Some people wander aimlessly through life, but I am not one of them"
PWB_3,"Some people wander aimlessly through life, but I am not one of them.2",Spiritual,Human11,"Some people wander aimlessly through life, but I am not one of them"
PWB_3,"Some people wander aimlessly through life, but I am not one of them.2",Intellectual,Human12,"Some people wander aimlessly through life, but I am not one of them"
PWB_3,"Some people wander aimlessly through life, but I am not one of them.2",Emotional,Human13,"Some people wander aimlessly through life, but I am not one of them"
PWB_3,"Some people wander aimlessly through life, but I am not one of them.2",Intellectual,Human14,"Some people wander aimlessly through life, but I am not one of them"
PWB_3,"Some people wander aimlessly through life, but I am not one of them.2",Intellectual,Human15,"Some people wander aimlessly through life, but I am not one of them"
PWB_3,"Some people wander aimlessly through life, but I am not one of them.2",Occupational,Human16,"Some people wander aimlessly through life, but I am not one of them"
PWB_3,"Some people wander aimlessly through life, but I am not one of them.2",Spiritual,Human17,"Some people wander aimlessly through life, but I am not one of them"
PWB_3,"Some people wander aimlessly through life, but I am not one of them.2",Environmental,Human18,"Some people wander aimlessly through life, but I am not one of them"
PWB_3,"Some people wander aimlessly through life, but I am not one of them.2",Social,Human19,"Some people wander aimlessly through life, but I am not one of them"
PWB_3,"Some people wander aimlessly through life, but I am not one of them.2",Spiritual,Human20,"Some people wander aimlessly through life, but I am not one of them"
PWB_3,"Some people wander aimlessly through life, but I am not one of them.2",Social,Human21,"Some people wander aimlessly through life, but I am not one of them"
PWB_3,"Some people wander aimlessly through life, but I am not one of them.2",Spiritual,Human22,"Some people wander aimlessly through life, but I am not one of them"
PWB_3,"Some people wander aimlessly through life, but I am not one of them.2",Occupational,Human23,"Some people wander aimlessly through life, but I am not one of them"
PWB_3,"Some people wander aimlessly through life, but I am not one of them.2",Occupational,Human24,"Some people wander aimlessly through life, but I am not one of them"
PWB_3,"Some people wander aimlessly through life, but I am not one of them.2",Spiritual,Human25,"Some people wander aimlessly through life, but I am not one of them"
PWB_3,"Some people wander aimlessly through life, but I am not one of them.2",Spiritual,Human26,"Some people wander aimlessly through life, but I am not one of them"
PWB_3,"Some people wander aimlessly through life, but I am not one of them.2",Spiritual,Human27,"Some people wander aimlessly through life, but I am not one of them"
PWB_3,"Some people wander aimlessly through life, but I am not one of them.2",Environmental,Human28,"Some people wander aimlessly through life, but I am not one of them"
PWB_3,"Some people wander aimlessly through life, but I am not one of them.3",Emotional,Human01,"Some people wander aimlessly through life, but I am not one of them"
PWB_3,"Some people wander aimlessly through life, but I am not one of them.3",Emotional,Human02,"Some people wander aimlessly through life, but I am not one of them"
PWB_3,"Some people wander aimlessly through life, but I am not one of them.3",Spiritual,Human03,"Some people wander aimlessly through life, but I am not one of them"
PWB_3,"Some people wander aimlessly through life, but I am not one of them.3",Spiritual,Human04,"Some people wander aimlessly through life, but I am not one of them"
PWB_3,"Some people wander aimlessly through life, but I am not one of them.3",Spiritual,Human05,"Some people wander aimlessly through life, but I am not one of them"
PWB_3,"Some people wander aimlessly through life, but I am not one of them.3",Spiritual,Human06,"Some people wander aimlessly through life, but I am not one of them"
PWB_3,"Some people wander aimlessly through life, but I am not one of them.3",Spiritual,Human07,"Some people wander aimlessly through life, but I am not one of them"
PWB_3,"Some people wander aimlessly through life, but I am not one of them.3",Spiritual,Human08,"Some people wander aimlessly through life, but I am not one of them"
PWB_3,"Some people wander aimlessly through life, but I am not one of them.3",Occupational,Human09,"Some people wander aimlessly through life, but I am not one of them"
PWB_3,"Some people wander aimlessly through life, but I am not one of them.3",Spiritual,Human10,"Some people wander aimlessly through life, but I am not one of them"
PWB_3,"Some people wander aimlessly through life, but I am not one of them.3",Spiritual,Human11,"Some people wander aimlessly through life, but I am not one of them"
PWB_3,"Some people wander aimlessly through life, but I am not one of them.3",Intellectual,Human12,"Some people wander aimlessly through life, but I am not one of them"
PWB_3,"Some people wander aimlessly through life, but I am not one of them.3",Emotional,Human13,"Some people wander aimlessly through life, but I am not one of them"
PWB_3,"Some people wander aimlessly through life, but I am not one of them.3",Intellectual,Human14,"Some people wander aimlessly through life, but I am not one of them"
PWB_3,"Some people wander aimlessly through life, but I am not one of them.3",Intellectual,Human15,"Some people wander aimlessly through life, but I am not one of them"
PWB_3,"Some people wander aimlessly through life, but I am not one of them.3",Occupational,Human16,"Some people wander aimlessly through life, but I am not one of them"
PWB_3,"Some people wander aimlessly through life, but I am not one of them.3",Emotional,Human17,"Some people wander aimlessly through life, but I am not one of them"
PWB_3,"Some people wander aimlessly through life, but I am not one of them.3",Intellectual,Human18,"Some people wander aimlessly through life, but I am not one of them"
PWB_3,"Some people wander aimlessly through life, but I am not one of them.3",Intellectual,Human19,"Some people wander aimlessly through life, but I am not one of them"
PWB_3,"Some people wander aimlessly through life, but I am not one of them.3",Spiritual,Human20,"Some people wander aimlessly through life, but I am not one of them"
PWB_3,"Some people wander aimlessly through life, but I am not one of them.3",Spiritual,Human21,"Some people wander aimlessly through life, but I am not one of them"
PWB_3,"Some people wander aimlessly through life, but I am not one of them.3",Spiritual,Human22,"Some people wander aimlessly through life, but I am not one of them"
PWB_3,"Some people wander aimlessly through life, but I am not one of them.3",Occupational,Human23,"Some people wander aimlessly through life, but I am not one of them"
PWB_3,"Some people wander aimlessly through life, but I am not one of them.3",Occupational,Human24,"Some people wander aimlessly through life, but I am not one of them"
PWB_3,"Some people wander aimlessly through life, but I am not one of them.3",Spiritual,Human25,"Some people wander aimlessly through life, but I am not one of them"
PWB_3,"Some people wander aimlessly through life, but I am not one of them.3",Spiritual,Human26,"Some people wander aimlessly through life, but I am not one of them"
PWB_3,"Some people wander aimlessly through life, but I am not one of them.3",Spiritual,Human27,"Some people wander aimlessly through life, but I am not one of them"
PWB_3,"Some people wander aimlessly through life, but I am not one of them.3",Environmental,Human28,"Some people wander aimlessly through life, but I am not one of them"
PWB_3,"Some people wander aimlessly through life, but I am not one of them.4",Emotional,Human01,"Some people wander aimlessly through life, but I am not one of them"
PWB_3,"Some people wander aimlessly through life, but I am not one of them.4",Emotional,Human02,"Some people wander aimlessly through life, but I am not one of them"
PWB_3,"Some people wander aimlessly through life, but I am not one of them.4",Spiritual,Human03,"Some people wander aimlessly through life, but I am not one of them"
PWB_3,"Some people wander aimlessly through life, but I am not one of them.4",Spiritual,Human04,"Some people wander aimlessly through life, but I am not one of them"
PWB_3,"Some people wander aimlessly through life, but I am not one of them.4",Spiritual,Human05,"Some people wander aimlessly through life, but I am not one of them"
PWB_3,"Some people wander aimlessly through life, but I am not one of them.4",Spiritual,Human06,"Some people wander aimlessly through life, but I am not one of them"
PWB_3,"Some people wander aimlessly through life, but I am not one of them.4",Spiritual,Human07,"Some people wander aimlessly through life, but I am not one of them"
PWB_3,"Some people wander aimlessly through life, but I am not one of them.4",Emotional,Human08,"Some people wander aimlessly through life, but I am not one of them"
PWB_3,"Some people wander aimlessly through life, but I am not one of them.4",Occupational,Human09,"Some people wander aimlessly through life, but I am not one of them"
PWB_3,"Some people wander aimlessly through life, but I am not one of them.4",Spiritual,Human10,"Some people wander aimlessly through life, but I am not one of them"
PWB_3,"Some people wander aimlessly through life, but I am not one of them.4",Spiritual,Human11,"Some people wander aimlessly through life, but I am not one of them"
PWB_3,"Some people wander aimlessly through life, but I am not one of them.4",Intellectual,Human12,"Some people wander aimlessly through life, but I am not one of them"
PWB_3,"Some people wander aimlessly through life, but I am not one of them.4",Emotional,Human13,"Some people wander aimlessly through life, but I am not one of them"
PWB_3,"Some people wander aimlessly through life, but I am not one of them.4",Intellectual,Human14,"Some people wander aimlessly through life, but I am not one of them"
PWB_3,"Some people wander aimlessly through life, but I am not one of them.4",Intellectual,Human15,"Some people wander aimlessly through life, but I am not one of them"
PWB_3,"Some people wander aimlessly through life, but I am not one of them.4",Occupational,Human16,"Some people wander aimlessly through life, but I am not one of them"
PWB_3,"Some people wander aimlessly through life, but I am not one of them.4",Spiritual,Human17,"Some people wander aimlessly through life, but I am not one of them"
PWB_3,"Some people wander aimlessly through life, but I am not one of them.4",Spiritual,Human18,"Some people wander aimlessly through life, but I am not one of them"
PWB_3,"Some people wander aimlessly through life, but I am not one of them.4",Intellectual,Human19,"Some people wander aimlessly through life, but I am not one of them"
PWB_3,"Some people wander aimlessly through life, but I am not one of them.4",Spiritual,Human20,"Some people wander aimlessly through life, but I am not one of them"
PWB_3,"Some people wander aimlessly through life, but I am not one of them.4",Spiritual,Human21,"Some people wander aimlessly through life, but I am not one of them"
PWB_3,"Some people wander aimlessly through life, but I am not one of them.4",Spiritual,Human22,"Some people wander aimlessly through life, but I am not one of them"
PWB_3,"Some people wander aimlessly through life, but I am not one of them.4",Occupational,Human23,"Some people wander aimlessly through life, but I am not one of them"
PWB_3,"Some people wander aimlessly through life, but I am not one of them.4",Occupational,Human24,"Some people wander aimlessly through life, but I am not one of them"
PWB_3,"Some people wander aimlessly through life, but I am not one of them.4",Spiritual,Human25,"Some people wander aimlessly through life, but I am not one of them"
PWB_3,"Some people wander aimlessly through life, but I am not one of them.4",Spiritual,Human26,"Some people wander aimlessly through life, but I am not one of them"
PWB_3,"Some people wander aimlessly through life, but I am not one of them.4",Spiritual,Human27,"Some people wander aimlessly through life, but I am not one of them"
PWB_3,"Some people wander aimlessly through life, but I am not one of them.4",Environmental,Human28,"Some people wander aimlessly through life, but I am not one of them"
PWB_3,"Some people wander aimlessly through life, but I am not one of them.5",Emotional,Human01,"Some people wander aimlessly through life, but I am not one of them"
PWB_3,"Some people wander aimlessly through life, but I am not one of them.5",Emotional,Human02,"Some people wander aimlessly through life, but I am not one of them"
PWB_3,"Some people wander aimlessly through life, but I am not one of them.5",Spiritual,Human03,"Some people wander aimlessly through life, but I am not one of them"
PWB_3,"Some people wander aimlessly through life, but I am not one of them.5",Spiritual,Human04,"Some people wander aimlessly through life, but I am not one of them"
PWB_3,"Some people wander aimlessly through life, but I am not one of them.5",Spiritual,Human05,"Some people wander aimlessly through life, but I am not one of them"
PWB_3,"Some people wander aimlessly through life, but I am not one of them.5",Spiritual,Human06,"Some people wander aimlessly through life, but I am not one of them"
PWB_3,"Some people wander aimlessly through life, but I am not one of them.5",Spiritual,Human07,"Some people wander aimlessly through life, but I am not one of them"
PWB_3,"Some people wander aimlessly through life, but I am not one of them.5",Emotional,Human08,"Some people wander aimlessly through life, but I am not one of them"
PWB_3,"Some people wander aimlessly through life, but I am not one of them.5",Occupational,Human09,"Some people wander aimlessly through life, but I am not one of them"
PWB_3,"Some people wander aimlessly through life, but I am not one of them.5",Spiritual,Human10,"Some people wander aimlessly through life, but I am not one of them"
PWB_3,"Some people wander aimlessly through life, but I am not one of them.5",Spiritual,Human11,"Some people wander aimlessly through life, but I am not one of them"
PWB_3,"Some people wander aimlessly through life, but I am not one of them.5",Intellectual,Human12,"Some people wander aimlessly through life, but I am not one of them"
PWB_3,"Some people wander aimlessly through life, but I am not one of them.5",Emotional,Human13,"Some people wander aimlessly through life, but I am not one of them"
PWB_3,"Some people wander aimlessly through life, but I am not one of them.5",Intellectual,Human14,"Some people wander aimlessly through life, but I am not one of them"
PWB_3,"Some people wander aimlessly through life, but I am not one of them.5",Intellectual,Human15,"Some people wander aimlessly through life, but I am not one of them"
PWB_3,"Some people wander aimlessly through life, but I am not one of them.5",Occupational,Human16,"Some people wander aimlessly through life, but I am not one of them"
PWB_3,"Some people wander aimlessly through life, but I am not one of them.5",Spiritual,Human17,"Some people wander aimlessly through life, but I am not one of them"
PWB_3,"Some people wander aimlessly through life, but I am not one of them.5",Emotional,Human18,"Some people wander aimlessly through life, but I am not one of them"
PWB_3,"Some people wander aimlessly through life, but I am not one of them.5",Occupational,Human19,"Some people wander aimlessly through life, but I am not one of them"
PWB_3,"Some people wander aimlessly through life, but I am not one of them.5",Spiritual,Human20,"Some people wander aimlessly through life, but I am not one of them"
PWB_3,"Some people wander aimlessly through life, but I am not one of them.5",Spiritual,Human21,"Some people wander aimlessly through life, but I am not one of them"
PWB_3,"Some people wander aimlessly through life, but I am not one of them.5",Spiritual,Human22,"Some people wander aimlessly through life, but I am not one of them"
PWB_3,"Some people wander aimlessly through life, but I am not one of them.5",Occupational,Human23,"Some people wander aimlessly through life, but I am not one of them"
PWB_3,"Some people wander aimlessly through life, but I am not one of them.5",Occupational,Human24,"Some people wander aimlessly through life, but I am not one of them"
PWB_3,"Some people wander aimlessly through life, but I am not one of them.5",Spiritual,Human25,"Some people wander aimlessly through life, but I am not one of them"
PWB_3,"Some people wander aimlessly through life, but I am not one of them.5",Spiritual,Human26,"Some people wander aimlessly through life, but I am not one of them"
PWB_3,"Some people wander aimlessly through life, but I am not one of them.5",Spiritual,Human27,"Some people wander aimlessly through life, but I am not one of them"
PWB_3,"Some people wander aimlessly through life, but I am not one of them.5",Spiritual,Human28,"Some people wander aimlessly through life, but I am not one of them"
PWB_4,The demands of everyday life often get me down.,Emotional,Human01,The demands of everyday life often get me down
PWB_4,The demands of everyday life often get me down.,Emotional,Human02,The demands of everyday life often get me down
PWB_4,The demands of everyday life often get me down.,Social,Human03,The demands of everyday life often get me down
PWB_4,The demands of everyday life often get me down.,Occupational,Human04,The demands of everyday life often get me down
PWB_4,The demands of everyday life often get me down.,Emotional,Human05,The demands of everyday life often get me down
PWB_4,The demands of everyday life often get me down.,Emotional,Human06,The demands of everyday life often get me down
PWB_4,The demands of everyday life often get me down.,Emotional,Human07,The demands of everyday life often get me down
PWB_4,The demands of everyday life often get me down.,Emotional,Human08,The demands of everyday life often get me down
PWB_4,The demands of everyday life often get me down.,Emotional,Human09,The demands of everyday life often get me down
PWB_4,The demands of everyday life often get me down.,Emotional,Human10,The demands of everyday life often get me down
PWB_4,The demands of everyday life often get me down.,Emotional,Human11,The demands of everyday life often get me down
PWB_4,The demands of everyday life often get me down.,Emotional,Human12,The demands of everyday life often get me down
PWB_4,The demands of everyday life often get me down.,Emotional,Human13,The demands of everyday life often get me down
PWB_4,The demands of everyday life often get me down.,Emotional,Human14,The demands of everyday life often get me down
PWB_4,The demands of everyday life often get me down.,Occupational,Human15,The demands of everyday life often get me down
PWB_4,The demands of everyday life often get me down.,Emotional,Human16,The demands of everyday life often get me down
PWB_4,The demands of everyday life often get me down.,Environmental,Human17,The demands of everyday life often get me down
PWB_4,The demands of everyday life often get me down.,Emotional,Human18,The demands of everyday life often get me down
PWB_4,The demands of everyday life often get me down.,Emotional,Human19,The demands of everyday life often get me down
PWB_4,The demands of everyday life often get me down.,Spiritual,Human20,The demands of everyday life often get me down
PWB_4,The demands of everyday life often get me down.,Intellectual,Human21,The demands of everyday life often get me down
PWB_4,The demands of everyday life often get me down.,Emotional,Human22,The demands of everyday life often get me down
PWB_4,The demands of everyday life often get me down.,Emotional,Human23,The demands of everyday life often get me down
PWB_4,The demands of everyday life often get me down.,Emotional,Human24,The demands of everyday life often get me down
PWB_4,The demands of everyday life often get me down.,Spiritual,Human25,The demands of everyday life often get me down
PWB_4,The demands of everyday life often get me down.,Emotional,Human26,The demands of everyday life often get me down
PWB_4,The demands of everyday life often get me down.,Emotional,Human27,The demands of everyday life often get me down
PWB_4,The demands of everyday life often get me down.,Environmental,Human28,The demands of everyday life often get me down
PWB_4,The demands of everyday life often get me down.2,Emotional,Human01,The demands of everyday life often get me down
PWB_4,The demands of everyday life often get me down.2,Emotional,Human02,The demands of everyday life often get me down
PWB_4,The demands of everyday life often get me down.2,Emotional,Human03,The demands of everyday life often get me down
PWB_4,The demands of everyday life often get me down.2,Occupational,Human04,The demands of everyday life often get me down
PWB_4,The demands of everyday life often get me down.2,Emotional,Human05,The demands of everyday life often get me down
PWB_4,The demands of everyday life often get me down.2,Occupational,Human06,The demands of everyday life often get me down
PWB_4,The demands of everyday life often get me down.2,Emotional,Human07,The demands of everyday life often get me down
PWB_4,The demands of everyday life often get me down.2,Emotional,Human08,The demands of everyday life often get me down
PWB_4,The demands of everyday life often get me down.2,Emotional,Human09,The demands of everyday life often get me down
PWB_4,The demands of everyday life often get me down.2,Emotional,Human10,The demands of everyday life often get me down
PWB_4,The demands of everyday life often get me down.2,Emotional,Human11,The demands of everyday life often get me down
PWB_4,The demands of everyday life often get me down.2,Physical,Human12,The demands of everyday life often get me down
PWB_4,The demands of everyday life often get me down.2,Emotional,Human13,The demands of everyday life often get me down
PWB_4,The demands of everyday life often get me down.2,Emotional,Human14,The demands of everyday life often get me down
PWB_4,The demands of everyday life often get me down.2,Occupational,Human15,The demands of everyday life often get me down
PWB_4,The demands of everyday life often get me down.2,Environmental,Human16,The demands of everyday life often get me down
PWB_4,The demands of everyday life often get me down.2,Environmental,Human17,The demands of everyday life often get me down
PWB_4,The demands of everyday life often get me down.2,Environmental,Human18,The demands of everyday life often get me down
PWB_4,The demands of everyday life often get me down.2,Emotional,Human19,The demands of everyday life often get me down
PWB_4,The demands of everyday life often get me down.2,Spiritual,Human20,The demands of everyday life often get me down
PWB_4,The demands of everyday life often get me down.2,Intellectual,Human21,The demands of everyday life often get me down
PWB_4,The demands of everyday life often get me down.2,Spiritual,Human22,The demands of everyday life often get me down
PWB_4,The demands of everyday life often get me down.2,Environmental,Human23,The demands of everyday life often get me down
PWB_4,The demands of everyday life often get me down.2,Emotional,Human24,The demands of everyday life often get me down
PWB_4,The demands of everyday life often get me down.2,Spiritual,Human25,The demands of everyday life often get me down
PWB_4,The demands of everyday life often get me down.2,Emotional,Human26,The demands of everyday life often get me down
PWB_4,The demands of everyday life often get me down.2,Emotional,Human27,The demands of everyday life often get me down
PWB_4,The demands of everyday life often get me down.2,Environmental,Human28,The demands of everyday life often get me down
PWB_4,The demands of everyday life often get me down.3,Emotional,Human01,The demands of everyday life often get me down
PWB_4,The demands of everyday life often get me down.3,Emotional,Human02,The demands of everyday life often get me down
PWB_4,The demands of everyday life often get me down.3,Emotional,Human03,The demands of everyday life often get me down
PWB_4,The demands of everyday life often get me down.3,Occupational,Human04,The demands of everyday life often get me down
PWB_4,The demands of everyday life often get me down.3,Emotional,Human05,The demands of everyday life often get me down
PWB_4,The demands of everyday life often get me down.3,Emotional,Human06,The demands of everyday life often get me down
PWB_4,The demands of everyday life often get me down.3,Emotional,Human07,The demands of everyday life often get me down
PWB_4,The demands of everyday life often get me down.3,Emotional,Human08,The demands of everyday life often get me down
PWB_4,The demands of everyday life often get me down.3,Emotional,Human09,The demands of everyday life often get me down
PWB_4,The demands of everyday life often get me down.3,Emotional,Human10,The demands of everyday life often get me down
PWB_4,The demands of everyday life often get me down.3,Emotional,Human11,The demands of everyday life often get me down
PWB_4,The demands of everyday life often get me down.3,Emotional,Human12,The demands of everyday life often get me down
PWB_4,The demands of everyday life often get me down.3,Occupational,Human13,The demands of everyday life often get me down
PWB_4,The demands of everyday life often get me down.3,Emotional,Human14,The demands of everyday life often get me down
PWB_4,The demands of everyday life often get me down.3,Occupational,Human15,The demands of everyday life often get me down
PWB_4,The demands of everyday life often get me down.3,Emotional,Human16,The demands of everyday life often get me down
PWB_4,The demands of everyday life often get me down.3,Emotional,Human17,The demands of everyday life often get me down
PWB_4,The demands of everyday life often get me down.3,Environmental,Human18,The demands of everyday life often get me down
PWB_4,The demands of everyday life often get me down.3,Emotional,Human19,The demands of everyday life often get me down
PWB_4,The demands of everyday life often get me down.3,Spiritual,Human20,The demands of everyday life often get me down
PWB_4,The demands of everyday life often get me down.3,Emotional,Human21,The demands of everyday life often get me down
PWB_4,The demands of everyday life often get me down.3,Emotional,Human22,The demands of everyday life often get me down
PWB_4,The demands of everyday life often get me down.3,Environmental,Human23,The demands of everyday life often get me down
PWB_4,The demands of everyday life often get me down.3,Emotional,Human24,The demands of everyday life often get me down
PWB_4,The demands of everyday life often get me down.3,Spiritual,Human25,The demands of everyday life often get me down
PWB_4,The demands of everyday life often get me down.3,Emotional,Human26,The demands of everyday life often get me down
PWB_4,The demands of everyday life often get me down.3,Emotional,Human27,The demands of everyday life often get me down
PWB_4,The demands of everyday life often get me down.3,Environmental,Human28,The demands of everyday life often get me down
PWB_4,The demands of everyday life often get me down.4,Emotional,Human01,The demands of everyday life often get me down
PWB_4,The demands of everyday life often get me down.4,Emotional,Human02,The demands of everyday life often get me down
PWB_4,The demands of everyday life often get me down.4,Social,Human03,The demands of everyday life often get me down
PWB_4,The demands of everyday life often get me down.4,Occupational,Human04,The demands of everyday life often get me down
PWB_4,The demands of everyday life often get me down.4,Emotional,Human05,The demands of everyday life often get me down
PWB_4,The demands of everyday life often get me down.4,Emotional,Human06,The demands of everyday life often get me down
PWB_4,The demands of everyday life often get me down.4,Emotional,Human07,The demands of everyday life often get me down
PWB_4,The demands of everyday life often get me down.4,Spiritual,Human08,The demands of everyday life often get me down
PWB_4,The demands of everyday life often get me down.4,Emotional,Human09,The demands of everyday life often get me down
PWB_4,The demands of everyday life often get me down.4,Emotional,Human10,The demands of everyday life often get me down
PWB_4,The demands of everyday life often get me down.4,Emotional,Human11,The demands of everyday life often get me down
PWB_4,The demands of everyday life often get me down.4,Emotional,Human12,The demands of everyday life often get me down
PWB_4,The demands of everyday life often get me down.4,Occupational,Human13,The demands of everyday life often get me down
PWB_4,The demands of everyday life often get me down.4,Emotional,Human14,The demands of everyday life often get me down
PWB_4,The demands of everyday life often get me down.4,Occupational,Human15,The demands of everyday life often get me down
PWB_4,The demands of everyday life often get me down.4,Emotional,Human16,The demands of everyday life often get me down
PWB_4,The demands of everyday life often get me down.4,Occupational,Human17,The demands of everyday life often get me down
PWB_4,The demands of everyday life often get me down.4,Physical,Human18,The demands of everyday life often get me down
PWB_4,The demands of everyday life often get me down.4,Intellectual,Human19,The demands of everyday life often get me down
PWB_4,The demands of everyday life often get me down.4,Spiritual,Human20,The demands of everyday life often get me down
PWB_4,The demands of everyday life often get me down.4,Intellectual,Human21,The demands of everyday life often get me down
PWB_4,The demands of everyday life often get me down.4,Occupational,Human22,The demands of everyday life often get me down
PWB_4,The demands of everyday life often get me down.4,Environmental,Human23,The demands of everyday life often get me down
PWB_4,The demands of everyday life often get me down.4,Emotional,Human24,The demands of everyday life often get me down
PWB_4,The demands of everyday life often get me down.4,Spiritual,Human25,The demands of everyday life often get me down
PWB_4,The demands of everyday life often get me down.4,Emotional,Human26,The demands of everyday life often get me down
PWB_4,The demands of everyday life often get me down.4,Emotional,Human27,The demands of everyday life often get me down
PWB_4,The demands of everyday life often get me down.4,Environmental,Human28,The demands of everyday life often get me down
PWB_4,The demands of everyday life often get me down.5,Emotional,Human01,The demands of everyday life often get me down
PWB_4,The demands of everyday life often get me down.5,Emotional,Human02,The demands of everyday life often get me down
PWB_4,The demands of everyday life often get me down.5,Social,Human03,The demands of everyday life often get me down
PWB_4,The demands of everyday life often get me down.5,Occupational,Human04,The demands of everyday life often get me down
PWB_4,The demands of everyday life often get me down.5,Emotional,Human05,The demands of everyday life often get me down
PWB_4,The demands of everyday life often get me down.5,Occupational,Human06,The demands of everyday life often get me down
PWB_4,The demands of everyday life often get me down.5,Emotional,Human07,The demands of everyday life often get me down
PWB_4,The demands of everyday life often get me down.5,Emotional,Human08,The demands of everyday life often get me down
PWB_4,The demands of everyday life often get me down.5,Occupational,Human09,The demands of everyday life often get me down
PWB_4,The demands of everyday life often get me down.5,Emotional,Human10,The demands of everyday life often get me down
PWB_4,The demands of everyday life often get me down.5,Emotional,Human11,The demands of everyday life often get me down
PWB_4,The demands of everyday life often get me down.5,Emotional,Human12,The demands of everyday life often get me down
PWB_4,The demands of everyday life often get me down.5,Occupational,Human13,The demands of everyday life often get me down
PWB_4,The demands of everyday life often get me down.5,Emotional,Human14,The demands of everyday life often get me down
PWB_4,The demands of everyday life often get me down.5,Occupational,Human15,The demands of everyday life often get me down
PWB_4,The demands of everyday life often get me down.5,Emotional,Human16,The demands of everyday life often get me down
PWB_4,The demands of everyday life often get me down.5,Environmental,Human17,The demands of everyday life often get me down
PWB_4,The demands of everyday life often get me down.5,Environmental,Human18,The demands of everyday life often get me down
PWB_4,The demands of everyday life often get me down.5,Occupational,Human19,The demands of everyday life often get me down
PWB_4,The demands of everyday life often get me down.5,Spiritual,Human20,The demands of everyday life often get me down
PWB_4,The demands of everyday life often get me down.5,Intellectual,Human21,The demands of everyday life often get me down
PWB_4,The demands of everyday life often get me down.5,Emotional,Human22,The demands of everyday life often get me down
PWB_4,The demands of everyday life often get me down.5,Environmental,Human23,The demands of everyday life often get me down
PWB_4,The demands of everyday life often get me down.5,Emotional,Human24,The demands of everyday life often get me down
PWB_4,The demands of everyday life often get me down.5,Spiritual,Human25,The demands of everyday life often get me down
PWB_4,The demands of everyday life often get me down.5,Emotional,Human26,The demands of everyday life often get me down
PWB_4,The demands of everyday life often get me down.5,Emotional,Human27,The demands of everyday life often get me down
PWB_4,The demands of everyday life often get me down.5,Environmental,Human28,The demands of everyday life often get me down
PWB_5,In many ways I feel disappointed about my achievements in life.,Emotional,Human01,In many ways I feel disappointed about my achievements in life
PWB_5,In many ways I feel disappointed about my achievements in life.,Emotional,Human02,In many ways I feel disappointed about my achievements in life
PWB_5,In many ways I feel disappointed about my achievements in life.,Emotional,Human03,In many ways I feel disappointed about my achievements in life
PWB_5,In many ways I feel disappointed about my achievements in life.,Occupational,Human04,In many ways I feel disappointed about my achievements in life
PWB_5,In many ways I feel disappointed about my achievements in life.,Spiritual,Human05,In many ways I feel disappointed about my achievements in life
PWB_5,In many ways I feel disappointed about my achievements in life.,Occupational,Human06,In many ways I feel disappointed about my achievements in life
PWB_5,In many ways I feel disappointed about my achievements in life.,Emotional,Human07,In many ways I feel disappointed about my achievements in life
PWB_5,In many ways I feel disappointed about my achievements in life.,Occupational,Human08,In many ways I feel disappointed about my achievements in life
PWB_5,In many ways I feel disappointed about my achievements in life.,Emotional,Human09,In many ways I feel disappointed about my achievements in life
PWB_5,In many ways I feel disappointed about my achievements in life.,Occupational,Human10,In many ways I feel disappointed about my achievements in life
PWB_5,In many ways I feel disappointed about my achievements in life.,Occupational,Human11,In many ways I feel disappointed about my achievements in life
PWB_5,In many ways I feel disappointed about my achievements in life.,Emotional,Human12,In many ways I feel disappointed about my achievements in life
PWB_5,In many ways I feel disappointed about my achievements in life.,Intellectual,Human13,In many ways I feel disappointed about my achievements in life
PWB_5,In many ways I feel disappointed about my achievements in life.,Intellectual,Human14,In many ways I feel disappointed about my achievements in life
PWB_5,In many ways I feel disappointed about my achievements in life.,Emotional,Human15,In many ways I feel disappointed about my achievements in life
PWB_5,In many ways I feel disappointed about my achievements in life.,Occupational,Human16,In many ways I feel disappointed about my achievements in life
PWB_5,In many ways I feel disappointed about my achievements in life.,Emotional,Human17,In many ways I feel disappointed about my achievements in life
PWB_5,In many ways I feel disappointed about my achievements in life.,Emotional,Human18,In many ways I feel disappointed about my achievements in life
PWB_5,In many ways I feel disappointed about my achievements in life.,Occupational,Human19,In many ways I feel disappointed about my achievements in life
PWB_5,In many ways I feel disappointed about my achievements in life.,Occupational,Human20,In many ways I feel disappointed about my achievements in life
PWB_5,In many ways I feel disappointed about my achievements in life.,Emotional,Human21,In many ways I feel disappointed about my achievements in life
PWB_5,In many ways I feel disappointed about my achievements in life.,Occupational,Human22,In many ways I feel disappointed about my achievements in life
PWB_5,In many ways I feel disappointed about my achievements in life.,Occupational,Human23,In many ways I feel disappointed about my achievements in life
PWB_5,In many ways I feel disappointed about my achievements in life.,Occupational,Human24,In many ways I feel disappointed about my achievements in life
PWB_5,In many ways I feel disappointed about my achievements in life.,Spiritual,Human25,In many ways I feel disappointed about my achievements in life
PWB_5,In many ways I feel disappointed about my achievements in life.,Occupational,Human26,In many ways I feel disappointed about my achievements in life
PWB_5,In many ways I feel disappointed about my achievements in life.,Spiritual,Human27,In many ways I feel disappointed about my achievements in life
PWB_5,In many ways I feel disappointed about my achievements in life.,Emotional,Human28,In many ways I feel disappointed about my achievements in life
PWB_5,In many ways I feel disappointed about my achievements in life.2,Emotional,Human01,In many ways I feel disappointed about my achievements in life
PWB_5,In many ways I feel disappointed about my achievements in life.2,Emotional,Human02,In many ways I feel disappointed about my achievements in life
PWB_5,In many ways I feel disappointed about my achievements in life.2,Emotional,Human03,In many ways I feel disappointed about my achievements in life
PWB_5,In many ways I feel disappointed about my achievements in life.2,Occupational,Human04,In many ways I feel disappointed about my achievements in life
PWB_5,In many ways I feel disappointed about my achievements in life.2,Spiritual,Human05,In many ways I feel disappointed about my achievements in life
PWB_5,In many ways I feel disappointed about my achievements in life.2,Occupational,Human06,In many ways I feel disappointed about my achievements in life
PWB_5,In many ways I feel disappointed about my achievements in life.2,Emotional,Human07,In many ways I feel disappointed about my achievements in life
PWB_5,In many ways I feel disappointed about my achievements in life.2,Occupational,Human08,In many ways I feel disappointed about my achievements in life
PWB_5,In many ways I feel disappointed about my achievements in life.2,Occupational,Human09,In many ways I feel disappointed about my achievements in life
PWB_5,In many ways I feel disappointed about my achievements in life.2,Occupational,Human10,In many ways I feel disappointed about my achievements in life
PWB_5,In many ways I feel disappointed about my achievements in life.2,Occupational,Human11,In many ways I feel disappointed about my achievements in life
PWB_5,In many ways I feel disappointed about my achievements in life.2,Emotional,Human12,In many ways I feel disappointed about my achievements in life
PWB_5,In many ways I feel disappointed about my achievements in life.2,Intellectual,Human13,In many ways I feel disappointed about my achievements in life
PWB_5,In many ways I feel disappointed about my achievements in life.2,Intellectual,Human14,In many ways I feel disappointed about my achievements in life
PWB_5,In many ways I feel disappointed about my achievements in life.2,Emotional,Human15,In many ways I feel disappointed about my achievements in life
PWB_5,In many ways I feel disappointed about my achievements in life.2,Occupational,Human16,In many ways I feel disappointed about my achievements in life
PWB_5,In many ways I feel disappointed about my achievements in life.2,Emotional,Human17,In many ways I feel disappointed about my achievements in life
PWB_5,In many ways I feel disappointed about my achievements in life.2,Social,Human18,In many ways I feel disappointed about my achievements in life
PWB_5,In many ways I feel disappointed about my achievements in life.2,Occupational,Human19,In many ways I feel disappointed about my achievements in life
PWB_5,In many ways I feel disappointed about my achievements in life.2,Occupational,Human20,In many ways I feel disappointed about my achievements in life
PWB_5,In many ways I feel disappointed about my achievements in life.2,Emotional,Human21,In many ways I feel disappointed about my achievements in life
PWB_5,In many ways I feel disappointed about my achievements in life.2,Occupational,Human22,In many ways I feel disappointed about my achievements in life
PWB_5,In many ways I feel disappointed about my achievements in life.2,Spiritual,Human23,In many ways I feel disappointed about my achievements in life
PWB_5,In many ways I feel disappointed about my achievements in life.2,Emotional,Human24,In many ways I feel disappointed about my achievements in life
PWB_5,In many ways I feel disappointed about my achievements in life.2,Spiritual,Human25,In many ways I feel disappointed about my achievements in life
PWB_5,In many ways I feel disappointed about my achievements in life.2,Occupational,Human26,In many ways I feel disappointed about my achievements in life
PWB_5,In many ways I feel disappointed about my achievements in life.2,Occupational,Human27,In many ways I feel disappointed about my achievements in life
PWB_5,In many ways I feel disappointed about my achievements in life.2,Environmental,Human28,In many ways I feel disappointed about my achievements in life
PWB_5,In many ways I feel disappointed about my achievements in life.3,Emotional,Human01,In many ways I feel disappointed about my achievements in life
PWB_5,In many ways I feel disappointed about my achievements in life.3,Emotional,Human02,In many ways I feel disappointed about my achievements in life
PWB_5,In many ways I feel disappointed about my achievements in life.3,Emotional,Human03,In many ways I feel disappointed about my achievements in life
PWB_5,In many ways I feel disappointed about my achievements in life.3,Occupational,Human04,In many ways I feel disappointed about my achievements in life
PWB_5,In many ways I feel disappointed about my achievements in life.3,Spiritual,Human05,In many ways I feel disappointed about my achievements in life
PWB_5,In many ways I feel disappointed about my achievements in life.3,Occupational,Human06,In many ways I feel disappointed about my achievements in life
PWB_5,In many ways I feel disappointed about my achievements in life.3,Emotional,Human07,In many ways I feel disappointed about my achievements in life
PWB_5,In many ways I feel disappointed about my achievements in life.3,Occupational,Human08,In many ways I feel disappointed about my achievements in life
PWB_5,In many ways I feel disappointed about my achievements in life.3,Emotional,Human09,In many ways I feel disappointed about my achievements in life
PWB_5,In many ways I feel disappointed about my achievements in life.3,Occupational,Human10,In many ways I feel disappointed about my achievements in life
PWB_5,In many ways I feel disappointed about my achievements in life.3,Occupational,Human11,In many ways I feel disappointed about my achievements in life
PWB_5,In many ways I feel disappointed about my achievements in life.3,Emotional,Human12,In many ways I feel disappointed about my achievements in life
PWB_5,In many ways I feel disappointed about my achievements in life.3,Emotional,Human13,In many ways I feel disappointed about my achievements in life
PWB_5,In many ways I feel disappointed about my achievements in life.3,Intellectual,Human14,In many ways I feel disappointed about my achievements in life
PWB_5,In many ways I feel disappointed about my achievements in life.3,Emotional,Human15,In many ways I feel disappointed about my achievements in life
PWB_5,In many ways I feel disappointed about my achievements in life.3,Occupational,Human16,In many ways I feel disappointed about my achievements in life
PWB_5,In many ways I feel disappointed about my achievements in life.3,Emotional,Human17,In many ways I feel disappointed about my achievements in life
PWB_5,In many ways I feel disappointed about my achievements in life.3,Emotional,Human18,In many ways I feel disappointed about my achievements in life
PWB_5,In many ways I feel disappointed about my achievements in life.3,Intellectual,Human19,In many ways I feel disappointed about my achievements in life
PWB_5,In many ways I feel disappointed about my achievements in life.3,Occupational,Human20,In many ways I feel disappointed about my achievements in life
PWB_5,In many ways I feel disappointed about my achievements in life.3,Emotional,Human21,In many ways I feel disappointed about my achievements in life
PWB_5,In many ways I feel disappointed about my achievements in life.3,Occupational,Human22,In many ways I feel disappointed about my achievements in life
PWB_5,In many ways I feel disappointed about my achievements in life.3,Spiritual,Human23,In many ways I feel disappointed about my achievements in life
PWB_5,In many ways I feel disappointed about my achievements in life.3,Emotional,Human24,In many ways I feel disappointed about my achievements in life
PWB_5,In many ways I feel disappointed about my achievements in life.3,Spiritual,Human25,In many ways I feel disappointed about my achievements in life
PWB_5,In many ways I feel disappointed about my achievements in life.3,Occupational,Human26,In many ways I feel disappointed about my achievements in life
PWB_5,In many ways I feel disappointed about my achievements in life.3,Occupational,Human27,In many ways I feel disappointed about my achievements in life
PWB_5,In many ways I feel disappointed about my achievements in life.3,Emotional,Human28,In many ways I feel disappointed about my achievements in life
PWB_5,In many ways I feel disappointed about my achievements in life.4,Emotional,Human01,In many ways I feel disappointed about my achievements in life
PWB_5,In many ways I feel disappointed about my achievements in life.4,Emotional,Human02,In many ways I feel disappointed about my achievements in life
PWB_5,In many ways I feel disappointed about my achievements in life.4,Emotional,Human03,In many ways I feel disappointed about my achievements in life
PWB_5,In many ways I feel disappointed about my achievements in life.4,Occupational,Human04,In many ways I feel disappointed about my achievements in life
PWB_5,In many ways I feel disappointed about my achievements in life.4,Spiritual,Human05,In many ways I feel disappointed about my achievements in life
PWB_5,In many ways I feel disappointed about my achievements in life.4,Occupational,Human06,In many ways I feel disappointed about my achievements in life
PWB_5,In many ways I feel disappointed about my achievements in life.4,Spiritual,Human07,In many ways I feel disappointed about my achievements in life
PWB_5,In many ways I feel disappointed about my achievements in life.4,Occupational,Human08,In many ways I feel disappointed about my achievements in life
PWB_5,In many ways I feel disappointed about my achievements in life.4,Occupational,Human09,In many ways I feel disappointed about my achievements in life
PWB_5,In many ways I feel disappointed about my achievements in life.4,Occupational,Human10,In many ways I feel disappointed about my achievements in life
PWB_5,In many ways I feel disappointed about my achievements in life.4,Occupational,Human11,In many ways I feel disappointed about my achievements in life
PWB_5,In many ways I feel disappointed about my achievements in life.4,Emotional,Human12,In many ways I feel disappointed about my achievements in life
PWB_5,In many ways I feel disappointed about my achievements in life.4,Intellectual,Human13,In many ways I feel disappointed about my achievements in life
PWB_5,In many ways I feel disappointed about my achievements in life.4,Intellectual,Human14,In many ways I feel disappointed about my achievements in life
PWB_5,In many ways I feel disappointed about my achievements in life.4,Emotional,Human15,In many ways I feel disappointed about my achievements in life
PWB_5,In many ways I feel disappointed about my achievements in life.4,Occupational,Human16,In many ways I feel disappointed about my achievements in life
PWB_5,In many ways I feel disappointed about my achievements in life.4,Spiritual,Human17,In many ways I feel disappointed about my achievements in life
PWB_5,In many ways I feel disappointed about my achievements in life.4,Environmental,Human18,In many ways I feel disappointed about my achievements in life
PWB_5,In many ways I feel disappointed about my achievements in life.4,Occupational,Human19,In many ways I feel disappointed about my achievements in life
PWB_5,In many ways I feel disappointed about my achievements in life.4,Occupational,Human20,In many ways I feel disappointed about my achievements in life
PWB_5,In many ways I feel disappointed about my achievements in life.4,Emotional,Human21,In many ways I feel disappointed about my achievements in life
PWB_5,In many ways I feel disappointed about my achievements in life.4,Occupational,Human22,In many ways I feel disappointed about my achievements in life
PWB_5,In many ways I feel disappointed about my achievements in life.4,Occupational,Human23,In many ways I feel disappointed about my achievements in life
PWB_5,In many ways I feel disappointed about my achievements in life.4,Emotional,Human24,In many ways I feel disappointed about my achievements in life
PWB_5,In many ways I feel disappointed about my achievements in life.4,Emotional,Human25,In many ways I feel disappointed about my achievements in life
PWB_5,In many ways I feel disappointed about my achievements in life.4,Occupational,Human26,In many ways I feel disappointed about my achievements in life
PWB_5,In many ways I feel disappointed about my achievements in life.4,Occupational,Human27,In many ways I feel disappointed about my achievements in life
PWB_5,In many ways I feel disappointed about my achievements in life.4,Environmental,Human28,In many ways I feel disappointed about my achievements in life
PWB_5,In many ways I feel disappointed about my achievements in life.5,Emotional,Human01,In many ways I feel disappointed about my achievements in life
PWB_5,In many ways I feel disappointed about my achievements in life.5,Emotional,Human02,In many ways I feel disappointed about my achievements in life
PWB_5,In many ways I feel disappointed about my achievements in life.5,Emotional,Human03,In many ways I feel disappointed about my achievements in life
PWB_5,In many ways I feel disappointed about my achievements in life.5,Occupational,Human04,In many ways I feel disappointed about my achievements in life
PWB_5,In many ways I feel disappointed about my achievements in life.5,Spiritual,Human05,In many ways I feel disappointed about my achievements in life
PWB_5,In many ways I feel disappointed about my achievements in life.5,Emotional,Human06,In many ways I feel disappointed about my achievements in life
PWB_5,In many ways I feel disappointed about my achievements in life.5,Spiritual,Human07,In many ways I feel disappointed about my achievements in life
PWB_5,In many ways I feel disappointed about my achievements in life.5,Occupational,Human08,In many ways I feel disappointed about my achievements in life
PWB_5,In many ways I feel disappointed about my achievements in life.5,Occupational,Human09,In many ways I feel disappointed about my achievements in life
PWB_5,In many ways I feel disappointed about my achievements in life.5,Occupational,Human10,In many ways I feel disappointed about my achievements in life
PWB_5,In many ways I feel disappointed about my achievements in life.5,Occupational,Human11,In many ways I feel disappointed about my achievements in life
PWB_5,In many ways I feel disappointed about my achievements in life.5,Emotional,Human12,In many ways I feel disappointed about my achievements in life
PWB_5,In many ways I feel disappointed about my achievements in life.5,Intellectual,Human13,In many ways I feel disappointed about my achievements in life
PWB_5,In many ways I feel disappointed about my achievements in life.5,Intellectual,Human14,In many ways I feel disappointed about my achievements in life
PWB_5,In many ways I feel disappointed about my achievements in life.5,Emotional,Human15,In many ways I feel disappointed about my achievements in life
PWB_5,In many ways I feel disappointed about my achievements in life.5,Occupational,Human16,In many ways I feel disappointed about my achievements in life
PWB_5,In many ways I feel disappointed about my achievements in life.5,Occupational,Human17,In many ways I feel disappointed about my achievements in life
PWB_5,In many ways I feel disappointed about my achievements in life.5,Intellectual,Human18,In many ways I feel disappointed about my achievements in life
PWB_5,In many ways I feel disappointed about my achievements in life.5,Occupational,Human19,In many ways I feel disappointed about my achievements in life
PWB_5,In many ways I feel disappointed about my achievements in life.5,Occupational,Human20,In many ways I feel disappointed about my achievements in life
PWB_5,In many ways I feel disappointed about my achievements in life.5,Emotional,Human21,In many ways I feel disappointed about my achievements in life
PWB_5,In many ways I feel disappointed about my achievements in life.5,Occupational,Human22,In many ways I feel disappointed about my achievements in life
PWB_5,In many ways I feel disappointed about my achievements in life.5,Occupational,Human23,In many ways I feel disappointed about my achievements in life
PWB_5,In many ways I feel disappointed about my achievements in life.5,Emotional,Human24,In many ways I feel disappointed about my achievements in life
PWB_5,In many ways I feel disappointed about my achievements in life.5,Emotional,Human25,In many ways I feel disappointed about my achievements in life
PWB_5,In many ways I feel disappointed about my achievements in life.5,Occupational,Human26,In many ways I feel disappointed about my achievements in life
PWB_5,In many ways I feel disappointed about my achievements in life.5,Occupational,Human27,In many ways I feel disappointed about my achievements in life
PWB_5,In many ways I feel disappointed about my achievements in life.5,Emotional,Human28,In many ways I feel disappointed about my achievements in life
PWB_6,Maintaining close relationships has been difficult and frustrating for me.,Social,Human01,Maintaining close relationships has been difficult and frustrating for me
PWB_6,Maintaining close relationships has been difficult and frustrating for me.,Social,Human02,Maintaining close relationships has been difficult and frustrating for me
PWB_6,Maintaining close relationships has been difficult and frustrating for me.,Emotional,Human03,Maintaining close relationships has been difficult and frustrating for me
PWB_6,Maintaining close relationships has been difficult and frustrating for me.,Social,Human04,Maintaining close relationships has been difficult and frustrating for me
PWB_6,Maintaining close relationships has been difficult and frustrating for me.,Social,Human05,Maintaining close relationships has been difficult and frustrating for me
PWB_6,Maintaining close relationships has been difficult and frustrating for me.,Social,Human06,Maintaining close relationships has been difficult and frustrating for me
PWB_6,Maintaining close relationships has been difficult and frustrating for me.,Social,Human07,Maintaining close relationships has been difficult and frustrating for me
PWB_6,Maintaining close relationships has been difficult and frustrating for me.,Social,Human08,Maintaining close relationships has been difficult and frustrating for me
PWB_6,Maintaining close relationships has been difficult and frustrating for me.,Social,Human09,Maintaining close relationships has been difficult and frustrating for me
PWB_6,Maintaining close relationships has been difficult and frustrating for me.,Social,Human10,Maintaining close relationships has been difficult and frustrating for me
PWB_6,Maintaining close relationships has been difficult and frustrating for me.,Social,Human11,Maintaining close relationships has been difficult and frustrating for me
PWB_6,Maintaining close relationships has been difficult and frustrating for me.,Social,Human12,Maintaining close relationships has been difficult and frustrating for me
PWB_6,Maintaining close relationships has been difficult and frustrating for me.,Social,Human13,Maintaining close relationships has been difficult and frustrating for me
PWB_6,Maintaining close relationships has been difficult and frustrating for me.,Social,Human14,Maintaining close relationships has been difficult and frustrating for me
PWB_6,Maintaining close relationships has been difficult and frustrating for me.,Social,Human15,Maintaining close relationships has been difficult and frustrating for me
PWB_6,Maintaining close relationships has been difficult and frustrating for me.,Social,Human16,Maintaining close relationships has been difficult and frustrating for me
PWB_6,Maintaining close relationships has been difficult and frustrating for me.,Social,Human17,Maintaining close relationships has been difficult and frustrating for me
PWB_6,Maintaining close relationships has been difficult and frustrating for me.,Occupational,Human18,Maintaining close relationships has been difficult and frustrating for me
PWB_6,Maintaining close relationships has been difficult and frustrating for me.,Social,Human19,Maintaining close relationships has been difficult and frustrating for me
PWB_6,Maintaining close relationships has been difficult and frustrating for me.,Social,Human20,Maintaining close relationships has been difficult and frustrating for me
PWB_6,Maintaining close relationships has been difficult and frustrating for me.,Social,Human21,Maintaining close relationships has been difficult and frustrating for me
PWB_6,Maintaining close relationships has been difficult and frustrating for me.,Social,Human22,Maintaining close relationships has been difficult and frustrating for me
PWB_6,Maintaining close relationships has been difficult and frustrating for me.,Social,Human23,Maintaining close relationships has been difficult and frustrating for me
PWB_6,Maintaining close relationships has been difficult and frustrating for me.,Social,Human24,Maintaining close relationships has been difficult and frustrating for me
PWB_6,Maintaining close relationships has been difficult and frustrating for me.,Emotional,Human25,Maintaining close relationships has been difficult and frustrating for me
PWB_6,Maintaining close relationships has been difficult and frustrating for me.,Social,Human26,Maintaining close relationships has been difficult and frustrating for me
PWB_6,Maintaining close relationships has been difficult and frustrating for me.,Social,Human27,Maintaining close relationships has been difficult and frustrating for me
PWB_6,Maintaining close relationships has been difficult and frustrating for me.,Social,Human28,Maintaining close relationships has been difficult and frustrating for me
PWB_6,Maintaining close relationships has been difficult and frustrating for me.2,Social,Human01,Maintaining close relationships has been difficult and frustrating for me
PWB_6,Maintaining close relationships has been difficult and frustrating for me.2,Social,Human02,Maintaining close relationships has been difficult and frustrating for me
PWB_6,Maintaining close relationships has been difficult and frustrating for me.2,Social,Human03,Maintaining close relationships has been difficult and frustrating for me
PWB_6,Maintaining close relationships has been difficult and frustrating for me.2,Social,Human04,Maintaining close relationships has been difficult and frustrating for me
PWB_6,Maintaining close relationships has been difficult and frustrating for me.2,Social,Human05,Maintaining close relationships has been difficult and frustrating for me
PWB_6,Maintaining close relationships has been difficult and frustrating for me.2,Social,Human06,Maintaining close relationships has been difficult and frustrating for me
PWB_6,Maintaining close relationships has been difficult and frustrating for me.2,Social,Human07,Maintaining close relationships has been difficult and frustrating for me
PWB_6,Maintaining close relationships has been difficult and frustrating for me.2,Social,Human08,Maintaining close relationships has been difficult and frustrating for me
PWB_6,Maintaining close relationships has been difficult and frustrating for me.2,Social,Human09,Maintaining close relationships has been difficult and frustrating for me
PWB_6,Maintaining close relationships has been difficult and frustrating for me.2,Social,Human10,Maintaining close relationships has been difficult and frustrating for me
PWB_6,Maintaining close relationships has been difficult and frustrating for me.2,Social,Human11,Maintaining close relationships has been difficult and frustrating for me
PWB_6,Maintaining close relationships has been difficult and frustrating for me.2,Social,Human12,Maintaining close relationships has been difficult and frustrating for me
PWB_6,Maintaining close relationships has been difficult and frustrating for me.2,Social,Human13,Maintaining close relationships has been difficult and frustrating for me
PWB_6,Maintaining close relationships has been difficult and frustrating for me.2,Social,Human14,Maintaining close relationships has been difficult and frustrating for me
PWB_6,Maintaining close relationships has been difficult and frustrating for me.2,Social,Human15,Maintaining close relationships has been difficult and frustrating for me
PWB_6,Maintaining close relationships has been difficult and frustrating for me.2,Social,Human16,Maintaining close relationships has been difficult and frustrating for me
PWB_6,Maintaining close relationships has been difficult and frustrating for me.2,Social,Human17,Maintaining close relationships has been difficult and frustrating for me
PWB_6,Maintaining close relationships has been difficult and frustrating for me.2,Emotional,Human18,Maintaining close relationships has been difficult and frustrating for me
PWB_6,Maintaining close relationships has been difficult and frustrating for me.2,Social,Human19,Maintaining close relationships has been difficult and frustrating for me
PWB_6,Maintaining close relationships has been difficult and frustrating for me.2,Social,Human20,Maintaining close relationships has been difficult and frustrating for me
PWB_6,Maintaining close relationships has been difficult and frustrating for me.2,Social,Human21,Maintaining close relationships has been difficult and frustrating for me
PWB_6,Maintaining close relationships has been difficult and frustrating for me.2,Social,Human22,Maintaining close relationships has been difficult and frustrating for me
PWB_6,Maintaining close relationships has been difficult and frustrating for me.2,Social,Human23,Maintaining close relationships has been difficult and frustrating for me
PWB_6,Maintaining close relationships has been difficult and frustrating for me.2,Social,Human24,Maintaining close relationships has been difficult and frustrating for me
PWB_6,Maintaining close relationships has been difficult and frustrating for me.2,Social,Human25,Maintaining close relationships has been difficult and frustrating for me
PWB_6,Maintaining close relationships has been difficult and frustrating for me.2,Social,Human26,Maintaining close relationships has been difficult and frustrating for me
PWB_6,Maintaining close relationships has been difficult and frustrating for me.2,Social,Human27,Maintaining close relationships has been difficult and frustrating for me
PWB_6,Maintaining close relationships has been difficult and frustrating for me.2,Social,Human28,Maintaining close relationships has been difficult and frustrating for me
PWB_6,Maintaining close relationships has been difficult and frustrating for me.3,Social,Human01,Maintaining close relationships has been difficult and frustrating for me
PWB_6,Maintaining close relationships has been difficult and frustrating for me.3,Social,Human02,Maintaining close relationships has been difficult and frustrating for me
PWB_6,Maintaining close relationships has been difficult and frustrating for me.3,Social,Human03,Maintaining close relationships has been difficult and frustrating for me
PWB_6,Maintaining close relationships has been difficult and frustrating for me.3,Social,Human04,Maintaining close relationships has been difficult and frustrating for me
PWB_6,Maintaining close relationships has been difficult and frustrating for me.3,Social,Human05,Maintaining close relationships has been difficult and frustrating for me
PWB_6,Maintaining close relationships has been difficult and frustrating for me.3,Social,Human06,Maintaining close relationships has been difficult and frustrating for me
PWB_6,Maintaining close relationships has been difficult and frustrating for me.3,Social,Human07,Maintaining close relationships has been difficult and frustrating for me
PWB_6,Maintaining close relationships has been difficult and frustrating for me.3,Social,Human08,Maintaining close relationships has been difficult and frustrating for me
PWB_6,Maintaining close relationships has been difficult and frustrating for me.3,Social,Human09,Maintaining close relationships has been difficult and frustrating for me
PWB_6,Maintaining close relationships has been difficult and frustrating for me.3,Social,Human10,Maintaining close relationships has been difficult and frustrating for me
PWB_6,Maintaining close relationships has been difficult and frustrating for me.3,Social,Human11,Maintaining close relationships has been difficult and frustrating for me
PWB_6,Maintaining close relationships has been difficult and frustrating for me.3,Social,Human12,Maintaining close relationships has been difficult and frustrating for me
PWB_6,Maintaining close relationships has been difficult and frustrating for me.3,Social,Human13,Maintaining close relationships has been difficult and frustrating for me
PWB_6,Maintaining close relationships has been difficult and frustrating for me.3,Social,Human14,Maintaining close relationships has been difficult and frustrating for me
PWB_6,Maintaining close relationships has been difficult and frustrating for me.3,Social,Human15,Maintaining close relationships has been difficult and frustrating for me
PWB_6,Maintaining close relationships has been difficult and frustrating for me.3,Social,Human16,Maintaining close relationships has been difficult and frustrating for me
PWB_6,Maintaining close relationships has been difficult and frustrating for me.3,Social,Human17,Maintaining close relationships has been difficult and frustrating for me
PWB_6,Maintaining close relationships has been difficult and frustrating for me.3,Intellectual,Human18,Maintaining close relationships has been difficult and frustrating for me
PWB_6,Maintaining close relationships has been difficult and frustrating for me.3,Social,Human19,Maintaining close relationships has been difficult and frustrating for me
PWB_6,Maintaining close relationships has been difficult and frustrating for me.3,Social,Human20,Maintaining close relationships has been difficult and frustrating for me
PWB_6,Maintaining close relationships has been difficult and frustrating for me.3,Social,Human21,Maintaining close relationships has been difficult and frustrating for me
PWB_6,Maintaining close relationships has been difficult and frustrating for me.3,Social,Human22,Maintaining close relationships has been difficult and frustrating for me
PWB_6,Maintaining close relationships has been difficult and frustrating for me.3,Social,Human23,Maintaining close relationships has been difficult and frustrating for me
PWB_6,Maintaining close relationships has been difficult and frustrating for me.3,Social,Human24,Maintaining close relationships has been difficult and frustrating for me
PWB_6,Maintaining close relationships has been difficult and frustrating for me.3,Social,Human25,Maintaining close relationships has been difficult and frustrating for me
PWB_6,Maintaining close relationships has been difficult and frustrating for me.3,Social,Human26,Maintaining close relationships has been difficult and frustrating for me
PWB_6,Maintaining close relationships has been difficult and frustrating for me.3,Social,Human27,Maintaining close relationships has been difficult and frustrating for me
PWB_6,Maintaining close relationships has been difficult and frustrating for me.3,Social,Human28,Maintaining close relationships has been difficult and frustrating for me
PWB_6,Maintaining close relationships has been difficult and frustrating for me.4,Social,Human01,Maintaining close relationships has been difficult and frustrating for me
PWB_6,Maintaining close relationships has been difficult and frustrating for me.4,Social,Human02,Maintaining close relationships has been difficult and frustrating for me
PWB_6,Maintaining close relationships has been difficult and frustrating for me.4,Social,Human03,Maintaining close relationships has been difficult and frustrating for me
PWB_6,Maintaining close relationships has been difficult and frustrating for me.4,Social,Human04,Maintaining close relationships has been difficult and frustrating for me
PWB_6,Maintaining close relationships has been difficult and frustrating for me.4,Social,Human05,Maintaining close relationships has been difficult and frustrating for me
PWB_6,Maintaining close relationships has been difficult and frustrating for me.4,Social,Human06,Maintaining close relationships has been difficult and frustrating for me
PWB_6,Maintaining close relationships has been difficult and frustrating for me.4,Social,Human07,Maintaining close relationships has been difficult and frustrating for me
PWB_6,Maintaining close relationships has been difficult and frustrating for me.4,Social,Human08,Maintaining close relationships has been difficult and frustrating for me
PWB_6,Maintaining close relationships has been difficult and frustrating for me.4,Social,Human09,Maintaining close relationships has been difficult and frustrating for me
PWB_6,Maintaining close relationships has been difficult and frustrating for me.4,Social,Human10,Maintaining close relationships has been difficult and frustrating for me
PWB_6,Maintaining close relationships has been difficult and frustrating for me.4,Social,Human11,Maintaining close relationships has been difficult and frustrating for me
PWB_6,Maintaining close relationships has been difficult and frustrating for me.4,Social,Human12,Maintaining close relationships has been difficult and frustrating for me
PWB_6,Maintaining close relationships has been difficult and frustrating for me.4,Social,Human13,Maintaining close relationships has been difficult and frustrating for me
PWB_6,Maintaining close relationships has been difficult and frustrating for me.4,Social,Human14,Maintaining close relationships has been difficult and frustrating for me
PWB_6,Maintaining close relationships has been difficult and frustrating for me.4,Social,Human15,Maintaining close relationships has been difficult and frustrating for me
PWB_6,Maintaining close relationships has been difficult and frustrating for me.4,Social,Human16,Maintaining close relationships has been difficult and frustrating for me
PWB_6,Maintaining close relationships has been difficult and frustrating for me.4,Social,Human17,Maintaining close relationships has been difficult and frustrating for me
PWB_6,Maintaining close relationships has been difficult and frustrating for me.4,Physical,Human18,Maintaining close relationships has been difficult and frustrating for me
PWB_6,Maintaining close relationships has been difficult and frustrating for me.4,Social,Human19,Maintaining close relationships has been difficult and frustrating for me
PWB_6,Maintaining close relationships has been difficult and frustrating for me.4,Social,Human20,Maintaining close relationships has been difficult and frustrating for me
PWB_6,Maintaining close relationships has been difficult and frustrating for me.4,Social,Human21,Maintaining close relationships has been difficult and frustrating for me
PWB_6,Maintaining close relationships has been difficult and frustrating for me.4,Social,Human22,Maintaining close relationships has been difficult and frustrating for me
PWB_6,Maintaining close relationships has been difficult and frustrating for me.4,Social,Human23,Maintaining close relationships has been difficult and frustrating for me
PWB_6,Maintaining close relationships has been difficult and frustrating for me.4,Social,Human24,Maintaining close relationships has been difficult and frustrating for me
PWB_6,Maintaining close relationships has been difficult and frustrating for me.4,Social,Human25,Maintaining close relationships has been difficult and frustrating for me
PWB_6,Maintaining close relationships has been difficult and frustrating for me.4,Social,Human26,Maintaining close relationships has been difficult and frustrating for me
PWB_6,Maintaining close relationships has been difficult and frustrating for me.4,Social,Human27,Maintaining close relationships has been difficult and frustrating for me
PWB_6,Maintaining close relationships has been difficult and frustrating for me.4,Social,Human28,Maintaining close relationships has been difficult and frustrating for me
PWB_6,Maintaining close relationships has been difficult and frustrating for me.5,Social,Human01,Maintaining close relationships has been difficult and frustrating for me
PWB_6,Maintaining close relationships has been difficult and frustrating for me.5,Social,Human02,Maintaining close relationships has been difficult and frustrating for me
PWB_6,Maintaining close relationships has been difficult and frustrating for me.5,Social,Human03,Maintaining close relationships has been difficult and frustrating for me
PWB_6,Maintaining close relationships has been difficult and frustrating for me.5,Social,Human04,Maintaining close relationships has been difficult and frustrating for me
PWB_6,Maintaining close relationships has been difficult and frustrating for me.5,Social,Human05,Maintaining close relationships has been difficult and frustrating for me
PWB_6,Maintaining close relationships has been difficult and frustrating for me.5,Social,Human06,Maintaining close relationships has been difficult and frustrating for me
PWB_6,Maintaining close relationships has been difficult and frustrating for me.5,Social,Human07,Maintaining close relationships has been difficult and frustrating for me
PWB_6,Maintaining close relationships has been difficult and frustrating for me.5,Social,Human08,Maintaining close relationships has been difficult and frustrating for me
PWB_6,Maintaining close relationships has been difficult and frustrating for me.5,Social,Human09,Maintaining close relationships has been difficult and frustrating for me
PWB_6,Maintaining close relationships has been difficult and frustrating for me.5,Social,Human10,Maintaining close relationships has been difficult and frustrating for me
PWB_6,Maintaining close relationships has been difficult and frustrating for me.5,Social,Human11,Maintaining close relationships has been difficult and frustrating for me
PWB_6,Maintaining close relationships has been difficult and frustrating for me.5,Social,Human12,Maintaining close relationships has been difficult and frustrating for me
PWB_6,Maintaining close relationships has been difficult and frustrating for me.5,Social,Human13,Maintaining close relationships has been difficult and frustrating for me
PWB_6,Maintaining close relationships has been difficult and frustrating for me.5,Social,Human14,Maintaining close relationships has been difficult and frustrating for me
PWB_6,Maintaining close relationships has been difficult and frustrating for me.5,Social,Human15,Maintaining close relationships has been difficult and frustrating for me
PWB_6,Maintaining close relationships has been difficult and frustrating for me.5,Social,Human16,Maintaining close relationships has been difficult and frustrating for me
PWB_6,Maintaining close relationships has been difficult and frustrating for me.5,Social,Human17,Maintaining close relationships has been difficult and frustrating for me
PWB_6,Maintaining close relationships has been difficult and frustrating for me.5,Spiritual,Human18,Maintaining close relationships has been difficult and frustrating for me
PWB_6,Maintaining close relationships has been difficult and frustrating for me.5,Social,Human19,Maintaining close relationships has been difficult and frustrating for me
PWB_6,Maintaining close relationships has been difficult and frustrating for me.5,Social,Human20,Maintaining close relationships has been difficult and frustrating for me
PWB_6,Maintaining close relationships has been difficult and frustrating for me.5,Social,Human21,Maintaining close relationships has been difficult and frustrating for me
PWB_6,Maintaining close relationships has been difficult and frustrating for me.5,Social,Human22,Maintaining close relationships has been difficult and frustrating for me
PWB_6,Maintaining close relationships has been difficult and frustrating for me.5,Social,Human23,Maintaining close relationships has been difficult and frustrating for me
PWB_6,Maintaining close relationships has been difficult and frustrating for me.5,Social,Human24,Maintaining close relationships has been difficult and frustrating for me
PWB_6,Maintaining close relationships has been difficult and frustrating for me.5,Social,Human25,Maintaining close relationships has been difficult and frustrating for me
PWB_6,Maintaining close relationships has been difficult and frustrating for me.5,Social,Human26,Maintaining close relationships has been difficult and frustrating for me
PWB_6,Maintaining close relationships has been difficult and frustrating for me.5,Social,Human27,Maintaining close relationships has been difficult and frustrating for me
PWB_6,Maintaining close relationships has been difficult and frustrating for me.5,Social,Human28,Maintaining close relationships has been difficult and frustrating for me
PWB_7,I live life one day at a time and don't really think about the future.,Emotional,Human01,I live life one day at a time and don't really think about the future
PWB_7,I live life one day at a time and don't really think about the future.,Emotional,Human02,I live life one day at a time and don't really think about the future
PWB_7,I live life one day at a time and don't really think about the future.,Intellectual,Human03,I live life one day at a time and don't really think about the future
PWB_7,I live life one day at a time and don't really think about the future.,Spiritual,Human04,I live life one day at a time and don't really think about the future
PWB_7,I live life one day at a time and don't really think about the future.,Spiritual,Human05,I live life one day at a time and don't really think about the future
PWB_7,I live life one day at a time and don't really think about the future.,Emotional,Human06,I live life one day at a time and don't really think about the future
PWB_7,I live life one day at a time and don't really think about the future.,Spiritual,Human07,I live life one day at a time and don't really think about the future
PWB_7,I live life one day at a time and don't really think about the future.,Spiritual,Human08,I live life one day at a time and don't really think about the future
PWB_7,I live life one day at a time and don't really think about the future.,Spiritual,Human09,I live life one day at a time and don't really think about the future
PWB_7,I live life one day at a time and don't really think about the future.,Emotional,Human10,I live life one day at a time and don't really think about the future
PWB_7,I live life one day at a time and don't really think about the future.,Spiritual,Human11,I live life one day at a time and don't really think about the future
PWB_7,I live life one day at a time and don't really think about the future.,Emotional,Human12,I live life one day at a time and don't really think about the future
PWB_7,I live life one day at a time and don't really think about the future.,Emotional,Human13,I live life one day at a time and don't really think about the future
PWB_7,I live life one day at a time and don't really think about the future.,Intellectual,Human14,I live life one day at a time and don't really think about the future
PWB_7,I live life one day at a time and don't really think about the future.,Environmental,Human15,I live life one day at a time and don't really think about the future
PWB_7,I live life one day at a time and don't really think about the future.,Emotional,Human16,I live life one day at a time and don't really think about the future
PWB_7,I live life one day at a time and don't really think about the future.,Spiritual,Human17,I live life one day at a time and don't really think about the future
PWB_7,I live life one day at a time and don't really think about the future.,Occupational,Human18,I live life one day at a time and don't really think about the future
PWB_7,I live life one day at a time and don't really think about the future.,Spiritual,Human19,I live life one day at a time and don't really think about the future
PWB_7,I live life one day at a time and don't really think about the future.,Spiritual,Human20,I live life one day at a time and don't really think about the future
PWB_7,I live life one day at a time and don't really think about the future.,Spiritual,Human21,I live life one day at a time and don't really think about the future
PWB_7,I live life one day at a time and don't really think about the future.,Spiritual,Human22,I live life one day at a time and don't really think about the future
PWB_7,I live life one day at a time and don't really think about the future.,Spiritual,Human23,I live life one day at a time and don't really think about the future
PWB_7,I live life one day at a time and don't really think about the future.,Occupational,Human24,I live life one day at a time and don't really think about the future
PWB_7,I live life one day at a time and don't really think about the future.,Spiritual,Human25,I live life one day at a time and don't really think about the future
PWB_7,I live life one day at a time and don't really think about the future.,Spiritual,Human26,I live life one day at a time and don't really think about the future
PWB_7,I live life one day at a time and don't really think about the future.,Spiritual,Human27,I live life one day at a time and don't really think about the future
PWB_7,I live life one day at a time and don't really think about the future.,Environmental,Human28,I live life one day at a time and don't really think about the future
PWB_7,I live life one day at a time and don't really think about the future.2,Emotional,Human01,I live life one day at a time and don't really think about the future
PWB_7,I live life one day at a time and don't really think about the future.2,Emotional,Human02,I live life one day at a time and don't really think about the future
PWB_7,I live life one day at a time and don't really think about the future.2,Intellectual,Human03,I live life one day at a time and don't really think about the future
PWB_7,I live life one day at a time and don't really think about the future.2,Spiritual,Human04,I live life one day at a time and don't really think about the future
PWB_7,I live life one day at a time and don't really think about the future.2,Spiritual,Human05,I live life one day at a time and don't really think about the future
PWB_7,I live life one day at a time and don't really think about the future.2,Emotional,Human06,I live life one day at a time and don't really think about the future
PWB_7,I live life one day at a time and don't really think about the future.2,Emotional,Human07,I live life one day at a time and don't really think about the future
PWB_7,I live life one day at a time and don't really think about the future.2,Spiritual,Human08,I live life one day at a time and don't really think about the future
PWB_7,I live life one day at a time and don't really think about the future.2,Spiritual,Human09,I live life one day at a time and don't really think about the future
PWB_7,I live life one day at a time and don't really think about the future.2,Emotional,Human10,I live life one day at a time and don't really think about the future
PWB_7,I live life one day at a time and don't really think about the future.2,Spiritual,Human11,I live life one day at a time and don't really think about the future
PWB_7,I live life one day at a time and don't really think about the future.2,Environmental,Human12,I live life one day at a time and don't really think about the future
PWB_7,I live life one day at a time and don't really think about the future.2,Emotional,Human13,I live life one day at a time and don't really think about the future
PWB_7,I live life one day at a time and don't really think about the future.2,Intellectual,Human14,I live life one day at a time and don't really think about the future
PWB_7,I live life one day at a time and don't really think about the future.2,Emotional,Human15,I live life one day at a time and don't really think about the future
PWB_7,I live life one day at a time and don't really think about the future.2,Occupational,Human16,I live life one day at a time and don't really think about the future
PWB_7,I live life one day at a time and don't really think about the future.2,Emotional,Human17,I live life one day at a time and don't really think about the future
PWB_7,I live life one day at a time and don't really think about the future.2,Social,Human18,I live life one day at a time and don't really think about the future
PWB_7,I live life one day at a time and don't really think about the future.2,Occupational,Human19,I live life one day at a time and don't really think about the future
PWB_7,I live life one day at a time and don't really think about the future.2,Spiritual,Human20,I live life one day at a time and don't really think about the future
PWB_7,I live life one day at a time and don't really think about the future.2,Spiritual,Human21,I live life one day at a time and don't really think about the future
PWB_7,I live life one day at a time and don't really think about the future.2,Spiritual,Human22,I live life one day at a time and don't really think about the future
PWB_7,I live life one day at a time and don't really think about the future.2,Spiritual,Human23,I live life one day at a time and don't really think about the future
PWB_7,I live life one day at a time and don't really think about the future.2,Occupational,Human24,I live life one day at a time and don't really think about the future
PWB_7,I live life one day at a time and don't really think about the future.2,Spiritual,Human25,I live life one day at a time and don't really think about the future
PWB_7,I live life one day at a time and don't really think about the future.2,Spiritual,Human26,I live life one day at a time and don't really think about the future
PWB_7,I live life one day at a time and don't really think about the future.2,Spiritual,Human27,I live life one day at a time and don't really think about the future
PWB_7,I live life one day at a time and don't really think about the future.2,Environmental,Human28,I live life one day at a time and don't really think about the future
PWB_7,I live life one day at a time and don't really think about the future.3,Emotional,Human01,I live life one day at a time and don't really think about the future
PWB_7,I live life one day at a time and don't really think about the future.3,Emotional,Human02,I live life one day at a time and don't really think about the future
PWB_7,I live life one day at a time and don't really think about the future.3,Intellectual,Human03,I live life one day at a time and don't really think about the future
PWB_7,I live life one day at a time and don't really think about the future.3,Spiritual,Human04,I live life one day at a time and don't really think about the future
PWB_7,I live life one day at a time and don't really think about the future.3,Spiritual,Human05,I live life one day at a time and don't really think about the future
PWB_7,I live life one day at a time and don't really think about the future.3,Emotional,Human06,I live life one day at a time and don't really think about the future
PWB_7,I live life one day at a time and don't really think about the future.3,Spiritual,Human07,I live life one day at a time and don't really think about the future
PWB_7,I live life one day at a time and don't really think about the future.3,Spiritual,Human08,I live life one day at a time and don't really think about the future
PWB_7,I live life one day at a time and don't really think about the future.3,Spiritual,Human09,I live life one day at a time and don't really think about the future
PWB_7,I live life one day at a time and don't really think about the future.3,Emotional,Human10,I live life one day at a time and don't really think about the future
PWB_7,I live life one day at a time and don't really think about the future.3,Spiritual,Human11,I live life one day at a time and don't really think about the future
PWB_7,I live life one day at a time and don't really think about the future.3,Environmental,Human12,I live life one day at a time and don't really think about the future
PWB_7,I live life one day at a time and don't really think about the future.3,Emotional,Human13,I live life one day at a time and don't really think about the future
PWB_7,I live life one day at a time and don't really think about the future.3,Intellectual,Human14,I live life one day at a time and don't really think about the future
PWB_7,I live life one day at a time and don't really think about the future.3,Emotional,Human15,I live life one day at a time and don't really think about the future
PWB_7,I live life one day at a time and don't really think about the future.3,Occupational,Human16,I live life one day at a time and don't really think about the future
PWB_7,I live life one day at a time and don't really think about the future.3,Spiritual,Human17,I live life one day at a time and don't really think about the future
PWB_7,I live life one day at a time and don't really think about the future.3,Spiritual,Human18,I live life one day at a time and don't really think about the future
PWB_7,I live life one day at a time and don't really think about the future.3,Intellectual,Human19,I live life one day at a time and don't really think about the future
PWB_7,I live life one day at a time and don't really think about the future.3,Spiritual,Human20,I live life one day at a time and don't really think about the future
PWB_7,I live life one day at a time and don't really think about the future.3,Spiritual,Human21,I live life one day at a time and don't really think about the future
PWB_7,I live life one day at a time and don't really think about the future.3,Spiritual,Human22,I live life one day at a time and don't really think about the future
PWB_7,I live life one day at a time and don't really think about the future.3,Spiritual,Human23,I live life one day at a time and don't really think about the future
PWB_7,I live life one day at a time and don't really think about the future.3,Emotional,Human24,I live life one day at a time and don't really think about the future
PWB_7,I live life one day at a time and don't really think about the future.3,Spiritual,Human25,I live life one day at a time and don't really think about the future
PWB_7,I live life one day at a time and don't really think about the future.3,Spiritual,Human26,I live life one day at a time and don't really think about the future
PWB_7,I live life one day at a time and don't really think about the future.3,Spiritual,Human27,I live life one day at a time and don't really think about the future
PWB_7,I live life one day at a time and don't really think about the future.3,Environmental,Human28,I live life one day at a time and don't really think about the future
PWB_7,I live life one day at a time and don't really think about the future.4,Emotional,Human01,I live life one day at a time and don't really think about the future
PWB_7,I live life one day at a time and don't really think about the future.4,Emotional,Human02,I live life one day at a time and don't really think about the future
PWB_7,I live life one day at a time and don't really think about the future.4,Intellectual,Human03,I live life one day at a time and don't really think about the future
PWB_7,I live life one day at a time and don't really think about the future.4,Spiritual,Human04,I live life one day at a time and don't really think about the future
PWB_7,I live life one day at a time and don't really think about the future.4,Spiritual,Human05,I live life one day at a time and don't really think about the future
PWB_7,I live life one day at a time and don't really think about the future.4,Emotional,Human06,I live life one day at a time and don't really think about the future
PWB_7,I live life one day at a time and don't really think about the future.4,Spiritual,Human07,I live life one day at a time and don't really think about the future
PWB_7,I live life one day at a time and don't really think about the future.4,Spiritual,Human08,I live life one day at a time and don't really think about the future
PWB_7,I live life one day at a time and don't really think about the future.4,Spiritual,Human09,I live life one day at a time and don't really think about the future
PWB_7,I live life one day at a time and don't really think about the future.4,Emotional,Human10,I live life one day at a time and don't really think about the future
PWB_7,I live life one day at a time and don't really think about the future.4,Spiritual,Human11,I live life one day at a time and don't really think about the future
PWB_7,I live life one day at a time and don't really think about the future.4,Environmental,Human12,I live life one day at a time and don't really think about the future
PWB_7,I live life one day at a time and don't really think about the future.4,Emotional,Human13,I live life one day at a time and don't really think about the future
PWB_7,I live life one day at a time and don't really think about the future.4,Intellectual,Human14,I live life one day at a time and don't really think about the future
PWB_7,I live life one day at a time and don't really think about the future.4,Emotional,Human15,I live life one day at a time and don't really think about the future
PWB_7,I live life one day at a time and don't really think about the future.4,Occupational,Human16,I live life one day at a time and don't really think about the future
PWB_7,I live life one day at a time and don't really think about the future.4,Spiritual,Human17,I live life one day at a time and don't really think about the future
PWB_7,I live life one day at a time and don't really think about the future.4,Environmental,Human18,I live life one day at a time and don't really think about the future
PWB_7,I live life one day at a time and don't really think about the future.4,Occupational,Human19,I live life one day at a time and don't really think about the future
PWB_7,I live life one day at a time and don't really think about the future.4,Spiritual,Human20,I live life one day at a time and don't really think about the future
PWB_7,I live life one day at a time and don't really think about the future.4,Spiritual,Human21,I live life one day at a time and don't really think about the future
PWB_7,I live life one day at a time and don't really think about the future.4,Spiritual,Human22,I live life one day at a time and don't really think about the future
PWB_7,I live life one day at a time and don't really think about the future.4,Spiritual,Human23,I live life one day at a time and don't really think about the future
PWB_7,I live life one day at a time and don't really think about the future.4,Occupational,Human24,I live life one day at a time and don't really think about the future
PWB_7,I live life one day at a time and don't really think about the future.4,Spiritual,Human25,I live life one day at a time and don't really think about the future
PWB_7,I live life one day at a time and don't really think about the future.4,Spiritual,Human26,I live life one day at a time and don't really think about the future
PWB_7,I live life one day at a time and don't really think about the future.4,Spiritual,Human27,I live life one day at a time and don't really think about the future
PWB_7,I live life one day at a time and don't really think about the future.4,Environmental,Human28,I live life one day at a time and don't really think about the future
PWB_7,I live life one day at a time and don't really think about the future.5,Emotional,Human01,I live life one day at a time and don't really think about the future
PWB_7,I live life one day at a time and don't really think about the future.5,Emotional,Human02,I live life one day at a time and don't really think about the future
PWB_7,I live life one day at a time and don't really think about the future.5,Intellectual,Human03,I live life one day at a time and don't really think about the future
PWB_7,I live life one day at a time and don't really think about the future.5,Spiritual,Human04,I live life one day at a time and don't really think about the future
PWB_7,I live life one day at a time and don't really think about the future.5,Spiritual,Human05,I live life one day at a time and don't really think about the future
PWB_7,I live life one day at a time and don't really think about the future.5,Emotional,Human06,I live life one day at a time and don't really think about the future
PWB_7,I live life one day at a time and don't really think about the future.5,Spiritual,Human07,I live life one day at a time and don't really think about the future
PWB_7,I live life one day at a time and don't really think about the future.5,Spiritual,Human08,I live life one day at a time and don't really think about the future
PWB_7,I live life one day at a time and don't really think about the future.5,Spiritual,Human09,I live life one day at a time and don't really think about the future
PWB_7,I live life one day at a time and don't really think about the future.5,Emotional,Human10,I live life one day at a time and don't really think about the future
PWB_7,I live life one day at a time and don't really think about the future.5,Spiritual,Human11,I live life one day at a time and don't really think about the future
PWB_7,I live life one day at a time and don't really think about the future.5,Environmental,Human12,I live life one day at a time and don't really think about the future
PWB_7,I live life one day at a time and don't really think about the future.5,Emotional,Human13,I live life one day at a time and don't really think about the future
PWB_7,I live life one day at a time and don't really think about the future.5,Intellectual,Human14,I live life one day at a time and don't really think about the future
PWB_7,I live life one day at a time and don't really think about the future.5,Emotional,Human15,I live life one day at a time and don't really think about the future
PWB_7,I live life one day at a time and don't really think about the future.5,Occupational,Human16,I live life one day at a time and don't really think about the future
PWB_7,I live life one day at a time and don't really think about the future.5,Social,Human17,I live life one day at a time and don't really think about the future
PWB_7,I live life one day at a time and don't really think about the future.5,Physical,Human18,I live life one day at a time and don't really think about the future
PWB_7,I live life one day at a time and don't really think about the future.5,Emotional,Human19,I live life one day at a time and don't really think about the future
PWB_7,I live life one day at a time and don't really think about the future.5,Spiritual,Human20,I live life one day at a time and don't really think about the future
PWB_7,I live life one day at a time and don't really think about the future.5,Spiritual,Human21,I live life one day at a time and don't really think about the future
PWB_7,I live life one day at a time and don't really think about the future.5,Spiritual,Human22,I live life one day at a time and don't really think about the future
PWB_7,I live life one day at a time and don't really think about the future.5,Spiritual,Human23,I live life one day at a time and don't really think about the future
PWB_7,I live life one day at a time and don't really think about the future.5,Occupational,Human24,I live life one day at a time and don't really think about the future
PWB_7,I live life one day at a time and don't really think about the future.5,Spiritual,Human25,I live life one day at a time and don't really think about the future
PWB_7,I live life one day at a time and don't really think about the future.5,Spiritual,Human26,I live life one day at a time and don't really think about the future
PWB_7,I live life one day at a time and don't really think about the future.5,Spiritual,Human27,I live life one day at a time and don't really think about the future
PWB_7,I live life one day at a time and don't really think about the future.5,Environmental,Human28,I live life one day at a time and don't really think about the future
PWB_8,"In general, I feel I am in charge of the situation in which I live.",Emotional,Human01,"In general, I feel I am in charge of the situation in which I live"
PWB_8,"In general, I feel I am in charge of the situation in which I live.",Emotional,Human02,"In general, I feel I am in charge of the situation in which I live"
PWB_8,"In general, I feel I am in charge of the situation in which I live.",Intellectual,Human03,"In general, I feel I am in charge of the situation in which I live"
PWB_8,"In general, I feel I am in charge of the situation in which I live.",Emotional,Human04,"In general, I feel I am in charge of the situation in which I live"
PWB_8,"In general, I feel I am in charge of the situation in which I live.",Spiritual,Human05,"In general, I feel I am in charge of the situation in which I live"
PWB_8,"In general, I feel I am in charge of the situation in which I live.",Environmental,Human06,"In general, I feel I am in charge of the situation in which I live"
PWB_8,"In general, I feel I am in charge of the situation in which I live.",Spiritual,Human07,"In general, I feel I am in charge of the situation in which I live"
PWB_8,"In general, I feel I am in charge of the situation in which I live.",Occupational,Human08,"In general, I feel I am in charge of the situation in which I live"
PWB_8,"In general, I feel I am in charge of the situation in which I live.",Spiritual,Human09,"In general, I feel I am in charge of the situation in which I live"
PWB_8,"In general, I feel I am in charge of the situation in which I live.",Emotional,Human10,"In general, I feel I am in charge of the situation in which I live"
PWB_8,"In general, I feel I am in charge of the situation in which I live.",Emotional,Human11,"In general, I feel I am in charge of the situation in which I live"
PWB_8,"In general, I feel I am in charge of the situation in which I live.",Emotional,Human12,"In general, I feel I am in charge of the situation in which I live"
PWB_8,"In general, I feel I am in charge of the situation in which I live.",Emotional,Human13,"In general, I feel I am in charge of the situation in which I live"
PWB_8,"In general, I feel I am in charge of the situation in which I live.",Intellectual,Human14,"In general, I feel I am in charge of the situation in which I live"
PWB_8,"In general, I feel I am in charge of the situation in which I live.",Spiritual,Human15,"In general, I feel I am in charge of the situation in which I live"
PWB_8,"In general, I feel I am in charge of the situation in which I live.",Intellectual,Human16,"In general, I feel I am in charge of the situation in which I live"
PWB_8,"In general, I feel I am in charge of the situation in which I live.",Environmental,Human17,"In general, I feel I am in charge of the situation in which I live"
PWB_8,"In general, I feel I am in charge of the situation in which I live.",Spiritual,Human18,"In general, I feel I am in charge of the situation in which I live"
PWB_8,"In general, I feel I am in charge of the situation in which I live.",Occupational,Human19,"In general, I feel I am in charge of the situation in which I live"
PWB_8,"In general, I feel I am in charge of the situation in which I live.",Emotional,Human20,"In general, I feel I am in charge of the situation in which I live"
PWB_8,"In general, I feel I am in charge of the situation in which I live.",Spiritual,Human21,"In general, I feel I am in charge of the situation in which I live"
PWB_8,"In general, I feel I am in charge of the situation in which I live.",Spiritual,Human22,"In general, I feel I am in charge of the situation in which I live"
PWB_8,"In general, I feel I am in charge of the situation in which I live.",Environmental,Human23,"In general, I feel I am in charge of the situation in which I live"
PWB_8,"In general, I feel I am in charge of the situation in which I live.",Environmental,Human24,"In general, I feel I am in charge of the situation in which I live"
PWB_8,"In general, I feel I am in charge of the situation in which I live.",Spiritual,Human25,"In general, I feel I am in charge of the situation in which I live"
PWB_8,"In general, I feel I am in charge of the situation in which I live.",Spiritual,Human26,"In general, I feel I am in charge of the situation in which I live"
PWB_8,"In general, I feel I am in charge of the situation in which I live.",Spiritual,Human27,"In general, I feel I am in charge of the situation in which I live"
PWB_8,"In general, I feel I am in charge of the situation in which I live.",Environmental,Human28,"In general, I feel I am in charge of the situation in which I live"
PWB_8,"In general, I feel I am in charge of the situation in which I live.2",Emotional,Human01,"In general, I feel I am in charge of the situation in which I live"
PWB_8,"In general, I feel I am in charge of the situation in which I live.2",Emotional,Human02,"In general, I feel I am in charge of the situation in which I live"
PWB_8,"In general, I feel I am in charge of the situation in which I live.2",Intellectual,Human03,"In general, I feel I am in charge of the situation in which I live"
PWB_8,"In general, I feel I am in charge of the situation in which I live.2",Emotional,Human04,"In general, I feel I am in charge of the situation in which I live"
PWB_8,"In general, I feel I am in charge of the situation in which I live.2",Spiritual,Human05,"In general, I feel I am in charge of the situation in which I live"
PWB_8,"In general, I feel I am in charge of the situation in which I live.2",Environmental,Human06,"In general, I feel I am in charge of the situation in which I live"
PWB_8,"In general, I feel I am in charge of the situation in which I live.2",Spiritual,Human07,"In general, I feel I am in charge of the situation in which I live"
PWB_8,"In general, I feel I am in charge of the situation in which I live.2",Intellectual,Human08,"In general, I feel I am in charge of the situation in which I live"
PWB_8,"In general, I feel I am in charge of the situation in which I live.2",Spiritual,Human09,"In general, I feel I am in charge of the situation in which I live"
PWB_8,"In general, I feel I am in charge of the situation in which I live.2",Emotional,Human10,"In general, I feel I am in charge of the situation in which I live"
PWB_8,"In general, I feel I am in charge of the situation in which I live.2",Emotional,Human11,"In general, I feel I am in charge of the situation in which I live"
PWB_8,"In general, I feel I am in charge of the situation in which I live.2",Emotional,Human12,"In general, I feel I am in charge of the situation in which I live"
PWB_8,"In general, I feel I am in charge of the situation in which I live.2",Emotional,Human13,"In general, I feel I am in charge of the situation in which I live"
PWB_8,"In general, I feel I am in charge of the situation in which I live.2",Intellectual,Human14,"In general, I feel I am in charge of the situation in which I live"
PWB_8,"In general, I feel I am in charge of the situation in which I live.2",Spiritual,Human15,"In general, I feel I am in charge of the situation in which I live"
PWB_8,"In general, I feel I am in charge of the situation in which I live.2",Emotional,Human16,"In general, I feel I am in charge of the situation in which I live"
PWB_8,"In general, I feel I am in charge of the situation in which I live.2",Spiritual,Human17,"In general, I feel I am in charge of the situation in which I live"
PWB_8,"In general, I feel I am in charge of the situation in which I live.2",Environmental,Human18,"In general, I feel I am in charge of the situation in which I live"
PWB_8,"In general, I feel I am in charge of the situation in which I live.2",Occupational,Human19,"In general, I feel I am in charge of the situation in which I live"
PWB_8,"In general, I feel I am in charge of the situation in which I live.2",Intellectual,Human20,"In general, I feel I am in charge of the situation in which I live"
PWB_8,"In general, I feel I am in charge of the situation in which I live.2",Intellectual,Human21,"In general, I feel I am in charge of the situation in which I live"
PWB_8,"In general, I feel I am in charge of the situation in which I live.2",Emotional,Human22,"In general, I feel I am in charge of the situation in which I live"
PWB_8,"In general, I feel I am in charge of the situation in which I live.2",Environmental,Human23,"In general, I feel I am in charge of the situation in which I live"
PWB_8,"In general, I feel I am in charge of the situation in which I live.2",Environmental,Human24,"In general, I feel I am in charge of the situation in which I live"
PWB_8,"In general, I feel I am in charge of the situation in which I live.2",Spiritual,Human25,"In general, I feel I am in charge of the situation in which I live"
PWB_8,"In general, I feel I am in charge of the situation in which I live.2",Emotional,Human26,"In general, I feel I am in charge of the situation in which I live"
PWB_8,"In general, I feel I am in charge of the situation in which I live.2",Spiritual,Human27,"In general, I feel I am in charge of the situation in which I live"
PWB_8,"In general, I feel I am in charge of the situation in which I live.2",Emotional,Human28,"In general, I feel I am in charge of the situation in which I live"
PWB_8,"In general, I feel I am in charge of the situation in which I live.3",Emotional,Human01,"In general, I feel I am in charge of the situation in which I live"
PWB_8,"In general, I feel I am in charge of the situation in which I live.3",Emotional,Human02,"In general, I feel I am in charge of the situation in which I live"
PWB_8,"In general, I feel I am in charge of the situation in which I live.3",Intellectual,Human03,"In general, I feel I am in charge of the situation in which I live"
PWB_8,"In general, I feel I am in charge of the situation in which I live.3",Emotional,Human04,"In general, I feel I am in charge of the situation in which I live"
PWB_8,"In general, I feel I am in charge of the situation in which I live.3",Spiritual,Human05,"In general, I feel I am in charge of the situation in which I live"
PWB_8,"In general, I feel I am in charge of the situation in which I live.3",Environmental,Human06,"In general, I feel I am in charge of the situation in which I live"
PWB_8,"In general, I feel I am in charge of the situation in which I live.3",Spiritual,Human07,"In general, I feel I am in charge of the situation in which I live"
PWB_8,"In general, I feel I am in charge of the situation in which I live.3",Spiritual,Human08,"In general, I feel I am in charge of the situation in which I live"
PWB_8,"In general, I feel I am in charge of the situation in which I live.3",Spiritual,Human09,"In general, I feel I am in charge of the situation in which I live"
PWB_8,"In general, I feel I am in charge of the situation in which I live.3",Emotional,Human10,"In general, I feel I am in charge of the situation in which I live"
PWB_8,"In general, I feel I am in charge of the situation in which I live.3",Emotional,Human11,"In general, I feel I am in charge of the situation in which I live"
PWB_8,"In general, I feel I am in charge of the situation in which I live.3",Emotional,Human12,"In general, I feel I am in charge of the situation in which I live"
PWB_8,"In general, I feel I am in charge of the situation in which I live.3",Emotional,Human13,"In general, I feel I am in charge of the situation in which I live"
PWB_8,"In general, I feel I am in charge of the situation in which I live.3",Intellectual,Human14,"In general, I feel I am in charge of the situation in which I live"
PWB_8,"In general, I feel I am in charge of the situation in which I live.3",Spiritual,Human15,"In general, I feel I am in charge of the situation in which I live"
PWB_8,"In general, I feel I am in charge of the situation in which I live.3",Occupational,Human16,"In general, I feel I am in charge of the situation in which I live"
PWB_8,"In general, I feel I am in charge of the situation in which I live.3",Emotional,Human17,"In general, I feel I am in charge of the situation in which I live"
PWB_8,"In general, I feel I am in charge of the situation in which I live.3",Social,Human18,"In general, I feel I am in charge of the situation in which I live"
PWB_8,"In general, I feel I am in charge of the situation in which I live.3",Occupational,Human19,"In general, I feel I am in charge of the situation in which I live"
PWB_8,"In general, I feel I am in charge of the situation in which I live.3",Emotional,Human20,"In general, I feel I am in charge of the situation in which I live"
PWB_8,"In general, I feel I am in charge of the situation in which I live.3",Spiritual,Human21,"In general, I feel I am in charge of the situation in which I live"
PWB_8,"In general, I feel I am in charge of the situation in which I live.3",Spiritual,Human22,"In general, I feel I am in charge of the situation in which I live"
PWB_8,"In general, I feel I am in charge of the situation in which I live.3",Environmental,Human23,"In general, I feel I am in charge of the situation in which I live"
PWB_8,"In general, I feel I am in charge of the situation in which I live.3",Environmental,Human24,"In general, I feel I am in charge of the situation in which I live"
PWB_8,"In general, I feel I am in charge of the situation in which I live.3",Spiritual,Human25,"In general, I feel I am in charge of the situation in which I live"
PWB_8,"In general, I feel I am in charge of the situation in which I live.3",Spiritual,Human26,"In general, I feel I am in charge of the situation in which I live"
PWB_8,"In general, I feel I am in charge of the situation in which I live.3",Spiritual,Human27,"In general, I feel I am in charge of the situation in which I live"
PWB_8,"In general, I feel I am in charge of the situation in which I live.3",Environmental,Human28,"In general, I feel I am in charge of the situation in which I live"
PWB_8,"In general, I feel I am in charge of the situation in which I live.4",Emotional,Human01,"In general, I feel I am in charge of the situation in which I live"
PWB_8,"In general, I feel I am in charge of the situation in which I live.4",Emotional,Human02,"In general, I feel I am in charge of the situation in which I live"
PWB_8,"In general, I feel I am in charge of the situation in which I live.4",Intellectual,Human03,"In general, I feel I am in charge of the situation in which I live"
PWB_8,"In general, I feel I am in charge of the situation in which I live.4",Emotional,Human04,"In general, I feel I am in charge of the situation in which I live"
PWB_8,"In general, I feel I am in charge of the situation in which I live.4",Spiritual,Human05,"In general, I feel I am in charge of the situation in which I live"
PWB_8,"In general, I feel I am in charge of the situation in which I live.4",Environmental,Human06,"In general, I feel I am in charge of the situation in which I live"
PWB_8,"In general, I feel I am in charge of the situation in which I live.4",Spiritual,Human07,"In general, I feel I am in charge of the situation in which I live"
PWB_8,"In general, I feel I am in charge of the situation in which I live.4",Spiritual,Human08,"In general, I feel I am in charge of the situation in which I live"
PWB_8,"In general, I feel I am in charge of the situation in which I live.4",Spiritual,Human09,"In general, I feel I am in charge of the situation in which I live"
PWB_8,"In general, I feel I am in charge of the situation in which I live.4",Emotional,Human10,"In general, I feel I am in charge of the situation in which I live"
PWB_8,"In general, I feel I am in charge of the situation in which I live.4",Emotional,Human11,"In general, I feel I am in charge of the situation in which I live"
PWB_8,"In general, I feel I am in charge of the situation in which I live.4",Emotional,Human12,"In general, I feel I am in charge of the situation in which I live"
PWB_8,"In general, I feel I am in charge of the situation in which I live.4",Emotional,Human13,"In general, I feel I am in charge of the situation in which I live"
PWB_8,"In general, I feel I am in charge of the situation in which I live.4",Intellectual,Human14,"In general, I feel I am in charge of the situation in which I live"
PWB_8,"In general, I feel I am in charge of the situation in which I live.4",Spiritual,Human15,"In general, I feel I am in charge of the situation in which I live"
PWB_8,"In general, I feel I am in charge of the situation in which I live.4",Intellectual,Human16,"In general, I feel I am in charge of the situation in which I live"
PWB_8,"In general, I feel I am in charge of the situation in which I live.4",Spiritual,Human17,"In general, I feel I am in charge of the situation in which I live"
PWB_8,"In general, I feel I am in charge of the situation in which I live.4",Spiritual,Human18,"In general, I feel I am in charge of the situation in which I live"
PWB_8,"In general, I feel I am in charge of the situation in which I live.4",Emotional,Human19,"In general, I feel I am in charge of the situation in which I live"
PWB_8,"In general, I feel I am in charge of the situation in which I live.4",Emotional,Human20,"In general, I feel I am in charge of the situation in which I live"
PWB_8,"In general, I feel I am in charge of the situation in which I live.4",Emotional,Human21,"In general, I feel I am in charge of the situation in which I live"
PWB_8,"In general, I feel I am in charge of the situation in which I live.4",Spiritual,Human22,"In general, I feel I am in charge of the situation in which I live"
PWB_8,"In general, I feel I am in charge of the situation in which I live.4",Environmental,Human23,"In general, I feel I am in charge of the situation in which I live"
PWB_8,"In general, I feel I am in charge of the situation in which I live.4",Environmental,Human24,"In general, I feel I am in charge of the situation in which I live"
PWB_8,"In general, I feel I am in charge of the situation in which I live.4",Spiritual,Human25,"In general, I feel I am in charge of the situation in which I live"
PWB_8,"In general, I feel I am in charge of the situation in which I live.4",Spiritual,Human26,"In general, I feel I am in charge of the situation in which I live"
PWB_8,"In general, I feel I am in charge of the situation in which I live.4",Spiritual,Human27,"In general, I feel I am in charge of the situation in which I live"
PWB_8,"In general, I feel I am in charge of the situation in which I live.4",Environmental,Human28,"In general, I feel I am in charge of the situation in which I live"
PWB_8,"In general, I feel I am in charge of the situation in which I live.5",Emotional,Human01,"In general, I feel I am in charge of the situation in which I live"
PWB_8,"In general, I feel I am in charge of the situation in which I live.5",Emotional,Human02,"In general, I feel I am in charge of the situation in which I live"
PWB_8,"In general, I feel I am in charge of the situation in which I live.5",Intellectual,Human03,"In general, I feel I am in charge of the situation in which I live"
PWB_8,"In general, I feel I am in charge of the situation in which I live.5",Emotional,Human04,"In general, I feel I am in charge of the situation in which I live"
PWB_8,"In general, I feel I am in charge of the situation in which I live.5",Spiritual,Human05,"In general, I feel I am in charge of the situation in which I live"
PWB_8,"In general, I feel I am in charge of the situation in which I live.5",Environmental,Human06,"In general, I feel I am in charge of the situation in which I live"
PWB_8,"In general, I feel I am in charge of the situation in which I live.5",Spiritual,Human07,"In general, I feel I am in charge of the situation in which I live"
PWB_8,"In general, I feel I am in charge of the situation in which I live.5",Occupational,Human08,"In general, I feel I am in charge of the situation in which I live"
PWB_8,"In general, I feel I am in charge of the situation in which I live.5",Spiritual,Human09,"In general, I feel I am in charge of the situation in which I live"
PWB_8,"In general, I feel I am in charge of the situation in which I live.5",Emotional,Human10,"In general, I feel I am in charge of the situation in which I live"
PWB_8,"In general, I feel I am in charge of the situation in which I live.5",Emotional,Human11,"In general, I feel I am in charge of the situation in which I live"
PWB_8,"In general, I feel I am in charge of the situation in which I live.5",Emotional,Human12,"In general, I feel I am in charge of the situation in which I live"
PWB_8,"In general, I feel I am in charge of the situation in which I live.5",Emotional,Human13,"In general, I feel I am in charge of the situation in which I live"
PWB_8,"In general, I feel I am in charge of the situation in which I live.5",Intellectual,Human14,"In general, I feel I am in charge of the situation in which I live"
PWB_8,"In general, I feel I am in charge of the situation in which I live.5",Spiritual,Human15,"In general, I feel I am in charge of the situation in which I live"
PWB_8,"In general, I feel I am in charge of the situation in which I live.5",Intellectual,Human16,"In general, I feel I am in charge of the situation in which I live"
PWB_8,"In general, I feel I am in charge of the situation in which I live.5",Environmental,Human17,"In general, I feel I am in charge of the situation in which I live"
PWB_8,"In general, I feel I am in charge of the situation in which I live.5",Spiritual,Human18,"In general, I feel I am in charge of the situation in which I live"
PWB_8,"In general, I feel I am in charge of the situation in which I live.5",Intellectual,Human19,"In general, I feel I am in charge of the situation in which I live"
PWB_8,"In general, I feel I am in charge of the situation in which I live.5",Emotional,Human20,"In general, I feel I am in charge of the situation in which I live"
PWB_8,"In general, I feel I am in charge of the situation in which I live.5",Spiritual,Human21,"In general, I feel I am in charge of the situation in which I live"
PWB_8,"In general, I feel I am in charge of the situation in which I live.5",Spiritual,Human22,"In general, I feel I am in charge of the situation in which I live"
PWB_8,"In general, I feel I am in charge of the situation in which I live.5",Environmental,Human23,"In general, I feel I am in charge of the situation in which I live"
PWB_8,"In general, I feel I am in charge of the situation in which I live.5",Environmental,Human24,"In general, I feel I am in charge of the situation in which I live"
PWB_8,"In general, I feel I am in charge of the situation in which I live.5",Spiritual,Human25,"In general, I feel I am in charge of the situation in which I live"
PWB_8,"In general, I feel I am in charge of the situation in which I live.5",Environmental,Human26,"In general, I feel I am in charge of the situation in which I live"
PWB_8,"In general, I feel I am in charge of the situation in which I live.5",Spiritual,Human27,"In general, I feel I am in charge of the situation in which I live"
PWB_8,"In general, I feel I am in charge of the situation in which I live.5",Environmental,Human28,"In general, I feel I am in charge of the situation in which I live"
PWB_9,I am good at managing the responsibilities of daily life.,Emotional,Human01,I am good at managing the responsibilities of daily life
PWB_9,I am good at managing the responsibilities of daily life.,Occupational,Human02,I am good at managing the responsibilities of daily life
PWB_9,I am good at managing the responsibilities of daily life.,Intellectual,Human03,I am good at managing the responsibilities of daily life
PWB_9,I am good at managing the responsibilities of daily life.,Occupational,Human04,I am good at managing the responsibilities of daily life
PWB_9,I am good at managing the responsibilities of daily life.,Intellectual,Human05,I am good at managing the responsibilities of daily life
PWB_9,I am good at managing the responsibilities of daily life.,Occupational,Human06,I am good at managing the responsibilities of daily life
PWB_9,I am good at managing the responsibilities of daily life.,Intellectual,Human07,I am good at managing the responsibilities of daily life
PWB_9,I am good at managing the responsibilities of daily life.,Occupational,Human08,I am good at managing the responsibilities of daily life
PWB_9,I am good at managing the responsibilities of daily life.,Emotional,Human09,I am good at managing the responsibilities of daily life
PWB_9,I am good at managing the responsibilities of daily life.,Occupational,Human10,I am good at managing the responsibilities of daily life
PWB_9,I am good at managing the responsibilities of daily life.,Emotional,Human11,I am good at managing the responsibilities of daily life
PWB_9,I am good at managing the responsibilities of daily life.,Intellectual,Human12,I am good at managing the responsibilities of daily life
PWB_9,I am good at managing the responsibilities of daily life.,Occupational,Human13,I am good at managing the responsibilities of daily life
PWB_9,I am good at managing the responsibilities of daily life.,Occupational,Human14,I am good at managing the responsibilities of daily life
PWB_9,I am good at managing the responsibilities of daily life.,Occupational,Human15,I am good at managing the responsibilities of daily life
PWB_9,I am good at managing the responsibilities of daily life.,Occupational,Human16,I am good at managing the responsibilities of daily life
PWB_9,I am good at managing the responsibilities of daily life.,Environmental,Human17,I am good at managing the responsibilities of daily life
PWB_9,I am good at managing the responsibilities of daily life.,Emotional,Human18,I am good at managing the responsibilities of daily life
PWB_9,I am good at managing the responsibilities of daily life.,Occupational,Human19,I am good at managing the responsibilities of daily life
PWB_9,I am good at managing the responsibilities of daily life.,Intellectual,Human20,I am good at managing the responsibilities of daily life
PWB_9,I am good at managing the responsibilities of daily life.,Intellectual,Human21,I am good at managing the responsibilities of daily life
PWB_9,I am good at managing the responsibilities of daily life.,Occupational,Human22,I am good at managing the responsibilities of daily life
PWB_9,I am good at managing the responsibilities of daily life.,Environmental,Human23,I am good at managing the responsibilities of daily life
PWB_9,I am good at managing the responsibilities of daily life.,Occupational,Human24,I am good at managing the responsibilities of daily life
PWB_9,I am good at managing the responsibilities of daily life.,Occupational,Human25,I am good at managing the responsibilities of daily life
PWB_9,I am good at managing the responsibilities of daily life.,Emotional,Human26,I am good at managing the responsibilities of daily life
PWB_9,I am good at managing the responsibilities of daily life.,Occupational,Human27,I am good at managing the responsibilities of daily life
PWB_9,I am good at managing the responsibilities of daily life.,Spiritual,Human28,I am good at managing the responsibilities of daily life
PWB_9,I am good at managing the responsibilities of daily life.2,Emotional,Human01,I am good at managing the responsibilities of daily life
PWB_9,I am good at managing the responsibilities of daily life.2,Occupational,Human02,I am good at managing the responsibilities of daily life
PWB_9,I am good at managing the responsibilities of daily life.2,Intellectual,Human03,I am good at managing the responsibilities of daily life
PWB_9,I am good at managing the responsibilities of daily life.2,Occupational,Human04,I am good at managing the responsibilities of daily life
PWB_9,I am good at managing the responsibilities of daily life.2,Intellectual,Human05,I am good at managing the responsibilities of daily life
PWB_9,I am good at managing the responsibilities of daily life.2,Emotional,Human06,I am good at managing the responsibilities of daily life
PWB_9,I am good at managing the responsibilities of daily life.2,Intellectual,Human07,I am good at managing the responsibilities of daily life
PWB_9,I am good at managing the responsibilities of daily life.2,Occupational,Human08,I am good at managing the responsibilities of daily life
PWB_9,I am good at managing the responsibilities of daily life.2,Emotional,Human09,I am good at managing the responsibilities of daily life
PWB_9,I am good at managing the responsibilities of daily life.2,Occupational,Human10,I am good at managing the responsibilities of daily life
PWB_9,I am good at managing the responsibilities of daily life.2,Emotional,Human11,I am good at managing the responsibilities of daily life
PWB_9,I am good at managing the responsibilities of daily life.2,Intellectual,Human12,I am good at managing the responsibilities of daily life
PWB_9,I am good at managing the responsibilities of daily life.2,Emotional,Human13,I am good at managing the responsibilities of daily life
PWB_9,I am good at managing the responsibilities of daily life.2,Intellectual,Human14,I am good at managing the responsibilities of daily life
PWB_9,I am good at managing the responsibilities of daily life.2,Occupational,Human15,I am good at managing the responsibilities of daily life
PWB_9,I am good at managing the responsibilities of daily life.2,Occupational,Human16,I am good at managing the responsibilities of daily life
PWB_9,I am good at managing the responsibilities of daily life.2,Occupational,Human17,I am good at managing the responsibilities of daily life
PWB_9,I am good at managing the responsibilities of daily life.2,Emotional,Human18,I am good at managing the responsibilities of daily life
PWB_9,I am good at managing the responsibilities of daily life.2,Physical,Human19,I am good at managing the responsibilities of daily life
PWB_9,I am good at managing the responsibilities of daily life.2,Intellectual,Human20,I am good at managing the responsibilities of daily life
PWB_9,I am good at managing the responsibilities of daily life.2,Intellectual,Human21,I am good at managing the responsibilities of daily life
PWB_9,I am good at managing the responsibilities of daily life.2,Occupational,Human22,I am good at managing the responsibilities of daily life
PWB_9,I am good at managing the responsibilities of daily life.2,Environmental,Human23,I am good at managing the responsibilities of daily life
PWB_9,I am good at managing the responsibilities of daily life.2,Occupational,Human24,I am good at managing the responsibilities of daily life
PWB_9,I am good at managing the responsibilities of daily life.2,Occupational,Human25,I am good at managing the responsibilities of daily life
PWB_9,I am good at managing the responsibilities of daily life.2,Emotional,Human26,I am good at managing the responsibilities of daily life
PWB_9,I am good at managing the responsibilities of daily life.2,Occupational,Human27,I am good at managing the responsibilities of daily life
PWB_9,I am good at managing the responsibilities of daily life.2,Environmental,Human28,I am good at managing the responsibilities of daily life
PWB_9,I am good at managing the responsibilities of daily life.3,Emotional,Human01,I am good at managing the responsibilities of daily life
PWB_9,I am good at managing the responsibilities of daily life.3,Occupational,Human02,I am good at managing the responsibilities of daily life
PWB_9,I am good at managing the responsibilities of daily life.3,Intellectual,Human03,I am good at managing the responsibilities of daily life
PWB_9,I am good at managing the responsibilities of daily life.3,Occupational,Human04,I am good at managing the responsibilities of daily life
PWB_9,I am good at managing the responsibilities of daily life.3,Intellectual,Human05,I am good at managing the responsibilities of daily life
PWB_9,I am good at managing the responsibilities of daily life.3,Occupational,Human06,I am good at managing the responsibilities of daily life
PWB_9,I am good at managing the responsibilities of daily life.3,Intellectual,Human07,I am good at managing the responsibilities of daily life
PWB_9,I am good at managing the responsibilities of daily life.3,Occupational,Human08,I am good at managing the responsibilities of daily life
PWB_9,I am good at managing the responsibilities of daily life.3,Occupational,Human09,I am good at managing the responsibilities of daily life
PWB_9,I am good at managing the responsibilities of daily life.3,Occupational,Human10,I am good at managing the responsibilities of daily life
PWB_9,I am good at managing the responsibilities of daily life.3,Emotional,Human11,I am good at managing the responsibilities of daily life
PWB_9,I am good at managing the responsibilities of daily life.3,Intellectual,Human12,I am good at managing the responsibilities of daily life
PWB_9,I am good at managing the responsibilities of daily life.3,Occupational,Human13,I am good at managing the responsibilities of daily life
PWB_9,I am good at managing the responsibilities of daily life.3,Intellectual,Human14,I am good at managing the responsibilities of daily life
PWB_9,I am good at managing the responsibilities of daily life.3,Occupational,Human15,I am good at managing the responsibilities of daily life
PWB_9,I am good at managing the responsibilities of daily life.3,Intellectual,Human16,I am good at managing the responsibilities of daily life
PWB_9,I am good at managing the responsibilities of daily life.3,Environmental,Human17,I am good at managing the responsibilities of daily life
PWB_9,I am good at managing the responsibilities of daily life.3,Environmental,Human18,I am good at managing the responsibilities of daily life
PWB_9,I am good at managing the responsibilities of daily life.3,Occupational,Human19,I am good at managing the responsibilities of daily life
PWB_9,I am good at managing the responsibilities of daily life.3,Intellectual,Human20,I am good at managing the responsibilities of daily life
PWB_9,I am good at managing the responsibilities of daily life.3,Intellectual,Human21,I am good at managing the responsibilities of daily life
PWB_9,I am good at managing the responsibilities of daily life.3,Occupational,Human22,I am good at managing the responsibilities of daily life
PWB_9,I am good at managing the responsibilities of daily life.3,Environmental,Human23,I am good at managing the responsibilities of daily life
PWB_9,I am good at managing the responsibilities of daily life.3,Occupational,Human24,I am good at managing the responsibilities of daily life
PWB_9,I am good at managing the responsibilities of daily life.3,Occupational,Human25,I am good at managing the responsibilities of daily life
PWB_9,I am good at managing the responsibilities of daily life.3,Emotional,Human26,I am good at managing the responsibilities of daily life
PWB_9,I am good at managing the responsibilities of daily life.3,Occupational,Human27,I am good at managing the responsibilities of daily life
PWB_9,I am good at managing the responsibilities of daily life.3,Environmental,Human28,I am good at managing the responsibilities of daily life
PWB_9,I am good at managing the responsibilities of daily life.4,Emotional,Human01,I am good at managing the responsibilities of daily life
PWB_9,I am good at managing the responsibilities of daily life.4,Occupational,Human02,I am good at managing the responsibilities of daily life
PWB_9,I am good at managing the responsibilities of daily life.4,Intellectual,Human03,I am good at managing the responsibilities of daily life
PWB_9,I am good at managing the responsibilities of daily life.4,Occupational,Human04,I am good at managing the responsibilities of daily life
PWB_9,I am good at managing the responsibilities of daily life.4,Intellectual,Human05,I am good at managing the responsibilities of daily life
PWB_9,I am good at managing the responsibilities of daily life.4,Occupational,Human06,I am good at managing the responsibilities of daily life
PWB_9,I am good at managing the responsibilities of daily life.4,Intellectual,Human07,I am good at managing the responsibilities of daily life
PWB_9,I am good at managing the responsibilities of daily life.4,Occupational,Human08,I am good at managing the responsibilities of daily life
PWB_9,I am good at managing the responsibilities of daily life.4,Occupational,Human09,I am good at managing the responsibilities of daily life
PWB_9,I am good at managing the responsibilities of daily life.4,Emotional,Human10,I am good at managing the responsibilities of daily life
PWB_9,I am good at managing the responsibilities of daily life.4,Emotional,Human11,I am good at managing the responsibilities of daily life
PWB_9,I am good at managing the responsibilities of daily life.4,Intellectual,Human12,I am good at managing the responsibilities of daily life
PWB_9,I am good at managing the responsibilities of daily life.4,Occupational,Human13,I am good at managing the responsibilities of daily life
PWB_9,I am good at managing the responsibilities of daily life.4,Intellectual,Human14,I am good at managing the responsibilities of daily life
PWB_9,I am good at managing the responsibilities of daily life.4,Occupational,Human15,I am good at managing the responsibilities of daily life
PWB_9,I am good at managing the responsibilities of daily life.4,Intellectual,Human16,I am good at managing the responsibilities of daily life
PWB_9,I am good at managing the responsibilities of daily life.4,Spiritual,Human17,I am good at managing the responsibilities of daily life
PWB_9,I am good at managing the responsibilities of daily life.4,Social,Human18,I am good at managing the responsibilities of daily life
PWB_9,I am good at managing the responsibilities of daily life.4,Emotional,Human19,I am good at managing the responsibilities of daily life
PWB_9,I am good at managing the responsibilities of daily life.4,Intellectual,Human20,I am good at managing the responsibilities of daily life
PWB_9,I am good at managing the responsibilities of daily life.4,Intellectual,Human21,I am good at managing the responsibilities of daily life
PWB_9,I am good at managing the responsibilities of daily life.4,Spiritual,Human22,I am good at managing the responsibilities of daily life
PWB_9,I am good at managing the responsibilities of daily life.4,Environmental,Human23,I am good at managing the responsibilities of daily life
PWB_9,I am good at managing the responsibilities of daily life.4,Occupational,Human24,I am good at managing the responsibilities of daily life
PWB_9,I am good at managing the responsibilities of daily life.4,Occupational,Human25,I am good at managing the responsibilities of daily life
PWB_9,I am good at managing the responsibilities of daily life.4,Emotional,Human26,I am good at managing the responsibilities of daily life
PWB_9,I am good at managing the responsibilities of daily life.4,Occupational,Human27,I am good at managing the responsibilities of daily life
PWB_9,I am good at managing the responsibilities of daily life.4,Spiritual,Human28,I am good at managing the responsibilities of daily life
PWB_9,I am good at managing the responsibilities of daily life.5,Emotional,Human01,I am good at managing the responsibilities of daily life
PWB_9,I am good at managing the responsibilities of daily life.5,Occupational,Human02,I am good at managing the responsibilities of daily life
PWB_9,I am good at managing the responsibilities of daily life.5,Intellectual,Human03,I am good at managing the responsibilities of daily life
PWB_9,I am good at managing the responsibilities of daily life.5,Occupational,Human04,I am good at managing the responsibilities of daily life
PWB_9,I am good at managing the responsibilities of daily life.5,Intellectual,Human05,I am good at managing the responsibilities of daily life
PWB_9,I am good at managing the responsibilities of daily life.5,Occupational,Human06,I am good at managing the responsibilities of daily life
PWB_9,I am good at managing the responsibilities of daily life.5,Intellectual,Human07,I am good at managing the responsibilities of daily life
PWB_9,I am good at managing the responsibilities of daily life.5,Social,Human08,I am good at managing the responsibilities of daily life
PWB_9,I am good at managing the responsibilities of daily life.5,Occupational,Human09,I am good at managing the responsibilities of daily life
PWB_9,I am good at managing the responsibilities of daily life.5,Occupational,Human10,I am good at managing the responsibilities of daily life
PWB_9,I am good at managing the responsibilities of daily life.5,Emotional,Human11,I am good at managing the responsibilities of daily life
PWB_9,I am good at managing the responsibilities of daily life.5,Intellectual,Human12,I am good at managing the responsibilities of daily life
PWB_9,I am good at managing the responsibilities of daily life.5,Occupational,Human13,I am good at managing the responsibilities of daily life
PWB_9,I am good at managing the responsibilities of daily life.5,Intellectual,Human14,I am good at managing the responsibilities of daily life
PWB_9,I am good at managing the responsibilities of daily life.5,Occupational,Human15,I am good at managing the responsibilities of daily life
PWB_9,I am good at managing the responsibilities of daily life.5,Emotional,Human16,I am good at managing the responsibilities of daily life
PWB_9,I am good at managing the responsibilities of daily life.5,Environmental,Human17,I am good at managing the responsibilities of daily life
PWB_9,I am good at managing the responsibilities of daily life.5,Emotional,Human18,I am good at managing the responsibilities of daily life
PWB_9,I am good at managing the responsibilities of daily life.5,Intellectual,Human19,I am good at managing the responsibilities of daily life
PWB_9,I am good at managing the responsibilities of daily life.5,Intellectual,Human20,I am good at managing the responsibilities of daily life
PWB_9,I am good at managing the responsibilities of daily life.5,Intellectual,Human21,I am good at managing the responsibilities of daily life
PWB_9,I am good at managing the responsibilities of daily life.5,Occupational,Human22,I am good at managing the responsibilities of daily life
PWB_9,I am good at managing the responsibilities of daily life.5,Environmental,Human23,I am good at managing the responsibilities of daily life
PWB_9,I am good at managing the responsibilities of daily life.5,Occupational,Human24,I am good at managing the responsibilities of daily life
PWB_9,I am good at managing the responsibilities of daily life.5,Occupational,Human25,I am good at managing the responsibilities of daily life
PWB_9,I am good at managing the responsibilities of daily life.5,Emotional,Human26,I am good at managing the responsibilities of daily life
PWB_9,I am good at managing the responsibilities of daily life.5,Occupational,Human27,I am good at managing the responsibilities of daily life
PWB_9,I am good at managing the responsibilities of daily life.5,Environmental,Human28,I am good at managing the responsibilities of daily life
