qid,text,answer,source
CD_RISC_22,I feel like I am in control.,Emotional,Human01
CD_RISC_22,I feel like I am in control.,Emotional,Human02
CD_RISC_22,I feel like I am in control.,Spiritual,Human03
CD_RISC_22,I feel like I am in control.,Emotional,Human04
CD_RISC_22,I feel like I am in control.,Environmental,Human05
CD_RISC_22,I feel like I am in control.,Emotional,Human06
CD_RISC_22,I feel like I am in control.,Emotional,Human07
CD_RISC_22,I feel like I am in control.,Emotional,Human08
CD_RISC_22,I feel like I am in control.,Emotional,Human09
CD_RISC_22,I feel like I am in control.,Emotional,Human10
CD_RISC_22,I feel like I am in control.,Emotional,Human11
CD_RISC_22,I feel like I am in control.,Environmental,Human12
CD_RISC_22,I feel like I am in control.,Emotional,Human13
CD_RISC_22,I feel like I am in control.,Emotional,Human14
CD_RISC_22,I feel like I am in control.,Spiritual,Human15
CD_RISC_22,I feel like I am in control.,Emotional,Human16
CD_RISC_22,I feel like I am in control.,Emotional,Human17
CD_RISC_22,I feel like I am in control.,Emotional,Human18
CD_RISC_22,I feel like I am in control.,Environmental,Human19
CD_RISC_22,I feel like I am in control.,Emotional,Human20
CD_RISC_22,I feel like I am in control.,Spiritual,Human21
CD_RISC_22,I feel like I am in control.,Spiritual,Human22
CD_RISC_22,I feel like I am in control.,Environmental,Human23
CD_RISC_22,I feel like I am in control.,Emotional,Human24
CD_RISC_22,I feel like I am in control.,Intellectual,Human25
CD_RISC_22,I feel like I am in control.,Spiritual,Human26
CD_RISC_22,I feel like I am in control.,Spiritual,Human27
CD_RISC_22,I feel like I am in control.,Environmental,Human28
CD_RISC_22,I feel like I am in control.2,Emotional,Human01
CD_RISC_22,I feel like I am in control.2,Emotional,Human02
CD_RISC_22,I feel like I am in control.2,Spiritual,Human03
CD_RISC_22,I feel like I am in control.2,Emotional,Human04
CD_RISC_22,I feel like I am in control.2,Environmental,Human05
CD_RISC_22,I feel like I am in control.2,Emotional,Human06
CD_RISC_22,I feel like I am in control.2,Emotional,Human07
CD_RISC_22,I feel like I am in control.2,Occupational,Human08
CD_RISC_22,I feel like I am in control.2,Emotional,Human09
CD_RISC_22,I feel like I am in control.2,Emotional,Human10
CD_RISC_22,I feel like I am in control.2,Emotional,Human11
CD_RISC_22,I feel like I am in control.2,Environmental,Human12
CD_RISC_22,I feel like I am in control.2,Emotional,Human13
CD_RISC_22,I feel like I am in control.2,Emotional,Human14
CD_RISC_22,I feel like I am in control.2,Spiritual,Human15
CD_RISC_22,I feel like I am in control.2,Emotional,Human16
CD_RISC_22,I feel like I am in control.2,Emotional,Human17
CD_RISC_22,I feel like I am in control.2,Emotional,Human18
CD_RISC_22,I feel like I am in control.2,Environmental,Human19
CD_RISC_22,I feel like I am in control.2,Emotional,Human20
CD_RISC_22,I feel like I am in control.2,Spiritual,Human21
CD_RISC_22,I feel like I am in control.2,Spiritual,Human22
CD_RISC_22,I feel like I am in control.2,Occupational,Human23
CD_RISC_22,I feel like I am in control.2,Emotional,Human24
CD_RISC_22,I feel like I am in control.2,Intellectual,Human25
CD_RISC_22,I feel like I am in control.2,Spiritual,Human26
CD_RISC_22,I feel like I am in control.2,Spiritual,Human27
CD_RISC_22,I feel like I am in control.2,Social,Human28
CD_RISC_22,I feel like I am in control.3,Emotional,Human01
CD_RISC_22,I feel like I am in control.3,Emotional,Human02
CD_RISC_22,I feel like I am in control.3,Spiritual,Human03
CD_RISC_22,I feel like I am in control.3,Emotional,Human04
CD_RISC_22,I feel like I am in control.3,Environmental,Human05
CD_RISC_22,I feel like I am in control.3,Emotional,Human06
CD_RISC_22,I feel like I am in control.3,Emotional,Human07
CD_RISC_22,I feel like I am in control.3,Spiritual,Human08
CD_RISC_22,I feel like I am in control.3,Emotional,Human09
CD_RISC_22,I feel like I am in control.3,Emotional,Human10
CD_RISC_22,I feel like I am in control.3,Emotional,Human11
CD_RISC_22,I feel like I am in control.3,Environmental,Human12
CD_RISC_22,I feel like I am in control.3,Emotional,Human13
CD_RISC_22,I feel like I am in control.3,Emotional,Human14
CD_RISC_22,I feel like I am in control.3,Spiritual,Human15
CD_RISC_22,I feel like I am in control.3,Emotional,Human16
CD_RISC_22,I feel like I am in control.3,Emotional,Human17
CD_RISC_22,I feel like I am in control.3,Emotional,Human18
CD_RISC_22,I feel like I am in control.3,Environmental,Human19
CD_RISC_22,I feel like I am in control.3,Emotional,Human20
CD_RISC_22,I feel like I am in control.3,Spiritual,Human21
CD_RISC_22,I feel like I am in control.3,Spiritual,Human22
CD_RISC_22,I feel like I am in control.3,Emotional,Human23
CD_RISC_22,I feel like I am in control.3,Emotional,Human24
CD_RISC_22,I feel like I am in control.3,Intellectual,Human25
CD_RISC_22,I feel like I am in control.3,Spiritual,Human26
CD_RISC_22,I feel like I am in control.3,Spiritual,Human27
CD_RISC_22,I feel like I am in control.3,Emotional,Human28
PWB_1,I like most parts of my personality.,Emotional,Human01
PWB_1,I like most parts of my personality.,Emotional,Human02
PWB_1,I like most parts of my personality.,Emotional,Human03
PWB_1,I like most parts of my personality.,Emotional,Human04
PWB_1,I like most parts of my personality.,Emotional,Human05
PWB_1,I like most parts of my personality.,Emotional,Human06
PWB_1,I like most parts of my personality.,Emotional,Human07
PWB_1,I like most parts of my personality.,Emotional,Human08
PWB_1,I like most parts of my personality.,Emotional,Human09
PWB_1,I like most parts of my personality.,Emotional,Human10
PWB_1,I like most parts of my personality.,Emotional,Human11
PWB_1,I like most parts of my personality.,Emotional,Human12
PWB_1,I like most parts of my personality.,Emotional,Human13
PWB_1,I like most parts of my personality.,Emotional,Human14
PWB_1,I like most parts of my personality.,Emotional,Human15
PWB_1,I like most parts of my personality.,Emotional,Human16
PWB_1,I like most parts of my personality.,Emotional,Human17
PWB_1,I like most parts of my personality.,Spiritual,Human18
PWB_1,I like most parts of my personality.,Emotional,Human19
PWB_1,I like most parts of my personality.,Emotional,Human20
PWB_1,I like most parts of my personality.,Emotional,Human21
PWB_1,I like most parts of my personality.,Spiritual,Human22
PWB_1,I like most parts of my personality.,Spiritual,Human23
PWB_1,I like most parts of my personality.,Emotional,Human24
PWB_1,I like most parts of my personality.,Emotional,Human25
PWB_1,I like most parts of my personality.,Emotional,Human26
PWB_1,I like most parts of my personality.,Emotional,Human27
PWB_1,I like most parts of my personality.,Emotional,Human28
PWB_1,I like most parts of my personality.2,Emotional,Human01
PWB_1,I like most parts of my personality.2,Emotional,Human02
PWB_1,I like most parts of my personality.2,Emotional,Human03
PWB_1,I like most parts of my personality.2,Emotional,Human04
PWB_1,I like most parts of my personality.2,Emotional,Human05
PWB_1,I like most parts of my personality.2,Emotional,Human06
PWB_1,I like most parts of my personality.2,Spiritual,Human07
PWB_1,I like most parts of my personality.2,Social,Human08
PWB_1,I like most parts of my personality.2,Emotional,Human09
PWB_1,I like most parts of my personality.2,Emotional,Human10
PWB_1,I like most parts of my personality.2,Emotional,Human11
PWB_1,I like most parts of my personality.2,Emotional,Human12
PWB_1,I like most parts of my personality.2,Emotional,Human13
PWB_1,I like most parts of my personality.2,Emotional,Human14
PWB_1,I like most parts of my personality.2,Emotional,Human15
PWB_1,I like most parts of my personality.2,Emotional,Human16
PWB_1,I like most parts of my personality.2,Emotional,Human17
PWB_1,I like most parts of my personality.2,Spiritual,Human18
PWB_1,I like most parts of my personality.2,Emotional,Human19
PWB_1,I like most parts of my personality.2,Emotional,Human20
PWB_1,I like most parts of my personality.2,Emotional,Human21
PWB_1,I like most parts of my personality.2,Emotional,Human22
PWB_1,I like most parts of my personality.2,Spiritual,Human23
PWB_1,I like most parts of my personality.2,Physical,Human24
PWB_1,I like most parts of my personality.2,Spiritual,Human25
PWB_1,I like most parts of my personality.2,Emotional,Human26
PWB_1,I like most parts of my personality.2,Emotional,Human27
PWB_1,I like most parts of my personality.2,Emotional,Human28
PWB_1,I like most parts of my personality.3,Emotional,Human01
PWB_1,I like most parts of my personality.3,Emotional,Human02
PWB_1,I like most parts of my personality.3,Emotional,Human03
PWB_1,I like most parts of my personality.3,Emotional,Human04
PWB_1,I like most parts of my personality.3,Emotional,Human05
PWB_1,I like most parts of my personality.3,Emotional,Human06
PWB_1,I like most parts of my personality.3,Spiritual,Human07
PWB_1,I like most parts of my personality.3,Social,Human08
PWB_1,I like most parts of my personality.3,Emotional,Human09
PWB_1,I like most parts of my personality.3,Emotional,Human10
PWB_1,I like most parts of my personality.3,Emotional,Human11
PWB_1,I like most parts of my personality.3,Emotional,Human12
PWB_1,I like most parts of my personality.3,Emotional,Human13
PWB_1,I like most parts of my personality.3,Emotional,Human14
PWB_1,I like most parts of my personality.3,Emotional,Human15
PWB_1,I like most parts of my personality.3,Emotional,Human16
PWB_1,I like most parts of my personality.3,Emotional,Human17
PWB_1,I like most parts of my personality.3,Intellectual,Human18
PWB_1,I like most parts of my personality.3,Emotional,Human19
PWB_1,I like most parts of my personality.3,Emotional,Human20
PWB_1,I like most parts of my personality.3,Emotional,Human21
PWB_1,I like most parts of my personality.3,Emotional,Human22
PWB_1,I like most parts of my personality.3,Spiritual,Human23
PWB_1,I like most parts of my personality.3,Emotional,Human24
PWB_1,I like most parts of my personality.3,Spiritual,Human25
PWB_1,I like most parts of my personality.3,Emotional,Human26
PWB_1,I like most parts of my personality.3,Emotional,Human27
PWB_1,I like most parts of my personality.3,Emotional,Human28
PWB_1,I like most parts of my personality.4,Emotional,Human01
PWB_1,I like most parts of my personality.4,Emotional,Human02
PWB_1,I like most parts of my personality.4,Emotional,Human03
PWB_1,I like most parts of my personality.4,Emotional,Human04
PWB_1,I like most parts of my personality.4,Emotional,Human05
PWB_1,I like most parts of my personality.4,Emotional,Human06
PWB_1,I like most parts of my personality.4,Spiritual,Human07
PWB_1,I like most parts of my personality.4,Social,Human08
PWB_1,I like most parts of my personality.4,Emotional,Human09
PWB_1,I like most parts of my personality.4,Emotional,Human10
PWB_1,I like most parts of my personality.4,Emotional,Human11
PWB_1,I like most parts of my personality.4,Emotional,Human12
PWB_1,I like most parts of my personality.4,Emotional,Human13
PWB_1,I like most parts of my personality.4,Emotional,Human14
PWB_1,I like most parts of my personality.4,Emotional,Human15
PWB_1,I like most parts of my personality.4,Emotional,Human16
PWB_1,I like most parts of my personality.4,Emotional,Human17
PWB_1,I like most parts of my personality.4,Environmental,Human18
PWB_1,I like most parts of my personality.4,Emotional,Human19
PWB_1,I like most parts of my personality.4,Emotional,Human20
PWB_1,I like most parts of my personality.4,Emotional,Human21
PWB_1,I like most parts of my personality.4,Emotional,Human22
PWB_1,I like most parts of my personality.4,Spiritual,Human23
PWB_1,I like most parts of my personality.4,Emotional,Human24
PWB_1,I like most parts of my personality.4,Spiritual,Human25
PWB_1,I like most parts of my personality.4,Emotional,Human26
PWB_1,I like most parts of my personality.4,Social,Human27
PWB_1,I like most parts of my personality.4,Emotional,Human28
PWB_10,I sometimes feel as if I've done all there is to do in life.,Emotional,Human01
PWB_10,I sometimes feel as if I've done all there is to do in life.,Emotional,Human02
PWB_10,I sometimes feel as if I've done all there is to do in life.,Emotional,Human03
PWB_10,I sometimes feel as if I've done all there is to do in life.,Spiritual,Human04
PWB_10,I sometimes feel as if I've done all there is to do in life.,Spiritual,Human05
PWB_10,I sometimes feel as if I've done all there is to do in life.,Spiritual,Human06
PWB_10,I sometimes feel as if I've done all there is to do in life.,Spiritual,Human07
PWB_10,I sometimes feel as if I've done all there is to do in life.,Spiritual,Human08
PWB_10,I sometimes feel as if I've done all there is to do in life.,Emotional,Human09
PWB_10,I sometimes feel as if I've done all there is to do in life.,Spiritual,Human10
PWB_10,I sometimes feel as if I've done all there is to do in life.,Spiritual,Human11
PWB_10,I sometimes feel as if I've done all there is to do in life.,Spiritual,Human12
PWB_10,I sometimes feel as if I've done all there is to do in life.,Spiritual,Human13
PWB_10,I sometimes feel as if I've done all there is to do in life.,Intellectual,Human14
PWB_10,I sometimes feel as if I've done all there is to do in life.,Spiritual,Human15
PWB_10,I sometimes feel as if I've done all there is to do in life.,Occupational,Human16
PWB_10,I sometimes feel as if I've done all there is to do in life.,Spiritual,Human17
PWB_10,I sometimes feel as if I've done all there is to do in life.,Spiritual,Human18
PWB_10,I sometimes feel as if I've done all there is to do in life.,Occupational,Human19
PWB_10,I sometimes feel as if I've done all there is to do in life.,Spiritual,Human20
PWB_10,I sometimes feel as if I've done all there is to do in life.,Spiritual,Human21
PWB_10,I sometimes feel as if I've done all there is to do in life.,Spiritual,Human22
PWB_10,I sometimes feel as if I've done all there is to do in life.,Social,Human23
PWB_10,I sometimes feel as if I've done all there is to do in life.,Occupational,Human24
PWB_10,I sometimes feel as if I've done all there is to do in life.,Spiritual,Human25
PWB_10,I sometimes feel as if I've done all there is to do in life.,Spiritual,Human26
PWB_10,I sometimes feel as if I've done all there is to do in life.,Spiritual,Human27
PWB_10,I sometimes feel as if I've done all there is to do in life.,Intellectual,Human28
PWB_10,I sometimes feel as if I've done all there is to do in life.2,Emotional,Human01
PWB_10,I sometimes feel as if I've done all there is to do in life.2,Emotional,Human02
PWB_10,I sometimes feel as if I've done all there is to do in life.2,Emotional,Human03
PWB_10,I sometimes feel as if I've done all there is to do in life.2,Spiritual,Human04
PWB_10,I sometimes feel as if I've done all there is to do in life.2,Spiritual,Human05
PWB_10,I sometimes feel as if I've done all there is to do in life.2,Spiritual,Human06
PWB_10,I sometimes feel as if I've done all there is to do in life.2,Emotional,Human07
PWB_10,I sometimes feel as if I've done all there is to do in life.2,Spiritual,Human08
PWB_10,I sometimes feel as if I've done all there is to do in life.2,Emotional,Human09
PWB_10,I sometimes feel as if I've done all there is to do in life.2,Spiritual,Human10
PWB_10,I sometimes feel as if I've done all there is to do in life.2,Spiritual,Human11
PWB_10,I sometimes feel as if I've done all there is to do in life.2,Spiritual,Human12
PWB_10,I sometimes feel as if I've done all there is to do in life.2,Spiritual,Human13
PWB_10,I sometimes feel as if I've done all there is to do in life.2,Intellectual,Human14
PWB_10,I sometimes feel as if I've done all there is to do in life.2,Spiritual,Human15
PWB_10,I sometimes feel as if I've done all there is to do in life.2,Occupational,Human16
PWB_10,I sometimes feel as if I've done all there is to do in life.2,Emotional,Human17
PWB_10,I sometimes feel as if I've done all there is to do in life.2,Emotional,Human18
PWB_10,I sometimes feel as if I've done all there is to do in life.2,Intellectual,Human19
PWB_10,I sometimes feel as if I've done all there is to do in life.2,Spiritual,Human20
PWB_10,I sometimes feel as if I've done all there is to do in life.2,Spiritual,Human21
PWB_10,I sometimes feel as if I've done all there is to do in life.2,Spiritual,Human22
PWB_10,I sometimes feel as if I've done all there is to do in life.2,Occupational,Human23
PWB_10,I sometimes feel as if I've done all there is to do in life.2,Occupational,Human24
PWB_10,I sometimes feel as if I've done all there is to do in life.2,Spiritual,Human25
PWB_10,I sometimes feel as if I've done all there is to do in life.2,Spiritual,Human26
PWB_10,I sometimes feel as if I've done all there is to do in life.2,Spiritual,Human27
PWB_10,I sometimes feel as if I've done all there is to do in life.2,Intellectual,Human28
PWB_10,I sometimes feel as if I've done all there is to do in life.3,Emotional,Human01
PWB_10,I sometimes feel as if I've done all there is to do in life.3,Emotional,Human02
PWB_10,I sometimes feel as if I've done all there is to do in life.3,Intellectual,Human03
PWB_10,I sometimes feel as if I've done all there is to do in life.3,Spiritual,Human04
PWB_10,I sometimes feel as if I've done all there is to do in life.3,Spiritual,Human05
PWB_10,I sometimes feel as if I've done all there is to do in life.3,Spiritual,Human06
PWB_10,I sometimes feel as if I've done all there is to do in life.3,Spiritual,Human07
PWB_10,I sometimes feel as if I've done all there is to do in life.3,Spiritual,Human08
PWB_10,I sometimes feel as if I've done all there is to do in life.3,Emotional,Human09
PWB_10,I sometimes feel as if I've done all there is to do in life.3,Spiritual,Human10
PWB_10,I sometimes feel as if I've done all there is to do in life.3,Spiritual,Human11
PWB_10,I sometimes feel as if I've done all there is to do in life.3,Spiritual,Human12
PWB_10,I sometimes feel as if I've done all there is to do in life.3,Spiritual,Human13
PWB_10,I sometimes feel as if I've done all there is to do in life.3,Intellectual,Human14
PWB_10,I sometimes feel as if I've done all there is to do in life.3,Emotional,Human15
PWB_10,I sometimes feel as if I've done all there is to do in life.3,Occupational,Human16
PWB_10,I sometimes feel as if I've done all there is to do in life.3,Emotional,Human17
PWB_10,I sometimes feel as if I've done all there is to do in life.3,Intellectual,Human18
PWB_10,I sometimes feel as if I've done all there is to do in life.3,Occupational,Human19
PWB_10,I sometimes feel as if I've done all there is to do in life.3,Spiritual,Human20
PWB_10,I sometimes feel as if I've done all there is to do in life.3,Spiritual,Human21
PWB_10,I sometimes feel as if I've done all there is to do in life.3,Spiritual,Human22
PWB_10,I sometimes feel as if I've done all there is to do in life.3,Occupational,Human23
PWB_10,I sometimes feel as if I've done all there is to do in life.3,Occupational,Human24
PWB_10,I sometimes feel as if I've done all there is to do in life.3,Spiritual,Human25
PWB_10,I sometimes feel as if I've done all there is to do in life.3,Spiritual,Human26
PWB_10,I sometimes feel as if I've done all there is to do in life.3,Spiritual,Human27
PWB_10,I sometimes feel as if I've done all there is to do in life.3,Environmental,Human28
PWB_10,I sometimes feel as if I've done all there is to do in life.4,Emotional,Human01
PWB_10,I sometimes feel as if I've done all there is to do in life.4,Emotional,Human02
PWB_10,I sometimes feel as if I've done all there is to do in life.4,Emotional,Human03
PWB_10,I sometimes feel as if I've done all there is to do in life.4,Spiritual,Human04
PWB_10,I sometimes feel as if I've done all there is to do in life.4,Spiritual,Human05
PWB_10,I sometimes feel as if I've done all there is to do in life.4,Spiritual,Human06
PWB_10,I sometimes feel as if I've done all there is to do in life.4,Spiritual,Human07
PWB_10,I sometimes feel as if I've done all there is to do in life.4,Spiritual,Human08
PWB_10,I sometimes feel as if I've done all there is to do in life.4,Emotional,Human09
PWB_10,I sometimes feel as if I've done all there is to do in life.4,Spiritual,Human10
PWB_10,I sometimes feel as if I've done all there is to do in life.4,Spiritual,Human11
PWB_10,I sometimes feel as if I've done all there is to do in life.4,Spiritual,Human12
PWB_10,I sometimes feel as if I've done all there is to do in life.4,Spiritual,Human13
PWB_10,I sometimes feel as if I've done all there is to do in life.4,Intellectual,Human14
PWB_10,I sometimes feel as if I've done all there is to do in life.4,Emotional,Human15
PWB_10,I sometimes feel as if I've done all there is to do in life.4,Occupational,Human16
PWB_10,I sometimes feel as if I've done all there is to do in life.4,Spiritual,Human17
PWB_10,I sometimes feel as if I've done all there is to do in life.4,Environmental,Human18
PWB_10,I sometimes feel as if I've done all there is to do in life.4,Emotional,Human19
PWB_10,I sometimes feel as if I've done all there is to do in life.4,Spiritual,Human20
PWB_10,I sometimes feel as if I've done all there is to do in life.4,Spiritual,Human21
PWB_10,I sometimes feel as if I've done all there is to do in life.4,Spiritual,Human22
PWB_10,I sometimes feel as if I've done all there is to do in life.4,Occupational,Human23
PWB_10,I sometimes feel as if I've done all there is to do in life.4,Occupational,Human24
PWB_10,I sometimes feel as if I've done all there is to do in life.4,Spiritual,Human25
PWB_10,I sometimes feel as if I've done all there is to do in life.4,Spiritual,Human26
PWB_10,I sometimes feel as if I've done all there is to do in life.4,Spiritual,Human27
PWB_10,I sometimes feel as if I've done all there is to do in life.4,Environmental,Human28
PWB_10,I sometimes feel as if I've done all there is to do in life.5,Emotional,Human01
PWB_10,I sometimes feel as if I've done all there is to do in life.5,Emotional,Human02
PWB_10,I sometimes feel as if I've done all there is to do in life.5,Emotional,Human03
PWB_10,I sometimes feel as if I've done all there is to do in life.5,Spiritual,Human04
PWB_10,I sometimes feel as if I've done all there is to do in life.5,Spiritual,Human05
PWB_10,I sometimes feel as if I've done all there is to do in life.5,Spiritual,Human06
PWB_10,I sometimes feel as if I've done all there is to do in life.5,Spiritual,Human07
PWB_10,I sometimes feel as if I've done all there is to do in life.5,Spiritual,Human08
PWB_10,I sometimes feel as if I've done all there is to do in life.5,Emotional,Human09
PWB_10,I sometimes feel as if I've done all there is to do in life.5,Spiritual,Human10
PWB_10,I sometimes feel as if I've done all there is to do in life.5,Spiritual,Human11
PWB_10,I sometimes feel as if I've done all there is to do in life.5,Spiritual,Human12
PWB_10,I sometimes feel as if I've done all there is to do in life.5,Spiritual,Human13
PWB_10,I sometimes feel as if I've done all there is to do in life.5,Intellectual,Human14
PWB_10,I sometimes feel as if I've done all there is to do in life.5,Emotional,Human15
PWB_10,I sometimes feel as if I've done all there is to do in life.5,Occupational,Human16
PWB_10,I sometimes feel as if I've done all there is to do in life.5,Social,Human17
PWB_10,I sometimes feel as if I've done all there is to do in life.5,Occupational,Human18
PWB_10,I sometimes feel as if I've done all there is to do in life.5,Emotional,Human19
PWB_10,I sometimes feel as if I've done all there is to do in life.5,Spiritual,Human20
PWB_10,I sometimes feel as if I've done all there is to do in life.5,Spiritual,Human21
PWB_10,I sometimes feel as if I've done all there is to do in life.5,Spiritual,Human22
PWB_10,I sometimes feel as if I've done all there is to do in life.5,Occupational,Human23
PWB_10,I sometimes feel as if I've done all there is to do in life.5,Occupational,Human24
PWB_10,I sometimes feel as if I've done all there is to do in life.5,Spiritual,Human25
PWB_10,I sometimes feel as if I've done all there is to do in life.5,Spiritual,Human26
PWB_10,I sometimes feel as if I've done all there is to do in life.5,Spiritual,Human27
PWB_10,I sometimes feel as if I've done all there is to do in life.5,Environmental,Human28
PWB_2,"When I look at the story of my life, I am pleased with how things have turned out so far.",Emotional,Human01
PWB_2,"When I look at the story of my life, I am pleased with how things have turned out so far.",Emotional,Human02
PWB_2,"When I look at the story of my life, I am pleased with how things have turned out so far.",Emotional,Human03
PWB_2,"When I look at the story of my life, I am pleased with how things have turned out so far.",Emotional,Human04
PWB_2,"When I look at the story of my life, I am pleased with how things have turned out so far.",Spiritual,Human05
PWB_2,"When I look at the story of my life, I am pleased with how things have turned out so far.",Emotional,Human06
PWB_2,"When I look at the story of my life, I am pleased with how things have turned out so far.",Spiritual,Human07
PWB_2,"When I look at the story of my life, I am pleased with how things have turned out so far.",Spiritual,Human08
PWB_2,"When I look at the story of my life, I am pleased with how things have turned out so far.",Emotional,Human09
PWB_2,"When I look at the story of my life, I am pleased with how things have turned out so far.",Spiritual,Human10
PWB_2,"When I look at the story of my life, I am pleased with how things have turned out so far.",Spiritual,Human11
PWB_2,"When I look at the story of my life, I am pleased with how things have turned out so far.",Occupational,Human12
PWB_2,"When I look at the story of my life, I am pleased with how things have turned out so far.",Emotional,Human13
PWB_2,"When I look at the story of my life, I am pleased with how things have turned out so far.",Intellectual,Human14
PWB_2,"When I look at the story of my life, I am pleased with how things have turned out so far.",Emotional,Human15
PWB_2,"When I look at the story of my life, I am pleased with how things have turned out so far.",Occupational,Human16
PWB_2,"When I look at the story of my life, I am pleased with how things have turned out so far.",Emotional,Human17
PWB_2,"When I look at the story of my life, I am pleased with how things have turned out so far.",Social,Human18
PWB_2,"When I look at the story of my life, I am pleased with how things have turned out so far.",Occupational,Human19
PWB_2,"When I look at the story of my life, I am pleased with how things have turned out so far.",Spiritual,Human20
PWB_2,"When I look at the story of my life, I am pleased with how things have turned out so far.",Spiritual,Human21
PWB_2,"When I look at the story of my life, I am pleased with how things have turned out so far.",Spiritual,Human22
PWB_2,"When I look at the story of my life, I am pleased with how things have turned out so far.",Occupational,Human23
PWB_2,"When I look at the story of my life, I am pleased with how things have turned out so far.",Emotional,Human24
PWB_2,"When I look at the story of my life, I am pleased with how things have turned out so far.",Spiritual,Human25
PWB_2,"When I look at the story of my life, I am pleased with how things have turned out so far.",Spiritual,Human26
PWB_2,"When I look at the story of my life, I am pleased with how things have turned out so far.",Spiritual,Human27
PWB_2,"When I look at the story of my life, I am pleased with how things have turned out so far.",Emotional,Human28
PWB_2,"When I look at the story of my life, I am pleased with how things have turned out so far.2",Emotional,Human01
PWB_2,"When I look at the story of my life, I am pleased with how things have turned out so far.2",Emotional,Human02
PWB_2,"When I look at the story of my life, I am pleased with how things have turned out so far.2",Spiritual,Human03
PWB_2,"When I look at the story of my life, I am pleased with how things have turned out so far.2",Emotional,Human04
PWB_2,"When I look at the story of my life, I am pleased with how things have turned out so far.2",Spiritual,Human05
PWB_2,"When I look at the story of my life, I am pleased with how things have turned out so far.2",Emotional,Human06
PWB_2,"When I look at the story of my life, I am pleased with how things have turned out so far.2",Spiritual,Human07
PWB_2,"When I look at the story of my life, I am pleased with how things have turned out so far.2",Spiritual,Human08
PWB_2,"When I look at the story of my life, I am pleased with how things have turned out so far.2",Occupational,Human09
PWB_2,"When I look at the story of my life, I am pleased with how things have turned out so far.2",Spiritual,Human10
PWB_2,"When I look at the story of my life, I am pleased with how things have turned out so far.2",Spiritual,Human11
PWB_2,"When I look at the story of my life, I am pleased with how things have turned out so far.2",Emotional,Human12
PWB_2,"When I look at the story of my life, I am pleased with how things have turned out so far.2",Emotional,Human13
PWB_2,"When I look at the story of my life, I am pleased with how things have turned out so far.2",Intellectual,Human14
PWB_2,"When I look at the story of my life, I am pleased with how things have turned out so far.2",Emotional,Human15
PWB_2,"When I look at the story of my life, I am pleased with how things have turned out so far.2",Occupational,Human16
PWB_2,"When I look at the story of my life, I am pleased with how things have turned out so far.2",Emotional,Human17
PWB_2,"When I look at the story of my life, I am pleased with how things have turned out so far.2",Emotional,Human18
PWB_2,"When I look at the story of my life, I am pleased with how things have turned out so far.2",Occupational,Human19
PWB_2,"When I look at the story of my life, I am pleased with how things have turned out so far.2",Spiritual,Human20
PWB_2,"When I look at the story of my life, I am pleased with how things have turned out so far.2",Social,Human21
PWB_2,"When I look at the story of my life, I am pleased with how things have turned out so far.2",Spiritual,Human22
PWB_2,"When I look at the story of my life, I am pleased with how things have turned out so far.2",Spiritual,Human23
PWB_2,"When I look at the story of my life, I am pleased with how things have turned out so far.2",Emotional,Human24
PWB_2,"When I look at the story of my life, I am pleased with how things have turned out so far.2",Spiritual,Human25
PWB_2,"When I look at the story of my life, I am pleased with how things have turned out so far.2",Spiritual,Human26
PWB_2,"When I look at the story of my life, I am pleased with how things have turned out so far.2",Spiritual,Human27
PWB_2,"When I look at the story of my life, I am pleased with how things have turned out so far.2",Environmental,Human28
PWB_2,"When I look at the story of my life, I am pleased with how things have turned out so far.3",Emotional,Human01
PWB_2,"When I look at the story of my life, I am pleased with how things have turned out so far.3",Emotional,Human02
PWB_2,"When I look at the story of my life, I am pleased with how things have turned out so far.3",Emotional,Human03
PWB_2,"When I look at the story of my life, I am pleased with how things have turned out so far.3",Emotional,Human04
PWB_2,"When I look at the story of my life, I am pleased with how things have turned out so far.3",Spiritual,Human05
PWB_2,"When I look at the story of my life, I am pleased with how things have turned out so far.3",Emotional,Human06
PWB_2,"When I look at the story of my life, I am pleased with how things have turned out so far.3",Emotional,Human07
PWB_2,"When I look at the story of my life, I am pleased with how things have turned out so far.3",Spiritual,Human08
PWB_2,"When I look at the story of my life, I am pleased with how things have turned out so far.3",Emotional,Human09
PWB_2,"When I look at the story of my life, I am pleased with how things have turned out so far.3",Physical,Human10
PWB_2,"When I look at the story of my life, I am pleased with how things have turned out so far.3",Spiritual,Human11
PWB_2,"When I look at the story of my life, I am pleased with how things have turned out so far.3",Emotional,Human12
PWB_2,"When I look at the story of my life, I am pleased with how things have turned out so far.3",Emotional,Human13
PWB_2,"When I look at the story of my life, I am pleased with how things have turned out so far.3",Intellectual,Human14
PWB_2,"When I look at the story of my life, I am pleased with how things have turned out so far.3",Emotional,Human15
PWB_2,"When I look at the story of my life, I am pleased with how things have turned out so far.3",Occupational,Human16
PWB_2,"When I look at the story of my life, I am pleased with how things have turned out so far.3",Emotional,Human17
PWB_2,"When I look at the story of my life, I am pleased with how things have turned out so far.3",Emotional,Human18
PWB_2,"When I look at the story of my life, I am pleased with how things have turned out so far.3",Emotional,Human19
PWB_2,"When I look at the story of my life, I am pleased with how things have turned out so far.3",Spiritual,Human20
PWB_2,"When I look at the story of my life, I am pleased with how things have turned out so far.3",Emotional,Human21
PWB_2,"When I look at the story of my life, I am pleased with how things have turned out so far.3",Spiritual,Human22
PWB_2,"When I look at the story of my life, I am pleased with how things have turned out so far.3",Spiritual,Human23
PWB_2,"When I look at the story of my life, I am pleased with how things have turned out so far.3",Emotional,Human24
PWB_2,"When I look at the story of my life, I am pleased with how things have turned out so far.3",Spiritual,Human25
PWB_2,"When I look at the story of my life, I am pleased with how things have turned out so far.3",Spiritual,Human26
PWB_2,"When I look at the story of my life, I am pleased with how things have turned out so far.3",Spiritual,Human27
PWB_2,"When I look at the story of my life, I am pleased with how things have turned out so far.3",Environmental,Human28
PWB_2,"When I look at the story of my life, I am pleased with how things have turned out so far.4",Emotional,Human01
PWB_2,"When I look at the story of my life, I am pleased with how things have turned out so far.4",Emotional,Human02
PWB_2,"When I look at the story of my life, I am pleased with how things have turned out so far.4",Emotional,Human03
PWB_2,"When I look at the story of my life, I am pleased with how things have turned out so far.4",Emotional,Human04
PWB_2,"When I look at the story of my life, I am pleased with how things have turned out so far.4",Spiritual,Human05
PWB_2,"When I look at the story of my life, I am pleased with how things have turned out so far.4",Spiritual,Human06
PWB_2,"When I look at the story of my life, I am pleased with how things have turned out so far.4",Emotional,Human07
PWB_2,"When I look at the story of my life, I am pleased with how things have turned out so far.4",Spiritual,Human08
PWB_2,"When I look at the story of my life, I am pleased with how things have turned out so far.4",Emotional,Human09
PWB_2,"When I look at the story of my life, I am pleased with how things have turned out so far.4",Spiritual,Human10
PWB_2,"When I look at the story of my life, I am pleased with how things have turned out so far.4",Spiritual,Human11
PWB_2,"When I look at the story of my life, I am pleased with how things have turned out so far.4",Emotional,Human12
PWB_2,"When I look at the story of my life, I am pleased with how things have turned out so far.4",Emotional,Human13
PWB_2,"When I look at the story of my life, I am pleased with how things have turned out so far.4",Intellectual,Human14
PWB_2,"When I look at the story of my life, I am pleased with how things have turned out so far.4",Emotional,Human15
PWB_2,"When I look at the story of my life, I am pleased with how things have turned out so far.4",Occupational,Human16
PWB_2,"When I look at the story of my life, I am pleased with how things have turned out so far.4",Spiritual,Human17
PWB_2,"When I look at the story of my life, I am pleased with how things have turned out so far.4",Occupational,Human18
PWB_2,"When I look at the story of my life, I am pleased with how things have turned out so far.4",Emotional,Human19
PWB_2,"When I look at the story of my life, I am pleased with how things have turned out so far.4",Spiritual,Human20
PWB_2,"When I look at the story of my life, I am pleased with how things have turned out so far.4",Emotional,Human21
PWB_2,"When I look at the story of my life, I am pleased with how things have turned out so far.4",Spiritual,Human22
PWB_2,"When I look at the story of my life, I am pleased with how things have turned out so far.4",Spiritual,Human23
PWB_2,"When I look at the story of my life, I am pleased with how things have turned out so far.4",Emotional,Human24
PWB_2,"When I look at the story of my life, I am pleased with how things have turned out so far.4",Spiritual,Human25
PWB_2,"When I look at the story of my life, I am pleased with how things have turned out so far.4",Spiritual,Human26
PWB_2,"When I look at the story of my life, I am pleased with how things have turned out so far.4",Spiritual,Human27
PWB_2,"When I look at the story of my life, I am pleased with how things have turned out so far.4",Environmental,Human28
PWB_2,"When I look at the story of my life, I am pleased with how things have turned out so far.5",Emotional,Human01
PWB_2,"When I look at the story of my life, I am pleased with how things have turned out so far.5",Emotional,Human02
PWB_2,"When I look at the story of my life, I am pleased with how things have turned out so far.5",Spiritual,Human03
PWB_2,"When I look at the story of my life, I am pleased with how things have turned out so far.5",Emotional,Human04
PWB_2,"When I look at the story of my life, I am pleased with how things have turned out so far.5",Spiritual,Human05
PWB_2,"When I look at the story of my life, I am pleased with how things have turned out so far.5",Spiritual,Human06
PWB_2,"When I look at the story of my life, I am pleased with how things have turned out so far.5",Spiritual,Human07
PWB_2,"When I look at the story of my life, I am pleased with how things have turned out so far.5",Spiritual,Human08
PWB_2,"When I look at the story of my life, I am pleased with how things have turned out so far.5",Occupational,Human09
PWB_2,"When I look at the story of my life, I am pleased with how things have turned out so far.5",Spiritual,Human10
PWB_2,"When I look at the story of my life, I am pleased with how things have turned out so far.5",Spiritual,Human11
PWB_2,"When I look at the story of my life, I am pleased with how things have turned out so far.5",Emotional,Human12
PWB_2,"When I look at the story of my life, I am pleased with how things have turned out so far.5",Emotional,Human13
PWB_2,"When I look at the story of my life, I am pleased with how things have turned out so far.5",Intellectual,Human14
PWB_2,"When I look at the story of my life, I am pleased with how things have turned out so far.5",Emotional,Human15
PWB_2,"When I look at the story of my life, I am pleased with how things have turned out so far.5",Occupational,Human16
PWB_2,"When I look at the story of my life, I am pleased with how things have turned out so far.5",Emotional,Human17
PWB_2,"When I look at the story of my life, I am pleased with how things have turned out so far.5",Spiritual,Human18
PWB_2,"When I look at the story of my life, I am pleased with how things have turned out so far.5",Intellectual,Human19
PWB_2,"When I look at the story of my life, I am pleased with how things have turned out so far.5",Spiritual,Human20
PWB_2,"When I look at the story of my life, I am pleased with how things have turned out so far.5",Emotional,Human21
PWB_2,"When I look at the story of my life, I am pleased with how things have turned out so far.5",Spiritual,Human22
PWB_2,"When I look at the story of my life, I am pleased with how things have turned out so far.5",Spiritual,Human23
PWB_2,"When I look at the story of my life, I am pleased with how things have turned out so far.5",Emotional,Human24
PWB_2,"When I look at the story of my life, I am pleased with how things have turned out so far.5",Spiritual,Human25
PWB_2,"When I look at the story of my life, I am pleased with how things have turned out so far.5",Spiritual,Human26
PWB_2,"When I look at the story of my life, I am pleased with how things have turned out so far.5",Spiritual,Human27
PWB_2,"When I look at the story of my life, I am pleased with how things have turned out so far.5",Environmental,Human28
PWB_3,"Some people wander aimlessly through life, but I am not one of them.",Emotional,Human01
PWB_3,"Some people wander aimlessly through life, but I am not one of them.",Emotional,Human02
PWB_3,"Some people wander aimlessly through life, but I am not one of them.",Spiritual,Human03
PWB_3,"Some people wander aimlessly through life, but I am not one of them.",Spiritual,Human04
PWB_3,"Some people wander aimlessly through life, but I am not one of them.",Spiritual,Human05
PWB_3,"Some people wander aimlessly through life, but I am not one of them.",Spiritual,Human06
PWB_3,"Some people wander aimlessly through life, but I am not one of them.",Spiritual,Human07
PWB_3,"Some people wander aimlessly through life, but I am not one of them.",Spiritual,Human08
PWB_3,"Some people wander aimlessly through life, but I am not one of them.",Occupational,Human09
PWB_3,"Some people wander aimlessly through life, but I am not one of them.",Spiritual,Human10
PWB_3,"Some people wander aimlessly through life, but I am not one of them.",Spiritual,Human11
PWB_3,"Some people wander aimlessly through life, but I am not one of them.",Intellectual,Human12
PWB_3,"Some people wander aimlessly through life, but I am not one of them.",Emotional,Human13
PWB_3,"Some people wander aimlessly through life, but I am not one of them.",Intellectual,Human14
PWB_3,"Some people wander aimlessly through life, but I am not one of them.",Intellectual,Human15
PWB_3,"Some people wander aimlessly through life, but I am not one of them.",Occupational,Human16
PWB_3,"Some people wander aimlessly through life, but I am not one of them.",Spiritual,Human17
PWB_3,"Some people wander aimlessly through life, but I am not one of them.",Occupational,Human18
PWB_3,"Some people wander aimlessly through life, but I am not one of them.",Intellectual,Human19
PWB_3,"Some people wander aimlessly through life, but I am not one of them.",Spiritual,Human20
PWB_3,"Some people wander aimlessly through life, but I am not one of them.",Spiritual,Human21
PWB_3,"Some people wander aimlessly through life, but I am not one of them.",Spiritual,Human22
PWB_3,"Some people wander aimlessly through life, but I am not one of them.",Occupational,Human23
PWB_3,"Some people wander aimlessly through life, but I am not one of them.",Occupational,Human24
PWB_3,"Some people wander aimlessly through life, but I am not one of them.",Spiritual,Human25
PWB_3,"Some people wander aimlessly through life, but I am not one of them.",Spiritual,Human26
PWB_3,"Some people wander aimlessly through life, but I am not one of them.",Spiritual,Human27
PWB_3,"Some people wander aimlessly through life, but I am not one of them.",Spiritual,Human28
PWB_3,"Some people wander aimlessly through life, but I am not one of them.2",Emotional,Human01
PWB_3,"Some people wander aimlessly through life, but I am not one of them.2",Emotional,Human02
PWB_3,"Some people wander aimlessly through life, but I am not one of them.2",Emotional,Human03
PWB_3,"Some people wander aimlessly through life, but I am not one of them.2",Spiritual,Human04
PWB_3,"Some people wander aimlessly through life, but I am not one of them.2",Spiritual,Human05
PWB_3,"Some people wander aimlessly through life, but I am not one of them.2",Spiritual,Human06
PWB_3,"Some people wander aimlessly through life, but I am not one of them.2",Spiritual,Human07
PWB_3,"Some people wander aimlessly through life, but I am not one of them.2",Spiritual,Human08
PWB_3,"Some people wander aimlessly through life, but I am not one of them.2",Occupational,Human09
PWB_3,"Some people wander aimlessly through life, but I am not one of them.2",Spiritual,Human10
PWB_3,"Some people wander aimlessly through life, but I am not one of them.2",Spiritual,Human11
PWB_3,"Some people wander aimlessly through life, but I am not one of them.2",Intellectual,Human12
PWB_3,"Some people wander aimlessly through life, but I am not one of them.2",Emotional,Human13
PWB_3,"Some people wander aimlessly through life, but I am not one of them.2",Intellectual,Human14
PWB_3,"Some people wander aimlessly through life, but I am not one of them.2",Intellectual,Human15
PWB_3,"Some people wander aimlessly through life, but I am not one of them.2",Occupational,Human16
PWB_3,"Some people wander aimlessly through life, but I am not one of them.2",Spiritual,Human17
PWB_3,"Some people wander aimlessly through life, but I am not one of them.2",Environmental,Human18
PWB_3,"Some people wander aimlessly through life, but I am not one of them.2",Social,Human19
PWB_3,"Some people wander aimlessly through life, but I am not one of them.2",Spiritual,Human20
PWB_3,"Some people wander aimlessly through life, but I am not one of them.2",Social,Human21
PWB_3,"Some people wander aimlessly through life, but I am not one of them.2",Spiritual,Human22
PWB_3,"Some people wander aimlessly through life, but I am not one of them.2",Occupational,Human23
PWB_3,"Some people wander aimlessly through life, but I am not one of them.2",Occupational,Human24
PWB_3,"Some people wander aimlessly through life, but I am not one of them.2",Spiritual,Human25
PWB_3,"Some people wander aimlessly through life, but I am not one of them.2",Spiritual,Human26
PWB_3,"Some people wander aimlessly through life, but I am not one of them.2",Spiritual,Human27
PWB_3,"Some people wander aimlessly through life, but I am not one of them.2",Environmental,Human28
PWB_3,"Some people wander aimlessly through life, but I am not one of them.3",Emotional,Human01
PWB_3,"Some people wander aimlessly through life, but I am not one of them.3",Emotional,Human02
PWB_3,"Some people wander aimlessly through life, but I am not one of them.3",Spiritual,Human03
PWB_3,"Some people wander aimlessly through life, but I am not one of them.3",Spiritual,Human04
PWB_3,"Some people wander aimlessly through life, but I am not one of them.3",Spiritual,Human05
PWB_3,"Some people wander aimlessly through life, but I am not one of them.3",Spiritual,Human06
PWB_3,"Some people wander aimlessly through life, but I am not one of them.3",Spiritual,Human07
PWB_3,"Some people wander aimlessly through life, but I am not one of them.3",Spiritual,Human08
PWB_3,"Some people wander aimlessly through life, but I am not one of them.3",Occupational,Human09
PWB_3,"Some people wander aimlessly through life, but I am not one of them.3",Spiritual,Human10
PWB_3,"Some people wander aimlessly through life, but I am not one of them.3",Spiritual,Human11
PWB_3,"Some people wander aimlessly through life, but I am not one of them.3",Intellectual,Human12
PWB_3,"Some people wander aimlessly through life, but I am not one of them.3",Emotional,Human13
PWB_3,"Some people wander aimlessly through life, but I am not one of them.3",Intellectual,Human14
PWB_3,"Some people wander aimlessly through life, but I am not one of them.3",Intellectual,Human15
PWB_3,"Some people wander aimlessly through life, but I am not one of them.3",Occupational,Human16
PWB_3,"Some people wander aimlessly through life, but I am not one of them.3",Emotional,Human17
PWB_3,"Some people wander aimlessly through life, but I am not one of them.3",Intellectual,Human18
PWB_3,"Some people wander aimlessly through life, but I am not one of them.3",Intellectual,Human19
PWB_3,"Some people wander aimlessly through life, but I am not one of them.3",Spiritual,Human20
PWB_3,"Some people wander aimlessly through life, but I am not one of them.3",Spiritual,Human21
PWB_3,"Some people wander aimlessly through life, but I am not one of them.3",Spiritual,Human22
PWB_3,"Some people wander aimlessly through life, but I am not one of them.3",Occupational,Human23
PWB_3,"Some people wander aimlessly through life, but I am not one of them.3",Occupational,Human24
PWB_3,"Some people wander aimlessly through life, but I am not one of them.3",Spiritual,Human25
PWB_3,"Some people wander aimlessly through life, but I am not one of them.3",Spiritual,Human26
PWB_3,"Some people wander aimlessly through life, but I am not one of them.3",Spiritual,Human27
PWB_3,"Some people wander aimlessly through life, but I am not one of them.3",Environmental,Human28
PWB_3,"Some people wander aimlessly through life, but I am not one of them.4",Emotional,Human01
PWB_3,"Some people wander aimlessly through life, but I am not one of them.4",Emotional,Human02
PWB_3,"Some people wander aimlessly through life, but I am not one of them.4",Spiritual,Human03
PWB_3,"Some people wander aimlessly through life, but I am not one of them.4",Spiritual,Human04
PWB_3,"Some people wander aimlessly through life, but I am not one of them.4",Spiritual,Human05
PWB_3,"Some people wander aimlessly through life, but I am not one of them.4",Spiritual,Human06
PWB_3,"Some people wander aimlessly through life, but I am not one of them.4",Spiritual,Human07
PWB_3,"Some people wander aimlessly through life, but I am not one of them.4",Emotional,Human08
PWB_3,"Some people wander aimlessly through life, but I am not one of them.4",Occupational,Human09
PWB_3,"Some people wander aimlessly through life, but I am not one of them.4",Spiritual,Human10
PWB_3,"Some people wander aimlessly through life, but I am not one of them.4",Spiritual,Human11
PWB_3,"Some people wander aimlessly through life, but I am not one of them.4",Intellectual,Human12
PWB_3,"Some people wander aimlessly through life, but I am not one of them.4",Emotional,Human13
PWB_3,"Some people wander aimlessly through life, but I am not one of them.4",Intellectual,Human14
PWB_3,"Some people wander aimlessly through life, but I am not one of them.4",Intellectual,Human15
PWB_3,"Some people wander aimlessly through life, but I am not one of them.4",Occupational,Human16
PWB_3,"Some people wander aimlessly through life, but I am not one of them.4",Spiritual,Human17
PWB_3,"Some people wander aimlessly through life, but I am not one of them.4",Spiritual,Human18
PWB_3,"Some people wander aimlessly through life, but I am not one of them.4",Intellectual,Human19
PWB_3,"Some people wander aimlessly through life, but I am not one of them.4",Spiritual,Human20
PWB_3,"Some people wander aimlessly through life, but I am not one of them.4",Spiritual,Human21
PWB_3,"Some people wander aimlessly through life, but I am not one of them.4",Spiritual,Human22
PWB_3,"Some people wander aimlessly through life, but I am not one of them.4",Occupational,Human23
PWB_3,"Some people wander aimlessly through life, but I am not one of them.4",Occupational,Human24
PWB_3,"Some people wander aimlessly through life, but I am not one of them.4",Spiritual,Human25
PWB_3,"Some people wander aimlessly through life, but I am not one of them.4",Spiritual,Human26
PWB_3,"Some people wander aimlessly through life, but I am not one of them.4",Spiritual,Human27
PWB_3,"Some people wander aimlessly through life, but I am not one of them.4",Environmental,Human28
PWB_3,"Some people wander aimlessly through life, but I am not one of them.5",Emotional,Human01
PWB_3,"Some people wander aimlessly through life, but I am not one of them.5",Emotional,Human02
PWB_3,"Some people wander aimlessly through life, but I am not one of them.5",Spiritual,Human03
PWB_3,"Some people wander aimlessly through life, but I am not one of them.5",Spiritual,Human04
PWB_3,"Some people wander aimlessly through life, but I am not one of them.5",Spiritual,Human05
PWB_3,"Some people wander aimlessly through life, but I am not one of them.5",Spiritual,Human06
PWB_3,"Some people wander aimlessly through life, but I am not one of them.5",Spiritual,Human07
PWB_3,"Some people wander aimlessly through life, but I am not one of them.5",Emotional,Human08
PWB_3,"Some people wander aimlessly through life, but I am not one of them.5",Occupational,Human09
PWB_3,"Some people wander aimlessly through life, but I am not one of them.5",Spiritual,Human10
PWB_3,"Some people wander aimlessly through life, but I am not one of them.5",Spiritual,Human11
PWB_3,"Some people wander aimlessly through life, but I am not one of them.5",Intellectual,Human12
PWB_3,"Some people wander aimlessly through life, but I am not one of them.5",Emotional,Human13
PWB_3,"Some people wander aimlessly through life, but I am not one of them.5",Intellectual,Human14
PWB_3,"Some people wander aimlessly through life, but I am not one of them.5",Intellectual,Human15
PWB_3,"Some people wander aimlessly through life, but I am not one of them.5",Occupational,Human16
PWB_3,"Some people wander aimlessly through life, but I am not one of them.5",Spiritual,Human17
PWB_3,"Some people wander aimlessly through life, but I am not one of them.5",Emotional,Human18
PWB_3,"Some people wander aimlessly through life, but I am not one of them.5",Occupational,Human19
PWB_3,"Some people wander aimlessly through life, but I am not one of them.5",Spiritual,Human20
PWB_3,"Some people wander aimlessly through life, but I am not one of them.5",Spiritual,Human21
PWB_3,"Some people wander aimlessly through life, but I am not one of them.5",Spiritual,Human22
PWB_3,"Some people wander aimlessly through life, but I am not one of them.5",Occupational,Human23
PWB_3,"Some people wander aimlessly through life, but I am not one of them.5",Occupational,Human24
PWB_3,"Some people wander aimlessly through life, but I am not one of them.5",Spiritual,Human25
PWB_3,"Some people wander aimlessly through life, but I am not one of them.5",Spiritual,Human26
PWB_3,"Some people wander aimlessly through life, but I am not one of them.5",Spiritual,Human27
PWB_3,"Some people wander aimlessly through life, but I am not one of them.5",Spiritual,Human28
PWB_4,The demands of everyday life often get me down.,Emotional,Human01
PWB_4,The demands of everyday life often get me down.,Emotional,Human02
PWB_4,The demands of everyday life often get me down.,Social,Human03
PWB_4,The demands of everyday life often get me down.,Occupational,Human04
PWB_4,The demands of everyday life often get me down.,Emotional,Human05
PWB_4,The demands of everyday life often get me down.,Emotional,Human06
PWB_4,The demands of everyday life often get me down.,Emotional,Human07
PWB_4,The demands of everyday life often get me down.,Emotional,Human08
PWB_4,The demands of everyday life often get me down.,Emotional,Human09
PWB_4,The demands of everyday life often get me down.,Emotional,Human10
PWB_4,The demands of everyday life often get me down.,Emotional,Human11
PWB_4,The demands of everyday life often get me down.,Emotional,Human12
PWB_4,The demands of everyday life often get me down.,Emotional,Human13
PWB_4,The demands of everyday life often get me down.,Emotional,Human14
PWB_4,The demands of everyday life often get me down.,Occupational,Human15
PWB_4,The demands of everyday life often get me down.,Emotional,Human16
PWB_4,The demands of everyday life often get me down.,Environmental,Human17
PWB_4,The demands of everyday life often get me down.,Emotional,Human18
PWB_4,The demands of everyday life often get me down.,Emotional,Human19
PWB_4,The demands of everyday life often get me down.,Spiritual,Human20
PWB_4,The demands of everyday life often get me down.,Intellectual,Human21
PWB_4,The demands of everyday life often get me down.,Emotional,Human22
PWB_4,The demands of everyday life often get me down.,Emotional,Human23
PWB_4,The demands of everyday life often get me down.,Emotional,Human24
PWB_4,The demands of everyday life often get me down.,Spiritual,Human25
PWB_4,The demands of everyday life often get me down.,Emotional,Human26
PWB_4,The demands of everyday life often get me down.,Emotional,Human27
PWB_4,The demands of everyday life often get me down.,Environmental,Human28
PWB_4,The demands of everyday life often get me down.2,Emotional,Human01
PWB_4,The demands of everyday life often get me down.2,Emotional,Human02
PWB_4,The demands of everyday life often get me down.2,Emotional,Human03
PWB_4,The demands of everyday life often get me down.2,Occupational,Human04
PWB_4,The demands of everyday life often get me down.2,Emotional,Human05
PWB_4,The demands of everyday life often get me down.2,Occupational,Human06
PWB_4,The demands of everyday life often get me down.2,Emotional,Human07
PWB_4,The demands of everyday life often get me down.2,Emotional,Human08
PWB_4,The demands of everyday life often get me down.2,Emotional,Human09
PWB_4,The demands of everyday life often get me down.2,Emotional,Human10
PWB_4,The demands of everyday life often get me down.2,Emotional,Human11
PWB_4,The demands of everyday life often get me down.2,Physical,Human12
PWB_4,The demands of everyday life often get me down.2,Emotional,Human13
PWB_4,The demands of everyday life often get me down.2,Emotional,Human14
PWB_4,The demands of everyday life often get me down.2,Occupational,Human15
PWB_4,The demands of everyday life often get me down.2,Environmental,Human16
PWB_4,The demands of everyday life often get me down.2,Environmental,Human17
PWB_4,The demands of everyday life often get me down.2,Environmental,Human18
PWB_4,The demands of everyday life often get me down.2,Emotional,Human19
PWB_4,The demands of everyday life often get me down.2,Spiritual,Human20
PWB_4,The demands of everyday life often get me down.2,Intellectual,Human21
PWB_4,The demands of everyday life often get me down.2,Spiritual,Human22
PWB_4,The demands of everyday life often get me down.2,Environmental,Human23
PWB_4,The demands of everyday life often get me down.2,Emotional,Human24
PWB_4,The demands of everyday life often get me down.2,Spiritual,Human25
PWB_4,The demands of everyday life often get me down.2,Emotional,Human26
PWB_4,The demands of everyday life often get me down.2,Emotional,Human27
PWB_4,The demands of everyday life often get me down.2,Environmental,Human28
PWB_4,The demands of everyday life often get me down.3,Emotional,Human01
PWB_4,The demands of everyday life often get me down.3,Emotional,Human02
PWB_4,The demands of everyday life often get me down.3,Emotional,Human03
PWB_4,The demands of everyday life often get me down.3,Occupational,Human04
PWB_4,The demands of everyday life often get me down.3,Emotional,Human05
PWB_4,The demands of everyday life often get me down.3,Emotional,Human06
PWB_4,The demands of everyday life often get me down.3,Emotional,Human07
PWB_4,The demands of everyday life often get me down.3,Emotional,Human08
PWB_4,The demands of everyday life often get me down.3,Emotional,Human09
PWB_4,The demands of everyday life often get me down.3,Emotional,Human10
PWB_4,The demands of everyday life often get me down.3,Emotional,Human11
PWB_4,The demands of everyday life often get me down.3,Emotional,Human12
PWB_4,The demands of everyday life often get me down.3,Occupational,Human13
PWB_4,The demands of everyday life often get me down.3,Emotional,Human14
PWB_4,The demands of everyday life often get me down.3,Occupational,Human15
PWB_4,The demands of everyday life often get me down.3,Emotional,Human16
PWB_4,The demands of everyday life often get me down.3,Emotional,Human17
PWB_4,The demands of everyday life often get me down.3,Environmental,Human18
PWB_4,The demands of everyday life often get me down.3,Emotional,Human19
PWB_4,The demands of everyday life often get me down.3,Spiritual,Human20
PWB_4,The demands of everyday life often get me down.3,Emotional,Human21
PWB_4,The demands of everyday life often get me down.3,Emotional,Human22
PWB_4,The demands of everyday life often get me down.3,Environmental,Human23
PWB_4,The demands of everyday life often get me down.3,Emotional,Human24
PWB_4,The demands of everyday life often get me down.3,Spiritual,Human25
PWB_4,The demands of everyday life often get me down.3,Emotional,Human26
PWB_4,The demands of everyday life often get me down.3,Emotional,Human27
PWB_4,The demands of everyday life often get me down.3,Environmental,Human28
PWB_4,The demands of everyday life often get me down.4,Emotional,Human01
PWB_4,The demands of everyday life often get me down.4,Emotional,Human02
PWB_4,The demands of everyday life often get me down.4,Social,Human03
PWB_4,The demands of everyday life often get me down.4,Occupational,Human04
PWB_4,The demands of everyday life often get me down.4,Emotional,Human05
PWB_4,The demands of everyday life often get me down.4,Emotional,Human06
PWB_4,The demands of everyday life often get me down.4,Emotional,Human07
PWB_4,The demands of everyday life often get me down.4,Spiritual,Human08
PWB_4,The demands of everyday life often get me down.4,Emotional,Human09
PWB_4,The demands of everyday life often get me down.4,Emotional,Human10
PWB_4,The demands of everyday life often get me down.4,Emotional,Human11
PWB_4,The demands of everyday life often get me down.4,Emotional,Human12
PWB_4,The demands of everyday life often get me down.4,Occupational,Human13
PWB_4,The demands of everyday life often get me down.4,Emotional,Human14
PWB_4,The demands of everyday life often get me down.4,Occupational,Human15
PWB_4,The demands of everyday life often get me down.4,Emotional,Human16
PWB_4,The demands of everyday life often get me down.4,Occupational,Human17
PWB_4,The demands of everyday life often get me down.4,Physical,Human18
PWB_4,The demands of everyday life often get me down.4,Intellectual,Human19
PWB_4,The demands of everyday life often get me down.4,Spiritual,Human20
PWB_4,The demands of everyday life often get me down.4,Intellectual,Human21
PWB_4,The demands of everyday life often get me down.4,Occupational,Human22
PWB_4,The demands of everyday life often get me down.4,Environmental,Human23
PWB_4,The demands of everyday life often get me down.4,Emotional,Human24
PWB_4,The demands of everyday life often get me down.4,Spiritual,Human25
PWB_4,The demands of everyday life often get me down.4,Emotional,Human26
PWB_4,The demands of everyday life often get me down.4,Emotional,Human27
PWB_4,The demands of everyday life often get me down.4,Environmental,Human28
PWB_4,The demands of everyday life often get me down.5,Emotional,Human01
PWB_4,The demands of everyday life often get me down.5,Emotional,Human02
PWB_4,The demands of everyday life often get me down.5,Social,Human03
PWB_4,The demands of everyday life often get me down.5,Occupational,Human04
PWB_4,The demands of everyday life often get me down.5,Emotional,Human05
PWB_4,The demands of everyday life often get me down.5,Occupational,Human06
PWB_4,The demands of everyday life often get me down.5,Emotional,Human07
PWB_4,The demands of everyday life often get me down.5,Emotional,Human08
PWB_4,The demands of everyday life often get me down.5,Occupational,Human09
PWB_4,The demands of everyday life often get me down.5,Emotional,Human10
PWB_4,The demands of everyday life often get me down.5,Emotional,Human11
PWB_4,The demands of everyday life often get me down.5,Emotional,Human12
PWB_4,The demands of everyday life often get me down.5,Occupational,Human13
PWB_4,The demands of everyday life often get me down.5,Emotional,Human14
PWB_4,The demands of everyday life often get me down.5,Occupational,Human15
PWB_4,The demands of everyday life often get me down.5,Emotional,Human16
PWB_4,The demands of everyday life often get me down.5,Environmental,Human17
PWB_4,The demands of everyday life often get me down.5,Environmental,Human18
PWB_4,The demands of everyday life often get me down.5,Occupational,Human19
PWB_4,The demands of everyday life often get me down.5,Spiritual,Human20
PWB_4,The demands of everyday life often get me down.5,Intellectual,Human21
PWB_4,The demands of everyday life often get me down.5,Emotional,Human22
PWB_4,The demands of everyday life often get me down.5,Environmental,Human23
PWB_4,The demands of everyday life often get me down.5,Emotional,Human24
PWB_4,The demands of everyday life often get me down.5,Spiritual,Human25
PWB_4,The demands of everyday life often get me down.5,Emotional,Human26
PWB_4,The demands of everyday life often get me down.5,Emotional,Human27
PWB_4,The demands of everyday life often get me down.5,Environmental,Human28
PWB_5,In many ways I feel disappointed about my achievements in life.,Emotional,Human01
PWB_5,In many ways I feel disappointed about my achievements in life.,Emotional,Human02
PWB_5,In many ways I feel disappointed about my achievements in life.,Emotional,Human03
PWB_5,In many ways I feel disappointed about my achievements in life.,Occupational,Human04
PWB_5,In many ways I feel disappointed about my achievements in life.,Spiritual,Human05
PWB_5,In many ways I feel disappointed about my achievements in life.,Occupational,Human06
PWB_5,In many ways I feel disappointed about my achievements in life.,Emotional,Human07
PWB_5,In many ways I feel disappointed about my achievements in life.,Occupational,Human08
PWB_5,In many ways I feel disappointed about my achievements in life.,Emotional,Human09
PWB_5,In many ways I feel disappointed about my achievements in life.,Occupational,Human10
PWB_5,In many ways I feel disappointed about my achievements in life.,Occupational,Human11
PWB_5,In many ways I feel disappointed about my achievements in life.,Emotional,Human12
PWB_5,In many ways I feel disappointed about my achievements in life.,Intellectual,Human13
PWB_5,In many ways I feel disappointed about my achievements in life.,Intellectual,Human14
PWB_5,In many ways I feel disappointed about my achievements in life.,Emotional,Human15
PWB_5,In many ways I feel disappointed about my achievements in life.,Occupational,Human16
PWB_5,In many ways I feel disappointed about my achievements in life.,Emotional,Human17
PWB_5,In many ways I feel disappointed about my achievements in life.,Emotional,Human18
PWB_5,In many ways I feel disappointed about my achievements in life.,Occupational,Human19
PWB_5,In many ways I feel disappointed about my achievements in life.,Occupational,Human20
PWB_5,In many ways I feel disappointed about my achievements in life.,Emotional,Human21
PWB_5,In many ways I feel disappointed about my achievements in life.,Occupational,Human22
PWB_5,In many ways I feel disappointed about my achievements in life.,Occupational,Human23
PWB_5,In many ways I feel disappointed about my achievements in life.,Occupational,Human24
PWB_5,In many ways I feel disappointed about my achievements in life.,Spiritual,Human25
PWB_5,In many ways I feel disappointed about my achievements in life.,Occupational,Human26
PWB_5,In many ways I feel disappointed about my achievements in life.,Spiritual,Human27
PWB_5,In many ways I feel disappointed about my achievements in life.,Emotional,Human28
PWB_5,In many ways I feel disappointed about my achievements in life.2,Emotional,Human01
PWB_5,In many ways I feel disappointed about my achievements in life.2,Emotional,Human02
PWB_5,In many ways I feel disappointed about my achievements in life.2,Emotional,Human03
PWB_5,In many ways I feel disappointed about my achievements in life.2,Occupational,Human04
PWB_5,In many ways I feel disappointed about my achievements in life.2,Spiritual,Human05
PWB_5,In many ways I feel disappointed about my achievements in life.2,Occupational,Human06
PWB_5,In many ways I feel disappointed about my achievements in life.2,Emotional,Human07
PWB_5,In many ways I feel disappointed about my achievements in life.2,Occupational,Human08
PWB_5,In many ways I feel disappointed about my achievements in life.2,Occupational,Human09
PWB_5,In many ways I feel disappointed about my achievements in life.2,Occupational,Human10
PWB_5,In many ways I feel disappointed about my achievements in life.2,Occupational,Human11
PWB_5,In many ways I feel disappointed about my achievements in life.2,Emotional,Human12
PWB_5,In many ways I feel disappointed about my achievements in life.2,Intellectual,Human13
PWB_5,In many ways I feel disappointed about my achievements in life.2,Intellectual,Human14
PWB_5,In many ways I feel disappointed about my achievements in life.2,Emotional,Human15
PWB_5,In many ways I feel disappointed about my achievements in life.2,Occupational,Human16
PWB_5,In many ways I feel disappointed about my achievements in life.2,Emotional,Human17
PWB_5,In many ways I feel disappointed about my achievements in life.2,Social,Human18
PWB_5,In many ways I feel disappointed about my achievements in life.2,Occupational,Human19
PWB_5,In many ways I feel disappointed about my achievements in life.2,Occupational,Human20
PWB_5,In many ways I feel disappointed about my achievements in life.2,Emotional,Human21
PWB_5,In many ways I feel disappointed about my achievements in life.2,Occupational,Human22
PWB_5,In many ways I feel disappointed about my achievements in life.2,Spiritual,Human23
PWB_5,In many ways I feel disappointed about my achievements in life.2,Emotional,Human24
PWB_5,In many ways I feel disappointed about my achievements in life.2,Spiritual,Human25
PWB_5,In many ways I feel disappointed about my achievements in life.2,Occupational,Human26
PWB_5,In many ways I feel disappointed about my achievements in life.2,Occupational,Human27
PWB_5,In many ways I feel disappointed about my achievements in life.2,Environmental,Human28
PWB_5,In many ways I feel disappointed about my achievements in life.3,Emotional,Human01
PWB_5,In many ways I feel disappointed about my achievements in life.3,Emotional,Human02
PWB_5,In many ways I feel disappointed about my achievements in life.3,Emotional,Human03
PWB_5,In many ways I feel disappointed about my achievements in life.3,Occupational,Human04
PWB_5,In many ways I feel disappointed about my achievements in life.3,Spiritual,Human05
PWB_5,In many ways I feel disappointed about my achievements in life.3,Occupational,Human06
PWB_5,In many ways I feel disappointed about my achievements in life.3,Emotional,Human07
PWB_5,In many ways I feel disappointed about my achievements in life.3,Occupational,Human08
PWB_5,In many ways I feel disappointed about my achievements in life.3,Emotional,Human09
PWB_5,In many ways I feel disappointed about my achievements in life.3,Occupational,Human10
PWB_5,In many ways I feel disappointed about my achievements in life.3,Occupational,Human11
PWB_5,In many ways I feel disappointed about my achievements in life.3,Emotional,Human12
PWB_5,In many ways I feel disappointed about my achievements in life.3,Emotional,Human13
PWB_5,In many ways I feel disappointed about my achievements in life.3,Intellectual,Human14
PWB_5,In many ways I feel disappointed about my achievements in life.3,Emotional,Human15
PWB_5,In many ways I feel disappointed about my achievements in life.3,Occupational,Human16
PWB_5,In many ways I feel disappointed about my achievements in life.3,Emotional,Human17
PWB_5,In many ways I feel disappointed about my achievements in life.3,Emotional,Human18
PWB_5,In many ways I feel disappointed about my achievements in life.3,Intellectual,Human19
PWB_5,In many ways I feel disappointed about my achievements in life.3,Occupational,Human20
PWB_5,In many ways I feel disappointed about my achievements in life.3,Emotional,Human21
PWB_5,In many ways I feel disappointed about my achievements in life.3,Occupational,Human22
PWB_5,In many ways I feel disappointed about my achievements in life.3,Spiritual,Human23
PWB_5,In many ways I feel disappointed about my achievements in life.3,Emotional,Human24
PWB_5,In many ways I feel disappointed about my achievements in life.3,Spiritual,Human25
PWB_5,In many ways I feel disappointed about my achievements in life.3,Occupational,Human26
PWB_5,In many ways I feel disappointed about my achievements in life.3,Occupational,Human27
PWB_5,In many ways I feel disappointed about my achievements in life.3,Emotional,Human28
PWB_5,In many ways I feel disappointed about my achievements in life.4,Emotional,Human01
PWB_5,In many ways I feel disappointed about my achievements in life.4,Emotional,Human02
PWB_5,In many ways I feel disappointed about my achievements in life.4,Emotional,Human03
PWB_5,In many ways I feel disappointed about my achievements in life.4,Occupational,Human04
PWB_5,In many ways I feel disappointed about my achievements in life.4,Spiritual,Human05
PWB_5,In many ways I feel disappointed about my achievements in life.4,Occupational,Human06
PWB_5,In many ways I feel disappointed about my achievements in life.4,Spiritual,Human07
PWB_5,In many ways I feel disappointed about my achievements in life.4,Occupational,Human08
PWB_5,In many ways I feel disappointed about my achievements in life.4,Occupational,Human09
PWB_5,In many ways I feel disappointed about my achievements in life.4,Occupational,Human10
PWB_5,In many ways I feel disappointed about my achievements in life.4,Occupational,Human11
PWB_5,In many ways I feel disappointed about my achievements in life.4,Emotional,Human12
PWB_5,In many ways I feel disappointed about my achievements in life.4,Intellectual,Human13
PWB_5,In many ways I feel disappointed about my achievements in life.4,Intellectual,Human14
PWB_5,In many ways I feel disappointed about my achievements in life.4,Emotional,Human15
PWB_5,In many ways I feel disappointed about my achievements in life.4,Occupational,Human16
PWB_5,In many ways I feel disappointed about my achievements in life.4,Spiritual,Human17
PWB_5,In many ways I feel disappointed about my achievements in life.4,Environmental,Human18
PWB_5,In many ways I feel disappointed about my achievements in life.4,Occupational,Human19
PWB_5,In many ways I feel disappointed about my achievements in life.4,Occupational,Human20
PWB_5,In many ways I feel disappointed about my achievements in life.4,Emotional,Human21
PWB_5,In many ways I feel disappointed about my achievements in life.4,Occupational,Human22
PWB_5,In many ways I feel disappointed about my achievements in life.4,Occupational,Human23
PWB_5,In many ways I feel disappointed about my achievements in life.4,Emotional,Human24
PWB_5,In many ways I feel disappointed about my achievements in life.4,Emotional,Human25
PWB_5,In many ways I feel disappointed about my achievements in life.4,Occupational,Human26
PWB_5,In many ways I feel disappointed about my achievements in life.4,Occupational,Human27
PWB_5,In many ways I feel disappointed about my achievements in life.4,Environmental,Human28
PWB_5,In many ways I feel disappointed about my achievements in life.5,Emotional,Human01
PWB_5,In many ways I feel disappointed about my achievements in life.5,Emotional,Human02
PWB_5,In many ways I feel disappointed about my achievements in life.5,Emotional,Human03
PWB_5,In many ways I feel disappointed about my achievements in life.5,Occupational,Human04
PWB_5,In many ways I feel disappointed about my achievements in life.5,Spiritual,Human05
PWB_5,In many ways I feel disappointed about my achievements in life.5,Emotional,Human06
PWB_5,In many ways I feel disappointed about my achievements in life.5,Spiritual,Human07
PWB_5,In many ways I feel disappointed about my achievements in life.5,Occupational,Human08
PWB_5,In many ways I feel disappointed about my achievements in life.5,Occupational,Human09
PWB_5,In many ways I feel disappointed about my achievements in life.5,Occupational,Human10
PWB_5,In many ways I feel disappointed about my achievements in life.5,Occupational,Human11
PWB_5,In many ways I feel disappointed about my achievements in life.5,Emotional,Human12
PWB_5,In many ways I feel disappointed about my achievements in life.5,Intellectual,Human13
PWB_5,In many ways I feel disappointed about my achievements in life.5,Intellectual,Human14
PWB_5,In many ways I feel disappointed about my achievements in life.5,Emotional,Human15
PWB_5,In many ways I feel disappointed about my achievements in life.5,Occupational,Human16
PWB_5,In many ways I feel disappointed about my achievements in life.5,Occupational,Human17
PWB_5,In many ways I feel disappointed about my achievements in life.5,Intellectual,Human18
PWB_5,In many ways I feel disappointed about my achievements in life.5,Occupational,Human19
PWB_5,In many ways I feel disappointed about my achievements in life.5,Occupational,Human20
PWB_5,In many ways I feel disappointed about my achievements in life.5,Emotional,Human21
PWB_5,In many ways I feel disappointed about my achievements in life.5,Occupational,Human22
PWB_5,In many ways I feel disappointed about my achievements in life.5,Occupational,Human23
PWB_5,In many ways I feel disappointed about my achievements in life.5,Emotional,Human24
PWB_5,In many ways I feel disappointed about my achievements in life.5,Emotional,Human25
PWB_5,In many ways I feel disappointed about my achievements in life.5,Occupational,Human26
PWB_5,In many ways I feel disappointed about my achievements in life.5,Occupational,Human27
PWB_5,In many ways I feel disappointed about my achievements in life.5,Emotional,Human28
PWB_6,Maintaining close relationships has been difficult and frustrating for me.,Social,Human01
PWB_6,Maintaining close relationships has been difficult and frustrating for me.,Social,Human02
PWB_6,Maintaining close relationships has been difficult and frustrating for me.,Emotional,Human03
PWB_6,Maintaining close relationships has been difficult and frustrating for me.,Social,Human04
PWB_6,Maintaining close relationships has been difficult and frustrating for me.,Social,Human05
PWB_6,Maintaining close relationships has been difficult and frustrating for me.,Social,Human06
PWB_6,Maintaining close relationships has been difficult and frustrating for me.,Social,Human07
PWB_6,Maintaining close relationships has been difficult and frustrating for me.,Social,Human08
PWB_6,Maintaining close relationships has been difficult and frustrating for me.,Social,Human09
PWB_6,Maintaining close relationships has been difficult and frustrating for me.,Social,Human10
PWB_6,Maintaining close relationships has been difficult and frustrating for me.,Social,Human11
PWB_6,Maintaining close relationships has been difficult and frustrating for me.,Social,Human12
PWB_6,Maintaining close relationships has been difficult and frustrating for me.,Social,Human13
PWB_6,Maintaining close relationships has been difficult and frustrating for me.,Social,Human14
PWB_6,Maintaining close relationships has been difficult and frustrating for me.,Social,Human15
PWB_6,Maintaining close relationships has been difficult and frustrating for me.,Social,Human16
PWB_6,Maintaining close relationships has been difficult and frustrating for me.,Social,Human17
PWB_6,Maintaining close relationships has been difficult and frustrating for me.,Occupational,Human18
PWB_6,Maintaining close relationships has been difficult and frustrating for me.,Social,Human19
PWB_6,Maintaining close relationships has been difficult and frustrating for me.,Social,Human20
PWB_6,Maintaining close relationships has been difficult and frustrating for me.,Social,Human21
PWB_6,Maintaining close relationships has been difficult and frustrating for me.,Social,Human22
PWB_6,Maintaining close relationships has been difficult and frustrating for me.,Social,Human23
PWB_6,Maintaining close relationships has been difficult and frustrating for me.,Social,Human24
PWB_6,Maintaining close relationships has been difficult and frustrating for me.,Emotional,Human25
PWB_6,Maintaining close relationships has been difficult and frustrating for me.,Social,Human26
PWB_6,Maintaining close relationships has been difficult and frustrating for me.,Social,Human27
PWB_6,Maintaining close relationships has been difficult and frustrating for me.,Social,Human28
PWB_6,Maintaining close relationships has been difficult and frustrating for me.2,Social,Human01
PWB_6,Maintaining close relationships has been difficult and frustrating for me.2,Social,Human02
PWB_6,Maintaining close relationships has been difficult and frustrating for me.2,Social,Human03
PWB_6,Maintaining close relationships has been difficult and frustrating for me.2,Social,Human04
PWB_6,Maintaining close relationships has been difficult and frustrating for me.2,Social,Human05
PWB_6,Maintaining close relationships has been difficult and frustrating for me.2,Social,Human06
PWB_6,Maintaining close relationships has been difficult and frustrating for me.2,Social,Human07
PWB_6,Maintaining close relationships has been difficult and frustrating for me.2,Social,Human08
PWB_6,Maintaining close relationships has been difficult and frustrating for me.2,Social,Human09
PWB_6,Maintaining close relationships has been difficult and frustrating for me.2,Social,Human10
PWB_6,Maintaining close relationships has been difficult and frustrating for me.2,Social,Human11
PWB_6,Maintaining close relationships has been difficult and frustrating for me.2,Social,Human12
PWB_6,Maintaining close relationships has been difficult and frustrating for me.2,Social,Human13
PWB_6,Maintaining close relationships has been difficult and frustrating for me.2,Social,Human14
PWB_6,Maintaining close relationships has been difficult and frustrating for me.2,Social,Human15
PWB_6,Maintaining close relationships has been difficult and frustrating for me.2,Social,Human16
PWB_6,Maintaining close relationships has been difficult and frustrating for me.2,Social,Human17
PWB_6,Maintaining close relationships has been difficult and frustrating for me.2,Emotional,Human18
PWB_6,Maintaining close relationships has been difficult and frustrating for me.2,Social,Human19
PWB_6,Maintaining close relationships has been difficult and frustrating for me.2,Social,Human20
PWB_6,Maintaining close relationships has been difficult and frustrating for me.2,Social,Human21
PWB_6,Maintaining close relationships has been difficult and frustrating for me.2,Social,Human22
PWB_6,Maintaining close relationships has been difficult and frustrating for me.2,Social,Human23
PWB_6,Maintaining close relationships has been difficult and frustrating for me.2,Social,Human24
PWB_6,Maintaining close relationships has been difficult and frustrating for me.2,Social,Human25
PWB_6,Maintaining close relationships has been difficult and frustrating for me.2,Social,Human26
PWB_6,Maintaining close relationships has been difficult and frustrating for me.2,Social,Human27
PWB_6,Maintaining close relationships has been difficult and frustrating for me.2,Social,Human28
PWB_6,Maintaining close relationships has been difficult and frustrating for me.3,Social,Human01
PWB_6,Maintaining close relationships has been difficult and frustrating for me.3,Social,Human02
PWB_6,Maintaining close relationships has been difficult and frustrating for me.3,Social,Human03
PWB_6,Maintaining close relationships has been difficult and frustrating for me.3,Social,Human04
PWB_6,Maintaining close relationships has been difficult and frustrating for me.3,Social,Human05
PWB_6,Maintaining close relationships has been difficult and frustrating for me.3,Social,Human06
PWB_6,Maintaining close relationships has been difficult and frustrating for me.3,Social,Human07
PWB_6,Maintaining close relationships has been difficult and frustrating for me.3,Social,Human08
PWB_6,Maintaining close relationships has been difficult and frustrating for me.3,Social,Human09
PWB_6,Maintaining close relationships has been difficult and frustrating for me.3,Social,Human10
PWB_6,Maintaining close relationships has been difficult and frustrating for me.3,Social,Human11
PWB_6,Maintaining close relationships has been difficult and frustrating for me.3,Social,Human12
PWB_6,Maintaining close relationships has been difficult and frustrating for me.3,Social,Human13
PWB_6,Maintaining close relationships has been difficult and frustrating for me.3,Social,Human14
PWB_6,Maintaining close relationships has been difficult and frustrating for me.3,Social,Human15
PWB_6,Maintaining close relationships has been difficult and frustrating for me.3,Social,Human16
PWB_6,Maintaining close relationships has been difficult and frustrating for me.3,Social,Human17
PWB_6,Maintaining close relationships has been difficult and frustrating for me.3,Intellectual,Human18
PWB_6,Maintaining close relationships has been difficult and frustrating for me.3,Social,Human19
PWB_6,Maintaining close relationships has been difficult and frustrating for me.3,Social,Human20
PWB_6,Maintaining close relationships has been difficult and frustrating for me.3,Social,Human21
PWB_6,Maintaining close relationships has been difficult and frustrating for me.3,Social,Human22
PWB_6,Maintaining close relationships has been difficult and frustrating for me.3,Social,Human23
PWB_6,Maintaining close relationships has been difficult and frustrating for me.3,Social,Human24
PWB_6,Maintaining close relationships has been difficult and frustrating for me.3,Social,Human25
PWB_6,Maintaining close relationships has been difficult and frustrating for me.3,Social,Human26
PWB_6,Maintaining close relationships has been difficult and frustrating for me.3,Social,Human27
PWB_6,Maintaining close relationships has been difficult and frustrating for me.3,Social,Human28
PWB_6,Maintaining close relationships has been difficult and frustrating for me.4,Social,Human01
PWB_6,Maintaining close relationships has been difficult and frustrating for me.4,Social,Human02
PWB_6,Maintaining close relationships has been difficult and frustrating for me.4,Social,Human03
PWB_6,Maintaining close relationships has been difficult and frustrating for me.4,Social,Human04
PWB_6,Maintaining close relationships has been difficult and frustrating for me.4,Social,Human05
PWB_6,Maintaining close relationships has been difficult and frustrating for me.4,Social,Human06
PWB_6,Maintaining close relationships has been difficult and frustrating for me.4,Social,Human07
PWB_6,Maintaining close relationships has been difficult and frustrating for me.4,Social,Human08
PWB_6,Maintaining close relationships has been difficult and frustrating for me.4,Social,Human09
PWB_6,Maintaining close relationships has been difficult and frustrating for me.4,Social,Human10
PWB_6,Maintaining close relationships has been difficult and frustrating for me.4,Social,Human11
PWB_6,Maintaining close relationships has been difficult and frustrating for me.4,Social,Human12
PWB_6,Maintaining close relationships has been difficult and frustrating for me.4,Social,Human13
PWB_6,Maintaining close relationships has been difficult and frustrating for me.4,Social,Human14
PWB_6,Maintaining close relationships has been difficult and frustrating for me.4,Social,Human15
PWB_6,Maintaining close relationships has been difficult and frustrating for me.4,Social,Human16
PWB_6,Maintaining close relationships has been difficult and frustrating for me.4,Social,Human17
PWB_6,Maintaining close relationships has been difficult and frustrating for me.4,Physical,Human18
PWB_6,Maintaining close relationships has been difficult and frustrating for me.4,Social,Human19
PWB_6,Maintaining close relationships has been difficult and frustrating for me.4,Social,Human20
PWB_6,Maintaining close relationships has been difficult and frustrating for me.4,Social,Human21
PWB_6,Maintaining close relationships has been difficult and frustrating for me.4,Social,Human22
PWB_6,Maintaining close relationships has been difficult and frustrating for me.4,Social,Human23
PWB_6,Maintaining close relationships has been difficult and frustrating for me.4,Social,Human24
PWB_6,Maintaining close relationships has been difficult and frustrating for me.4,Social,Human25
PWB_6,Maintaining close relationships has been difficult and frustrating for me.4,Social,Human26
PWB_6,Maintaining close relationships has been difficult and frustrating for me.4,Social,Human27
PWB_6,Maintaining close relationships has been difficult and frustrating for me.4,Social,Human28
PWB_6,Maintaining close relationships has been difficult and frustrating for me.5,Social,Human01
PWB_6,Maintaining close relationships has been difficult and frustrating for me.5,Social,Human02
PWB_6,Maintaining close relationships has been difficult and frustrating for me.5,Social,Human03
PWB_6,Maintaining close relationships has been difficult and frustrating for me.5,Social,Human04
PWB_6,Maintaining close relationships has been difficult and frustrating for me.5,Social,Human05
PWB_6,Maintaining close relationships has been difficult and frustrating for me.5,Social,Human06
PWB_6,Maintaining close relationships has been difficult and frustrating for me.5,Social,Human07
PWB_6,Maintaining close relationships has been difficult and frustrating for me.5,Social,Human08
PWB_6,Maintaining close relationships has been difficult and frustrating for me.5,Social,Human09
PWB_6,Maintaining close relationships has been difficult and frustrating for me.5,Social,Human10
PWB_6,Maintaining close relationships has been difficult and frustrating for me.5,Social,Human11
PWB_6,Maintaining close relationships has been difficult and frustrating for me.5,Social,Human12
PWB_6,Maintaining close relationships has been difficult and frustrating for me.5,Social,Human13
PWB_6,Maintaining close relationships has been difficult and frustrating for me.5,Social,Human14
PWB_6,Maintaining close relationships has been difficult and frustrating for me.5,Social,Human15
PWB_6,Maintaining close relationships has been difficult and frustrating for me.5,Social,Human16
PWB_6,Maintaining close relationships has been difficult and frustrating for me.5,Social,Human17
PWB_6,Maintaining close relationships has been difficult and frustrating for me.5,Spiritual,Human18
PWB_6,Maintaining close relationships has been difficult and frustrating for me.5,Social,Human19
PWB_6,Maintaining close relationships has been difficult and frustrating for me.5,Social,Human20
PWB_6,Maintaining close relationships has been difficult and frustrating for me.5,Social,Human21
PWB_6,Maintaining close relationships has been difficult and frustrating for me.5,Social,Human22
PWB_6,Maintaining close relationships has been difficult and frustrating for me.5,Social,Human23
PWB_6,Maintaining close relationships has been difficult and frustrating for me.5,Social,Human24
PWB_6,Maintaining close relationships has been difficult and frustrating for me.5,Social,Human25
PWB_6,Maintaining close relationships has been difficult and frustrating for me.5,Social,Human26
PWB_6,Maintaining close relationships has been difficult and frustrating for me.5,Social,Human27
PWB_6,Maintaining close relationships has been difficult and frustrating for me.5,Social,Human28
PWB_7,I live life one day at a time and don't really think about the future.,Emotional,Human01
PWB_7,I live life one day at a time and don't really think about the future.,Emotional,Human02
PWB_7,I live life one day at a time and don't really think about the future.,Intellectual,Human03
PWB_7,I live life one day at a time and don't really think about the future.,Spiritual,Human04
PWB_7,I live life one day at a time and don't really think about the future.,Spiritual,Human05
PWB_7,I live life one day at a time and don't really think about the future.,Emotional,Human06
PWB_7,I live life one day at a time and don't really think about the future.,Spiritual,Human07
PWB_7,I live life one day at a time and don't really think about the future.,Spiritual,Human08
PWB_7,I live life one day at a time and don't really think about the future.,Spiritual,Human09
PWB_7,I live life one day at a time and don't really think about the future.,Emotional,Human10
PWB_7,I live life one day at a time and don't really think about the future.,Spiritual,Human11
PWB_7,I live life one day at a time and don't really think about the future.,Emotional,Human12
PWB_7,I live life one day at a time and don't really think about the future.,Emotional,Human13
PWB_7,I live life one day at a time and don't really think about the future.,Intellectual,Human14
PWB_7,I live life one day at a time and don't really think about the future.,Environmental,Human15
PWB_7,I live life one day at a time and don't really think about the future.,Emotional,Human16
PWB_7,I live life one day at a time and don't really think about the future.,Spiritual,Human17
PWB_7,I live life one day at a time and don't really think about the future.,Occupational,Human18
PWB_7,I live life one day at a time and don't really think about the future.,Spiritual,Human19
PWB_7,I live life one day at a time and don't really think about the future.,Spiritual,Human20
PWB_7,I live life one day at a time and don't really think about the future.,Spiritual,Human21
PWB_7,I live life one day at a time and don't really think about the future.,Spiritual,Human22
PWB_7,I live life one day at a time and don't really think about the future.,Spiritual,Human23
PWB_7,I live life one day at a time and don't really think about the future.,Occupational,Human24
PWB_7,I live life one day at a time and don't really think about the future.,Spiritual,Human25
PWB_7,I live life one day at a time and don't really think about the future.,Spiritual,Human26
PWB_7,I live life one day at a time and don't really think about the future.,Spiritual,Human27
PWB_7,I live life one day at a time and don't really think about the future.,Environmental,Human28
PWB_7,I live life one day at a time and don't really think about the future.2,Emotional,Human01
PWB_7,I live life one day at a time and don't really think about the future.2,Emotional,Human02
PWB_7,I live life one day at a time and don't really think about the future.2,Intellectual,Human03
PWB_7,I live life one day at a time and don't really think about the future.2,Spiritual,Human04
PWB_7,I live life one day at a time and don't really think about the future.2,Spiritual,Human05
PWB_7,I live life one day at a time and don't really think about the future.2,Emotional,Human06
PWB_7,I live life one day at a time and don't really think about the future.2,Emotional,Human07
PWB_7,I live life one day at a time and don't really think about the future.2,Spiritual,Human08
PWB_7,I live life one day at a time and don't really think about the future.2,Spiritual,Human09
PWB_7,I live life one day at a time and don't really think about the future.2,Emotional,Human10
PWB_7,I live life one day at a time and don't really think about the future.2,Spiritual,Human11
PWB_7,I live life one day at a time and don't really think about the future.2,Environmental,Human12
PWB_7,I live life one day at a time and don't really think about the future.2,Emotional,Human13
PWB_7,I live life one day at a time and don't really think about the future.2,Intellectual,Human14
PWB_7,I live life one day at a time and don't really think about the future.2,Emotional,Human15
PWB_7,I live life one day at a time and don't really think about the future.2,Occupational,Human16
PWB_7,I live life one day at a time and don't really think about the future.2,Emotional,Human17
PWB_7,I live life one day at a time and don't really think about the future.2,Social,Human18
PWB_7,I live life one day at a time and don't really think about the future.2,Occupational,Human19
PWB_7,I live life one day at a time and don't really think about the future.2,Spiritual,Human20
PWB_7,I live life one day at a time and don't really think about the future.2,Spiritual,Human21
PWB_7,I live life one day at a time and don't really think about the future.2,Spiritual,Human22
PWB_7,I live life one day at a time and don't really think about the future.2,Spiritual,Human23
PWB_7,I live life one day at a time and don't really think about the future.2,Occupational,Human24
PWB_7,I live life one day at a time and don't really think about the future.2,Spiritual,Human25
PWB_7,I live life one day at a time and don't really think about the future.2,Spiritual,Human26
PWB_7,I live life one day at a time and don't really think about the future.2,Spiritual,Human27
PWB_7,I live life one day at a time and don't really think about the future.2,Environmental,Human28
PWB_7,I live life one day at a time and don't really think about the future.3,Emotional,Human01
PWB_7,I live life one day at a time and don't really think about the future.3,Emotional,Human02
PWB_7,I live life one day at a time and don't really think about the future.3,Intellectual,Human03
PWB_7,I live life one day at a time and don't really think about the future.3,Spiritual,Human04
PWB_7,I live life one day at a time and don't really think about the future.3,Spiritual,Human05
PWB_7,I live life one day at a time and don't really think about the future.3,Emotional,Human06
PWB_7,I live life one day at a time and don't really think about the future.3,Spiritual,Human07
PWB_7,I live life one day at a time and don't really think about the future.3,Spiritual,Human08
PWB_7,I live life one day at a time and don't really think about the future.3,Spiritual,Human09
PWB_7,I live life one day at a time and don't really think about the future.3,Emotional,Human10
PWB_7,I live life one day at a time and don't really think about the future.3,Spiritual,Human11
PWB_7,I live life one day at a time and don't really think about the future.3,Environmental,Human12
PWB_7,I live life one day at a time and don't really think about the future.3,Emotional,Human13
PWB_7,I live life one day at a time and don't really think about the future.3,Intellectual,Human14
PWB_7,I live life one day at a time and don't really think about the future.3,Emotional,Human15
PWB_7,I live life one day at a time and don't really think about the future.3,Occupational,Human16
PWB_7,I live life one day at a time and don't really think about the future.3,Spiritual,Human17
PWB_7,I live life one day at a time and don't really think about the future.3,Spiritual,Human18
PWB_7,I live life one day at a time and don't really think about the future.3,Intellectual,Human19
PWB_7,I live life one day at a time and don't really think about the future.3,Spiritual,Human20
PWB_7,I live life one day at a time and don't really think about the future.3,Spiritual,Human21
PWB_7,I live life one day at a time and don't really think about the future.3,Spiritual,Human22
PWB_7,I live life one day at a time and don't really think about the future.3,Spiritual,Human23
PWB_7,I live life one day at a time and don't really think about the future.3,Emotional,Human24
PWB_7,I live life one day at a time and don't really think about the future.3,Spiritual,Human25
PWB_7,I live life one day at a time and don't really think about the future.3,Spiritual,Human26
PWB_7,I live life one day at a time and don't really think about the future.3,Spiritual,Human27
PWB_7,I live life one day at a time and don't really think about the future.3,Environmental,Human28
PWB_7,I live life one day at a time and don't really think about the future.4,Emotional,Human01
PWB_7,I live life one day at a time and don't really think about the future.4,Emotional,Human02
PWB_7,I live life one day at a time and don't really think about the future.4,Intellectual,Human03
PWB_7,I live life one day at a time and don't really think about the future.4,Spiritual,Human04
PWB_7,I live life one day at a time and don't really think about the future.4,Spiritual,Human05
PWB_7,I live life one day at a time and don't really think about the future.4,Emotional,Human06
PWB_7,I live life one day at a time and don't really think about the future.4,Spiritual,Human07
PWB_7,I live life one day at a time and don't really think about the future.4,Spiritual,Human08
PWB_7,I live life one day at a time and don't really think about the future.4,Spiritual,Human09
PWB_7,I live life one day at a time and don't really think about the future.4,Emotional,Human10
PWB_7,I live life one day at a time and don't really think about the future.4,Spiritual,Human11
PWB_7,I live life one day at a time and don't really think about the future.4,Environmental,Human12
PWB_7,I live life one day at a time and don't really think about the future.4,Emotional,Human13
PWB_7,I live life one day at a time and don't really think about the future.4,Intellectual,Human14
PWB_7,I live life one day at a time and don't really think about the future.4,Emotional,Human15
PWB_7,I live life one day at a time and don't really think about the future.4,Occupational,Human16
PWB_7,I live life one day at a time and don't really think about the future.4,Spiritual,Human17
PWB_7,I live life one day at a time and don't really think about the future.4,Environmental,Human18
PWB_7,I live life one day at a time and don't really think about the future.4,Occupational,Human19
PWB_7,I live life one day at a time and don't really think about the future.4,Spiritual,Human20
PWB_7,I live life one day at a time and don't really think about the future.4,Spiritual,Human21
PWB_7,I live life one day at a time and don't really think about the future.4,Spiritual,Human22
PWB_7,I live life one day at a time and don't really think about the future.4,Spiritual,Human23
PWB_7,I live life one day at a time and don't really think about the future.4,Occupational,Human24
PWB_7,I live life one day at a time and don't really think about the future.4,Spiritual,Human25
PWB_7,I live life one day at a time and don't really think about the future.4,Spiritual,Human26
PWB_7,I live life one day at a time and don't really think about the future.4,Spiritual,Human27
PWB_7,I live life one day at a time and don't really think about the future.4,Environmental,Human28
PWB_7,I live life one day at a time and don't really think about the future.5,Emotional,Human01
PWB_7,I live life one day at a time and don't really think about the future.5,Emotional,Human02
PWB_7,I live life one day at a time and don't really think about the future.5,Intellectual,Human03
PWB_7,I live life one day at a time and don't really think about the future.5,Spiritual,Human04
PWB_7,I live life one day at a time and don't really think about the future.5,Spiritual,Human05
PWB_7,I live life one day at a time and don't really think about the future.5,Emotional,Human06
PWB_7,I live life one day at a time and don't really think about the future.5,Spiritual,Human07
PWB_7,I live life one day at a time and don't really think about the future.5,Spiritual,Human08
PWB_7,I live life one day at a time and don't really think about the future.5,Spiritual,Human09
PWB_7,I live life one day at a time and don't really think about the future.5,Emotional,Human10
PWB_7,I live life one day at a time and don't really think about the future.5,Spiritual,Human11
PWB_7,I live life one day at a time and don't really think about the future.5,Environmental,Human12
PWB_7,I live life one day at a time and don't really think about the future.5,Emotional,Human13
PWB_7,I live life one day at a time and don't really think about the future.5,Intellectual,Human14
PWB_7,I live life one day at a time and don't really think about the future.5,Emotional,Human15
PWB_7,I live life one day at a time and don't really think about the future.5,Occupational,Human16
PWB_7,I live life one day at a time and don't really think about the future.5,Social,Human17
PWB_7,I live life one day at a time and don't really think about the future.5,Physical,Human18
PWB_7,I live life one day at a time and don't really think about the future.5,Emotional,Human19
PWB_7,I live life one day at a time and don't really think about the future.5,Spiritual,Human20
PWB_7,I live life one day at a time and don't really think about the future.5,Spiritual,Human21
PWB_7,I live life one day at a time and don't really think about the future.5,Spiritual,Human22
PWB_7,I live life one day at a time and don't really think about the future.5,Spiritual,Human23
PWB_7,I live life one day at a time and don't really think about the future.5,Occupational,Human24
PWB_7,I live life one day at a time and don't really think about the future.5,Spiritual,Human25
PWB_7,I live life one day at a time and don't really think about the future.5,Spiritual,Human26
PWB_7,I live life one day at a time and don't really think about the future.5,Spiritual,Human27
PWB_7,I live life one day at a time and don't really think about the future.5,Environmental,Human28
PWB_8,"In general, I feel I am in charge of the situation in which I live.",Emotional,Human01
PWB_8,"In general, I feel I am in charge of the situation in which I live.",Emotional,Human02
PWB_8,"In general, I feel I am in charge of the situation in which I live.",Intellectual,Human03
PWB_8,"In general, I feel I am in charge of the situation in which I live.",Emotional,Human04
PWB_8,"In general, I feel I am in charge of the situation in which I live.",Spiritual,Human05
PWB_8,"In general, I feel I am in charge of the situation in which I live.",Environmental,Human06
PWB_8,"In general, I feel I am in charge of the situation in which I live.",Spiritual,Human07
PWB_8,"In general, I feel I am in charge of the situation in which I live.",Occupational,Human08
PWB_8,"In general, I feel I am in charge of the situation in which I live.",Spiritual,Human09
PWB_8,"In general, I feel I am in charge of the situation in which I live.",Emotional,Human10
PWB_8,"In general, I feel I am in charge of the situation in which I live.",Emotional,Human11
PWB_8,"In general, I feel I am in charge of the situation in which I live.",Emotional,Human12
PWB_8,"In general, I feel I am in charge of the situation in which I live.",Emotional,Human13
PWB_8,"In general, I feel I am in charge of the situation in which I live.",Intellectual,Human14
PWB_8,"In general, I feel I am in charge of the situation in which I live.",Spiritual,Human15
PWB_8,"In general, I feel I am in charge of the situation in which I live.",Intellectual,Human16
PWB_8,"In general, I feel I am in charge of the situation in which I live.",Environmental,Human17
PWB_8,"In general, I feel I am in charge of the situation in which I live.",Spiritual,Human18
PWB_8,"In general, I feel I am in charge of the situation in which I live.",Occupational,Human19
PWB_8,"In general, I feel I am in charge of the situation in which I live.",Emotional,Human20
PWB_8,"In general, I feel I am in charge of the situation in which I live.",Spiritual,Human21
PWB_8,"In general, I feel I am in charge of the situation in which I live.",Spiritual,Human22
PWB_8,"In general, I feel I am in charge of the situation in which I live.",Environmental,Human23
PWB_8,"In general, I feel I am in charge of the situation in which I live.",Environmental,Human24
PWB_8,"In general, I feel I am in charge of the situation in which I live.",Spiritual,Human25
PWB_8,"In general, I feel I am in charge of the situation in which I live.",Spiritual,Human26
PWB_8,"In general, I feel I am in charge of the situation in which I live.",Spiritual,Human27
PWB_8,"In general, I feel I am in charge of the situation in which I live.",Environmental,Human28
PWB_8,"In general, I feel I am in charge of the situation in which I live.2",Emotional,Human01
PWB_8,"In general, I feel I am in charge of the situation in which I live.2",Emotional,Human02
PWB_8,"In general, I feel I am in charge of the situation in which I live.2",Intellectual,Human03
PWB_8,"In general, I feel I am in charge of the situation in which I live.2",Emotional,Human04
PWB_8,"In general, I feel I am in charge of the situation in which I live.2",Spiritual,Human05
PWB_8,"In general, I feel I am in charge of the situation in which I live.2",Environmental,Human06
PWB_8,"In general, I feel I am in charge of the situation in which I live.2",Spiritual,Human07
PWB_8,"In general, I feel I am in charge of the situation in which I live.2",Intellectual,Human08
PWB_8,"In general, I feel I am in charge of the situation in which I live.2",Spiritual,Human09
PWB_8,"In general, I feel I am in charge of the situation in which I live.2",Emotional,Human10
PWB_8,"In general, I feel I am in charge of the situation in which I live.2",Emotional,Human11
PWB_8,"In general, I feel I am in charge of the situation in which I live.2",Emotional,Human12
PWB_8,"In general, I feel I am in charge of the situation in which I live.2",Emotional,Human13
PWB_8,"In general, I feel I am in charge of the situation in which I live.2",Intellectual,Human14
PWB_8,"In general, I feel I am in charge of the situation in which I live.2",Spiritual,Human15
PWB_8,"In general, I feel I am in charge of the situation in which I live.2",Emotional,Human16
PWB_8,"In general, I feel I am in charge of the situation in which I live.2",Spiritual,Human17
PWB_8,"In general, I feel I am in charge of the situation in which I live.2",Environmental,Human18
PWB_8,"In general, I feel I am in charge of the situation in which I live.2",Occupational,Human19
PWB_8,"In general, I feel I am in charge of the situation in which I live.2",Intellectual,Human20
PWB_8,"In general, I feel I am in charge of the situation in which I live.2",Intellectual,Human21
PWB_8,"In general, I feel I am in charge of the situation in which I live.2",Emotional,Human22
PWB_8,"In general, I feel I am in charge of the situation in which I live.2",Environmental,Human23
PWB_8,"In general, I feel I am in charge of the situation in which I live.2",Environmental,Human24
PWB_8,"In general, I feel I am in charge of the situation in which I live.2",Spiritual,Human25
PWB_8,"In general, I feel I am in charge of the situation in which I live.2",Emotional,Human26
PWB_8,"In general, I feel I am in charge of the situation in which I live.2",Spiritual,Human27
PWB_8,"In general, I feel I am in charge of the situation in which I live.2",Emotional,Human28
PWB_8,"In general, I feel I am in charge of the situation in which I live.3",Emotional,Human01
PWB_8,"In general, I feel I am in charge of the situation in which I live.3",Emotional,Human02
PWB_8,"In general, I feel I am in charge of the situation in which I live.3",Intellectual,Human03
PWB_8,"In general, I feel I am in charge of the situation in which I live.3",Emotional,Human04
PWB_8,"In general, I feel I am in charge of the situation in which I live.3",Spiritual,Human05
PWB_8,"In general, I feel I am in charge of the situation in which I live.3",Environmental,Human06
PWB_8,"In general, I feel I am in charge of the situation in which I live.3",Spiritual,Human07
PWB_8,"In general, I feel I am in charge of the situation in which I live.3",Spiritual,Human08
PWB_8,"In general, I feel I am in charge of the situation in which I live.3",Spiritual,Human09
PWB_8,"In general, I feel I am in charge of the situation in which I live.3",Emotional,Human10
PWB_8,"In general, I feel I am in charge of the situation in which I live.3",Emotional,Human11
PWB_8,"In general, I feel I am in charge of the situation in which I live.3",Emotional,Human12
PWB_8,"In general, I feel I am in charge of the situation in which I live.3",Emotional,Human13
PWB_8,"In general, I feel I am in charge of the situation in which I live.3",Intellectual,Human14
PWB_8,"In general, I feel I am in charge of the situation in which I live.3",Spiritual,Human15
PWB_8,"In general, I feel I am in charge of the situation in which I live.3",Occupational,Human16
PWB_8,"In general, I feel I am in charge of the situation in which I live.3",Emotional,Human17
PWB_8,"In general, I feel I am in charge of the situation in which I live.3",Social,Human18
PWB_8,"In general, I feel I am in charge of the situation in which I live.3",Occupational,Human19
PWB_8,"In general, I feel I am in charge of the situation in which I live.3",Emotional,Human20
PWB_8,"In general, I feel I am in charge of the situation in which I live.3",Spiritual,Human21
PWB_8,"In general, I feel I am in charge of the situation in which I live.3",Spiritual,Human22
PWB_8,"In general, I feel I am in charge of the situation in which I live.3",Environmental,Human23
PWB_8,"In general, I feel I am in charge of the situation in which I live.3",Environmental,Human24
PWB_8,"In general, I feel I am in charge of the situation in which I live.3",Spiritual,Human25
PWB_8,"In general, I feel I am in charge of the situation in which I live.3",Spiritual,Human26
PWB_8,"In general, I feel I am in charge of the situation in which I live.3",Spiritual,Human27
PWB_8,"In general, I feel I am in charge of the situation in which I live.3",Environmental,Human28
PWB_8,"In general, I feel I am in charge of the situation in which I live.4",Emotional,Human01
PWB_8,"In general, I feel I am in charge of the situation in which I live.4",Emotional,Human02
PWB_8,"In general, I feel I am in charge of the situation in which I live.4",Intellectual,Human03
PWB_8,"In general, I feel I am in charge of the situation in which I live.4",Emotional,Human04
PWB_8,"In general, I feel I am in charge of the situation in which I live.4",Spiritual,Human05
PWB_8,"In general, I feel I am in charge of the situation in which I live.4",Environmental,Human06
PWB_8,"In general, I feel I am in charge of the situation in which I live.4",Spiritual,Human07
PWB_8,"In general, I feel I am in charge of the situation in which I live.4",Spiritual,Human08
PWB_8,"In general, I feel I am in charge of the situation in which I live.4",Spiritual,Human09
PWB_8,"In general, I feel I am in charge of the situation in which I live.4",Emotional,Human10
PWB_8,"In general, I feel I am in charge of the situation in which I live.4",Emotional,Human11
PWB_8,"In general, I feel I am in charge of the situation in which I live.4",Emotional,Human12
PWB_8,"In general, I feel I am in charge of the situation in which I live.4",Emotional,Human13
PWB_8,"In general, I feel I am in charge of the situation in which I live.4",Intellectual,Human14
PWB_8,"In general, I feel I am in charge of the situation in which I live.4",Spiritual,Human15
PWB_8,"In general, I feel I am in charge of the situation in which I live.4",Intellectual,Human16
PWB_8,"In general, I feel I am in charge of the situation in which I live.4",Spiritual,Human17
PWB_8,"In general, I feel I am in charge of the situation in which I live.4",Spiritual,Human18
PWB_8,"In general, I feel I am in charge of the situation in which I live.4",Emotional,Human19
PWB_8,"In general, I feel I am in charge of the situation in which I live.4",Emotional,Human20
PWB_8,"In general, I feel I am in charge of the situation in which I live.4",Emotional,Human21
PWB_8,"In general, I feel I am in charge of the situation in which I live.4",Spiritual,Human22
PWB_8,"In general, I feel I am in charge of the situation in which I live.4",Environmental,Human23
PWB_8,"In general, I feel I am in charge of the situation in which I live.4",Environmental,Human24
PWB_8,"In general, I feel I am in charge of the situation in which I live.4",Spiritual,Human25
PWB_8,"In general, I feel I am in charge of the situation in which I live.4",Spiritual,Human26
PWB_8,"In general, I feel I am in charge of the situation in which I live.4",Spiritual,Human27
PWB_8,"In general, I feel I am in charge of the situation in which I live.4",Environmental,Human28
PWB_8,"In general, I feel I am in charge of the situation in which I live.5",Emotional,Human01
PWB_8,"In general, I feel I am in charge of the situation in which I live.5",Emotional,Human02
PWB_8,"In general, I feel I am in charge of the situation in which I live.5",Intellectual,Human03
PWB_8,"In general, I feel I am in charge of the situation in which I live.5",Emotional,Human04
PWB_8,"In general, I feel I am in charge of the situation in which I live.5",Spiritual,Human05
PWB_8,"In general, I feel I am in charge of the situation in which I live.5",Environmental,Human06
PWB_8,"In general, I feel I am in charge of the situation in which I live.5",Spiritual,Human07
PWB_8,"In general, I feel I am in charge of the situation in which I live.5",Occupational,Human08
PWB_8,"In general, I feel I am in charge of the situation in which I live.5",Spiritual,Human09
PWB_8,"In general, I feel I am in charge of the situation in which I live.5",Emotional,Human10
PWB_8,"In general, I feel I am in charge of the situation in which I live.5",Emotional,Human11
PWB_8,"In general, I feel I am in charge of the situation in which I live.5",Emotional,Human12
PWB_8,"In general, I feel I am in charge of the situation in which I live.5",Emotional,Human13
PWB_8,"In general, I feel I am in charge of the situation in which I live.5",Intellectual,Human14
PWB_8,"In general, I feel I am in charge of the situation in which I live.5",Spiritual,Human15
PWB_8,"In general, I feel I am in charge of the situation in which I live.5",Intellectual,Human16
PWB_8,"In general, I feel I am in charge of the situation in which I live.5",Environmental,Human17
PWB_8,"In general, I feel I am in charge of the situation in which I live.5",Spiritual,Human18
PWB_8,"In general, I feel I am in charge of the situation in which I live.5",Intellectual,Human19
PWB_8,"In general, I feel I am in charge of the situation in which I live.5",Emotional,Human20
PWB_8,"In general, I feel I am in charge of the situation in which I live.5",Spiritual,Human21
PWB_8,"In general, I feel I am in charge of the situation in which I live.5",Spiritual,Human22
PWB_8,"In general, I feel I am in charge of the situation in which I live.5",Environmental,Human23
PWB_8,"In general, I feel I am in charge of the situation in which I live.5",Environmental,Human24
PWB_8,"In general, I feel I am in charge of the situation in which I live.5",Spiritual,Human25
PWB_8,"In general, I feel I am in charge of the situation in which I live.5",Environmental,Human26
PWB_8,"In general, I feel I am in charge of the situation in which I live.5",Spiritual,Human27
PWB_8,"In general, I feel I am in charge of the situation in which I live.5",Environmental,Human28
PWB_9,I am good at managing the responsibilities of daily life.,Emotional,Human01
PWB_9,I am good at managing the responsibilities of daily life.,Occupational,Human02
PWB_9,I am good at managing the responsibilities of daily life.,Intellectual,Human03
PWB_9,I am good at managing the responsibilities of daily life.,Occupational,Human04
PWB_9,I am good at managing the responsibilities of daily life.,Intellectual,Human05
PWB_9,I am good at managing the responsibilities of daily life.,Occupational,Human06
PWB_9,I am good at managing the responsibilities of daily life.,Intellectual,Human07
PWB_9,I am good at managing the responsibilities of daily life.,Occupational,Human08
PWB_9,I am good at managing the responsibilities of daily life.,Emotional,Human09
PWB_9,I am good at managing the responsibilities of daily life.,Occupational,Human10
PWB_9,I am good at managing the responsibilities of daily life.,Emotional,Human11
PWB_9,I am good at managing the responsibilities of daily life.,Intellectual,Human12
PWB_9,I am good at managing the responsibilities of daily life.,Occupational,Human13
PWB_9,I am good at managing the responsibilities of daily life.,Occupational,Human14
PWB_9,I am good at managing the responsibilities of daily life.,Occupational,Human15
PWB_9,I am good at managing the responsibilities of daily life.,Occupational,Human16
PWB_9,I am good at managing the responsibilities of daily life.,Environmental,Human17
PWB_9,I am good at managing the responsibilities of daily life.,Emotional,Human18
PWB_9,I am good at managing the responsibilities of daily life.,Occupational,Human19
PWB_9,I am good at managing the responsibilities of daily life.,Intellectual,Human20
PWB_9,I am good at managing the responsibilities of daily life.,Intellectual,Human21
PWB_9,I am good at managing the responsibilities of daily life.,Occupational,Human22
PWB_9,I am good at managing the responsibilities of daily life.,Environmental,Human23
PWB_9,I am good at managing the responsibilities of daily life.,Occupational,Human24
PWB_9,I am good at managing the responsibilities of daily life.,Occupational,Human25
PWB_9,I am good at managing the responsibilities of daily life.,Emotional,Human26
PWB_9,I am good at managing the responsibilities of daily life.,Occupational,Human27
PWB_9,I am good at managing the responsibilities of daily life.,Spiritual,Human28
PWB_9,I am good at managing the responsibilities of daily life.2,Emotional,Human01
PWB_9,I am good at managing the responsibilities of daily life.2,Occupational,Human02
PWB_9,I am good at managing the responsibilities of daily life.2,Intellectual,Human03
PWB_9,I am good at managing the responsibilities of daily life.2,Occupational,Human04
PWB_9,I am good at managing the responsibilities of daily life.2,Intellectual,Human05
PWB_9,I am good at managing the responsibilities of daily life.2,Emotional,Human06
PWB_9,I am good at managing the responsibilities of daily life.2,Intellectual,Human07
PWB_9,I am good at managing the responsibilities of daily life.2,Occupational,Human08
PWB_9,I am good at managing the responsibilities of daily life.2,Emotional,Human09
PWB_9,I am good at managing the responsibilities of daily life.2,Occupational,Human10
PWB_9,I am good at managing the responsibilities of daily life.2,Emotional,Human11
PWB_9,I am good at managing the responsibilities of daily life.2,Intellectual,Human12
PWB_9,I am good at managing the responsibilities of daily life.2,Emotional,Human13
PWB_9,I am good at managing the responsibilities of daily life.2,Intellectual,Human14
PWB_9,I am good at managing the responsibilities of daily life.2,Occupational,Human15
PWB_9,I am good at managing the responsibilities of daily life.2,Occupational,Human16
PWB_9,I am good at managing the responsibilities of daily life.2,Occupational,Human17
PWB_9,I am good at managing the responsibilities of daily life.2,Emotional,Human18
PWB_9,I am good at managing the responsibilities of daily life.2,Physical,Human19
PWB_9,I am good at managing the responsibilities of daily life.2,Intellectual,Human20
PWB_9,I am good at managing the responsibilities of daily life.2,Intellectual,Human21
PWB_9,I am good at managing the responsibilities of daily life.2,Occupational,Human22
PWB_9,I am good at managing the responsibilities of daily life.2,Environmental,Human23
PWB_9,I am good at managing the responsibilities of daily life.2,Occupational,Human24
PWB_9,I am good at managing the responsibilities of daily life.2,Occupational,Human25
PWB_9,I am good at managing the responsibilities of daily life.2,Emotional,Human26
PWB_9,I am good at managing the responsibilities of daily life.2,Occupational,Human27
PWB_9,I am good at managing the responsibilities of daily life.2,Environmental,Human28
PWB_9,I am good at managing the responsibilities of daily life.3,Emotional,Human01
PWB_9,I am good at managing the responsibilities of daily life.3,Occupational,Human02
PWB_9,I am good at managing the responsibilities of daily life.3,Intellectual,Human03
PWB_9,I am good at managing the responsibilities of daily life.3,Occupational,Human04
PWB_9,I am good at managing the responsibilities of daily life.3,Intellectual,Human05
PWB_9,I am good at managing the responsibilities of daily life.3,Occupational,Human06
PWB_9,I am good at managing the responsibilities of daily life.3,Intellectual,Human07
PWB_9,I am good at managing the responsibilities of daily life.3,Occupational,Human08
PWB_9,I am good at managing the responsibilities of daily life.3,Occupational,Human09
PWB_9,I am good at managing the responsibilities of daily life.3,Occupational,Human10
PWB_9,I am good at managing the responsibilities of daily life.3,Emotional,Human11
PWB_9,I am good at managing the responsibilities of daily life.3,Intellectual,Human12
PWB_9,I am good at managing the responsibilities of daily life.3,Occupational,Human13
PWB_9,I am good at managing the responsibilities of daily life.3,Intellectual,Human14
PWB_9,I am good at managing the responsibilities of daily life.3,Occupational,Human15
PWB_9,I am good at managing the responsibilities of daily life.3,Intellectual,Human16
PWB_9,I am good at managing the responsibilities of daily life.3,Environmental,Human17
PWB_9,I am good at managing the responsibilities of daily life.3,Environmental,Human18
PWB_9,I am good at managing the responsibilities of daily life.3,Occupational,Human19
PWB_9,I am good at managing the responsibilities of daily life.3,Intellectual,Human20
PWB_9,I am good at managing the responsibilities of daily life.3,Intellectual,Human21
PWB_9,I am good at managing the responsibilities of daily life.3,Occupational,Human22
PWB_9,I am good at managing the responsibilities of daily life.3,Environmental,Human23
PWB_9,I am good at managing the responsibilities of daily life.3,Occupational,Human24
PWB_9,I am good at managing the responsibilities of daily life.3,Occupational,Human25
PWB_9,I am good at managing the responsibilities of daily life.3,Emotional,Human26
PWB_9,I am good at managing the responsibilities of daily life.3,Occupational,Human27
PWB_9,I am good at managing the responsibilities of daily life.3,Environmental,Human28
PWB_9,I am good at managing the responsibilities of daily life.4,Emotional,Human01
PWB_9,I am good at managing the responsibilities of daily life.4,Occupational,Human02
PWB_9,I am good at managing the responsibilities of daily life.4,Intellectual,Human03
PWB_9,I am good at managing the responsibilities of daily life.4,Occupational,Human04
PWB_9,I am good at managing the responsibilities of daily life.4,Intellectual,Human05
PWB_9,I am good at managing the responsibilities of daily life.4,Occupational,Human06
PWB_9,I am good at managing the responsibilities of daily life.4,Intellectual,Human07
PWB_9,I am good at managing the responsibilities of daily life.4,Occupational,Human08
PWB_9,I am good at managing the responsibilities of daily life.4,Occupational,Human09
PWB_9,I am good at managing the responsibilities of daily life.4,Emotional,Human10
PWB_9,I am good at managing the responsibilities of daily life.4,Emotional,Human11
PWB_9,I am good at managing the responsibilities of daily life.4,Intellectual,Human12
PWB_9,I am good at managing the responsibilities of daily life.4,Occupational,Human13
PWB_9,I am good at managing the responsibilities of daily life.4,Intellectual,Human14
PWB_9,I am good at managing the responsibilities of daily life.4,Occupational,Human15
PWB_9,I am good at managing the responsibilities of daily life.4,Intellectual,Human16
PWB_9,I am good at managing the responsibilities of daily life.4,Spiritual,Human17
PWB_9,I am good at managing the responsibilities of daily life.4,Social,Human18
PWB_9,I am good at managing the responsibilities of daily life.4,Emotional,Human19
PWB_9,I am good at managing the responsibilities of daily life.4,Intellectual,Human20
PWB_9,I am good at managing the responsibilities of daily life.4,Intellectual,Human21
PWB_9,I am good at managing the responsibilities of daily life.4,Spiritual,Human22
PWB_9,I am good at managing the responsibilities of daily life.4,Environmental,Human23
PWB_9,I am good at managing the responsibilities of daily life.4,Occupational,Human24
PWB_9,I am good at managing the responsibilities of daily life.4,Occupational,Human25
PWB_9,I am good at managing the responsibilities of daily life.4,Emotional,Human26
PWB_9,I am good at managing the responsibilities of daily life.4,Occupational,Human27
PWB_9,I am good at managing the responsibilities of daily life.4,Spiritual,Human28
PWB_9,I am good at managing the responsibilities of daily life.5,Emotional,Human01
PWB_9,I am good at managing the responsibilities of daily life.5,Occupational,Human02
PWB_9,I am good at managing the responsibilities of daily life.5,Intellectual,Human03
PWB_9,I am good at managing the responsibilities of daily life.5,Occupational,Human04
PWB_9,I am good at managing the responsibilities of daily life.5,Intellectual,Human05
PWB_9,I am good at managing the responsibilities of daily life.5,Occupational,Human06
PWB_9,I am good at managing the responsibilities of daily life.5,Intellectual,Human07
PWB_9,I am good at managing the responsibilities of daily life.5,Social,Human08
PWB_9,I am good at managing the responsibilities of daily life.5,Occupational,Human09
PWB_9,I am good at managing the responsibilities of daily life.5,Occupational,Human10
PWB_9,I am good at managing the responsibilities of daily life.5,Emotional,Human11
PWB_9,I am good at managing the responsibilities of daily life.5,Intellectual,Human12
PWB_9,I am good at managing the responsibilities of daily life.5,Occupational,Human13
PWB_9,I am good at managing the responsibilities of daily life.5,Intellectual,Human14
PWB_9,I am good at managing the responsibilities of daily life.5,Occupational,Human15
PWB_9,I am good at managing the responsibilities of daily life.5,Emotional,Human16
PWB_9,I am good at managing the responsibilities of daily life.5,Environmental,Human17
PWB_9,I am good at managing the responsibilities of daily life.5,Emotional,Human18
PWB_9,I am good at managing the responsibilities of daily life.5,Intellectual,Human19
PWB_9,I am good at managing the responsibilities of daily life.5,Intellectual,Human20
PWB_9,I am good at managing the responsibilities of daily life.5,Intellectual,Human21
PWB_9,I am good at managing the responsibilities of daily life.5,Occupational,Human22
PWB_9,I am good at managing the responsibilities of daily life.5,Environmental,Human23
PWB_9,I am good at managing the responsibilities of daily life.5,Occupational,Human24
PWB_9,I am good at managing the responsibilities of daily life.5,Occupational,Human25
PWB_9,I am good at managing the responsibilities of daily life.5,Emotional,Human26
PWB_9,I am good at managing the responsibilities of daily life.5,Occupational,Human27
PWB_9,I am good at managing the responsibilities of daily life.5,Environmental,Human28
