qid,dataset,text,dimension_model,dimensions
CD_RISC_1,HUMAN,I am able to adapt when changes occur.,human_01,['Emotional']
CD_RISC_1,HUMAN,I am able to adapt when changes occur.,human_02,['Emotional']
CD_RISC_1,HUMAN,I am able to adapt when changes occur.,human_03,['Social']
CD_RISC_1,HUMAN,I am able to adapt when changes occur.,human_04,['Emotional']
CD_RISC_1,HUMAN,I am able to adapt when changes occur.,human_05,['Environmental']
CD_RISC_1,HUMAN,I am able to adapt when changes occur.,human_06,['Intellectual']
CD_RISC_1,HUMAN,I am able to adapt when changes occur.,human_07,['Intellectual']
CD_RISC_1,HUMAN,I am able to adapt when changes occur.,human_08,['Environmental']
CD_RISC_1,HUMAN,I am able to adapt when changes occur.,human_09,['Emotional']
CD_RISC_1,HUMAN,I am able to adapt when changes occur.,human_10,['Intellectual']
CD_RISC_1,HUMAN,I am able to adapt when changes occur.,human_11,['Emotional']
CD_RISC_1,HUMAN,I am able to adapt when changes occur.,human_12,['Emotional']
CD_RISC_1,HUMAN,I am able to adapt when changes occur.,human_13,['Emotional']
CD_RISC_1,HUMAN,I am able to adapt when changes occur.,human_14,['Intellectual']
CD_RISC_1,HUMAN,I am able to adapt when changes occur.,human_15,['Environmental']
CD_RISC_1,HUMAN,I am able to adapt when changes occur.,human_16,['Emotional']
CD_RISC_1,HUMAN,I am able to adapt when changes occur.,human_17,['Environmental']
CD_RISC_1,HUMAN,I am able to adapt when changes occur.,human_18,['Emotional']
CD_RISC_1,HUMAN,I am able to adapt when changes occur.,human_19,['Social']
CD_RISC_1,HUMAN,I am able to adapt when changes occur.,human_20,['Intellectual']
CD_RISC_1,HUMAN,I am able to adapt when changes occur.,human_21,['Emotional']
CD_RISC_1,HUMAN,I am able to adapt when changes occur.,human_22,['Emotional']
CD_RISC_1,HUMAN,I am able to adapt when changes occur.,human_23,['Emotional']
CD_RISC_1,HUMAN,I am able to adapt when changes occur.,human_24,['Intellectual']
CD_RISC_1,HUMAN,I am able to adapt when changes occur.,human_25,['Intellectual']
CD_RISC_1,HUMAN,I am able to adapt when changes occur.,human_26,['Emotional']
CD_RISC_1,HUMAN,I am able to adapt when changes occur.,human_27,['Emotional']
CD_RISC_1,HUMAN,I am able to adapt when changes occur.,human_28,['Emotional']
CD_RISC_2,HUMAN,I have one close and secure relationship.,human_01,['Social']
CD_RISC_2,HUMAN,I have one close and secure relationship.,human_02,['Social']
CD_RISC_2,HUMAN,I have one close and secure relationship.,human_03,['Emotional']
CD_RISC_2,HUMAN,I have one close and secure relationship.,human_04,['Social']
CD_RISC_2,HUMAN,I have one close and secure relationship.,human_05,['Social']
CD_RISC_2,HUMAN,I have one close and secure relationship.,human_06,['Emotional']
CD_RISC_2,HUMAN,I have one close and secure relationship.,human_07,['Social']
CD_RISC_2,HUMAN,I have one close and secure relationship.,human_08,['Social']
CD_RISC_2,HUMAN,I have one close and secure relationship.,human_09,['Social']
CD_RISC_2,HUMAN,I have one close and secure relationship.,human_10,['Social']
CD_RISC_2,HUMAN,I have one close and secure relationship.,human_11,['Social']
CD_RISC_2,HUMAN,I have one close and secure relationship.,human_12,['Social']
CD_RISC_2,HUMAN,I have one close and secure relationship.,human_13,['Social']
CD_RISC_2,HUMAN,I have one close and secure relationship.,human_14,['Social']
CD_RISC_2,HUMAN,I have one close and secure relationship.,human_15,['Social']
CD_RISC_2,HUMAN,I have one close and secure relationship.,human_16,['Social']
CD_RISC_2,HUMAN,I have one close and secure relationship.,human_17,['Social']
CD_RISC_2,HUMAN,I have one close and secure relationship.,human_18,['Social']
CD_RISC_2,HUMAN,I have one close and secure relationship.,human_19,['Emotional']
CD_RISC_2,HUMAN,I have one close and secure relationship.,human_20,['Social']
CD_RISC_2,HUMAN,I have one close and secure relationship.,human_21,['Social']
CD_RISC_2,HUMAN,I have one close and secure relationship.,human_22,['Social']
CD_RISC_2,HUMAN,I have one close and secure relationship.,human_23,['Social']
CD_RISC_2,HUMAN,I have one close and secure relationship.,human_24,['Social']
CD_RISC_2,HUMAN,I have one close and secure relationship.,human_25,['Social']
CD_RISC_2,HUMAN,I have one close and secure relationship.,human_26,['Social']
CD_RISC_2,HUMAN,I have one close and secure relationship.,human_27,['Social']
CD_RISC_2,HUMAN,I have one close and secure relationship.,human_28,['Social']
CD_RISC_3,HUMAN,Sometimes fate or God helps me.,human_01,['Spiritual']
CD_RISC_3,HUMAN,Sometimes fate or God helps me.,human_02,['Spiritual']
CD_RISC_3,HUMAN,Sometimes fate or God helps me.,human_03,['Spiritual']
CD_RISC_3,HUMAN,Sometimes fate or God helps me.,human_04,['Spiritual']
CD_RISC_3,HUMAN,Sometimes fate or God helps me.,human_05,['Spiritual']
CD_RISC_3,HUMAN,Sometimes fate or God helps me.,human_06,['Spiritual']
CD_RISC_3,HUMAN,Sometimes fate or God helps me.,human_07,['Spiritual']
CD_RISC_3,HUMAN,Sometimes fate or God helps me.,human_08,['Spiritual']
CD_RISC_3,HUMAN,Sometimes fate or God helps me.,human_09,['Spiritual']
CD_RISC_3,HUMAN,Sometimes fate or God helps me.,human_10,['Spiritual']
CD_RISC_3,HUMAN,Sometimes fate or God helps me.,human_11,['Spiritual']
CD_RISC_3,HUMAN,Sometimes fate or God helps me.,human_12,['Spiritual']
CD_RISC_3,HUMAN,Sometimes fate or God helps me.,human_13,['Spiritual']
CD_RISC_3,HUMAN,Sometimes fate or God helps me.,human_14,['Spiritual']
CD_RISC_3,HUMAN,Sometimes fate or God helps me.,human_15,['Spiritual']
CD_RISC_3,HUMAN,Sometimes fate or God helps me.,human_16,['Spiritual']
CD_RISC_3,HUMAN,Sometimes fate or God helps me.,human_17,['Spiritual']
CD_RISC_3,HUMAN,Sometimes fate or God helps me.,human_18,['Spiritual']
CD_RISC_3,HUMAN,Sometimes fate or God helps me.,human_19,['Spiritual']
CD_RISC_3,HUMAN,Sometimes fate or God helps me.,human_20,['Spiritual']
CD_RISC_3,HUMAN,Sometimes fate or God helps me.,human_21,['Spiritual']
CD_RISC_3,HUMAN,Sometimes fate or God helps me.,human_22,['Spiritual']
CD_RISC_3,HUMAN,Sometimes fate or God helps me.,human_23,['Spiritual']
CD_RISC_3,HUMAN,Sometimes fate or God helps me.,human_24,['Spiritual']
CD_RISC_3,HUMAN,Sometimes fate or God helps me.,human_25,['Spiritual']
CD_RISC_3,HUMAN,Sometimes fate or God helps me.,human_26,['Spiritual']
CD_RISC_3,HUMAN,Sometimes fate or God helps me.,human_27,['Spiritual']
CD_RISC_3,HUMAN,Sometimes fate or God helps me.,human_28,['Spiritual']
CD_RISC_4,HUMAN,I can deal with whatever comes my way.,human_01,['Emotional']
CD_RISC_4,HUMAN,I can deal with whatever comes my way.,human_02,['Emotional']
CD_RISC_4,HUMAN,I can deal with whatever comes my way.,human_03,['Emotional']
CD_RISC_4,HUMAN,I can deal with whatever comes my way.,human_04,['Emotional']
CD_RISC_4,HUMAN,I can deal with whatever comes my way.,human_05,['Emotional']
CD_RISC_4,HUMAN,I can deal with whatever comes my way.,human_06,['Emotional']
CD_RISC_4,HUMAN,I can deal with whatever comes my way.,human_07,['Spiritual']
CD_RISC_4,HUMAN,I can deal with whatever comes my way.,human_08,['Intellectual']
CD_RISC_4,HUMAN,I can deal with whatever comes my way.,human_09,['Emotional']
CD_RISC_4,HUMAN,I can deal with whatever comes my way.,human_10,['Intellectual']
CD_RISC_4,HUMAN,I can deal with whatever comes my way.,human_11,['Emotional']
CD_RISC_4,HUMAN,I can deal with whatever comes my way.,human_12,['Occupational']
CD_RISC_4,HUMAN,I can deal with whatever comes my way.,human_13,['Emotional']
CD_RISC_4,HUMAN,I can deal with whatever comes my way.,human_14,['Emotional']
CD_RISC_4,HUMAN,I can deal with whatever comes my way.,human_15,['Environmental']
CD_RISC_4,HUMAN,I can deal with whatever comes my way.,human_16,['Intellectual']
CD_RISC_4,HUMAN,I can deal with whatever comes my way.,human_17,['Emotional']
CD_RISC_4,HUMAN,I can deal with whatever comes my way.,human_18,['Emotional']
CD_RISC_4,HUMAN,I can deal with whatever comes my way.,human_19,['Environmental']
CD_RISC_4,HUMAN,I can deal with whatever comes my way.,human_20,['Emotional']
CD_RISC_4,HUMAN,I can deal with whatever comes my way.,human_21,['Emotional']
CD_RISC_4,HUMAN,I can deal with whatever comes my way.,human_22,['Emotional']
CD_RISC_4,HUMAN,I can deal with whatever comes my way.,human_23,['Environmental']
CD_RISC_4,HUMAN,I can deal with whatever comes my way.,human_24,['Emotional']
CD_RISC_4,HUMAN,I can deal with whatever comes my way.,human_25,['Emotional']
CD_RISC_4,HUMAN,I can deal with whatever comes my way.,human_26,['Emotional']
CD_RISC_4,HUMAN,I can deal with whatever comes my way.,human_27,['Emotional']
CD_RISC_4,HUMAN,I can deal with whatever comes my way.,human_28,['Emotional']
CD_RISC_5,HUMAN,Past successes give me confidence.,human_01,['Emotional']
CD_RISC_5,HUMAN,Past successes give me confidence.,human_02,['Emotional']
CD_RISC_5,HUMAN,Past successes give me confidence.,human_03,['Intellectual']
CD_RISC_5,HUMAN,Past successes give me confidence.,human_04,['Emotional']
CD_RISC_5,HUMAN,Past successes give me confidence.,human_05,['Emotional']
CD_RISC_5,HUMAN,Past successes give me confidence.,human_06,['Occupational']
CD_RISC_5,HUMAN,Past successes give me confidence.,human_07,['Emotional']
CD_RISC_5,HUMAN,Past successes give me confidence.,human_08,['Occupational']
CD_RISC_5,HUMAN,Past successes give me confidence.,human_09,['Emotional']
CD_RISC_5,HUMAN,Past successes give me confidence.,human_10,['Emotional']
CD_RISC_5,HUMAN,Past successes give me confidence.,human_11,['Emotional']
CD_RISC_5,HUMAN,Past successes give me confidence.,human_12,['Environmental']
CD_RISC_5,HUMAN,Past successes give me confidence.,human_13,['Intellectual']
CD_RISC_5,HUMAN,Past successes give me confidence.,human_14,['Emotional']
CD_RISC_5,HUMAN,Past successes give me confidence.,human_15,['Intellectual']
CD_RISC_5,HUMAN,Past successes give me confidence.,human_16,['Emotional']
CD_RISC_5,HUMAN,Past successes give me confidence.,human_17,['Emotional']
CD_RISC_5,HUMAN,Past successes give me confidence.,human_18,['Emotional']
CD_RISC_5,HUMAN,Past successes give me confidence.,human_19,['Intellectual']
CD_RISC_5,HUMAN,Past successes give me confidence.,human_20,['Emotional']
CD_RISC_5,HUMAN,Past successes give me confidence.,human_21,['Emotional']
CD_RISC_5,HUMAN,Past successes give me confidence.,human_22,['Emotional']
CD_RISC_5,HUMAN,Past successes give me confidence.,human_23,['Emotional']
CD_RISC_5,HUMAN,Past successes give me confidence.,human_24,['Intellectual']
CD_RISC_5,HUMAN,Past successes give me confidence.,human_25,['Intellectual']
CD_RISC_5,HUMAN,Past successes give me confidence.,human_26,['Emotional']
CD_RISC_5,HUMAN,Past successes give me confidence.,human_27,['Occupational']
CD_RISC_5,HUMAN,Past successes give me confidence.,human_28,['Occupational']
CD_RISC_6,HUMAN,I try to see the humorous side of things when I am faced with problems.,human_01,['Emotional']
CD_RISC_6,HUMAN,I try to see the humorous side of things when I am faced with problems.,human_02,['Emotional']
CD_RISC_6,HUMAN,I try to see the humorous side of things when I am faced with problems.,human_03,['Emotional']
CD_RISC_6,HUMAN,I try to see the humorous side of things when I am faced with problems.,human_04,['Emotional']
CD_RISC_6,HUMAN,I try to see the humorous side of things when I am faced with problems.,human_05,['Emotional']
CD_RISC_6,HUMAN,I try to see the humorous side of things when I am faced with problems.,human_06,['Emotional']
CD_RISC_6,HUMAN,I try to see the humorous side of things when I am faced with problems.,human_07,['Intellectual']
CD_RISC_6,HUMAN,I try to see the humorous side of things when I am faced with problems.,human_08,['Emotional']
CD_RISC_6,HUMAN,I try to see the humorous side of things when I am faced with problems.,human_09,['Emotional']
CD_RISC_6,HUMAN,I try to see the humorous side of things when I am faced with problems.,human_10,['Emotional']
CD_RISC_6,HUMAN,I try to see the humorous side of things when I am faced with problems.,human_11,['Emotional']
CD_RISC_6,HUMAN,I try to see the humorous side of things when I am faced with problems.,human_12,['Emotional']
CD_RISC_6,HUMAN,I try to see the humorous side of things when I am faced with problems.,human_13,['Emotional']
CD_RISC_6,HUMAN,I try to see the humorous side of things when I am faced with problems.,human_14,['Intellectual']
CD_RISC_6,HUMAN,I try to see the humorous side of things when I am faced with problems.,human_15,['Emotional']
CD_RISC_6,HUMAN,I try to see the humorous side of things when I am faced with problems.,human_16,['Emotional']
CD_RISC_6,HUMAN,I try to see the humorous side of things when I am faced with problems.,human_17,['Emotional']
CD_RISC_6,HUMAN,I try to see the humorous side of things when I am faced with problems.,human_18,['Emotional']
CD_RISC_6,HUMAN,I try to see the humorous side of things when I am faced with problems.,human_19,['Emotional']
CD_RISC_6,HUMAN,I try to see the humorous side of things when I am faced with problems.,human_20,['Emotional']
CD_RISC_6,HUMAN,I try to see the humorous side of things when I am faced with problems.,human_21,['Intellectual']
CD_RISC_6,HUMAN,I try to see the humorous side of things when I am faced with problems.,human_22,['Emotional']
CD_RISC_6,HUMAN,I try to see the humorous side of things when I am faced with problems.,human_23,['Spiritual']
CD_RISC_6,HUMAN,I try to see the humorous side of things when I am faced with problems.,human_24,['Emotional']
CD_RISC_6,HUMAN,I try to see the humorous side of things when I am faced with problems.,human_25,['Emotional']
CD_RISC_6,HUMAN,I try to see the humorous side of things when I am faced with problems.,human_26,['Emotional']
CD_RISC_6,HUMAN,I try to see the humorous side of things when I am faced with problems.,human_27,['Emotional']
CD_RISC_6,HUMAN,I try to see the humorous side of things when I am faced with problems.,human_28,['Emotional']
CD_RISC_7,HUMAN,Having to cope with stress can make me stronger.,human_01,['Emotional']
CD_RISC_7,HUMAN,Having to cope with stress can make me stronger.,human_02,['Emotional']
CD_RISC_7,HUMAN,Having to cope with stress can make me stronger.,human_03,['Emotional']
CD_RISC_7,HUMAN,Having to cope with stress can make me stronger.,human_04,['Emotional']
CD_RISC_7,HUMAN,Having to cope with stress can make me stronger.,human_05,['Emotional']
CD_RISC_7,HUMAN,Having to cope with stress can make me stronger.,human_06,['Emotional']
CD_RISC_7,HUMAN,Having to cope with stress can make me stronger.,human_07,['Emotional']
CD_RISC_7,HUMAN,Having to cope with stress can make me stronger.,human_08,['Emotional']
CD_RISC_7,HUMAN,Having to cope with stress can make me stronger.,human_09,['Emotional']
CD_RISC_7,HUMAN,Having to cope with stress can make me stronger.,human_10,['Emotional']
CD_RISC_7,HUMAN,Having to cope with stress can make me stronger.,human_11,['Emotional']
CD_RISC_7,HUMAN,Having to cope with stress can make me stronger.,human_12,['Emotional']
CD_RISC_7,HUMAN,Having to cope with stress can make me stronger.,human_13,['Emotional']
CD_RISC_7,HUMAN,Having to cope with stress can make me stronger.,human_14,['Emotional']
CD_RISC_7,HUMAN,Having to cope with stress can make me stronger.,human_15,['Emotional']
CD_RISC_7,HUMAN,Having to cope with stress can make me stronger.,human_16,['Emotional']
CD_RISC_7,HUMAN,Having to cope with stress can make me stronger.,human_17,['Emotional']
CD_RISC_7,HUMAN,Having to cope with stress can make me stronger.,human_18,['Emotional']
CD_RISC_7,HUMAN,Having to cope with stress can make me stronger.,human_19,['Emotional']
CD_RISC_7,HUMAN,Having to cope with stress can make me stronger.,human_20,['Emotional']
CD_RISC_7,HUMAN,Having to cope with stress can make me stronger.,human_21,['Emotional']
CD_RISC_7,HUMAN,Having to cope with stress can make me stronger.,human_22,['Emotional']
CD_RISC_7,HUMAN,Having to cope with stress can make me stronger.,human_23,['Intellectual']
CD_RISC_7,HUMAN,Having to cope with stress can make me stronger.,human_24,['Emotional']
CD_RISC_7,HUMAN,Having to cope with stress can make me stronger.,human_25,['Emotional']
CD_RISC_7,HUMAN,Having to cope with stress can make me stronger.,human_26,['Emotional']
CD_RISC_7,HUMAN,Having to cope with stress can make me stronger.,human_27,['Emotional']
CD_RISC_7,HUMAN,Having to cope with stress can make me stronger.,human_28,['Emotional']
CD_RISC_8,HUMAN,"I tend to bounce back after illness, injury, or other hardships.",human_01,['Emotional']
CD_RISC_8,HUMAN,"I tend to bounce back after illness, injury, or other hardships.",human_02,['Physical']
CD_RISC_8,HUMAN,"I tend to bounce back after illness, injury, or other hardships.",human_03,['Physical']
CD_RISC_8,HUMAN,"I tend to bounce back after illness, injury, or other hardships.",human_04,['Physical']
CD_RISC_8,HUMAN,"I tend to bounce back after illness, injury, or other hardships.",human_05,['Emotional']
CD_RISC_8,HUMAN,"I tend to bounce back after illness, injury, or other hardships.",human_06,['Physical']
CD_RISC_8,HUMAN,"I tend to bounce back after illness, injury, or other hardships.",human_07,['Physical']
CD_RISC_8,HUMAN,"I tend to bounce back after illness, injury, or other hardships.",human_08,['Physical']
CD_RISC_8,HUMAN,"I tend to bounce back after illness, injury, or other hardships.",human_09,['Physical']
CD_RISC_8,HUMAN,"I tend to bounce back after illness, injury, or other hardships.",human_10,['Physical']
CD_RISC_8,HUMAN,"I tend to bounce back after illness, injury, or other hardships.",human_11,['Physical']
CD_RISC_8,HUMAN,"I tend to bounce back after illness, injury, or other hardships.",human_12,['Physical']
CD_RISC_8,HUMAN,"I tend to bounce back after illness, injury, or other hardships.",human_13,['Physical']
CD_RISC_8,HUMAN,"I tend to bounce back after illness, injury, or other hardships.",human_14,['Emotional']
CD_RISC_8,HUMAN,"I tend to bounce back after illness, injury, or other hardships.",human_15,['Physical']
CD_RISC_8,HUMAN,"I tend to bounce back after illness, injury, or other hardships.",human_16,['Emotional']
CD_RISC_8,HUMAN,"I tend to bounce back after illness, injury, or other hardships.",human_17,['Physical']
CD_RISC_8,HUMAN,"I tend to bounce back after illness, injury, or other hardships.",human_18,['Physical']
CD_RISC_8,HUMAN,"I tend to bounce back after illness, injury, or other hardships.",human_19,['Physical']
CD_RISC_8,HUMAN,"I tend to bounce back after illness, injury, or other hardships.",human_20,['Physical']
CD_RISC_8,HUMAN,"I tend to bounce back after illness, injury, or other hardships.",human_21,['Emotional']
CD_RISC_8,HUMAN,"I tend to bounce back after illness, injury, or other hardships.",human_22,['Physical']
CD_RISC_8,HUMAN,"I tend to bounce back after illness, injury, or other hardships.",human_23,['Physical']
CD_RISC_8,HUMAN,"I tend to bounce back after illness, injury, or other hardships.",human_24,['Physical']
CD_RISC_8,HUMAN,"I tend to bounce back after illness, injury, or other hardships.",human_25,['Physical']
CD_RISC_8,HUMAN,"I tend to bounce back after illness, injury, or other hardships.",human_26,['Emotional']
CD_RISC_8,HUMAN,"I tend to bounce back after illness, injury, or other hardships.",human_27,['Physical']
CD_RISC_8,HUMAN,"I tend to bounce back after illness, injury, or other hardships.",human_28,['Physical']
CD_RISC_9,HUMAN,I believe most things happen for a reason.,human_01,['Emotional']
CD_RISC_9,HUMAN,I believe most things happen for a reason.,human_02,['Spiritual']
CD_RISC_9,HUMAN,I believe most things happen for a reason.,human_03,['Spiritual']
CD_RISC_9,HUMAN,I believe most things happen for a reason.,human_04,['Spiritual']
CD_RISC_9,HUMAN,I believe most things happen for a reason.,human_05,['Spiritual']
CD_RISC_9,HUMAN,I believe most things happen for a reason.,human_06,['Spiritual']
CD_RISC_9,HUMAN,I believe most things happen for a reason.,human_07,['Spiritual']
CD_RISC_9,HUMAN,I believe most things happen for a reason.,human_08,['Spiritual']
CD_RISC_9,HUMAN,I believe most things happen for a reason.,human_09,['Spiritual']
CD_RISC_9,HUMAN,I believe most things happen for a reason.,human_10,['Spiritual']
CD_RISC_9,HUMAN,I believe most things happen for a reason.,human_11,['Spiritual']
CD_RISC_9,HUMAN,I believe most things happen for a reason.,human_12,['Spiritual']
CD_RISC_9,HUMAN,I believe most things happen for a reason.,human_13,['Spiritual']
CD_RISC_9,HUMAN,I believe most things happen for a reason.,human_14,['Spiritual']
CD_RISC_9,HUMAN,I believe most things happen for a reason.,human_15,['Spiritual']
CD_RISC_9,HUMAN,I believe most things happen for a reason.,human_16,['Spiritual']
CD_RISC_9,HUMAN,I believe most things happen for a reason.,human_17,['Spiritual']
CD_RISC_9,HUMAN,I believe most things happen for a reason.,human_18,['Intellectual']
CD_RISC_9,HUMAN,I believe most things happen for a reason.,human_19,['Environmental']
CD_RISC_9,HUMAN,I believe most things happen for a reason.,human_20,['Spiritual']
CD_RISC_9,HUMAN,I believe most things happen for a reason.,human_21,['Spiritual']
CD_RISC_9,HUMAN,I believe most things happen for a reason.,human_22,['Spiritual']
CD_RISC_9,HUMAN,I believe most things happen for a reason.,human_23,['Spiritual']
CD_RISC_9,HUMAN,I believe most things happen for a reason.,human_24,['Spiritual']
CD_RISC_9,HUMAN,I believe most things happen for a reason.,human_25,['Spiritual']
CD_RISC_9,HUMAN,I believe most things happen for a reason.,human_26,['Spiritual']
CD_RISC_9,HUMAN,I believe most things happen for a reason.,human_27,['Spiritual']
CD_RISC_9,HUMAN,I believe most things happen for a reason.,human_28,['Spiritual']
CD_RISC_10,HUMAN,"I make my best effort, no matter what.",human_01,['Emotional']
CD_RISC_10,HUMAN,"I make my best effort, no matter what.",human_02,['Emotional']
CD_RISC_10,HUMAN,"I make my best effort, no matter what.",human_03,['Emotional']
CD_RISC_10,HUMAN,"I make my best effort, no matter what.",human_04,['Emotional']
CD_RISC_10,HUMAN,"I make my best effort, no matter what.",human_05,['Emotional']
CD_RISC_10,HUMAN,"I make my best effort, no matter what.",human_06,['Emotional']
CD_RISC_10,HUMAN,"I make my best effort, no matter what.",human_07,['Intellectual']
CD_RISC_10,HUMAN,"I make my best effort, no matter what.",human_08,['Spiritual']
CD_RISC_10,HUMAN,"I make my best effort, no matter what.",human_09,['Occupational']
CD_RISC_10,HUMAN,"I make my best effort, no matter what.",human_10,['Emotional']
CD_RISC_10,HUMAN,"I make my best effort, no matter what.",human_11,['Emotional']
CD_RISC_10,HUMAN,"I make my best effort, no matter what.",human_12,['Intellectual']
CD_RISC_10,HUMAN,"I make my best effort, no matter what.",human_13,['Intellectual']
CD_RISC_10,HUMAN,"I make my best effort, no matter what.",human_14,['Intellectual']
CD_RISC_10,HUMAN,"I make my best effort, no matter what.",human_15,['Emotional']
CD_RISC_10,HUMAN,"I make my best effort, no matter what.",human_16,['Intellectual']
CD_RISC_10,HUMAN,"I make my best effort, no matter what.",human_17,['Occupational']
CD_RISC_10,HUMAN,"I make my best effort, no matter what.",human_18,['Emotional']
CD_RISC_10,HUMAN,"I make my best effort, no matter what.",human_19,['Intellectual']
CD_RISC_10,HUMAN,"I make my best effort, no matter what.",human_20,['Emotional']
CD_RISC_10,HUMAN,"I make my best effort, no matter what.",human_21,['Emotional']
CD_RISC_10,HUMAN,"I make my best effort, no matter what.",human_22,['Occupational']
CD_RISC_10,HUMAN,"I make my best effort, no matter what.",human_23,['Occupational']
CD_RISC_10,HUMAN,"I make my best effort, no matter what.",human_24,['Intellectual']
CD_RISC_10,HUMAN,"I make my best effort, no matter what.",human_25,['Intellectual']
CD_RISC_10,HUMAN,"I make my best effort, no matter what.",human_26,['Intellectual']
CD_RISC_10,HUMAN,"I make my best effort, no matter what.",human_27,['Occupational']
CD_RISC_10,HUMAN,"I make my best effort, no matter what.",human_28,['Emotional']
CD_RISC_11,HUMAN,"I believe I can achieve my goals, even if there are obstacles.",human_01,['Emotional']
CD_RISC_11,HUMAN,"I believe I can achieve my goals, even if there are obstacles.",human_02,['Emotional']
CD_RISC_11,HUMAN,"I believe I can achieve my goals, even if there are obstacles.",human_03,['Emotional']
CD_RISC_11,HUMAN,"I believe I can achieve my goals, even if there are obstacles.",human_04,['Emotional']
CD_RISC_11,HUMAN,"I believe I can achieve my goals, even if there are obstacles.",human_05,['Emotional']
CD_RISC_11,HUMAN,"I believe I can achieve my goals, even if there are obstacles.",human_06,['Occupational']
CD_RISC_11,HUMAN,"I believe I can achieve my goals, even if there are obstacles.",human_07,['Spiritual']
CD_RISC_11,HUMAN,"I believe I can achieve my goals, even if there are obstacles.",human_08,['Occupational']
CD_RISC_11,HUMAN,"I believe I can achieve my goals, even if there are obstacles.",human_09,['Occupational']
CD_RISC_11,HUMAN,"I believe I can achieve my goals, even if there are obstacles.",human_10,['Emotional']
CD_RISC_11,HUMAN,"I believe I can achieve my goals, even if there are obstacles.",human_11,['Emotional']
CD_RISC_11,HUMAN,"I believe I can achieve my goals, even if there are obstacles.",human_12,['Occupational']
CD_RISC_11,HUMAN,"I believe I can achieve my goals, even if there are obstacles.",human_13,['Intellectual']
CD_RISC_11,HUMAN,"I believe I can achieve my goals, even if there are obstacles.",human_14,['Intellectual']
CD_RISC_11,HUMAN,"I believe I can achieve my goals, even if there are obstacles.",human_15,['Intellectual']
CD_RISC_11,HUMAN,"I believe I can achieve my goals, even if there are obstacles.",human_16,['Emotional']
CD_RISC_11,HUMAN,"I believe I can achieve my goals, even if there are obstacles.",human_17,['Emotional']
CD_RISC_11,HUMAN,"I believe I can achieve my goals, even if there are obstacles.",human_18,['Emotional']
CD_RISC_11,HUMAN,"I believe I can achieve my goals, even if there are obstacles.",human_19,['Environmental']
CD_RISC_11,HUMAN,"I believe I can achieve my goals, even if there are obstacles.",human_20,['Emotional']
CD_RISC_11,HUMAN,"I believe I can achieve my goals, even if there are obstacles.",human_21,['Intellectual']
CD_RISC_11,HUMAN,"I believe I can achieve my goals, even if there are obstacles.",human_22,['Occupational']
CD_RISC_11,HUMAN,"I believe I can achieve my goals, even if there are obstacles.",human_23,['Occupational']
CD_RISC_11,HUMAN,"I believe I can achieve my goals, even if there are obstacles.",human_24,['Intellectual']
CD_RISC_11,HUMAN,"I believe I can achieve my goals, even if there are obstacles.",human_25,['Occupational']
CD_RISC_11,HUMAN,"I believe I can achieve my goals, even if there are obstacles.",human_26,['Emotional']
CD_RISC_11,HUMAN,"I believe I can achieve my goals, even if there are obstacles.",human_27,['Occupational']
CD_RISC_11,HUMAN,"I believe I can achieve my goals, even if there are obstacles.",human_28,['Emotional']
CD_RISC_12,HUMAN,"Even when hopeless, I do not give up.",human_01,['Emotional']
CD_RISC_12,HUMAN,"Even when hopeless, I do not give up.",human_02,['Emotional']
CD_RISC_12,HUMAN,"Even when hopeless, I do not give up.",human_03,['Spiritual']
CD_RISC_12,HUMAN,"Even when hopeless, I do not give up.",human_04,['Emotional']
CD_RISC_12,HUMAN,"Even when hopeless, I do not give up.",human_05,['Emotional']
CD_RISC_12,HUMAN,"Even when hopeless, I do not give up.",human_06,['Emotional']
CD_RISC_12,HUMAN,"Even when hopeless, I do not give up.",human_07,['Intellectual']
CD_RISC_12,HUMAN,"Even when hopeless, I do not give up.",human_08,['Emotional']
CD_RISC_12,HUMAN,"Even when hopeless, I do not give up.",human_09,['Emotional']
CD_RISC_12,HUMAN,"Even when hopeless, I do not give up.",human_10,['Emotional']
CD_RISC_12,HUMAN,"Even when hopeless, I do not give up.",human_11,['Emotional']
CD_RISC_12,HUMAN,"Even when hopeless, I do not give up.",human_12,['Spiritual']
CD_RISC_12,HUMAN,"Even when hopeless, I do not give up.",human_13,['Emotional']
CD_RISC_12,HUMAN,"Even when hopeless, I do not give up.",human_14,['Emotional']
CD_RISC_12,HUMAN,"Even when hopeless, I do not give up.",human_15,['Emotional']
CD_RISC_12,HUMAN,"Even when hopeless, I do not give up.",human_16,['Emotional']
CD_RISC_12,HUMAN,"Even when hopeless, I do not give up.",human_17,['Emotional']
CD_RISC_12,HUMAN,"Even when hopeless, I do not give up.",human_18,['Social']
CD_RISC_12,HUMAN,"Even when hopeless, I do not give up.",human_19,['Intellectual']
CD_RISC_12,HUMAN,"Even when hopeless, I do not give up.",human_20,['Emotional']
CD_RISC_12,HUMAN,"Even when hopeless, I do not give up.",human_21,['Emotional']
CD_RISC_12,HUMAN,"Even when hopeless, I do not give up.",human_22,['Emotional']
CD_RISC_12,HUMAN,"Even when hopeless, I do not give up.",human_23,['Spiritual']
CD_RISC_12,HUMAN,"Even when hopeless, I do not give up.",human_24,['Emotional']
CD_RISC_12,HUMAN,"Even when hopeless, I do not give up.",human_25,['Emotional']
CD_RISC_12,HUMAN,"Even when hopeless, I do not give up.",human_26,['Spiritual']
CD_RISC_12,HUMAN,"Even when hopeless, I do not give up.",human_27,['Emotional']
CD_RISC_12,HUMAN,"Even when hopeless, I do not give up.",human_28,['Emotional']
CD_RISC_13,HUMAN,"In times of stress, I know where to find help.",human_01,['Emotional']
CD_RISC_13,HUMAN,"In times of stress, I know where to find help.",human_02,['Emotional']
CD_RISC_13,HUMAN,"In times of stress, I know where to find help.",human_03,['Emotional']
CD_RISC_13,HUMAN,"In times of stress, I know where to find help.",human_04,['Emotional']
CD_RISC_13,HUMAN,"In times of stress, I know where to find help.",human_05,['Social']
CD_RISC_13,HUMAN,"In times of stress, I know where to find help.",human_06,['Emotional']
CD_RISC_13,HUMAN,"In times of stress, I know where to find help.",human_07,['Social']
CD_RISC_13,HUMAN,"In times of stress, I know where to find help.",human_08,['Social']
CD_RISC_13,HUMAN,"In times of stress, I know where to find help.",human_09,['Social']
CD_RISC_13,HUMAN,"In times of stress, I know where to find help.",human_10,['Social']
CD_RISC_13,HUMAN,"In times of stress, I know where to find help.",human_11,['Social']
CD_RISC_13,HUMAN,"In times of stress, I know where to find help.",human_12,['Environmental']
CD_RISC_13,HUMAN,"In times of stress, I know where to find help.",human_13,['Social']
CD_RISC_13,HUMAN,"In times of stress, I know where to find help.",human_14,['Emotional']
CD_RISC_13,HUMAN,"In times of stress, I know where to find help.",human_15,['Emotional']
CD_RISC_13,HUMAN,"In times of stress, I know where to find help.",human_16,['Environmental']
CD_RISC_13,HUMAN,"In times of stress, I know where to find help.",human_17,['Environmental']
CD_RISC_13,HUMAN,"In times of stress, I know where to find help.",human_18,['Emotional']
CD_RISC_13,HUMAN,"In times of stress, I know where to find help.",human_19,['Emotional']
CD_RISC_13,HUMAN,"In times of stress, I know where to find help.",human_20,['Emotional']
CD_RISC_13,HUMAN,"In times of stress, I know where to find help.",human_21,['Emotional']
CD_RISC_13,HUMAN,"In times of stress, I know where to find help.",human_22,['Emotional']
CD_RISC_13,HUMAN,"In times of stress, I know where to find help.",human_23,['Social']
CD_RISC_13,HUMAN,"In times of stress, I know where to find help.",human_24,['Emotional']
CD_RISC_13,HUMAN,"In times of stress, I know where to find help.",human_25,['Intellectual']
CD_RISC_13,HUMAN,"In times of stress, I know where to find help.",human_26,['Social']
CD_RISC_13,HUMAN,"In times of stress, I know where to find help.",human_27,['Social']
CD_RISC_13,HUMAN,"In times of stress, I know where to find help.",human_28,['Social']
CD_RISC_14,HUMAN,"Under pressure, I stay focused and think clearly.",human_01,['Emotional']
CD_RISC_14,HUMAN,"Under pressure, I stay focused and think clearly.",human_02,['Emotional']
CD_RISC_14,HUMAN,"Under pressure, I stay focused and think clearly.",human_03,['Intellectual']
CD_RISC_14,HUMAN,"Under pressure, I stay focused and think clearly.",human_04,['Emotional']
CD_RISC_14,HUMAN,"Under pressure, I stay focused and think clearly.",human_05,['Emotional']
CD_RISC_14,HUMAN,"Under pressure, I stay focused and think clearly.",human_06,['Intellectual']
CD_RISC_14,HUMAN,"Under pressure, I stay focused and think clearly.",human_07,['Intellectual']
CD_RISC_14,HUMAN,"Under pressure, I stay focused and think clearly.",human_08,['Emotional']
CD_RISC_14,HUMAN,"Under pressure, I stay focused and think clearly.",human_09,['Occupational']
CD_RISC_14,HUMAN,"Under pressure, I stay focused and think clearly.",human_10,['Emotional']
CD_RISC_14,HUMAN,"Under pressure, I stay focused and think clearly.",human_11,['Emotional']
CD_RISC_14,HUMAN,"Under pressure, I stay focused and think clearly.",human_12,['Emotional']
CD_RISC_14,HUMAN,"Under pressure, I stay focused and think clearly.",human_13,['Intellectual']
CD_RISC_14,HUMAN,"Under pressure, I stay focused and think clearly.",human_14,['Intellectual']
CD_RISC_14,HUMAN,"Under pressure, I stay focused and think clearly.",human_15,['Emotional']
CD_RISC_14,HUMAN,"Under pressure, I stay focused and think clearly.",human_16,['Emotional']
CD_RISC_14,HUMAN,"Under pressure, I stay focused and think clearly.",human_17,['Emotional']
CD_RISC_14,HUMAN,"Under pressure, I stay focused and think clearly.",human_18,['Intellectual']
CD_RISC_14,HUMAN,"Under pressure, I stay focused and think clearly.",human_19,['Emotional']
CD_RISC_14,HUMAN,"Under pressure, I stay focused and think clearly.",human_20,['Intellectual']
CD_RISC_14,HUMAN,"Under pressure, I stay focused and think clearly.",human_21,['Intellectual']
CD_RISC_14,HUMAN,"Under pressure, I stay focused and think clearly.",human_22,['Intellectual']
CD_RISC_14,HUMAN,"Under pressure, I stay focused and think clearly.",human_23,['Environmental']
CD_RISC_14,HUMAN,"Under pressure, I stay focused and think clearly.",human_24,['Intellectual']
CD_RISC_14,HUMAN,"Under pressure, I stay focused and think clearly.",human_25,['Intellectual']
CD_RISC_14,HUMAN,"Under pressure, I stay focused and think clearly.",human_26,['Emotional']
CD_RISC_14,HUMAN,"Under pressure, I stay focused and think clearly.",human_27,['Intellectual']
CD_RISC_14,HUMAN,"Under pressure, I stay focused and think clearly.",human_28,['Emotional']
CD_RISC_15,HUMAN,I prefer to take the lead in problem-solving.,human_01,['Emotional']
CD_RISC_15,HUMAN,I prefer to take the lead in problem-solving.,human_02,['Intellectual']
CD_RISC_15,HUMAN,I prefer to take the lead in problem-solving.,human_03,['Intellectual']
CD_RISC_15,HUMAN,I prefer to take the lead in problem-solving.,human_04,['Social']
CD_RISC_15,HUMAN,I prefer to take the lead in problem-solving.,human_05,['Intellectual']
CD_RISC_15,HUMAN,I prefer to take the lead in problem-solving.,human_06,['Occupational']
CD_RISC_15,HUMAN,I prefer to take the lead in problem-solving.,human_07,['Intellectual']
CD_RISC_15,HUMAN,I prefer to take the lead in problem-solving.,human_08,['Intellectual']
CD_RISC_15,HUMAN,I prefer to take the lead in problem-solving.,human_09,['Intellectual']
CD_RISC_15,HUMAN,I prefer to take the lead in problem-solving.,human_10,['Intellectual']
CD_RISC_15,HUMAN,I prefer to take the lead in problem-solving.,human_11,['Intellectual']
CD_RISC_15,HUMAN,I prefer to take the lead in problem-solving.,human_12,['Intellectual']
CD_RISC_15,HUMAN,I prefer to take the lead in problem-solving.,human_13,['Intellectual']
CD_RISC_15,HUMAN,I prefer to take the lead in problem-solving.,human_14,['Intellectual']
CD_RISC_15,HUMAN,I prefer to take the lead in problem-solving.,human_15,['Intellectual']
CD_RISC_15,HUMAN,I prefer to take the lead in problem-solving.,human_16,['Social']
CD_RISC_15,HUMAN,I prefer to take the lead in problem-solving.,human_17,['Occupational']
CD_RISC_15,HUMAN,I prefer to take the lead in problem-solving.,human_18,['Emotional']
CD_RISC_15,HUMAN,I prefer to take the lead in problem-solving.,human_19,['Intellectual']
CD_RISC_15,HUMAN,I prefer to take the lead in problem-solving.,human_20,['Intellectual']
CD_RISC_15,HUMAN,I prefer to take the lead in problem-solving.,human_21,['Intellectual']
CD_RISC_15,HUMAN,I prefer to take the lead in problem-solving.,human_22,['Intellectual']
CD_RISC_15,HUMAN,I prefer to take the lead in problem-solving.,human_23,['Intellectual']
CD_RISC_15,HUMAN,I prefer to take the lead in problem-solving.,human_24,['Intellectual']
CD_RISC_15,HUMAN,I prefer to take the lead in problem-solving.,human_25,['Intellectual']
CD_RISC_15,HUMAN,I prefer to take the lead in problem-solving.,human_26,['Occupational']
CD_RISC_15,HUMAN,I prefer to take the lead in problem-solving.,human_27,['Intellectual']
CD_RISC_15,HUMAN,I prefer to take the lead in problem-solving.,human_28,['Intellectual']
CD_RISC_16,HUMAN,I am not easily discouraged by failure.,human_01,['Emotional']
CD_RISC_16,HUMAN,I am not easily discouraged by failure.,human_02,['Emotional']
CD_RISC_16,HUMAN,I am not easily discouraged by failure.,human_03,['Intellectual']
CD_RISC_16,HUMAN,I am not easily discouraged by failure.,human_04,['Intellectual']
CD_RISC_16,HUMAN,I am not easily discouraged by failure.,human_05,['Intellectual']
CD_RISC_16,HUMAN,I am not easily discouraged by failure.,human_06,['Emotional']
CD_RISC_16,HUMAN,I am not easily discouraged by failure.,human_07,['Emotional']
CD_RISC_16,HUMAN,I am not easily discouraged by failure.,human_08,['Occupational']
CD_RISC_16,HUMAN,I am not easily discouraged by failure.,human_09,['Emotional']
CD_RISC_16,HUMAN,I am not easily discouraged by failure.,human_10,['Emotional']
CD_RISC_16,HUMAN,I am not easily discouraged by failure.,human_11,['Emotional']
CD_RISC_16,HUMAN,I am not easily discouraged by failure.,human_12,['Intellectual']
CD_RISC_16,HUMAN,I am not easily discouraged by failure.,human_13,['Intellectual']
CD_RISC_16,HUMAN,I am not easily discouraged by failure.,human_14,['Emotional']
CD_RISC_16,HUMAN,I am not easily discouraged by failure.,human_15,['Intellectual']
CD_RISC_16,HUMAN,I am not easily discouraged by failure.,human_16,['Emotional']
CD_RISC_16,HUMAN,I am not easily discouraged by failure.,human_17,['Emotional']
CD_RISC_16,HUMAN,I am not easily discouraged by failure.,human_18,['Social']
CD_RISC_16,HUMAN,I am not easily discouraged by failure.,human_19,['Emotional']
CD_RISC_16,HUMAN,I am not easily discouraged by failure.,human_20,['Emotional']
CD_RISC_16,HUMAN,I am not easily discouraged by failure.,human_21,['Emotional']
CD_RISC_16,HUMAN,I am not easily discouraged by failure.,human_22,['Emotional']
CD_RISC_16,HUMAN,I am not easily discouraged by failure.,human_23,['Spiritual']
CD_RISC_16,HUMAN,I am not easily discouraged by failure.,human_24,['Intellectual']
CD_RISC_16,HUMAN,I am not easily discouraged by failure.,human_25,['Emotional']
CD_RISC_16,HUMAN,I am not easily discouraged by failure.,human_26,['Emotional']
CD_RISC_16,HUMAN,I am not easily discouraged by failure.,human_27,['Emotional']
CD_RISC_16,HUMAN,I am not easily discouraged by failure.,human_28,['Emotional']
CD_RISC_17,HUMAN,I think of myself as a strong person when dealing with life's challenges and difficulties.,human_01,['Emotional']
CD_RISC_17,HUMAN,I think of myself as a strong person when dealing with life's challenges and difficulties.,human_02,['Emotional']
CD_RISC_17,HUMAN,I think of myself as a strong person when dealing with life's challenges and difficulties.,human_03,['Emotional']
CD_RISC_17,HUMAN,I think of myself as a strong person when dealing with life's challenges and difficulties.,human_04,['Emotional']
CD_RISC_17,HUMAN,I think of myself as a strong person when dealing with life's challenges and difficulties.,human_05,['Emotional']
CD_RISC_17,HUMAN,I think of myself as a strong person when dealing with life's challenges and difficulties.,human_06,['Emotional']
CD_RISC_17,HUMAN,I think of myself as a strong person when dealing with life's challenges and difficulties.,human_07,['Intellectual']
CD_RISC_17,HUMAN,I think of myself as a strong person when dealing with life's challenges and difficulties.,human_08,['Spiritual']
CD_RISC_17,HUMAN,I think of myself as a strong person when dealing with life's challenges and difficulties.,human_09,['Emotional']
CD_RISC_17,HUMAN,I think of myself as a strong person when dealing with life's challenges and difficulties.,human_10,['Emotional']
CD_RISC_17,HUMAN,I think of myself as a strong person when dealing with life's challenges and difficulties.,human_11,['Emotional']
CD_RISC_17,HUMAN,I think of myself as a strong person when dealing with life's challenges and difficulties.,human_12,['Spiritual']
CD_RISC_17,HUMAN,I think of myself as a strong person when dealing with life's challenges and difficulties.,human_13,['Emotional']
CD_RISC_17,HUMAN,I think of myself as a strong person when dealing with life's challenges and difficulties.,human_14,['Occupational']
CD_RISC_17,HUMAN,I think of myself as a strong person when dealing with life's challenges and difficulties.,human_15,['Emotional']
CD_RISC_17,HUMAN,I think of myself as a strong person when dealing with life's challenges and difficulties.,human_16,['Emotional']
CD_RISC_17,HUMAN,I think of myself as a strong person when dealing with life's challenges and difficulties.,human_17,['Emotional']
CD_RISC_17,HUMAN,I think of myself as a strong person when dealing with life's challenges and difficulties.,human_18,['Emotional']
CD_RISC_17,HUMAN,I think of myself as a strong person when dealing with life's challenges and difficulties.,human_19,['Emotional']
CD_RISC_17,HUMAN,I think of myself as a strong person when dealing with life's challenges and difficulties.,human_20,['Emotional']
CD_RISC_17,HUMAN,I think of myself as a strong person when dealing with life's challenges and difficulties.,human_21,['Emotional']
CD_RISC_17,HUMAN,I think of myself as a strong person when dealing with life's challenges and difficulties.,human_22,['Emotional']
CD_RISC_17,HUMAN,I think of myself as a strong person when dealing with life's challenges and difficulties.,human_23,['Emotional']
CD_RISC_17,HUMAN,I think of myself as a strong person when dealing with life's challenges and difficulties.,human_24,['Emotional']
CD_RISC_17,HUMAN,I think of myself as a strong person when dealing with life's challenges and difficulties.,human_25,['Physical']
CD_RISC_17,HUMAN,I think of myself as a strong person when dealing with life's challenges and difficulties.,human_26,['Emotional']
CD_RISC_17,HUMAN,I think of myself as a strong person when dealing with life's challenges and difficulties.,human_27,['Emotional']
CD_RISC_17,HUMAN,I think of myself as a strong person when dealing with life's challenges and difficulties.,human_28,['Emotional']
CD_RISC_18,HUMAN,I make unpopular or difficult decisions.,human_01,['Emotional']
CD_RISC_18,HUMAN,I make unpopular or difficult decisions.,human_02,['Emotional']
CD_RISC_18,HUMAN,I make unpopular or difficult decisions.,human_03,['Emotional']
CD_RISC_18,HUMAN,I make unpopular or difficult decisions.,human_04,['Intellectual']
CD_RISC_18,HUMAN,I make unpopular or difficult decisions.,human_05,['Intellectual']
CD_RISC_18,HUMAN,I make unpopular or difficult decisions.,human_06,['Occupational']
CD_RISC_18,HUMAN,I make unpopular or difficult decisions.,human_07,['Intellectual']
CD_RISC_18,HUMAN,I make unpopular or difficult decisions.,human_08,['Intellectual']
CD_RISC_18,HUMAN,I make unpopular or difficult decisions.,human_09,['Occupational']
CD_RISC_18,HUMAN,I make unpopular or difficult decisions.,human_10,['Intellectual']
CD_RISC_18,HUMAN,I make unpopular or difficult decisions.,human_11,['Social']
CD_RISC_18,HUMAN,I make unpopular or difficult decisions.,human_12,['Occupational']
CD_RISC_18,HUMAN,I make unpopular or difficult decisions.,human_13,['Emotional']
CD_RISC_18,HUMAN,I make unpopular or difficult decisions.,human_14,['Intellectual']
CD_RISC_18,HUMAN,I make unpopular or difficult decisions.,human_15,['Environmental']
CD_RISC_18,HUMAN,I make unpopular or difficult decisions.,human_16,['Intellectual']
CD_RISC_18,HUMAN,I make unpopular or difficult decisions.,human_17,['Emotional']
CD_RISC_18,HUMAN,I make unpopular or difficult decisions.,human_18,['Intellectual']
CD_RISC_18,HUMAN,I make unpopular or difficult decisions.,human_19,['Social']
CD_RISC_18,HUMAN,I make unpopular or difficult decisions.,human_20,['Intellectual']
CD_RISC_18,HUMAN,I make unpopular or difficult decisions.,human_21,['Emotional']
CD_RISC_18,HUMAN,I make unpopular or difficult decisions.,human_22,['Intellectual']
CD_RISC_18,HUMAN,I make unpopular or difficult decisions.,human_23,['Intellectual']
CD_RISC_18,HUMAN,I make unpopular or difficult decisions.,human_24,['Emotional']
CD_RISC_18,HUMAN,I make unpopular or difficult decisions.,human_25,['Intellectual']
CD_RISC_18,HUMAN,I make unpopular or difficult decisions.,human_26,['Intellectual']
CD_RISC_18,HUMAN,I make unpopular or difficult decisions.,human_27,['Social']
CD_RISC_18,HUMAN,I make unpopular or difficult decisions.,human_28,['Environmental']
CD_RISC_19,HUMAN,"I am able to handle unpleasant or painful feelings like sadness, fear, and anger.",human_01,['Emotional']
CD_RISC_19,HUMAN,"I am able to handle unpleasant or painful feelings like sadness, fear, and anger.",human_02,['Emotional']
CD_RISC_19,HUMAN,"I am able to handle unpleasant or painful feelings like sadness, fear, and anger.",human_03,['Emotional']
CD_RISC_19,HUMAN,"I am able to handle unpleasant or painful feelings like sadness, fear, and anger.",human_04,['Emotional']
CD_RISC_19,HUMAN,"I am able to handle unpleasant or painful feelings like sadness, fear, and anger.",human_05,['Emotional']
CD_RISC_19,HUMAN,"I am able to handle unpleasant or painful feelings like sadness, fear, and anger.",human_06,['Emotional']
CD_RISC_19,HUMAN,"I am able to handle unpleasant or painful feelings like sadness, fear, and anger.",human_07,['Emotional']
CD_RISC_19,HUMAN,"I am able to handle unpleasant or painful feelings like sadness, fear, and anger.",human_08,['Emotional']
CD_RISC_19,HUMAN,"I am able to handle unpleasant or painful feelings like sadness, fear, and anger.",human_09,['Emotional']
CD_RISC_19,HUMAN,"I am able to handle unpleasant or painful feelings like sadness, fear, and anger.",human_10,['Emotional']
CD_RISC_19,HUMAN,"I am able to handle unpleasant or painful feelings like sadness, fear, and anger.",human_11,['Emotional']
CD_RISC_19,HUMAN,"I am able to handle unpleasant or painful feelings like sadness, fear, and anger.",human_12,['Emotional']
CD_RISC_19,HUMAN,"I am able to handle unpleasant or painful feelings like sadness, fear, and anger.",human_13,['Emotional']
CD_RISC_19,HUMAN,"I am able to handle unpleasant or painful feelings like sadness, fear, and anger.",human_14,['Emotional']
CD_RISC_19,HUMAN,"I am able to handle unpleasant or painful feelings like sadness, fear, and anger.",human_15,['Emotional']
CD_RISC_19,HUMAN,"I am able to handle unpleasant or painful feelings like sadness, fear, and anger.",human_16,['Emotional']
CD_RISC_19,HUMAN,"I am able to handle unpleasant or painful feelings like sadness, fear, and anger.",human_17,['Emotional']
CD_RISC_19,HUMAN,"I am able to handle unpleasant or painful feelings like sadness, fear, and anger.",human_18,['Emotional']
CD_RISC_19,HUMAN,"I am able to handle unpleasant or painful feelings like sadness, fear, and anger.",human_19,['Environmental']
CD_RISC_19,HUMAN,"I am able to handle unpleasant or painful feelings like sadness, fear, and anger.",human_20,['Emotional']
CD_RISC_19,HUMAN,"I am able to handle unpleasant or painful feelings like sadness, fear, and anger.",human_21,['Intellectual']
CD_RISC_19,HUMAN,"I am able to handle unpleasant or painful feelings like sadness, fear, and anger.",human_22,['Emotional']
CD_RISC_19,HUMAN,"I am able to handle unpleasant or painful feelings like sadness, fear, and anger.",human_23,['Emotional']
CD_RISC_19,HUMAN,"I am able to handle unpleasant or painful feelings like sadness, fear, and anger.",human_24,['Emotional']
CD_RISC_19,HUMAN,"I am able to handle unpleasant or painful feelings like sadness, fear, and anger.",human_25,['Emotional']
CD_RISC_19,HUMAN,"I am able to handle unpleasant or painful feelings like sadness, fear, and anger.",human_26,['Emotional']
CD_RISC_19,HUMAN,"I am able to handle unpleasant or painful feelings like sadness, fear, and anger.",human_27,['Emotional']
CD_RISC_19,HUMAN,"I am able to handle unpleasant or painful feelings like sadness, fear, and anger.",human_28,['Emotional']
CD_RISC_20,HUMAN,I have to act on a hunch.,human_01,['Emotional']
CD_RISC_20,HUMAN,I have to act on a hunch.,human_02,['Emotional']
CD_RISC_20,HUMAN,I have to act on a hunch.,human_03,['Intellectual']
CD_RISC_20,HUMAN,I have to act on a hunch.,human_04,['Intellectual']
CD_RISC_20,HUMAN,I have to act on a hunch.,human_05,['Intellectual']
CD_RISC_20,HUMAN,I have to act on a hunch.,human_06,['Emotional']
CD_RISC_20,HUMAN,I have to act on a hunch.,human_07,['Emotional']
CD_RISC_20,HUMAN,I have to act on a hunch.,human_08,['Intellectual']
CD_RISC_20,HUMAN,I have to act on a hunch.,human_09,['Spiritual']
CD_RISC_20,HUMAN,I have to act on a hunch.,human_10,['Emotional']
CD_RISC_20,HUMAN,I have to act on a hunch.,human_11,['Emotional']
CD_RISC_20,HUMAN,I have to act on a hunch.,human_12,['Intellectual']
CD_RISC_20,HUMAN,I have to act on a hunch.,human_13,['Emotional']
CD_RISC_20,HUMAN,I have to act on a hunch.,human_14,['Emotional']
CD_RISC_20,HUMAN,I have to act on a hunch.,human_15,['Emotional']
CD_RISC_20,HUMAN,I have to act on a hunch.,human_16,['Emotional']
CD_RISC_20,HUMAN,I have to act on a hunch.,human_17,['Emotional']
CD_RISC_20,HUMAN,I have to act on a hunch.,human_18,['Intellectual']
CD_RISC_20,HUMAN,I have to act on a hunch.,human_19,['Social']
CD_RISC_20,HUMAN,I have to act on a hunch.,human_20,['Emotional']
CD_RISC_20,HUMAN,I have to act on a hunch.,human_21,['Intellectual']
CD_RISC_20,HUMAN,I have to act on a hunch.,human_22,['Intellectual']
CD_RISC_20,HUMAN,I have to act on a hunch.,human_23,['Occupational']
CD_RISC_20,HUMAN,I have to act on a hunch.,human_24,['Emotional']
CD_RISC_20,HUMAN,I have to act on a hunch.,human_25,['Intellectual']
CD_RISC_20,HUMAN,I have to act on a hunch.,human_26,['Spiritual']
CD_RISC_20,HUMAN,I have to act on a hunch.,human_27,['Spiritual']
CD_RISC_20,HUMAN,I have to act on a hunch.,human_28,['Spiritual']
CD_RISC_22,HUMAN,I feel like I am in control.,human_01,['Emotional']
CD_RISC_22,HUMAN,I feel like I am in control.,human_02,['Emotional']
CD_RISC_22,HUMAN,I feel like I am in control.,human_03,['Spiritual']
CD_RISC_22,HUMAN,I feel like I am in control.,human_04,['Emotional']
CD_RISC_22,HUMAN,I feel like I am in control.,human_05,['Environmental']
CD_RISC_22,HUMAN,I feel like I am in control.,human_06,['Emotional']
CD_RISC_22,HUMAN,I feel like I am in control.,human_07,['Emotional']
CD_RISC_22,HUMAN,I feel like I am in control.,human_08,['Emotional']
CD_RISC_22,HUMAN,I feel like I am in control.,human_09,['Emotional']
CD_RISC_22,HUMAN,I feel like I am in control.,human_10,['Emotional']
CD_RISC_22,HUMAN,I feel like I am in control.,human_11,['Emotional']
CD_RISC_22,HUMAN,I feel like I am in control.,human_12,['Environmental']
CD_RISC_22,HUMAN,I feel like I am in control.,human_13,['Emotional']
CD_RISC_22,HUMAN,I feel like I am in control.,human_14,['Emotional']
CD_RISC_22,HUMAN,I feel like I am in control.,human_15,['Spiritual']
CD_RISC_22,HUMAN,I feel like I am in control.,human_16,['Emotional']
CD_RISC_22,HUMAN,I feel like I am in control.,human_17,['Emotional']
CD_RISC_22,HUMAN,I feel like I am in control.,human_18,['Emotional']
CD_RISC_22,HUMAN,I feel like I am in control.,human_19,['Environmental']
CD_RISC_22,HUMAN,I feel like I am in control.,human_20,['Emotional']
CD_RISC_22,HUMAN,I feel like I am in control.,human_21,['Spiritual']
CD_RISC_22,HUMAN,I feel like I am in control.,human_22,['Spiritual']
CD_RISC_22,HUMAN,I feel like I am in control.,human_23,['Environmental']
CD_RISC_22,HUMAN,I feel like I am in control.,human_24,['Emotional']
CD_RISC_22,HUMAN,I feel like I am in control.,human_25,['Intellectual']
CD_RISC_22,HUMAN,I feel like I am in control.,human_26,['Spiritual']
CD_RISC_22,HUMAN,I feel like I am in control.,human_27,['Spiritual']
CD_RISC_22,HUMAN,I feel like I am in control.,human_28,['Environmental']
PERMA1_1,HUMAN,How much of the time do you feel you are making progress towards accomplishing your goals?,human_01,['Intellectual']
PERMA1_1,HUMAN,How much of the time do you feel you are making progress towards accomplishing your goals?,human_02,['Emotional']
PERMA1_1,HUMAN,How much of the time do you feel you are making progress towards accomplishing your goals?,human_03,['Emotional']
PERMA1_1,HUMAN,How much of the time do you feel you are making progress towards accomplishing your goals?,human_04,['Occupational']
PERMA1_1,HUMAN,How much of the time do you feel you are making progress towards accomplishing your goals?,human_05,['Intellectual']
PERMA1_1,HUMAN,How much of the time do you feel you are making progress towards accomplishing your goals?,human_06,['Occupational']
PERMA1_1,HUMAN,How much of the time do you feel you are making progress towards accomplishing your goals?,human_07,['Intellectual']
PERMA1_1,HUMAN,How much of the time do you feel you are making progress towards accomplishing your goals?,human_08,['Occupational']
PERMA1_1,HUMAN,How much of the time do you feel you are making progress towards accomplishing your goals?,human_09,['Occupational']
PERMA1_1,HUMAN,How much of the time do you feel you are making progress towards accomplishing your goals?,human_10,['Occupational']
PERMA1_1,HUMAN,How much of the time do you feel you are making progress towards accomplishing your goals?,human_11,['Occupational']
PERMA1_1,HUMAN,How much of the time do you feel you are making progress towards accomplishing your goals?,human_12,['Occupational']
PERMA1_1,HUMAN,How much of the time do you feel you are making progress towards accomplishing your goals?,human_13,['Intellectual']
PERMA1_1,HUMAN,How much of the time do you feel you are making progress towards accomplishing your goals?,human_14,['Occupational']
PERMA1_1,HUMAN,How much of the time do you feel you are making progress towards accomplishing your goals?,human_15,['Environmental']
PERMA1_1,HUMAN,How much of the time do you feel you are making progress towards accomplishing your goals?,human_16,['Occupational']
PERMA1_1,HUMAN,How much of the time do you feel you are making progress towards accomplishing your goals?,human_17,['Occupational']
PERMA1_1,HUMAN,How much of the time do you feel you are making progress towards accomplishing your goals?,human_18,['Emotional']
PERMA1_1,HUMAN,How much of the time do you feel you are making progress towards accomplishing your goals?,human_19,['Intellectual']
PERMA1_1,HUMAN,How much of the time do you feel you are making progress towards accomplishing your goals?,human_20,['Occupational']
PERMA1_1,HUMAN,How much of the time do you feel you are making progress towards accomplishing your goals?,human_21,['Intellectual']
PERMA1_1,HUMAN,How much of the time do you feel you are making progress towards accomplishing your goals?,human_22,['Occupational']
PERMA1_1,HUMAN,How much of the time do you feel you are making progress towards accomplishing your goals?,human_23,['Occupational']
PERMA1_1,HUMAN,How much of the time do you feel you are making progress towards accomplishing your goals?,human_24,['Occupational']
PERMA1_1,HUMAN,How much of the time do you feel you are making progress towards accomplishing your goals?,human_25,['Occupational']
PERMA1_1,HUMAN,How much of the time do you feel you are making progress towards accomplishing your goals?,human_26,['Occupational']
PERMA1_1,HUMAN,How much of the time do you feel you are making progress towards accomplishing your goals?,human_27,['Occupational']
PERMA1_1,HUMAN,How much of the time do you feel you are making progress towards accomplishing your goals?,human_28,['Occupational']
PERMA1_2,HUMAN,How often do you become absorbed in what you are doing?,human_01,['Emotional']
PERMA1_2,HUMAN,How often do you become absorbed in what you are doing?,human_02,['Occupational']
PERMA1_2,HUMAN,How often do you become absorbed in what you are doing?,human_03,['Emotional']
PERMA1_2,HUMAN,How often do you become absorbed in what you are doing?,human_04,['Intellectual']
PERMA1_2,HUMAN,How often do you become absorbed in what you are doing?,human_05,['Intellectual']
PERMA1_2,HUMAN,How often do you become absorbed in what you are doing?,human_06,['Intellectual']
PERMA1_2,HUMAN,How often do you become absorbed in what you are doing?,human_07,['Emotional']
PERMA1_2,HUMAN,How often do you become absorbed in what you are doing?,human_08,['Spiritual']
PERMA1_2,HUMAN,How often do you become absorbed in what you are doing?,human_09,['Occupational']
PERMA1_2,HUMAN,How often do you become absorbed in what you are doing?,human_10,['Occupational']
PERMA1_2,HUMAN,How often do you become absorbed in what you are doing?,human_11,['Emotional']
PERMA1_2,HUMAN,How often do you become absorbed in what you are doing?,human_12,['Intellectual']
PERMA1_2,HUMAN,How often do you become absorbed in what you are doing?,human_13,['Intellectual']
PERMA1_2,HUMAN,How often do you become absorbed in what you are doing?,human_14,['Occupational']
PERMA1_2,HUMAN,How often do you become absorbed in what you are doing?,human_15,['Environmental']
PERMA1_2,HUMAN,How often do you become absorbed in what you are doing?,human_16,['Occupational']
PERMA1_2,HUMAN,How often do you become absorbed in what you are doing?,human_17,['Emotional']
PERMA1_2,HUMAN,How often do you become absorbed in what you are doing?,human_18,['Emotional']
PERMA1_2,HUMAN,How often do you become absorbed in what you are doing?,human_19,['Intellectual']
PERMA1_2,HUMAN,How often do you become absorbed in what you are doing?,human_20,['Emotional']
PERMA1_2,HUMAN,How often do you become absorbed in what you are doing?,human_21,['Intellectual']
PERMA1_2,HUMAN,How often do you become absorbed in what you are doing?,human_22,['Occupational']
PERMA1_2,HUMAN,How often do you become absorbed in what you are doing?,human_23,['Occupational']
PERMA1_2,HUMAN,How often do you become absorbed in what you are doing?,human_24,['Intellectual']
PERMA1_2,HUMAN,How often do you become absorbed in what you are doing?,human_25,['Intellectual']
PERMA1_2,HUMAN,How often do you become absorbed in what you are doing?,human_26,['Occupational']
PERMA1_2,HUMAN,How often do you become absorbed in what you are doing?,human_27,['Environmental']
PERMA1_2,HUMAN,How often do you become absorbed in what you are doing?,human_28,['Occupational']
PERMA1_3,HUMAN,How often do you feel joyful?,human_01,['Emotional']
PERMA1_3,HUMAN,How often do you feel joyful?,human_02,['Emotional']
PERMA1_3,HUMAN,How often do you feel joyful?,human_03,['Emotional']
PERMA1_3,HUMAN,How often do you feel joyful?,human_04,['Emotional']
PERMA1_3,HUMAN,How often do you feel joyful?,human_05,['Emotional']
PERMA1_3,HUMAN,How often do you feel joyful?,human_06,['Emotional']
PERMA1_3,HUMAN,How often do you feel joyful?,human_07,['Emotional']
PERMA1_3,HUMAN,How often do you feel joyful?,human_08,['Emotional']
PERMA1_3,HUMAN,How often do you feel joyful?,human_09,['Emotional']
PERMA1_3,HUMAN,How often do you feel joyful?,human_10,['Emotional']
PERMA1_3,HUMAN,How often do you feel joyful?,human_11,['Emotional']
PERMA1_3,HUMAN,How often do you feel joyful?,human_12,['Emotional']
PERMA1_3,HUMAN,How often do you feel joyful?,human_13,['Emotional']
PERMA1_3,HUMAN,How often do you feel joyful?,human_14,['Emotional']
PERMA1_3,HUMAN,How often do you feel joyful?,human_15,['Emotional']
PERMA1_3,HUMAN,How often do you feel joyful?,human_16,['Emotional']
PERMA1_3,HUMAN,How often do you feel joyful?,human_17,['Emotional']
PERMA1_3,HUMAN,How often do you feel joyful?,human_18,['Environmental']
PERMA1_3,HUMAN,How often do you feel joyful?,human_19,['Emotional']
PERMA1_3,HUMAN,How often do you feel joyful?,human_20,['Emotional']
PERMA1_3,HUMAN,How often do you feel joyful?,human_21,['Emotional']
PERMA1_3,HUMAN,How often do you feel joyful?,human_22,['Emotional']
PERMA1_3,HUMAN,How often do you feel joyful?,human_23,['Emotional']
PERMA1_3,HUMAN,How often do you feel joyful?,human_24,['Emotional']
PERMA1_3,HUMAN,How often do you feel joyful?,human_25,['Emotional']
PERMA1_3,HUMAN,How often do you feel joyful?,human_26,['Spiritual']
PERMA1_3,HUMAN,How often do you feel joyful?,human_27,['Emotional']
PERMA1_3,HUMAN,How often do you feel joyful?,human_28,['Emotional']
PERMA1_4,HUMAN,How often do you feel anxious?,human_01,['Emotional']
PERMA1_4,HUMAN,How often do you feel anxious?,human_02,['Emotional']
PERMA1_4,HUMAN,How often do you feel anxious?,human_03,['Emotional']
PERMA1_4,HUMAN,How often do you feel anxious?,human_04,['Emotional']
PERMA1_4,HUMAN,How often do you feel anxious?,human_05,['Emotional']
PERMA1_4,HUMAN,How often do you feel anxious?,human_06,['Emotional']
PERMA1_4,HUMAN,How often do you feel anxious?,human_07,['Emotional']
PERMA1_4,HUMAN,How often do you feel anxious?,human_08,['Emotional']
PERMA1_4,HUMAN,How often do you feel anxious?,human_09,['Emotional']
PERMA1_4,HUMAN,How often do you feel anxious?,human_10,['Emotional']
PERMA1_4,HUMAN,How often do you feel anxious?,human_11,['Emotional']
PERMA1_4,HUMAN,How often do you feel anxious?,human_12,['Emotional']
PERMA1_4,HUMAN,How often do you feel anxious?,human_13,['Emotional']
PERMA1_4,HUMAN,How often do you feel anxious?,human_14,['Emotional']
PERMA1_4,HUMAN,How often do you feel anxious?,human_15,['Emotional']
PERMA1_4,HUMAN,How often do you feel anxious?,human_16,['Emotional']
PERMA1_4,HUMAN,How often do you feel anxious?,human_17,['Emotional']
PERMA1_4,HUMAN,How often do you feel anxious?,human_18,['Social']
PERMA1_4,HUMAN,How often do you feel anxious?,human_19,['Emotional']
PERMA1_4,HUMAN,How often do you feel anxious?,human_20,['Emotional']
PERMA1_4,HUMAN,How often do you feel anxious?,human_21,['Emotional']
PERMA1_4,HUMAN,How often do you feel anxious?,human_22,['Emotional']
PERMA1_4,HUMAN,How often do you feel anxious?,human_23,['Emotional']
PERMA1_4,HUMAN,How often do you feel anxious?,human_24,['Emotional']
PERMA1_4,HUMAN,How often do you feel anxious?,human_25,['Emotional']
PERMA1_4,HUMAN,How often do you feel anxious?,human_26,['Emotional']
PERMA1_4,HUMAN,How often do you feel anxious?,human_27,['Emotional']
PERMA1_4,HUMAN,How often do you feel anxious?,human_28,['Emotional']
PERMA1_5,HUMAN,How often do you achieve the important goals you have set for yourself?,human_01,['Emotional']
PERMA1_5,HUMAN,How often do you achieve the important goals you have set for yourself?,human_02,['Occupational']
PERMA1_5,HUMAN,How often do you achieve the important goals you have set for yourself?,human_03,['Intellectual']
PERMA1_5,HUMAN,How often do you achieve the important goals you have set for yourself?,human_04,['Occupational']
PERMA1_5,HUMAN,How often do you achieve the important goals you have set for yourself?,human_05,['Spiritual']
PERMA1_5,HUMAN,How often do you achieve the important goals you have set for yourself?,human_06,['Occupational']
PERMA1_5,HUMAN,How often do you achieve the important goals you have set for yourself?,human_07,['Intellectual']
PERMA1_5,HUMAN,How often do you achieve the important goals you have set for yourself?,human_08,['Occupational']
PERMA1_5,HUMAN,How often do you achieve the important goals you have set for yourself?,human_09,['Occupational']
PERMA1_5,HUMAN,How often do you achieve the important goals you have set for yourself?,human_10,['Occupational']
PERMA1_5,HUMAN,How often do you achieve the important goals you have set for yourself?,human_11,['Occupational']
PERMA1_5,HUMAN,How often do you achieve the important goals you have set for yourself?,human_12,['Intellectual']
PERMA1_5,HUMAN,How often do you achieve the important goals you have set for yourself?,human_13,['Intellectual']
PERMA1_5,HUMAN,How often do you achieve the important goals you have set for yourself?,human_14,['Intellectual']
PERMA1_5,HUMAN,How often do you achieve the important goals you have set for yourself?,human_15,['Intellectual']
PERMA1_5,HUMAN,How often do you achieve the important goals you have set for yourself?,human_16,['Occupational']
PERMA1_5,HUMAN,How often do you achieve the important goals you have set for yourself?,human_17,['Occupational']
PERMA1_5,HUMAN,How often do you achieve the important goals you have set for yourself?,human_18,['Environmental']
PERMA1_5,HUMAN,How often do you achieve the important goals you have set for yourself?,human_19,['Occupational']
PERMA1_5,HUMAN,How often do you achieve the important goals you have set for yourself?,human_20,['Occupational']
PERMA1_5,HUMAN,How often do you achieve the important goals you have set for yourself?,human_21,['Intellectual']
PERMA1_5,HUMAN,How often do you achieve the important goals you have set for yourself?,human_22,['Occupational']
PERMA1_5,HUMAN,How often do you achieve the important goals you have set for yourself?,human_23,['Occupational']
PERMA1_5,HUMAN,How often do you achieve the important goals you have set for yourself?,human_24,['Occupational']
PERMA1_5,HUMAN,How often do you achieve the important goals you have set for yourself?,human_25,['Occupational']
PERMA1_5,HUMAN,How often do you achieve the important goals you have set for yourself?,human_26,['Occupational']
PERMA1_5,HUMAN,How often do you achieve the important goals you have set for yourself?,human_27,['Occupational']
PERMA1_5,HUMAN,How often do you achieve the important goals you have set for yourself?,human_28,['Occupational']
PERMA2_1,HUMAN,How would you say your health is?,human_01,['Physical']
PERMA2_1,HUMAN,How would you say your health is?,human_02,['Physical']
PERMA2_1,HUMAN,How would you say your health is?,human_03,['Physical']
PERMA2_1,HUMAN,How would you say your health is?,human_04,['Physical']
PERMA2_1,HUMAN,How would you say your health is?,human_05,['Physical']
PERMA2_1,HUMAN,How would you say your health is?,human_06,['Physical']
PERMA2_1,HUMAN,How would you say your health is?,human_07,['Physical']
PERMA2_1,HUMAN,How would you say your health is?,human_08,['Physical']
PERMA2_1,HUMAN,How would you say your health is?,human_09,['Physical']
PERMA2_1,HUMAN,How would you say your health is?,human_10,['Physical']
PERMA2_1,HUMAN,How would you say your health is?,human_11,['Physical']
PERMA2_1,HUMAN,How would you say your health is?,human_12,['Physical']
PERMA2_1,HUMAN,How would you say your health is?,human_13,['Physical']
PERMA2_1,HUMAN,How would you say your health is?,human_14,['Physical']
PERMA2_1,HUMAN,How would you say your health is?,human_15,['Physical']
PERMA2_1,HUMAN,How would you say your health is?,human_16,['Physical']
PERMA2_1,HUMAN,How would you say your health is?,human_17,['Physical']
PERMA2_1,HUMAN,How would you say your health is?,human_18,['Social']
PERMA2_1,HUMAN,How would you say your health is?,human_19,['Physical']
PERMA2_1,HUMAN,How would you say your health is?,human_20,['Physical']
PERMA2_1,HUMAN,How would you say your health is?,human_21,['Physical']
PERMA2_1,HUMAN,How would you say your health is?,human_22,['Physical']
PERMA2_1,HUMAN,How would you say your health is?,human_23,['Physical']
PERMA2_1,HUMAN,How would you say your health is?,human_24,['Physical']
PERMA2_1,HUMAN,How would you say your health is?,human_25,['Physical']
PERMA2_1,HUMAN,How would you say your health is?,human_26,['Physical']
PERMA2_1,HUMAN,How would you say your health is?,human_27,['Physical']
PERMA2_1,HUMAN,How would you say your health is?,human_28,['Physical']
PERMA3_1,HUMAN,To what extent do you lead a purposeful and meaningful life?,human_01,['Spiritual']
PERMA3_1,HUMAN,To what extent do you lead a purposeful and meaningful life?,human_02,['Spiritual']
PERMA3_1,HUMAN,To what extent do you lead a purposeful and meaningful life?,human_03,['Emotional']
PERMA3_1,HUMAN,To what extent do you lead a purposeful and meaningful life?,human_04,['Spiritual']
PERMA3_1,HUMAN,To what extent do you lead a purposeful and meaningful life?,human_05,['Spiritual']
PERMA3_1,HUMAN,To what extent do you lead a purposeful and meaningful life?,human_06,['Spiritual']
PERMA3_1,HUMAN,To what extent do you lead a purposeful and meaningful life?,human_07,['Spiritual']
PERMA3_1,HUMAN,To what extent do you lead a purposeful and meaningful life?,human_08,['Spiritual']
PERMA3_1,HUMAN,To what extent do you lead a purposeful and meaningful life?,human_09,['Spiritual']
PERMA3_1,HUMAN,To what extent do you lead a purposeful and meaningful life?,human_10,['Spiritual']
PERMA3_1,HUMAN,To what extent do you lead a purposeful and meaningful life?,human_11,['Spiritual']
PERMA3_1,HUMAN,To what extent do you lead a purposeful and meaningful life?,human_12,['Spiritual']
PERMA3_1,HUMAN,To what extent do you lead a purposeful and meaningful life?,human_13,['Spiritual']
PERMA3_1,HUMAN,To what extent do you lead a purposeful and meaningful life?,human_14,['Spiritual']
PERMA3_1,HUMAN,To what extent do you lead a purposeful and meaningful life?,human_15,['Spiritual']
PERMA3_1,HUMAN,To what extent do you lead a purposeful and meaningful life?,human_16,['Emotional']
PERMA3_1,HUMAN,To what extent do you lead a purposeful and meaningful life?,human_17,['Spiritual']
PERMA3_1,HUMAN,To what extent do you lead a purposeful and meaningful life?,human_18,['Social']
PERMA3_1,HUMAN,To what extent do you lead a purposeful and meaningful life?,human_19,['Spiritual']
PERMA3_1,HUMAN,To what extent do you lead a purposeful and meaningful life?,human_20,['Spiritual']
PERMA3_1,HUMAN,To what extent do you lead a purposeful and meaningful life?,human_21,['Spiritual']
PERMA3_1,HUMAN,To what extent do you lead a purposeful and meaningful life?,human_22,['Spiritual']
PERMA3_1,HUMAN,To what extent do you lead a purposeful and meaningful life?,human_23,['Spiritual']
PERMA3_1,HUMAN,To what extent do you lead a purposeful and meaningful life?,human_24,['Spiritual']
PERMA3_1,HUMAN,To what extent do you lead a purposeful and meaningful life?,human_25,['Occupational']
PERMA3_1,HUMAN,To what extent do you lead a purposeful and meaningful life?,human_26,['Spiritual']
PERMA3_1,HUMAN,To what extent do you lead a purposeful and meaningful life?,human_27,['Spiritual']
PERMA3_1,HUMAN,To what extent do you lead a purposeful and meaningful life?,human_28,['Spiritual']
PERMA3_2,HUMAN,To what extent do you receive help and support from others when you need it?,human_01,['Social']
PERMA3_2,HUMAN,To what extent do you receive help and support from others when you need it?,human_02,['Social']
PERMA3_2,HUMAN,To what extent do you receive help and support from others when you need it?,human_03,['Emotional']
PERMA3_2,HUMAN,To what extent do you receive help and support from others when you need it?,human_04,['Social']
PERMA3_2,HUMAN,To what extent do you receive help and support from others when you need it?,human_05,['Social']
PERMA3_2,HUMAN,To what extent do you receive help and support from others when you need it?,human_06,['Social']
PERMA3_2,HUMAN,To what extent do you receive help and support from others when you need it?,human_07,['Social']
PERMA3_2,HUMAN,To what extent do you receive help and support from others when you need it?,human_08,['Social']
PERMA3_2,HUMAN,To what extent do you receive help and support from others when you need it?,human_09,['Social']
PERMA3_2,HUMAN,To what extent do you receive help and support from others when you need it?,human_10,['Social']
PERMA3_2,HUMAN,To what extent do you receive help and support from others when you need it?,human_11,['Social']
PERMA3_2,HUMAN,To what extent do you receive help and support from others when you need it?,human_12,['Social']
PERMA3_2,HUMAN,To what extent do you receive help and support from others when you need it?,human_13,['Social']
PERMA3_2,HUMAN,To what extent do you receive help and support from others when you need it?,human_14,['Social']
PERMA3_2,HUMAN,To what extent do you receive help and support from others when you need it?,human_15,['Social']
PERMA3_2,HUMAN,To what extent do you receive help and support from others when you need it?,human_16,['Social']
PERMA3_2,HUMAN,To what extent do you receive help and support from others when you need it?,human_17,['Social']
PERMA3_2,HUMAN,To what extent do you receive help and support from others when you need it?,human_18,['Emotional']
PERMA3_2,HUMAN,To what extent do you receive help and support from others when you need it?,human_19,['Social']
PERMA3_2,HUMAN,To what extent do you receive help and support from others when you need it?,human_20,['Social']
PERMA3_2,HUMAN,To what extent do you receive help and support from others when you need it?,human_21,['Environmental']
PERMA3_2,HUMAN,To what extent do you receive help and support from others when you need it?,human_22,['Social']
PERMA3_2,HUMAN,To what extent do you receive help and support from others when you need it?,human_23,['Social']
PERMA3_2,HUMAN,To what extent do you receive help and support from others when you need it?,human_24,['Social']
PERMA3_2,HUMAN,To what extent do you receive help and support from others when you need it?,human_25,['Social']
PERMA3_2,HUMAN,To what extent do you receive help and support from others when you need it?,human_26,['Social']
PERMA3_2,HUMAN,To what extent do you receive help and support from others when you need it?,human_27,['Social']
PERMA3_2,HUMAN,To what extent do you receive help and support from others when you need it?,human_28,['Social']
PERMA3_3,HUMAN,To what extent do you feel that what you do in your life is valuable and worthwhile?,human_01,['Spiritual']
PERMA3_3,HUMAN,To what extent do you feel that what you do in your life is valuable and worthwhile?,human_02,['Emotional']
PERMA3_3,HUMAN,To what extent do you feel that what you do in your life is valuable and worthwhile?,human_03,['Emotional']
PERMA3_3,HUMAN,To what extent do you feel that what you do in your life is valuable and worthwhile?,human_04,['Spiritual']
PERMA3_3,HUMAN,To what extent do you feel that what you do in your life is valuable and worthwhile?,human_05,['Spiritual']
PERMA3_3,HUMAN,To what extent do you feel that what you do in your life is valuable and worthwhile?,human_06,['Emotional']
PERMA3_3,HUMAN,To what extent do you feel that what you do in your life is valuable and worthwhile?,human_07,['Spiritual']
PERMA3_3,HUMAN,To what extent do you feel that what you do in your life is valuable and worthwhile?,human_08,['Spiritual']
PERMA3_3,HUMAN,To what extent do you feel that what you do in your life is valuable and worthwhile?,human_09,['Spiritual']
PERMA3_3,HUMAN,To what extent do you feel that what you do in your life is valuable and worthwhile?,human_10,['Spiritual']
PERMA3_3,HUMAN,To what extent do you feel that what you do in your life is valuable and worthwhile?,human_11,['Spiritual']
PERMA3_3,HUMAN,To what extent do you feel that what you do in your life is valuable and worthwhile?,human_12,['Emotional']
PERMA3_3,HUMAN,To what extent do you feel that what you do in your life is valuable and worthwhile?,human_13,['Spiritual']
PERMA3_3,HUMAN,To what extent do you feel that what you do in your life is valuable and worthwhile?,human_14,['Intellectual']
PERMA3_3,HUMAN,To what extent do you feel that what you do in your life is valuable and worthwhile?,human_15,['Occupational']
PERMA3_3,HUMAN,To what extent do you feel that what you do in your life is valuable and worthwhile?,human_16,['Emotional']
PERMA3_3,HUMAN,To what extent do you feel that what you do in your life is valuable and worthwhile?,human_17,['Emotional']
PERMA3_3,HUMAN,To what extent do you feel that what you do in your life is valuable and worthwhile?,human_18,['Occupational']
PERMA3_3,HUMAN,To what extent do you feel that what you do in your life is valuable and worthwhile?,human_19,['Occupational']
PERMA3_3,HUMAN,To what extent do you feel that what you do in your life is valuable and worthwhile?,human_20,['Spiritual']
PERMA3_3,HUMAN,To what extent do you feel that what you do in your life is valuable and worthwhile?,human_21,['Social']
PERMA3_3,HUMAN,To what extent do you feel that what you do in your life is valuable and worthwhile?,human_22,['Spiritual']
PERMA3_3,HUMAN,To what extent do you feel that what you do in your life is valuable and worthwhile?,human_23,['Spiritual']
PERMA3_3,HUMAN,To what extent do you feel that what you do in your life is valuable and worthwhile?,human_24,['Spiritual']
PERMA3_3,HUMAN,To what extent do you feel that what you do in your life is valuable and worthwhile?,human_25,['Intellectual']
PERMA3_3,HUMAN,To what extent do you feel that what you do in your life is valuable and worthwhile?,human_26,['Occupational']
PERMA3_3,HUMAN,To what extent do you feel that what you do in your life is valuable and worthwhile?,human_27,['Occupational']
PERMA3_3,HUMAN,To what extent do you feel that what you do in your life is valuable and worthwhile?,human_28,['Emotional']
PERMA3_4,HUMAN,To what extent do you feel excited and interested in things?,human_01,['Emotional']
PERMA3_4,HUMAN,To what extent do you feel excited and interested in things?,human_02,['Emotional']
PERMA3_4,HUMAN,To what extent do you feel excited and interested in things?,human_03,['Emotional']
PERMA3_4,HUMAN,To what extent do you feel excited and interested in things?,human_04,['Emotional']
PERMA3_4,HUMAN,To what extent do you feel excited and interested in things?,human_05,['Emotional']
PERMA3_4,HUMAN,To what extent do you feel excited and interested in things?,human_06,['Emotional']
PERMA3_4,HUMAN,To what extent do you feel excited and interested in things?,human_07,['Emotional']
PERMA3_4,HUMAN,To what extent do you feel excited and interested in things?,human_08,['Intellectual']
PERMA3_4,HUMAN,To what extent do you feel excited and interested in things?,human_09,['Intellectual']
PERMA3_4,HUMAN,To what extent do you feel excited and interested in things?,human_10,['Emotional']
PERMA3_4,HUMAN,To what extent do you feel excited and interested in things?,human_11,['Emotional']
PERMA3_4,HUMAN,To what extent do you feel excited and interested in things?,human_12,['Intellectual']
PERMA3_4,HUMAN,To what extent do you feel excited and interested in things?,human_13,['Emotional']
PERMA3_4,HUMAN,To what extent do you feel excited and interested in things?,human_14,['Occupational']
PERMA3_4,HUMAN,To what extent do you feel excited and interested in things?,human_15,['Emotional']
PERMA3_4,HUMAN,To what extent do you feel excited and interested in things?,human_16,['Environmental']
PERMA3_4,HUMAN,To what extent do you feel excited and interested in things?,human_17,['Emotional']
PERMA3_4,HUMAN,To what extent do you feel excited and interested in things?,human_18,['Intellectual']
PERMA3_4,HUMAN,To what extent do you feel excited and interested in things?,human_19,['Occupational']
PERMA3_4,HUMAN,To what extent do you feel excited and interested in things?,human_20,['Spiritual']
PERMA3_4,HUMAN,To what extent do you feel excited and interested in things?,human_21,['Emotional']
PERMA3_4,HUMAN,To what extent do you feel excited and interested in things?,human_22,['Spiritual']
PERMA3_4,HUMAN,To what extent do you feel excited and interested in things?,human_23,['Emotional']
PERMA3_4,HUMAN,To what extent do you feel excited and interested in things?,human_24,['Emotional']
PERMA3_4,HUMAN,To what extent do you feel excited and interested in things?,human_25,['Emotional']
PERMA3_4,HUMAN,To what extent do you feel excited and interested in things?,human_26,['Emotional']
PERMA3_4,HUMAN,To what extent do you feel excited and interested in things?,human_27,['Emotional']
PERMA3_4,HUMAN,To what extent do you feel excited and interested in things?,human_28,['Emotional']
PERMA3_5,HUMAN,How lonely do you feel in your daily life?,human_01,['Emotional']
PERMA3_5,HUMAN,How lonely do you feel in your daily life?,human_02,['Social']
PERMA3_5,HUMAN,How lonely do you feel in your daily life?,human_03,['Social']
PERMA3_5,HUMAN,How lonely do you feel in your daily life?,human_04,['Social']
PERMA3_5,HUMAN,How lonely do you feel in your daily life?,human_05,['Emotional']
PERMA3_5,HUMAN,How lonely do you feel in your daily life?,human_06,['Social']
PERMA3_5,HUMAN,How lonely do you feel in your daily life?,human_07,['Emotional']
PERMA3_5,HUMAN,How lonely do you feel in your daily life?,human_08,['Social']
PERMA3_5,HUMAN,How lonely do you feel in your daily life?,human_09,['Social']
PERMA3_5,HUMAN,How lonely do you feel in your daily life?,human_10,['Social']
PERMA3_5,HUMAN,How lonely do you feel in your daily life?,human_11,['Social']
PERMA3_5,HUMAN,How lonely do you feel in your daily life?,human_12,['Social']
PERMA3_5,HUMAN,How lonely do you feel in your daily life?,human_13,['Social']
PERMA3_5,HUMAN,How lonely do you feel in your daily life?,human_14,['Emotional']
PERMA3_5,HUMAN,How lonely do you feel in your daily life?,human_15,['Social']
PERMA3_5,HUMAN,How lonely do you feel in your daily life?,human_16,['Social']
PERMA3_5,HUMAN,How lonely do you feel in your daily life?,human_17,['Social']
PERMA3_5,HUMAN,How lonely do you feel in your daily life?,human_18,['Environmental']
PERMA3_5,HUMAN,How lonely do you feel in your daily life?,human_19,['Social']
PERMA3_5,HUMAN,How lonely do you feel in your daily life?,human_20,['Emotional']
PERMA3_5,HUMAN,How lonely do you feel in your daily life?,human_21,['Emotional']
PERMA3_5,HUMAN,How lonely do you feel in your daily life?,human_22,['Social']
PERMA3_5,HUMAN,How lonely do you feel in your daily life?,human_23,['Social']
PERMA3_5,HUMAN,How lonely do you feel in your daily life?,human_24,['Emotional']
PERMA3_5,HUMAN,How lonely do you feel in your daily life?,human_25,['Social']
PERMA3_5,HUMAN,How lonely do you feel in your daily life?,human_26,['Social']
PERMA3_5,HUMAN,How lonely do you feel in your daily life?,human_27,['Emotional']
PERMA3_5,HUMAN,How lonely do you feel in your daily life?,human_28,['Social']
PERMA4_1,HUMAN,How satisfied are you with your current physical health?,human_01,['Physical']
PERMA4_1,HUMAN,How satisfied are you with your current physical health?,human_02,['Physical']
PERMA4_1,HUMAN,How satisfied are you with your current physical health?,human_03,['Physical']
PERMA4_1,HUMAN,How satisfied are you with your current physical health?,human_04,['Physical']
PERMA4_1,HUMAN,How satisfied are you with your current physical health?,human_05,['Physical']
PERMA4_1,HUMAN,How satisfied are you with your current physical health?,human_06,['Physical']
PERMA4_1,HUMAN,How satisfied are you with your current physical health?,human_07,['Physical']
PERMA4_1,HUMAN,How satisfied are you with your current physical health?,human_08,['Physical']
PERMA4_1,HUMAN,How satisfied are you with your current physical health?,human_09,['Physical']
PERMA4_1,HUMAN,How satisfied are you with your current physical health?,human_10,['Physical']
PERMA4_1,HUMAN,How satisfied are you with your current physical health?,human_11,['Physical']
PERMA4_1,HUMAN,How satisfied are you with your current physical health?,human_12,['Physical']
PERMA4_1,HUMAN,How satisfied are you with your current physical health?,human_13,['Physical']
PERMA4_1,HUMAN,How satisfied are you with your current physical health?,human_14,['Physical']
PERMA4_1,HUMAN,How satisfied are you with your current physical health?,human_15,['Physical']
PERMA4_1,HUMAN,How satisfied are you with your current physical health?,human_16,['Physical']
PERMA4_1,HUMAN,How satisfied are you with your current physical health?,human_17,['Physical']
PERMA4_1,HUMAN,How satisfied are you with your current physical health?,human_18,['Intellectual']
PERMA4_1,HUMAN,How satisfied are you with your current physical health?,human_19,['Physical']
PERMA4_1,HUMAN,How satisfied are you with your current physical health?,human_20,['Physical']
PERMA4_1,HUMAN,How satisfied are you with your current physical health?,human_21,['Physical']
PERMA4_1,HUMAN,How satisfied are you with your current physical health?,human_22,['Physical']
PERMA4_1,HUMAN,How satisfied are you with your current physical health?,human_23,['Physical']
PERMA4_1,HUMAN,How satisfied are you with your current physical health?,human_24,['Physical']
PERMA4_1,HUMAN,How satisfied are you with your current physical health?,human_25,['Physical']
PERMA4_1,HUMAN,How satisfied are you with your current physical health?,human_26,['Physical']
PERMA4_1,HUMAN,How satisfied are you with your current physical health?,human_27,['Physical']
PERMA4_1,HUMAN,How satisfied are you with your current physical health?,human_28,['Physical']
PERMA5_1,HUMAN,How often do you feel positive?,human_01,['Emotional']
PERMA5_1,HUMAN,How often do you feel positive?,human_02,['Emotional']
PERMA5_1,HUMAN,How often do you feel positive?,human_03,['Emotional']
PERMA5_1,HUMAN,How often do you feel positive?,human_04,['Emotional']
PERMA5_1,HUMAN,How often do you feel positive?,human_05,['Emotional']
PERMA5_1,HUMAN,How often do you feel positive?,human_06,['Emotional']
PERMA5_1,HUMAN,How often do you feel positive?,human_07,['Emotional']
PERMA5_1,HUMAN,How often do you feel positive?,human_08,['Emotional']
PERMA5_1,HUMAN,How often do you feel positive?,human_09,['Emotional']
PERMA5_1,HUMAN,How often do you feel positive?,human_10,['Emotional']
PERMA5_1,HUMAN,How often do you feel positive?,human_11,['Emotional']
PERMA5_1,HUMAN,How often do you feel positive?,human_12,['Emotional']
PERMA5_1,HUMAN,How often do you feel positive?,human_13,['Emotional']
PERMA5_1,HUMAN,How often do you feel positive?,human_14,['Emotional']
PERMA5_1,HUMAN,How often do you feel positive?,human_15,['Emotional']
PERMA5_1,HUMAN,How often do you feel positive?,human_16,['Emotional']
PERMA5_1,HUMAN,How often do you feel positive?,human_17,['Emotional']
PERMA5_1,HUMAN,How often do you feel positive?,human_18,['Environmental']
PERMA5_1,HUMAN,How often do you feel positive?,human_19,['Emotional']
PERMA5_1,HUMAN,How often do you feel positive?,human_20,['Emotional']
PERMA5_1,HUMAN,How often do you feel positive?,human_21,['Emotional']
PERMA5_1,HUMAN,How often do you feel positive?,human_22,['Emotional']
PERMA5_1,HUMAN,How often do you feel positive?,human_23,['Emotional']
PERMA5_1,HUMAN,How often do you feel positive?,human_24,['Emotional']
PERMA5_1,HUMAN,How often do you feel positive?,human_25,['Emotional']
PERMA5_1,HUMAN,How often do you feel positive?,human_26,['Emotional']
PERMA5_1,HUMAN,How often do you feel positive?,human_27,['Emotional']
PERMA5_1,HUMAN,How often do you feel positive?,human_28,['Emotional']
PERMA5_2,HUMAN,How often do you feel angry?,human_01,['Emotional']
PERMA5_2,HUMAN,How often do you feel angry?,human_02,['Emotional']
PERMA5_2,HUMAN,How often do you feel angry?,human_03,['Emotional']
PERMA5_2,HUMAN,How often do you feel angry?,human_04,['Emotional']
PERMA5_2,HUMAN,How often do you feel angry?,human_05,['Emotional']
PERMA5_2,HUMAN,How often do you feel angry?,human_06,['Emotional']
PERMA5_2,HUMAN,How often do you feel angry?,human_07,['Emotional']
PERMA5_2,HUMAN,How often do you feel angry?,human_08,['Emotional']
PERMA5_2,HUMAN,How often do you feel angry?,human_09,['Emotional']
PERMA5_2,HUMAN,How often do you feel angry?,human_10,['Emotional']
PERMA5_2,HUMAN,How often do you feel angry?,human_11,['Emotional']
PERMA5_2,HUMAN,How often do you feel angry?,human_12,['Emotional']
PERMA5_2,HUMAN,How often do you feel angry?,human_13,['Emotional']
PERMA5_2,HUMAN,How often do you feel angry?,human_14,['Emotional']
PERMA5_2,HUMAN,How often do you feel angry?,human_15,['Emotional']
PERMA5_2,HUMAN,How often do you feel angry?,human_16,['Emotional']
PERMA5_2,HUMAN,How often do you feel angry?,human_17,['Emotional']
PERMA5_2,HUMAN,How often do you feel angry?,human_18,['Intellectual']
PERMA5_2,HUMAN,How often do you feel angry?,human_19,['Emotional']
PERMA5_2,HUMAN,How often do you feel angry?,human_20,['Emotional']
PERMA5_2,HUMAN,How often do you feel angry?,human_21,['Emotional']
PERMA5_2,HUMAN,How often do you feel angry?,human_22,['Emotional']
PERMA5_2,HUMAN,How often do you feel angry?,human_23,['Emotional']
PERMA5_2,HUMAN,How often do you feel angry?,human_24,['Emotional']
PERMA5_2,HUMAN,How often do you feel angry?,human_25,['Emotional']
PERMA5_2,HUMAN,How often do you feel angry?,human_26,['Emotional']
PERMA5_2,HUMAN,How often do you feel angry?,human_27,['Emotional']
PERMA5_2,HUMAN,How often do you feel angry?,human_28,['Emotional']
PERMA5_3,HUMAN,How often are you able to handle your responsibilities?,human_01,['Emotional']
PERMA5_3,HUMAN,How often are you able to handle your responsibilities?,human_02,['Occupational']
PERMA5_3,HUMAN,How often are you able to handle your responsibilities?,human_03,['Intellectual']
PERMA5_3,HUMAN,How often are you able to handle your responsibilities?,human_04,['Occupational']
PERMA5_3,HUMAN,How often are you able to handle your responsibilities?,human_05,['Occupational']
PERMA5_3,HUMAN,How often are you able to handle your responsibilities?,human_06,['Occupational']
PERMA5_3,HUMAN,How often are you able to handle your responsibilities?,human_07,['Intellectual']
PERMA5_3,HUMAN,How often are you able to handle your responsibilities?,human_08,['Occupational']
PERMA5_3,HUMAN,How often are you able to handle your responsibilities?,human_09,['Occupational']
PERMA5_3,HUMAN,How often are you able to handle your responsibilities?,human_10,['Occupational']
PERMA5_3,HUMAN,How often are you able to handle your responsibilities?,human_11,['Emotional']
PERMA5_3,HUMAN,How often are you able to handle your responsibilities?,human_12,['Occupational']
PERMA5_3,HUMAN,How often are you able to handle your responsibilities?,human_13,['Occupational']
PERMA5_3,HUMAN,How often are you able to handle your responsibilities?,human_14,['Intellectual']
PERMA5_3,HUMAN,How often are you able to handle your responsibilities?,human_15,['Occupational']
PERMA5_3,HUMAN,How often are you able to handle your responsibilities?,human_16,['Occupational']
PERMA5_3,HUMAN,How often are you able to handle your responsibilities?,human_17,['Occupational']
PERMA5_3,HUMAN,How often are you able to handle your responsibilities?,human_18,['Physical']
PERMA5_3,HUMAN,How often are you able to handle your responsibilities?,human_19,['Intellectual']
PERMA5_3,HUMAN,How often are you able to handle your responsibilities?,human_20,['Emotional']
PERMA5_3,HUMAN,How often are you able to handle your responsibilities?,human_21,['Occupational']
PERMA5_3,HUMAN,How often are you able to handle your responsibilities?,human_22,['Occupational']
PERMA5_3,HUMAN,How often are you able to handle your responsibilities?,human_23,['Occupational']
PERMA5_3,HUMAN,How often are you able to handle your responsibilities?,human_24,['Occupational']
PERMA5_3,HUMAN,How often are you able to handle your responsibilities?,human_25,['Occupational']
PERMA5_3,HUMAN,How often are you able to handle your responsibilities?,human_26,['Emotional']
PERMA5_3,HUMAN,How often are you able to handle your responsibilities?,human_27,['Occupational']
PERMA5_3,HUMAN,How often are you able to handle your responsibilities?,human_28,['Environmental']
PERMA5_4,HUMAN,How often do you feel sad?,human_01,['Emotional']
PERMA5_4,HUMAN,How often do you feel sad?,human_02,['Emotional']
PERMA5_4,HUMAN,How often do you feel sad?,human_03,['Emotional']
PERMA5_4,HUMAN,How often do you feel sad?,human_04,['Emotional']
PERMA5_4,HUMAN,How often do you feel sad?,human_05,['Emotional']
PERMA5_4,HUMAN,How often do you feel sad?,human_06,['Emotional']
PERMA5_4,HUMAN,How often do you feel sad?,human_07,['Emotional']
PERMA5_4,HUMAN,How often do you feel sad?,human_08,['Emotional']
PERMA5_4,HUMAN,How often do you feel sad?,human_09,['Emotional']
PERMA5_4,HUMAN,How often do you feel sad?,human_10,['Emotional']
PERMA5_4,HUMAN,How often do you feel sad?,human_11,['Emotional']
PERMA5_4,HUMAN,How often do you feel sad?,human_12,['Emotional']
PERMA5_4,HUMAN,How often do you feel sad?,human_13,['Emotional']
PERMA5_4,HUMAN,How often do you feel sad?,human_14,['Emotional']
PERMA5_4,HUMAN,How often do you feel sad?,human_15,['Emotional']
PERMA5_4,HUMAN,How often do you feel sad?,human_16,['Emotional']
PERMA5_4,HUMAN,How often do you feel sad?,human_17,['Emotional']
PERMA5_4,HUMAN,How often do you feel sad?,human_18,['Social']
PERMA5_4,HUMAN,How often do you feel sad?,human_19,['Emotional']
PERMA5_4,HUMAN,How often do you feel sad?,human_20,['Emotional']
PERMA5_4,HUMAN,How often do you feel sad?,human_21,['Emotional']
PERMA5_4,HUMAN,How often do you feel sad?,human_22,['Emotional']
PERMA5_4,HUMAN,How often do you feel sad?,human_23,['Emotional']
PERMA5_4,HUMAN,How often do you feel sad?,human_24,['Emotional']
PERMA5_4,HUMAN,How often do you feel sad?,human_25,['Emotional']
PERMA5_4,HUMAN,How often do you feel sad?,human_26,['Emotional']
PERMA5_4,HUMAN,How often do you feel sad?,human_27,['Emotional']
PERMA5_4,HUMAN,How often do you feel sad?,human_28,['Emotional']
PERMA5_5,HUMAN,How often do you lose track of time while doing something you enjoy?,human_01,['Emotional']
PERMA5_5,HUMAN,How often do you lose track of time while doing something you enjoy?,human_02,['Occupational']
PERMA5_5,HUMAN,How often do you lose track of time while doing something you enjoy?,human_03,['Emotional']
PERMA5_5,HUMAN,How often do you lose track of time while doing something you enjoy?,human_04,['Emotional']
PERMA5_5,HUMAN,How often do you lose track of time while doing something you enjoy?,human_05,['Social']
PERMA5_5,HUMAN,How often do you lose track of time while doing something you enjoy?,human_06,['Emotional']
PERMA5_5,HUMAN,How often do you lose track of time while doing something you enjoy?,human_07,['Emotional']
PERMA5_5,HUMAN,How often do you lose track of time while doing something you enjoy?,human_08,['Spiritual']
PERMA5_5,HUMAN,How often do you lose track of time while doing something you enjoy?,human_09,['Intellectual']
PERMA5_5,HUMAN,How often do you lose track of time while doing something you enjoy?,human_10,['Occupational']
PERMA5_5,HUMAN,How often do you lose track of time while doing something you enjoy?,human_11,['Emotional']
PERMA5_5,HUMAN,How often do you lose track of time while doing something you enjoy?,human_12,['Intellectual']
PERMA5_5,HUMAN,How often do you lose track of time while doing something you enjoy?,human_13,['Intellectual']
PERMA5_5,HUMAN,How often do you lose track of time while doing something you enjoy?,human_14,['Occupational']
PERMA5_5,HUMAN,How often do you lose track of time while doing something you enjoy?,human_15,['Social']
PERMA5_5,HUMAN,How often do you lose track of time while doing something you enjoy?,human_16,['Social']
PERMA5_5,HUMAN,How often do you lose track of time while doing something you enjoy?,human_17,['Occupational']
PERMA5_5,HUMAN,How often do you lose track of time while doing something you enjoy?,human_18,['Occupational']
PERMA5_5,HUMAN,How often do you lose track of time while doing something you enjoy?,human_19,['Occupational']
PERMA5_5,HUMAN,How often do you lose track of time while doing something you enjoy?,human_20,['Intellectual']
PERMA5_5,HUMAN,How often do you lose track of time while doing something you enjoy?,human_21,['Emotional']
PERMA5_5,HUMAN,How often do you lose track of time while doing something you enjoy?,human_22,['Intellectual']
PERMA5_5,HUMAN,How often do you lose track of time while doing something you enjoy?,human_23,['Occupational']
PERMA5_5,HUMAN,How often do you lose track of time while doing something you enjoy?,human_24,['Occupational']
PERMA5_5,HUMAN,How often do you lose track of time while doing something you enjoy?,human_25,['Emotional']
PERMA5_5,HUMAN,How often do you lose track of time while doing something you enjoy?,human_26,['Occupational']
PERMA5_5,HUMAN,How often do you lose track of time while doing something you enjoy?,human_27,['Occupational']
PERMA5_5,HUMAN,How often do you lose track of time while doing something you enjoy?,human_28,['Emotional']
PERMA6_1,HUMAN,"Compared to others of your same age and sex, how is your health?",human_01,['Physical']
PERMA6_1,HUMAN,"Compared to others of your same age and sex, how is your health?",human_02,['Physical']
PERMA6_1,HUMAN,"Compared to others of your same age and sex, how is your health?",human_03,['Physical']
PERMA6_1,HUMAN,"Compared to others of your same age and sex, how is your health?",human_04,['Physical']
PERMA6_1,HUMAN,"Compared to others of your same age and sex, how is your health?",human_05,['Physical']
PERMA6_1,HUMAN,"Compared to others of your same age and sex, how is your health?",human_06,['Physical']
PERMA6_1,HUMAN,"Compared to others of your same age and sex, how is your health?",human_07,['Physical']
PERMA6_1,HUMAN,"Compared to others of your same age and sex, how is your health?",human_08,['Physical']
PERMA6_1,HUMAN,"Compared to others of your same age and sex, how is your health?",human_09,['Physical']
PERMA6_1,HUMAN,"Compared to others of your same age and sex, how is your health?",human_10,['Physical']
PERMA6_1,HUMAN,"Compared to others of your same age and sex, how is your health?",human_11,['Physical']
PERMA6_1,HUMAN,"Compared to others of your same age and sex, how is your health?",human_12,['Physical']
PERMA6_1,HUMAN,"Compared to others of your same age and sex, how is your health?",human_13,['Physical']
PERMA6_1,HUMAN,"Compared to others of your same age and sex, how is your health?",human_14,['Physical']
PERMA6_1,HUMAN,"Compared to others of your same age and sex, how is your health?",human_15,['Physical']
PERMA6_1,HUMAN,"Compared to others of your same age and sex, how is your health?",human_16,['Physical']
PERMA6_1,HUMAN,"Compared to others of your same age and sex, how is your health?",human_17,['Physical']
PERMA6_1,HUMAN,"Compared to others of your same age and sex, how is your health?",human_18,['Physical']
PERMA6_1,HUMAN,"Compared to others of your same age and sex, how is your health?",human_19,['Physical']
PERMA6_1,HUMAN,"Compared to others of your same age and sex, how is your health?",human_20,['Physical']
PERMA6_1,HUMAN,"Compared to others of your same age and sex, how is your health?",human_21,['Physical']
PERMA6_1,HUMAN,"Compared to others of your same age and sex, how is your health?",human_22,['Physical']
PERMA6_1,HUMAN,"Compared to others of your same age and sex, how is your health?",human_23,['Physical']
PERMA6_1,HUMAN,"Compared to others of your same age and sex, how is your health?",human_24,['Physical']
PERMA6_1,HUMAN,"Compared to others of your same age and sex, how is your health?",human_25,['Physical']
PERMA6_1,HUMAN,"Compared to others of your same age and sex, how is your health?",human_26,['Physical']
PERMA6_1,HUMAN,"Compared to others of your same age and sex, how is your health?",human_27,['Physical']
PERMA6_1,HUMAN,"Compared to others of your same age and sex, how is your health?",human_28,['Physical']
PERMA7_1,HUMAN,To what extent do you feel you have a sense of direction in your life?,human_01,['Spiritual']
PERMA7_1,HUMAN,To what extent do you feel you have a sense of direction in your life?,human_02,['Spiritual']
PERMA7_1,HUMAN,To what extent do you feel you have a sense of direction in your life?,human_03,['Occupational']
PERMA7_1,HUMAN,To what extent do you feel you have a sense of direction in your life?,human_04,['Spiritual']
PERMA7_1,HUMAN,To what extent do you feel you have a sense of direction in your life?,human_05,['Spiritual']
PERMA7_1,HUMAN,To what extent do you feel you have a sense of direction in your life?,human_06,['Spiritual']
PERMA7_1,HUMAN,To what extent do you feel you have a sense of direction in your life?,human_07,['Spiritual']
PERMA7_1,HUMAN,To what extent do you feel you have a sense of direction in your life?,human_08,['Spiritual']
PERMA7_1,HUMAN,To what extent do you feel you have a sense of direction in your life?,human_09,['Occupational']
PERMA7_1,HUMAN,To what extent do you feel you have a sense of direction in your life?,human_10,['Spiritual']
PERMA7_1,HUMAN,To what extent do you feel you have a sense of direction in your life?,human_11,['Spiritual']
PERMA7_1,HUMAN,To what extent do you feel you have a sense of direction in your life?,human_12,['Spiritual']
PERMA7_1,HUMAN,To what extent do you feel you have a sense of direction in your life?,human_13,['Spiritual']
PERMA7_1,HUMAN,To what extent do you feel you have a sense of direction in your life?,human_14,['Spiritual']
PERMA7_1,HUMAN,To what extent do you feel you have a sense of direction in your life?,human_15,['Spiritual']
PERMA7_1,HUMAN,To what extent do you feel you have a sense of direction in your life?,human_16,['Intellectual']
PERMA7_1,HUMAN,To what extent do you feel you have a sense of direction in your life?,human_17,['Spiritual']
PERMA7_1,HUMAN,To what extent do you feel you have a sense of direction in your life?,human_18,['Environmental']
PERMA7_1,HUMAN,To what extent do you feel you have a sense of direction in your life?,human_19,['Social']
PERMA7_1,HUMAN,To what extent do you feel you have a sense of direction in your life?,human_20,['Spiritual']
PERMA7_1,HUMAN,To what extent do you feel you have a sense of direction in your life?,human_21,['Spiritual']
PERMA7_1,HUMAN,To what extent do you feel you have a sense of direction in your life?,human_22,['Spiritual']
PERMA7_1,HUMAN,To what extent do you feel you have a sense of direction in your life?,human_23,['Spiritual']
PERMA7_1,HUMAN,To what extent do you feel you have a sense of direction in your life?,human_24,['Occupational']
PERMA7_1,HUMAN,To what extent do you feel you have a sense of direction in your life?,human_25,['Spiritual']
PERMA7_1,HUMAN,To what extent do you feel you have a sense of direction in your life?,human_26,['Spiritual']
PERMA7_1,HUMAN,To what extent do you feel you have a sense of direction in your life?,human_27,['Spiritual']
PERMA7_1,HUMAN,To what extent do you feel you have a sense of direction in your life?,human_28,['Environmental']
PERMA7_2,HUMAN,How satisfied are you with your personal relationships?,human_01,['Social']
PERMA7_2,HUMAN,How satisfied are you with your personal relationships?,human_02,['Social']
PERMA7_2,HUMAN,How satisfied are you with your personal relationships?,human_03,['Emotional']
PERMA7_2,HUMAN,How satisfied are you with your personal relationships?,human_04,['Social']
PERMA7_2,HUMAN,How satisfied are you with your personal relationships?,human_05,['Social']
PERMA7_2,HUMAN,How satisfied are you with your personal relationships?,human_06,['Social']
PERMA7_2,HUMAN,How satisfied are you with your personal relationships?,human_07,['Social']
PERMA7_2,HUMAN,How satisfied are you with your personal relationships?,human_08,['Social']
PERMA7_2,HUMAN,How satisfied are you with your personal relationships?,human_09,['Social']
PERMA7_2,HUMAN,How satisfied are you with your personal relationships?,human_10,['Social']
PERMA7_2,HUMAN,How satisfied are you with your personal relationships?,human_11,['Social']
PERMA7_2,HUMAN,How satisfied are you with your personal relationships?,human_12,['Social']
PERMA7_2,HUMAN,How satisfied are you with your personal relationships?,human_13,['Social']
PERMA7_2,HUMAN,How satisfied are you with your personal relationships?,human_14,['Social']
PERMA7_2,HUMAN,How satisfied are you with your personal relationships?,human_15,['Social']
PERMA7_2,HUMAN,How satisfied are you with your personal relationships?,human_16,['Social']
PERMA7_2,HUMAN,How satisfied are you with your personal relationships?,human_17,['Social']
PERMA7_2,HUMAN,How satisfied are you with your personal relationships?,human_18,['Social']
PERMA7_2,HUMAN,How satisfied are you with your personal relationships?,human_19,['Social']
PERMA7_2,HUMAN,How satisfied are you with your personal relationships?,human_20,['Social']
PERMA7_2,HUMAN,How satisfied are you with your personal relationships?,human_21,['Social']
PERMA7_2,HUMAN,How satisfied are you with your personal relationships?,human_22,['Social']
PERMA7_2,HUMAN,How satisfied are you with your personal relationships?,human_23,['Social']
PERMA7_2,HUMAN,How satisfied are you with your personal relationships?,human_24,['Social']
PERMA7_2,HUMAN,How satisfied are you with your personal relationships?,human_25,['Social']
PERMA7_2,HUMAN,How satisfied are you with your personal relationships?,human_26,['Social']
PERMA7_2,HUMAN,How satisfied are you with your personal relationships?,human_27,['Social']
PERMA7_2,HUMAN,How satisfied are you with your personal relationships?,human_28,['Social']
PERMA7_3,HUMAN,To what extent do you feel loved?,human_01,['Emotional']
PERMA7_3,HUMAN,To what extent do you feel loved?,human_02,['Social']
PERMA7_3,HUMAN,To what extent do you feel loved?,human_03,['Emotional']
PERMA7_3,HUMAN,To what extent do you feel loved?,human_04,['Emotional']
PERMA7_3,HUMAN,To what extent do you feel loved?,human_05,['Social']
PERMA7_3,HUMAN,To what extent do you feel loved?,human_06,['Emotional']
PERMA7_3,HUMAN,To what extent do you feel loved?,human_07,['Emotional']
PERMA7_3,HUMAN,To what extent do you feel loved?,human_08,['Emotional']
PERMA7_3,HUMAN,To what extent do you feel loved?,human_09,['Social']
PERMA7_3,HUMAN,To what extent do you feel loved?,human_10,['Social']
PERMA7_3,HUMAN,To what extent do you feel loved?,human_11,['Social']
PERMA7_3,HUMAN,To what extent do you feel loved?,human_12,['Social']
PERMA7_3,HUMAN,To what extent do you feel loved?,human_13,['Social']
PERMA7_3,HUMAN,To what extent do you feel loved?,human_14,['Emotional']
PERMA7_3,HUMAN,To what extent do you feel loved?,human_15,['Social']
PERMA7_3,HUMAN,To what extent do you feel loved?,human_16,['Social']
PERMA7_3,HUMAN,To what extent do you feel loved?,human_17,['Emotional']
PERMA7_3,HUMAN,To what extent do you feel loved?,human_18,['Environmental']
PERMA7_3,HUMAN,To what extent do you feel loved?,human_19,['Emotional']
PERMA7_3,HUMAN,To what extent do you feel loved?,human_20,['Social']
PERMA7_3,HUMAN,To what extent do you feel loved?,human_21,['Social']
PERMA7_3,HUMAN,To what extent do you feel loved?,human_22,['Emotional']
PERMA7_3,HUMAN,To what extent do you feel loved?,human_23,['Social']
PERMA7_3,HUMAN,To what extent do you feel loved?,human_24,['Emotional']
PERMA7_3,HUMAN,To what extent do you feel loved?,human_25,['Emotional']
PERMA7_3,HUMAN,To what extent do you feel loved?,human_26,['Social']
PERMA7_3,HUMAN,To what extent do you feel loved?,human_27,['Social']
PERMA7_3,HUMAN,To what extent do you feel loved?,human_28,['Social']
PERMA7_4,HUMAN,To what extent do you feel contented?,human_01,['Emotional']
PERMA7_4,HUMAN,To what extent do you feel contented?,human_02,['Emotional']
PERMA7_4,HUMAN,To what extent do you feel contented?,human_03,['Emotional']
PERMA7_4,HUMAN,To what extent do you feel contented?,human_04,['Emotional']
PERMA7_4,HUMAN,To what extent do you feel contented?,human_05,['Emotional']
PERMA7_4,HUMAN,To what extent do you feel contented?,human_06,['Intellectual']
PERMA7_4,HUMAN,To what extent do you feel contented?,human_07,['Emotional']
PERMA7_4,HUMAN,To what extent do you feel contented?,human_08,['Emotional']
PERMA7_4,HUMAN,To what extent do you feel contented?,human_09,['Social']
PERMA7_4,HUMAN,To what extent do you feel contented?,human_10,['Emotional']
PERMA7_4,HUMAN,To what extent do you feel contented?,human_11,['Emotional']
PERMA7_4,HUMAN,To what extent do you feel contented?,human_12,['Emotional']
PERMA7_4,HUMAN,To what extent do you feel contented?,human_13,['Emotional']
PERMA7_4,HUMAN,To what extent do you feel contented?,human_14,['Emotional']
PERMA7_4,HUMAN,To what extent do you feel contented?,human_15,['Emotional']
PERMA7_4,HUMAN,To what extent do you feel contented?,human_16,['Emotional']
PERMA7_4,HUMAN,To what extent do you feel contented?,human_17,['Emotional']
PERMA7_4,HUMAN,To what extent do you feel contented?,human_18,['Spiritual']
PERMA7_4,HUMAN,To what extent do you feel contented?,human_19,['Emotional']
PERMA7_4,HUMAN,To what extent do you feel contented?,human_20,['Emotional']
PERMA7_4,HUMAN,To what extent do you feel contented?,human_21,['Emotional']
PERMA7_4,HUMAN,To what extent do you feel contented?,human_22,['Emotional']
PERMA7_4,HUMAN,To what extent do you feel contented?,human_23,['Emotional']
PERMA7_4,HUMAN,To what extent do you feel contented?,human_24,['Emotional']
PERMA7_4,HUMAN,To what extent do you feel contented?,human_25,['Emotional']
PERMA7_4,HUMAN,To what extent do you feel contented?,human_26,['Spiritual']
PERMA7_4,HUMAN,To what extent do you feel contented?,human_27,['Emotional']
PERMA7_4,HUMAN,To what extent do you feel contented?,human_28,['Social']
PERMA8_1,HUMAN,"Taking all things together, how happy would you say you are?",human_01,['Emotional']
PERMA8_1,HUMAN,"Taking all things together, how happy would you say you are?",human_02,['Emotional']
PERMA8_1,HUMAN,"Taking all things together, how happy would you say you are?",human_03,['Emotional']
PERMA8_1,HUMAN,"Taking all things together, how happy would you say you are?",human_04,['Emotional']
PERMA8_1,HUMAN,"Taking all things together, how happy would you say you are?",human_05,['Emotional']
PERMA8_1,HUMAN,"Taking all things together, how happy would you say you are?",human_06,['Emotional']
PERMA8_1,HUMAN,"Taking all things together, how happy would you say you are?",human_07,['Emotional']
PERMA8_1,HUMAN,"Taking all things together, how happy would you say you are?",human_08,['Emotional']
PERMA8_1,HUMAN,"Taking all things together, how happy would you say you are?",human_09,['Emotional']
PERMA8_1,HUMAN,"Taking all things together, how happy would you say you are?",human_10,['Emotional']
PERMA8_1,HUMAN,"Taking all things together, how happy would you say you are?",human_11,['Emotional']
PERMA8_1,HUMAN,"Taking all things together, how happy would you say you are?",human_12,['Emotional']
PERMA8_1,HUMAN,"Taking all things together, how happy would you say you are?",human_13,['Emotional']
PERMA8_1,HUMAN,"Taking all things together, how happy would you say you are?",human_14,['Emotional']
PERMA8_1,HUMAN,"Taking all things together, how happy would you say you are?",human_15,['Emotional']
PERMA8_1,HUMAN,"Taking all things together, how happy would you say you are?",human_16,['Emotional']
PERMA8_1,HUMAN,"Taking all things together, how happy would you say you are?",human_17,['Emotional']
PERMA8_1,HUMAN,"Taking all things together, how happy would you say you are?",human_18,['Social']
PERMA8_1,HUMAN,"Taking all things together, how happy would you say you are?",human_19,['Emotional']
PERMA8_1,HUMAN,"Taking all things together, how happy would you say you are?",human_20,['Emotional']
PERMA8_1,HUMAN,"Taking all things together, how happy would you say you are?",human_21,['Emotional']
PERMA8_1,HUMAN,"Taking all things together, how happy would you say you are?",human_22,['Emotional']
PERMA8_1,HUMAN,"Taking all things together, how happy would you say you are?",human_23,['Emotional']
PERMA8_1,HUMAN,"Taking all things together, how happy would you say you are?",human_24,['Emotional']
PERMA8_1,HUMAN,"Taking all things together, how happy would you say you are?",human_25,['Emotional']
PERMA8_1,HUMAN,"Taking all things together, how happy would you say you are?",human_26,['Emotional']
PERMA8_1,HUMAN,"Taking all things together, how happy would you say you are?",human_27,['Emotional']
PERMA8_1,HUMAN,"Taking all things together, how happy would you say you are?",human_28,['Emotional']
PSS_1,HUMAN,"During the past month, what time have you usually gone to bed at night?",human_01,['Physical']
PSS_1,HUMAN,"During the past month, what time have you usually gone to bed at night?",human_02,['Physical']
PSS_1,HUMAN,"During the past month, what time have you usually gone to bed at night?",human_03,['Physical']
PSS_1,HUMAN,"During the past month, what time have you usually gone to bed at night?",human_04,['Physical']
PSS_1,HUMAN,"During the past month, what time have you usually gone to bed at night?",human_05,['Physical']
PSS_1,HUMAN,"During the past month, what time have you usually gone to bed at night?",human_06,['Physical']
PSS_1,HUMAN,"During the past month, what time have you usually gone to bed at night?",human_07,['Physical']
PSS_1,HUMAN,"During the past month, what time have you usually gone to bed at night?",human_08,['Physical']
PSS_1,HUMAN,"During the past month, what time have you usually gone to bed at night?",human_09,['Physical']
PSS_1,HUMAN,"During the past month, what time have you usually gone to bed at night?",human_10,['Physical']
PSS_1,HUMAN,"During the past month, what time have you usually gone to bed at night?",human_11,['Physical']
PSS_1,HUMAN,"During the past month, what time have you usually gone to bed at night?",human_12,['Physical']
PSS_1,HUMAN,"During the past month, what time have you usually gone to bed at night?",human_13,['Physical']
PSS_1,HUMAN,"During the past month, what time have you usually gone to bed at night?",human_14,['Physical']
PSS_1,HUMAN,"During the past month, what time have you usually gone to bed at night?",human_15,['Physical']
PSS_1,HUMAN,"During the past month, what time have you usually gone to bed at night?",human_16,['Physical']
PSS_1,HUMAN,"During the past month, what time have you usually gone to bed at night?",human_17,['Physical']
PSS_1,HUMAN,"During the past month, what time have you usually gone to bed at night?",human_18,['Spiritual']
PSS_1,HUMAN,"During the past month, what time have you usually gone to bed at night?",human_19,['Physical']
PSS_1,HUMAN,"During the past month, what time have you usually gone to bed at night?",human_20,['Physical']
PSS_1,HUMAN,"During the past month, what time have you usually gone to bed at night?",human_21,['Physical']
PSS_1,HUMAN,"During the past month, what time have you usually gone to bed at night?",human_22,['Physical']
PSS_1,HUMAN,"During the past month, what time have you usually gone to bed at night?",human_23,['Physical']
PSS_1,HUMAN,"During the past month, what time have you usually gone to bed at night?",human_24,['Physical']
PSS_1,HUMAN,"During the past month, what time have you usually gone to bed at night?",human_25,['Physical']
PSS_1,HUMAN,"During the past month, what time have you usually gone to bed at night?",human_26,['Physical']
PSS_1,HUMAN,"During the past month, what time have you usually gone to bed at night?",human_27,['Physical']
PSS_1,HUMAN,"During the past month, what time have you usually gone to bed at night?",human_28,['Physical']
PSS_2,HUMAN,"During the past month, how long (in minutes) has it usually taken you to fall asleep each night?",human_01,['Physical']
PSS_2,HUMAN,"During the past month, how long (in minutes) has it usually taken you to fall asleep each night?",human_02,['Physical']
PSS_2,HUMAN,"During the past month, how long (in minutes) has it usually taken you to fall asleep each night?",human_03,['Physical']
PSS_2,HUMAN,"During the past month, how long (in minutes) has it usually taken you to fall asleep each night?",human_04,['Physical']
PSS_2,HUMAN,"During the past month, how long (in minutes) has it usually taken you to fall asleep each night?",human_05,['Physical']
PSS_2,HUMAN,"During the past month, how long (in minutes) has it usually taken you to fall asleep each night?",human_06,['Physical']
PSS_2,HUMAN,"During the past month, how long (in minutes) has it usually taken you to fall asleep each night?",human_07,['Physical']
PSS_2,HUMAN,"During the past month, how long (in minutes) has it usually taken you to fall asleep each night?",human_08,['Physical']
PSS_2,HUMAN,"During the past month, how long (in minutes) has it usually taken you to fall asleep each night?",human_09,['Physical']
PSS_2,HUMAN,"During the past month, how long (in minutes) has it usually taken you to fall asleep each night?",human_10,['Physical']
PSS_2,HUMAN,"During the past month, how long (in minutes) has it usually taken you to fall asleep each night?",human_11,['Physical']
PSS_2,HUMAN,"During the past month, how long (in minutes) has it usually taken you to fall asleep each night?",human_13,['Physical']
PSS_2,HUMAN,"During the past month, how long (in minutes) has it usually taken you to fall asleep each night?",human_14,['Physical']
PSS_2,HUMAN,"During the past month, how long (in minutes) has it usually taken you to fall asleep each night?",human_15,['Physical']
PSS_2,HUMAN,"During the past month, how long (in minutes) has it usually taken you to fall asleep each night?",human_16,['Physical']
PSS_2,HUMAN,"During the past month, how long (in minutes) has it usually taken you to fall asleep each night?",human_17,['Physical']
PSS_2,HUMAN,"During the past month, how long (in minutes) has it usually taken you to fall asleep each night?",human_18,['Spiritual']
PSS_2,HUMAN,"During the past month, how long (in minutes) has it usually taken you to fall asleep each night?",human_19,['Physical']
PSS_2,HUMAN,"During the past month, how long (in minutes) has it usually taken you to fall asleep each night?",human_20,['Physical']
PSS_2,HUMAN,"During the past month, how long (in minutes) has it usually taken you to fall asleep each night?",human_21,['Physical']
PSS_2,HUMAN,"During the past month, how long (in minutes) has it usually taken you to fall asleep each night?",human_22,['Physical']
PSS_2,HUMAN,"During the past month, how long (in minutes) has it usually taken you to fall asleep each night?",human_23,['Physical']
PSS_2,HUMAN,"During the past month, how long (in minutes) has it usually taken you to fall asleep each night?",human_24,['Physical']
PSS_2,HUMAN,"During the past month, how long (in minutes) has it usually taken you to fall asleep each night?",human_25,['Physical']
PSS_2,HUMAN,"During the past month, how long (in minutes) has it usually taken you to fall asleep each night?",human_26,['Physical']
PSS_2,HUMAN,"During the past month, how long (in minutes) has it usually taken you to fall asleep each night?",human_27,['Physical']
PSS_2,HUMAN,"During the past month, how long (in minutes) has it usually taken you to fall asleep each night?",human_28,['Physical']
PSS_3,HUMAN,"During the past month, what time have you usually gotten up in the morning?",human_01,['Physical']
PSS_3,HUMAN,"During the past month, what time have you usually gotten up in the morning?",human_02,['Physical']
PSS_3,HUMAN,"During the past month, what time have you usually gotten up in the morning?",human_03,['Physical']
PSS_3,HUMAN,"During the past month, what time have you usually gotten up in the morning?",human_04,['Physical']
PSS_3,HUMAN,"During the past month, what time have you usually gotten up in the morning?",human_05,['Physical']
PSS_3,HUMAN,"During the past month, what time have you usually gotten up in the morning?",human_06,['Physical']
PSS_3,HUMAN,"During the past month, what time have you usually gotten up in the morning?",human_07,['Physical']
PSS_3,HUMAN,"During the past month, what time have you usually gotten up in the morning?",human_08,['Physical']
PSS_3,HUMAN,"During the past month, what time have you usually gotten up in the morning?",human_09,['Physical']
PSS_3,HUMAN,"During the past month, what time have you usually gotten up in the morning?",human_10,['Physical']
PSS_3,HUMAN,"During the past month, what time have you usually gotten up in the morning?",human_11,['Physical']
PSS_3,HUMAN,"During the past month, what time have you usually gotten up in the morning?",human_12,['Environmental']
PSS_3,HUMAN,"During the past month, what time have you usually gotten up in the morning?",human_13,['Physical']
PSS_3,HUMAN,"During the past month, what time have you usually gotten up in the morning?",human_14,['Physical']
PSS_3,HUMAN,"During the past month, what time have you usually gotten up in the morning?",human_15,['Physical']
PSS_3,HUMAN,"During the past month, what time have you usually gotten up in the morning?",human_16,['Environmental']
PSS_3,HUMAN,"During the past month, what time have you usually gotten up in the morning?",human_17,['Physical']
PSS_3,HUMAN,"During the past month, what time have you usually gotten up in the morning?",human_18,['Spiritual']
PSS_3,HUMAN,"During the past month, what time have you usually gotten up in the morning?",human_19,['Physical']
PSS_3,HUMAN,"During the past month, what time have you usually gotten up in the morning?",human_20,['Physical']
PSS_3,HUMAN,"During the past month, what time have you usually gotten up in the morning?",human_21,['Physical']
PSS_3,HUMAN,"During the past month, what time have you usually gotten up in the morning?",human_22,['Physical']
PSS_3,HUMAN,"During the past month, what time have you usually gotten up in the morning?",human_23,['Environmental']
PSS_3,HUMAN,"During the past month, what time have you usually gotten up in the morning?",human_24,['Physical']
PSS_3,HUMAN,"During the past month, what time have you usually gotten up in the morning?",human_25,['Physical']
PSS_3,HUMAN,"During the past month, what time have you usually gotten up in the morning?",human_26,['Physical']
PSS_3,HUMAN,"During the past month, what time have you usually gotten up in the morning?",human_27,['Physical']
PSS_3,HUMAN,"During the past month, what time have you usually gotten up in the morning?",human_28,['Physical']
PSS_4,HUMAN,"During the past month, how many hours of actual sleep did you get at night?",human_01,['Physical']
PSS_4,HUMAN,"During the past month, how many hours of actual sleep did you get at night?",human_02,['Physical']
PSS_4,HUMAN,"During the past month, how many hours of actual sleep did you get at night?",human_03,['Physical']
PSS_4,HUMAN,"During the past month, how many hours of actual sleep did you get at night?",human_04,['Physical']
PSS_4,HUMAN,"During the past month, how many hours of actual sleep did you get at night?",human_05,['Physical']
PSS_4,HUMAN,"During the past month, how many hours of actual sleep did you get at night?",human_06,['Physical']
PSS_4,HUMAN,"During the past month, how many hours of actual sleep did you get at night?",human_07,['Physical']
PSS_4,HUMAN,"During the past month, how many hours of actual sleep did you get at night?",human_08,['Physical']
PSS_4,HUMAN,"During the past month, how many hours of actual sleep did you get at night?",human_09,['Physical']
PSS_4,HUMAN,"During the past month, how many hours of actual sleep did you get at night?",human_10,['Physical']
PSS_4,HUMAN,"During the past month, how many hours of actual sleep did you get at night?",human_11,['Physical']
PSS_4,HUMAN,"During the past month, how many hours of actual sleep did you get at night?",human_12,['Physical']
PSS_4,HUMAN,"During the past month, how many hours of actual sleep did you get at night?",human_13,['Physical']
PSS_4,HUMAN,"During the past month, how many hours of actual sleep did you get at night?",human_14,['Physical']
PSS_4,HUMAN,"During the past month, how many hours of actual sleep did you get at night?",human_15,['Physical']
PSS_4,HUMAN,"During the past month, how many hours of actual sleep did you get at night?",human_16,['Physical']
PSS_4,HUMAN,"During the past month, how many hours of actual sleep did you get at night?",human_17,['Physical']
PSS_4,HUMAN,"During the past month, how many hours of actual sleep did you get at night?",human_18,['Emotional']
PSS_4,HUMAN,"During the past month, how many hours of actual sleep did you get at night?",human_19,['Physical']
PSS_4,HUMAN,"During the past month, how many hours of actual sleep did you get at night?",human_20,['Physical']
PSS_4,HUMAN,"During the past month, how many hours of actual sleep did you get at night?",human_21,['Physical']
PSS_4,HUMAN,"During the past month, how many hours of actual sleep did you get at night?",human_22,['Physical']
PSS_4,HUMAN,"During the past month, how many hours of actual sleep did you get at night?",human_23,['Spiritual']
PSS_4,HUMAN,"During the past month, how many hours of actual sleep did you get at night?",human_24,['Physical']
PSS_4,HUMAN,"During the past month, how many hours of actual sleep did you get at night?",human_25,['Physical']
PSS_4,HUMAN,"During the past month, how many hours of actual sleep did you get at night?",human_26,['Physical']
PSS_4,HUMAN,"During the past month, how many hours of actual sleep did you get at night?",human_27,['Physical']
PSS_4,HUMAN,"During the past month, how many hours of actual sleep did you get at night?",human_28,['Physical']
PSS_5_1,HUMAN,"During the past month, how often have you had trouble sleeping because you cannot get to sleep within 30 minutes?",human_01,['Physical']
PSS_5_1,HUMAN,"During the past month, how often have you had trouble sleeping because you cannot get to sleep within 30 minutes?",human_02,['Physical']
PSS_5_1,HUMAN,"During the past month, how often have you had trouble sleeping because you cannot get to sleep within 30 minutes?",human_03,['Physical']
PSS_5_1,HUMAN,"During the past month, how often have you had trouble sleeping because you cannot get to sleep within 30 minutes?",human_04,['Physical']
PSS_5_1,HUMAN,"During the past month, how often have you had trouble sleeping because you cannot get to sleep within 30 minutes?",human_05,['Physical']
PSS_5_1,HUMAN,"During the past month, how often have you had trouble sleeping because you cannot get to sleep within 30 minutes?",human_06,['Emotional']
PSS_5_1,HUMAN,"During the past month, how often have you had trouble sleeping because you cannot get to sleep within 30 minutes?",human_07,['Physical']
PSS_5_1,HUMAN,"During the past month, how often have you had trouble sleeping because you cannot get to sleep within 30 minutes?",human_08,['Environmental']
PSS_5_1,HUMAN,"During the past month, how often have you had trouble sleeping because you cannot get to sleep within 30 minutes?",human_09,['Physical']
PSS_5_1,HUMAN,"During the past month, how often have you had trouble sleeping because you cannot get to sleep within 30 minutes?",human_10,['Physical']
PSS_5_1,HUMAN,"During the past month, how often have you had trouble sleeping because you cannot get to sleep within 30 minutes?",human_11,['Physical']
PSS_5_1,HUMAN,"During the past month, how often have you had trouble sleeping because you cannot get to sleep within 30 minutes?",human_12,['Physical']
PSS_5_1,HUMAN,"During the past month, how often have you had trouble sleeping because you cannot get to sleep within 30 minutes?",human_13,['Physical']
PSS_5_1,HUMAN,"During the past month, how often have you had trouble sleeping because you cannot get to sleep within 30 minutes?",human_14,['Physical']
PSS_5_1,HUMAN,"During the past month, how often have you had trouble sleeping because you cannot get to sleep within 30 minutes?",human_15,['Physical']
PSS_5_1,HUMAN,"During the past month, how often have you had trouble sleeping because you cannot get to sleep within 30 minutes?",human_16,['Physical']
PSS_5_1,HUMAN,"During the past month, how often have you had trouble sleeping because you cannot get to sleep within 30 minutes?",human_17,['Physical']
PSS_5_1,HUMAN,"During the past month, how often have you had trouble sleeping because you cannot get to sleep within 30 minutes?",human_18,['Spiritual']
PSS_5_1,HUMAN,"During the past month, how often have you had trouble sleeping because you cannot get to sleep within 30 minutes?",human_19,['Physical']
PSS_5_1,HUMAN,"During the past month, how often have you had trouble sleeping because you cannot get to sleep within 30 minutes?",human_20,['Physical']
PSS_5_1,HUMAN,"During the past month, how often have you had trouble sleeping because you cannot get to sleep within 30 minutes?",human_21,['Physical']
PSS_5_1,HUMAN,"During the past month, how often have you had trouble sleeping because you cannot get to sleep within 30 minutes?",human_22,['Physical']
PSS_5_1,HUMAN,"During the past month, how often have you had trouble sleeping because you cannot get to sleep within 30 minutes?",human_23,['Environmental']
PSS_5_1,HUMAN,"During the past month, how often have you had trouble sleeping because you cannot get to sleep within 30 minutes?",human_24,['Physical']
PSS_5_1,HUMAN,"During the past month, how often have you had trouble sleeping because you cannot get to sleep within 30 minutes?",human_25,['Physical']
PSS_5_1,HUMAN,"During the past month, how often have you had trouble sleeping because you cannot get to sleep within 30 minutes?",human_26,['Physical']
PSS_5_1,HUMAN,"During the past month, how often have you had trouble sleeping because you cannot get to sleep within 30 minutes?",human_27,['Physical']
PSS_5_1,HUMAN,"During the past month, how often have you had trouble sleeping because you cannot get to sleep within 30 minutes?",human_28,['Physical']
PSS_5_2,HUMAN,"During the past month, how often have you had trouble sleeping because you wake up in the middle of the night or early morning?",human_01,['Physical']
PSS_5_2,HUMAN,"During the past month, how often have you had trouble sleeping because you wake up in the middle of the night or early morning?",human_02,['Physical']
PSS_5_2,HUMAN,"During the past month, how often have you had trouble sleeping because you wake up in the middle of the night or early morning?",human_03,['Physical']
PSS_5_2,HUMAN,"During the past month, how often have you had trouble sleeping because you wake up in the middle of the night or early morning?",human_04,['Physical']
PSS_5_2,HUMAN,"During the past month, how often have you had trouble sleeping because you wake up in the middle of the night or early morning?",human_05,['Physical']
PSS_5_2,HUMAN,"During the past month, how often have you had trouble sleeping because you wake up in the middle of the night or early morning?",human_06,['Physical']
PSS_5_2,HUMAN,"During the past month, how often have you had trouble sleeping because you wake up in the middle of the night or early morning?",human_07,['Physical']
PSS_5_2,HUMAN,"During the past month, how often have you had trouble sleeping because you wake up in the middle of the night or early morning?",human_08,['Environmental']
PSS_5_2,HUMAN,"During the past month, how often have you had trouble sleeping because you wake up in the middle of the night or early morning?",human_09,['Physical']
PSS_5_2,HUMAN,"During the past month, how often have you had trouble sleeping because you wake up in the middle of the night or early morning?",human_10,['Physical']
PSS_5_2,HUMAN,"During the past month, how often have you had trouble sleeping because you wake up in the middle of the night or early morning?",human_11,['Physical']
PSS_5_2,HUMAN,"During the past month, how often have you had trouble sleeping because you wake up in the middle of the night or early morning?",human_12,['Intellectual']
PSS_5_2,HUMAN,"During the past month, how often have you had trouble sleeping because you wake up in the middle of the night or early morning?",human_13,['Physical']
PSS_5_2,HUMAN,"During the past month, how often have you had trouble sleeping because you wake up in the middle of the night or early morning?",human_14,['Physical']
PSS_5_2,HUMAN,"During the past month, how often have you had trouble sleeping because you wake up in the middle of the night or early morning?",human_15,['Physical']
PSS_5_2,HUMAN,"During the past month, how often have you had trouble sleeping because you wake up in the middle of the night or early morning?",human_16,['Physical']
PSS_5_2,HUMAN,"During the past month, how often have you had trouble sleeping because you wake up in the middle of the night or early morning?",human_17,['Physical']
PSS_5_2,HUMAN,"During the past month, how often have you had trouble sleeping because you wake up in the middle of the night or early morning?",human_18,['Physical']
PSS_5_2,HUMAN,"During the past month, how often have you had trouble sleeping because you wake up in the middle of the night or early morning?",human_19,['Physical']
PSS_5_2,HUMAN,"During the past month, how often have you had trouble sleeping because you wake up in the middle of the night or early morning?",human_20,['Physical']
PSS_5_2,HUMAN,"During the past month, how often have you had trouble sleeping because you wake up in the middle of the night or early morning?",human_21,['Physical']
PSS_5_2,HUMAN,"During the past month, how often have you had trouble sleeping because you wake up in the middle of the night or early morning?",human_22,['Physical']
PSS_5_2,HUMAN,"During the past month, how often have you had trouble sleeping because you wake up in the middle of the night or early morning?",human_23,['Environmental']
PSS_5_2,HUMAN,"During the past month, how often have you had trouble sleeping because you wake up in the middle of the night or early morning?",human_24,['Physical']
PSS_5_2,HUMAN,"During the past month, how often have you had trouble sleeping because you wake up in the middle of the night or early morning?",human_25,['Physical']
PSS_5_2,HUMAN,"During the past month, how often have you had trouble sleeping because you wake up in the middle of the night or early morning?",human_26,['Physical']
PSS_5_2,HUMAN,"During the past month, how often have you had trouble sleeping because you wake up in the middle of the night or early morning?",human_27,['Physical']
PSS_5_2,HUMAN,"During the past month, how often have you had trouble sleeping because you wake up in the middle of the night or early morning?",human_28,['Emotional']
PSS_5_3,HUMAN,"During the past month, how often have you had trouble sleeping because you have to get up to use the bathroom?",human_01,['Physical']
PSS_5_3,HUMAN,"During the past month, how often have you had trouble sleeping because you have to get up to use the bathroom?",human_02,['Physical']
PSS_5_3,HUMAN,"During the past month, how often have you had trouble sleeping because you have to get up to use the bathroom?",human_03,['Physical']
PSS_5_3,HUMAN,"During the past month, how often have you had trouble sleeping because you have to get up to use the bathroom?",human_04,['Physical']
PSS_5_3,HUMAN,"During the past month, how often have you had trouble sleeping because you have to get up to use the bathroom?",human_05,['Physical']
PSS_5_3,HUMAN,"During the past month, how often have you had trouble sleeping because you have to get up to use the bathroom?",human_06,['Physical']
PSS_5_3,HUMAN,"During the past month, how often have you had trouble sleeping because you have to get up to use the bathroom?",human_07,['Physical']
PSS_5_3,HUMAN,"During the past month, how often have you had trouble sleeping because you have to get up to use the bathroom?",human_08,['Environmental']
PSS_5_3,HUMAN,"During the past month, how often have you had trouble sleeping because you have to get up to use the bathroom?",human_09,['Physical']
PSS_5_3,HUMAN,"During the past month, how often have you had trouble sleeping because you have to get up to use the bathroom?",human_10,['Physical']
PSS_5_3,HUMAN,"During the past month, how often have you had trouble sleeping because you have to get up to use the bathroom?",human_11,['Physical']
PSS_5_3,HUMAN,"During the past month, how often have you had trouble sleeping because you have to get up to use the bathroom?",human_12,['Physical']
PSS_5_3,HUMAN,"During the past month, how often have you had trouble sleeping because you have to get up to use the bathroom?",human_13,['Physical']
PSS_5_3,HUMAN,"During the past month, how often have you had trouble sleeping because you have to get up to use the bathroom?",human_14,['Physical']
PSS_5_3,HUMAN,"During the past month, how often have you had trouble sleeping because you have to get up to use the bathroom?",human_15,['Physical']
PSS_5_3,HUMAN,"During the past month, how often have you had trouble sleeping because you have to get up to use the bathroom?",human_16,['Physical']
PSS_5_3,HUMAN,"During the past month, how often have you had trouble sleeping because you have to get up to use the bathroom?",human_17,['Physical']
PSS_5_3,HUMAN,"During the past month, how often have you had trouble sleeping because you have to get up to use the bathroom?",human_18,['Environmental']
PSS_5_3,HUMAN,"During the past month, how often have you had trouble sleeping because you have to get up to use the bathroom?",human_19,['Physical']
PSS_5_3,HUMAN,"During the past month, how often have you had trouble sleeping because you have to get up to use the bathroom?",human_20,['Physical']
PSS_5_3,HUMAN,"During the past month, how often have you had trouble sleeping because you have to get up to use the bathroom?",human_21,['Physical']
PSS_5_3,HUMAN,"During the past month, how often have you had trouble sleeping because you have to get up to use the bathroom?",human_22,['Physical']
PSS_5_3,HUMAN,"During the past month, how often have you had trouble sleeping because you have to get up to use the bathroom?",human_23,['Physical']
PSS_5_3,HUMAN,"During the past month, how often have you had trouble sleeping because you have to get up to use the bathroom?",human_24,['Physical']
PSS_5_3,HUMAN,"During the past month, how often have you had trouble sleeping because you have to get up to use the bathroom?",human_25,['Physical']
PSS_5_3,HUMAN,"During the past month, how often have you had trouble sleeping because you have to get up to use the bathroom?",human_26,['Physical']
PSS_5_3,HUMAN,"During the past month, how often have you had trouble sleeping because you have to get up to use the bathroom?",human_27,['Physical']
PSS_5_3,HUMAN,"During the past month, how often have you had trouble sleeping because you have to get up to use the bathroom?",human_28,['Emotional']
PSS_5_4,HUMAN,"During the past month, how often have you had trouble sleeping because you cannot breathe comfortably?",human_01,['Emotional']
PSS_5_4,HUMAN,"During the past month, how often have you had trouble sleeping because you cannot breathe comfortably?",human_02,['Physical']
PSS_5_4,HUMAN,"During the past month, how often have you had trouble sleeping because you cannot breathe comfortably?",human_03,['Physical']
PSS_5_4,HUMAN,"During the past month, how often have you had trouble sleeping because you cannot breathe comfortably?",human_04,['Physical']
PSS_5_4,HUMAN,"During the past month, how often have you had trouble sleeping because you cannot breathe comfortably?",human_05,['Physical']
PSS_5_4,HUMAN,"During the past month, how often have you had trouble sleeping because you cannot breathe comfortably?",human_06,['Physical']
PSS_5_4,HUMAN,"During the past month, how often have you had trouble sleeping because you cannot breathe comfortably?",human_07,['Physical']
PSS_5_4,HUMAN,"During the past month, how often have you had trouble sleeping because you cannot breathe comfortably?",human_08,['Physical']
PSS_5_4,HUMAN,"During the past month, how often have you had trouble sleeping because you cannot breathe comfortably?",human_09,['Physical']
PSS_5_4,HUMAN,"During the past month, how often have you had trouble sleeping because you cannot breathe comfortably?",human_10,['Physical']
PSS_5_4,HUMAN,"During the past month, how often have you had trouble sleeping because you cannot breathe comfortably?",human_11,['Physical']
PSS_5_4,HUMAN,"During the past month, how often have you had trouble sleeping because you cannot breathe comfortably?",human_12,['Physical']
PSS_5_4,HUMAN,"During the past month, how often have you had trouble sleeping because you cannot breathe comfortably?",human_13,['Physical']
PSS_5_4,HUMAN,"During the past month, how often have you had trouble sleeping because you cannot breathe comfortably?",human_14,['Physical']
PSS_5_4,HUMAN,"During the past month, how often have you had trouble sleeping because you cannot breathe comfortably?",human_15,['Physical']
PSS_5_4,HUMAN,"During the past month, how often have you had trouble sleeping because you cannot breathe comfortably?",human_16,['Physical']
PSS_5_4,HUMAN,"During the past month, how often have you had trouble sleeping because you cannot breathe comfortably?",human_17,['Physical']
PSS_5_4,HUMAN,"During the past month, how often have you had trouble sleeping because you cannot breathe comfortably?",human_18,['Emotional']
PSS_5_4,HUMAN,"During the past month, how often have you had trouble sleeping because you cannot breathe comfortably?",human_19,['Physical']
PSS_5_4,HUMAN,"During the past month, how often have you had trouble sleeping because you cannot breathe comfortably?",human_20,['Physical']
PSS_5_4,HUMAN,"During the past month, how often have you had trouble sleeping because you cannot breathe comfortably?",human_21,['Physical']
PSS_5_4,HUMAN,"During the past month, how often have you had trouble sleeping because you cannot breathe comfortably?",human_22,['Physical']
PSS_5_4,HUMAN,"During the past month, how often have you had trouble sleeping because you cannot breathe comfortably?",human_23,['Physical']
PSS_5_4,HUMAN,"During the past month, how often have you had trouble sleeping because you cannot breathe comfortably?",human_24,['Physical']
PSS_5_4,HUMAN,"During the past month, how often have you had trouble sleeping because you cannot breathe comfortably?",human_25,['Physical']
PSS_5_4,HUMAN,"During the past month, how often have you had trouble sleeping because you cannot breathe comfortably?",human_26,['Physical']
PSS_5_4,HUMAN,"During the past month, how often have you had trouble sleeping because you cannot breathe comfortably?",human_27,['Physical']
PSS_5_4,HUMAN,"During the past month, how often have you had trouble sleeping because you cannot breathe comfortably?",human_28,['Physical']
PSS_5_5,HUMAN,"During the past month, how often have you had trouble sleeping because you cough or snore loudly?",human_01,['Physical']
PSS_5_5,HUMAN,"During the past month, how often have you had trouble sleeping because you cough or snore loudly?",human_02,['Physical']
PSS_5_5,HUMAN,"During the past month, how often have you had trouble sleeping because you cough or snore loudly?",human_03,['Physical']
PSS_5_5,HUMAN,"During the past month, how often have you had trouble sleeping because you cough or snore loudly?",human_04,['Physical']
PSS_5_5,HUMAN,"During the past month, how often have you had trouble sleeping because you cough or snore loudly?",human_05,['Physical']
PSS_5_5,HUMAN,"During the past month, how often have you had trouble sleeping because you cough or snore loudly?",human_06,['Physical']
PSS_5_5,HUMAN,"During the past month, how often have you had trouble sleeping because you cough or snore loudly?",human_07,['Physical']
PSS_5_5,HUMAN,"During the past month, how often have you had trouble sleeping because you cough or snore loudly?",human_08,['Physical']
PSS_5_5,HUMAN,"During the past month, how often have you had trouble sleeping because you cough or snore loudly?",human_09,['Physical']
PSS_5_5,HUMAN,"During the past month, how often have you had trouble sleeping because you cough or snore loudly?",human_10,['Physical']
PSS_5_5,HUMAN,"During the past month, how often have you had trouble sleeping because you cough or snore loudly?",human_11,['Physical']
PSS_5_5,HUMAN,"During the past month, how often have you had trouble sleeping because you cough or snore loudly?",human_12,['Physical']
PSS_5_5,HUMAN,"During the past month, how often have you had trouble sleeping because you cough or snore loudly?",human_13,['Physical']
PSS_5_5,HUMAN,"During the past month, how often have you had trouble sleeping because you cough or snore loudly?",human_14,['Physical']
PSS_5_5,HUMAN,"During the past month, how often have you had trouble sleeping because you cough or snore loudly?",human_15,['Physical']
PSS_5_5,HUMAN,"During the past month, how often have you had trouble sleeping because you cough or snore loudly?",human_16,['Physical']
PSS_5_5,HUMAN,"During the past month, how often have you had trouble sleeping because you cough or snore loudly?",human_17,['Physical']
PSS_5_5,HUMAN,"During the past month, how often have you had trouble sleeping because you cough or snore loudly?",human_18,['Environmental']
PSS_5_5,HUMAN,"During the past month, how often have you had trouble sleeping because you cough or snore loudly?",human_19,['Physical']
PSS_5_5,HUMAN,"During the past month, how often have you had trouble sleeping because you cough or snore loudly?",human_20,['Physical']
PSS_5_5,HUMAN,"During the past month, how often have you had trouble sleeping because you cough or snore loudly?",human_21,['Physical']
PSS_5_5,HUMAN,"During the past month, how often have you had trouble sleeping because you cough or snore loudly?",human_22,['Physical']
PSS_5_5,HUMAN,"During the past month, how often have you had trouble sleeping because you cough or snore loudly?",human_23,['Physical']
PSS_5_5,HUMAN,"During the past month, how often have you had trouble sleeping because you cough or snore loudly?",human_24,['Physical']
PSS_5_5,HUMAN,"During the past month, how often have you had trouble sleeping because you cough or snore loudly?",human_25,['Physical']
PSS_5_5,HUMAN,"During the past month, how often have you had trouble sleeping because you cough or snore loudly?",human_26,['Physical']
PSS_5_5,HUMAN,"During the past month, how often have you had trouble sleeping because you cough or snore loudly?",human_27,['Physical']
PSS_5_5,HUMAN,"During the past month, how often have you had trouble sleeping because you cough or snore loudly?",human_28,['Physical']
PSS_5_6,HUMAN,"During the past month, how often have you had trouble sleeping because you feel too cold?",human_01,['Physical']
PSS_5_6,HUMAN,"During the past month, how often have you had trouble sleeping because you feel too cold?",human_02,['Physical']
PSS_5_6,HUMAN,"During the past month, how often have you had trouble sleeping because you feel too cold?",human_03,['Physical']
PSS_5_6,HUMAN,"During the past month, how often have you had trouble sleeping because you feel too cold?",human_04,['Physical']
PSS_5_6,HUMAN,"During the past month, how often have you had trouble sleeping because you feel too cold?",human_05,['Physical']
PSS_5_6,HUMAN,"During the past month, how often have you had trouble sleeping because you feel too cold?",human_06,['Physical']
PSS_5_6,HUMAN,"During the past month, how often have you had trouble sleeping because you feel too cold?",human_07,['Physical']
PSS_5_6,HUMAN,"During the past month, how often have you had trouble sleeping because you feel too cold?",human_08,['Environmental']
PSS_5_6,HUMAN,"During the past month, how often have you had trouble sleeping because you feel too cold?",human_09,['Physical']
PSS_5_6,HUMAN,"During the past month, how often have you had trouble sleeping because you feel too cold?",human_10,['Physical']
PSS_5_6,HUMAN,"During the past month, how often have you had trouble sleeping because you feel too cold?",human_11,['Physical']
PSS_5_6,HUMAN,"During the past month, how often have you had trouble sleeping because you feel too cold?",human_12,['Environmental']
PSS_5_6,HUMAN,"During the past month, how often have you had trouble sleeping because you feel too cold?",human_13,['Physical']
PSS_5_6,HUMAN,"During the past month, how often have you had trouble sleeping because you feel too cold?",human_14,['Physical']
PSS_5_6,HUMAN,"During the past month, how often have you had trouble sleeping because you feel too cold?",human_15,['Physical']
PSS_5_6,HUMAN,"During the past month, how often have you had trouble sleeping because you feel too cold?",human_16,['Physical']
PSS_5_6,HUMAN,"During the past month, how often have you had trouble sleeping because you feel too cold?",human_17,['Physical']
PSS_5_6,HUMAN,"During the past month, how often have you had trouble sleeping because you feel too cold?",human_18,['Emotional']
PSS_5_6,HUMAN,"During the past month, how often have you had trouble sleeping because you feel too cold?",human_19,['Physical']
PSS_5_6,HUMAN,"During the past month, how often have you had trouble sleeping because you feel too cold?",human_20,['Physical']
PSS_5_6,HUMAN,"During the past month, how often have you had trouble sleeping because you feel too cold?",human_21,['Physical']
PSS_5_6,HUMAN,"During the past month, how often have you had trouble sleeping because you feel too cold?",human_22,['Physical']
PSS_5_6,HUMAN,"During the past month, how often have you had trouble sleeping because you feel too cold?",human_23,['Physical']
PSS_5_6,HUMAN,"During the past month, how often have you had trouble sleeping because you feel too cold?",human_24,['Physical']
PSS_5_6,HUMAN,"During the past month, how often have you had trouble sleeping because you feel too cold?",human_25,['Physical']
PSS_5_6,HUMAN,"During the past month, how often have you had trouble sleeping because you feel too cold?",human_26,['Physical']
PSS_5_6,HUMAN,"During the past month, how often have you had trouble sleeping because you feel too cold?",human_27,['Physical']
PSS_5_6,HUMAN,"During the past month, how often have you had trouble sleeping because you feel too cold?",human_28,['Physical']
PSS_5_7,HUMAN,"During the past month, how often have you had trouble sleeping because you feel too hot?",human_01,['Physical']
PSS_5_7,HUMAN,"During the past month, how often have you had trouble sleeping because you feel too hot?",human_02,['Physical']
PSS_5_7,HUMAN,"During the past month, how often have you had trouble sleeping because you feel too hot?",human_03,['Physical']
PSS_5_7,HUMAN,"During the past month, how often have you had trouble sleeping because you feel too hot?",human_04,['Physical']
PSS_5_7,HUMAN,"During the past month, how often have you had trouble sleeping because you feel too hot?",human_05,['Physical']
PSS_5_7,HUMAN,"During the past month, how often have you had trouble sleeping because you feel too hot?",human_06,['Physical']
PSS_5_7,HUMAN,"During the past month, how often have you had trouble sleeping because you feel too hot?",human_07,['Physical']
PSS_5_7,HUMAN,"During the past month, how often have you had trouble sleeping because you feel too hot?",human_08,['Environmental']
PSS_5_7,HUMAN,"During the past month, how often have you had trouble sleeping because you feel too hot?",human_09,['Physical']
PSS_5_7,HUMAN,"During the past month, how often have you had trouble sleeping because you feel too hot?",human_10,['Physical']
PSS_5_7,HUMAN,"During the past month, how often have you had trouble sleeping because you feel too hot?",human_11,['Physical']
PSS_5_7,HUMAN,"During the past month, how often have you had trouble sleeping because you feel too hot?",human_12,['Environmental']
PSS_5_7,HUMAN,"During the past month, how often have you had trouble sleeping because you feel too hot?",human_13,['Physical']
PSS_5_7,HUMAN,"During the past month, how often have you had trouble sleeping because you feel too hot?",human_14,['Physical']
PSS_5_7,HUMAN,"During the past month, how often have you had trouble sleeping because you feel too hot?",human_15,['Physical']
PSS_5_7,HUMAN,"During the past month, how often have you had trouble sleeping because you feel too hot?",human_16,['Physical']
PSS_5_7,HUMAN,"During the past month, how often have you had trouble sleeping because you feel too hot?",human_17,['Physical']
PSS_5_7,HUMAN,"During the past month, how often have you had trouble sleeping because you feel too hot?",human_18,['Emotional']
PSS_5_7,HUMAN,"During the past month, how often have you had trouble sleeping because you feel too hot?",human_19,['Physical']
PSS_5_7,HUMAN,"During the past month, how often have you had trouble sleeping because you feel too hot?",human_20,['Physical']
PSS_5_7,HUMAN,"During the past month, how often have you had trouble sleeping because you feel too hot?",human_21,['Physical']
PSS_5_7,HUMAN,"During the past month, how often have you had trouble sleeping because you feel too hot?",human_22,['Physical']
PSS_5_7,HUMAN,"During the past month, how often have you had trouble sleeping because you feel too hot?",human_23,['Physical']
PSS_5_7,HUMAN,"During the past month, how often have you had trouble sleeping because you feel too hot?",human_24,['Physical']
PSS_5_7,HUMAN,"During the past month, how often have you had trouble sleeping because you feel too hot?",human_25,['Physical']
PSS_5_7,HUMAN,"During the past month, how often have you had trouble sleeping because you feel too hot?",human_26,['Physical']
PSS_5_7,HUMAN,"During the past month, how often have you had trouble sleeping because you feel too hot?",human_27,['Physical']
PSS_5_7,HUMAN,"During the past month, how often have you had trouble sleeping because you feel too hot?",human_28,['Physical']
PSS_5_8,HUMAN,"During the past month, how often have you had trouble sleeping because you have bad dreams?",human_01,['Physical']
PSS_5_8,HUMAN,"During the past month, how often have you had trouble sleeping because you have bad dreams?",human_02,['Physical']
PSS_5_8,HUMAN,"During the past month, how often have you had trouble sleeping because you have bad dreams?",human_03,['Emotional']
PSS_5_8,HUMAN,"During the past month, how often have you had trouble sleeping because you have bad dreams?",human_04,['Physical']
PSS_5_8,HUMAN,"During the past month, how often have you had trouble sleeping because you have bad dreams?",human_05,['Physical']
PSS_5_8,HUMAN,"During the past month, how often have you had trouble sleeping because you have bad dreams?",human_06,['Emotional']
PSS_5_8,HUMAN,"During the past month, how often have you had trouble sleeping because you have bad dreams?",human_07,['Emotional']
PSS_5_8,HUMAN,"During the past month, how often have you had trouble sleeping because you have bad dreams?",human_08,['Emotional']
PSS_5_8,HUMAN,"During the past month, how often have you had trouble sleeping because you have bad dreams?",human_09,['Physical']
PSS_5_8,HUMAN,"During the past month, how often have you had trouble sleeping because you have bad dreams?",human_10,['Physical']
PSS_5_8,HUMAN,"During the past month, how often have you had trouble sleeping because you have bad dreams?",human_11,['Physical']
PSS_5_8,HUMAN,"During the past month, how often have you had trouble sleeping because you have bad dreams?",human_12,['Intellectual']
PSS_5_8,HUMAN,"During the past month, how often have you had trouble sleeping because you have bad dreams?",human_13,['Emotional']
PSS_5_8,HUMAN,"During the past month, how often have you had trouble sleeping because you have bad dreams?",human_14,['Emotional']
PSS_5_8,HUMAN,"During the past month, how often have you had trouble sleeping because you have bad dreams?",human_15,['Physical']
PSS_5_8,HUMAN,"During the past month, how often have you had trouble sleeping because you have bad dreams?",human_16,['Emotional']
PSS_5_8,HUMAN,"During the past month, how often have you had trouble sleeping because you have bad dreams?",human_17,['Physical']
PSS_5_8,HUMAN,"During the past month, how often have you had trouble sleeping because you have bad dreams?",human_18,['Environmental']
PSS_5_8,HUMAN,"During the past month, how often have you had trouble sleeping because you have bad dreams?",human_19,['Physical']
PSS_5_8,HUMAN,"During the past month, how often have you had trouble sleeping because you have bad dreams?",human_20,['Physical']
PSS_5_8,HUMAN,"During the past month, how often have you had trouble sleeping because you have bad dreams?",human_21,['Physical']
PSS_5_8,HUMAN,"During the past month, how often have you had trouble sleeping because you have bad dreams?",human_22,['Emotional']
PSS_5_8,HUMAN,"During the past month, how often have you had trouble sleeping because you have bad dreams?",human_23,['Emotional']
PSS_5_8,HUMAN,"During the past month, how often have you had trouble sleeping because you have bad dreams?",human_24,['Physical']
PSS_5_8,HUMAN,"During the past month, how often have you had trouble sleeping because you have bad dreams?",human_25,['Physical']
PSS_5_8,HUMAN,"During the past month, how often have you had trouble sleeping because you have bad dreams?",human_26,['Physical']
PSS_5_8,HUMAN,"During the past month, how often have you had trouble sleeping because you have bad dreams?",human_27,['Emotional']
PSS_5_8,HUMAN,"During the past month, how often have you had trouble sleeping because you have bad dreams?",human_28,['Physical']
PSS_5_9,HUMAN,"During the past month, how often have you had trouble sleeping because you have pain?",human_01,['Physical']
PSS_5_9,HUMAN,"During the past month, how often have you had trouble sleeping because you have pain?",human_02,['Physical']
PSS_5_9,HUMAN,"During the past month, how often have you had trouble sleeping because you have pain?",human_03,['Physical']
PSS_5_9,HUMAN,"During the past month, how often have you had trouble sleeping because you have pain?",human_04,['Physical']
PSS_5_9,HUMAN,"During the past month, how often have you had trouble sleeping because you have pain?",human_05,['Physical']
PSS_5_9,HUMAN,"During the past month, how often have you had trouble sleeping because you have pain?",human_06,['Physical']
PSS_5_9,HUMAN,"During the past month, how often have you had trouble sleeping because you have pain?",human_07,['Physical']
PSS_5_9,HUMAN,"During the past month, how often have you had trouble sleeping because you have pain?",human_08,['Physical']
PSS_5_9,HUMAN,"During the past month, how often have you had trouble sleeping because you have pain?",human_09,['Physical']
PSS_5_9,HUMAN,"During the past month, how often have you had trouble sleeping because you have pain?",human_10,['Physical']
PSS_5_9,HUMAN,"During the past month, how often have you had trouble sleeping because you have pain?",human_11,['Physical']
PSS_5_9,HUMAN,"During the past month, how often have you had trouble sleeping because you have pain?",human_12,['Physical']
PSS_5_9,HUMAN,"During the past month, how often have you had trouble sleeping because you have pain?",human_13,['Physical']
PSS_5_9,HUMAN,"During the past month, how often have you had trouble sleeping because you have pain?",human_14,['Physical']
PSS_5_9,HUMAN,"During the past month, how often have you had trouble sleeping because you have pain?",human_15,['Physical']
PSS_5_9,HUMAN,"During the past month, how often have you had trouble sleeping because you have pain?",human_16,['Physical']
PSS_5_9,HUMAN,"During the past month, how often have you had trouble sleeping because you have pain?",human_17,['Physical']
PSS_5_9,HUMAN,"During the past month, how often have you had trouble sleeping because you have pain?",human_18,['Spiritual']
PSS_5_9,HUMAN,"During the past month, how often have you had trouble sleeping because you have pain?",human_19,['Physical']
PSS_5_9,HUMAN,"During the past month, how often have you had trouble sleeping because you have pain?",human_20,['Physical']
PSS_5_9,HUMAN,"During the past month, how often have you had trouble sleeping because you have pain?",human_21,['Physical']
PSS_5_9,HUMAN,"During the past month, how often have you had trouble sleeping because you have pain?",human_22,['Physical']
PSS_5_9,HUMAN,"During the past month, how often have you had trouble sleeping because you have pain?",human_23,['Physical']
PSS_5_9,HUMAN,"During the past month, how often have you had trouble sleeping because you have pain?",human_24,['Physical']
PSS_5_9,HUMAN,"During the past month, how often have you had trouble sleeping because you have pain?",human_25,['Physical']
PSS_5_9,HUMAN,"During the past month, how often have you had trouble sleeping because you have pain?",human_26,['Physical']
PSS_5_9,HUMAN,"During the past month, how often have you had trouble sleeping because you have pain?",human_27,['Physical']
PSS_5_9,HUMAN,"During the past month, how often have you had trouble sleeping because you have pain?",human_28,['Physical']
PSS_5_10,HUMAN,"During the past month, how often have you had trouble sleeping because of other reasons?",human_01,['Physical']
PSS_5_10,HUMAN,"During the past month, how often have you had trouble sleeping because of other reasons?",human_02,['Physical']
PSS_5_10,HUMAN,"During the past month, how often have you had trouble sleeping because of other reasons?",human_03,['Emotional']
PSS_5_10,HUMAN,"During the past month, how often have you had trouble sleeping because of other reasons?",human_04,['Physical']
PSS_5_10,HUMAN,"During the past month, how often have you had trouble sleeping because of other reasons?",human_05,['Physical']
PSS_5_10,HUMAN,"During the past month, how often have you had trouble sleeping because of other reasons?",human_06,['Emotional']
PSS_5_10,HUMAN,"During the past month, how often have you had trouble sleeping because of other reasons?",human_07,['Emotional']
PSS_5_10,HUMAN,"During the past month, how often have you had trouble sleeping because of other reasons?",human_08,['Environmental']
PSS_5_10,HUMAN,"During the past month, how often have you had trouble sleeping because of other reasons?",human_09,['Physical']
PSS_5_10,HUMAN,"During the past month, how often have you had trouble sleeping because of other reasons?",human_10,['Physical']
PSS_5_10,HUMAN,"During the past month, how often have you had trouble sleeping because of other reasons?",human_11,['Physical']
PSS_5_10,HUMAN,"During the past month, how often have you had trouble sleeping because of other reasons?",human_12,['Emotional']
PSS_5_10,HUMAN,"During the past month, how often have you had trouble sleeping because of other reasons?",human_13,['Physical']
PSS_5_10,HUMAN,"During the past month, how often have you had trouble sleeping because of other reasons?",human_14,['Physical']
PSS_5_10,HUMAN,"During the past month, how often have you had trouble sleeping because of other reasons?",human_15,['Physical']
PSS_5_10,HUMAN,"During the past month, how often have you had trouble sleeping because of other reasons?",human_16,['Environmental']
PSS_5_10,HUMAN,"During the past month, how often have you had trouble sleeping because of other reasons?",human_17,['Physical']
PSS_5_10,HUMAN,"During the past month, how often have you had trouble sleeping because of other reasons?",human_18,['Spiritual']
PSS_5_10,HUMAN,"During the past month, how often have you had trouble sleeping because of other reasons?",human_19,['Physical']
PSS_5_10,HUMAN,"During the past month, how often have you had trouble sleeping because of other reasons?",human_20,['Physical']
PSS_5_10,HUMAN,"During the past month, how often have you had trouble sleeping because of other reasons?",human_21,['Physical']
PSS_5_10,HUMAN,"During the past month, how often have you had trouble sleeping because of other reasons?",human_22,['Emotional']
PSS_5_10,HUMAN,"During the past month, how often have you had trouble sleeping because of other reasons?",human_23,['Environmental']
PSS_5_10,HUMAN,"During the past month, how often have you had trouble sleeping because of other reasons?",human_24,['Physical']
PSS_5_10,HUMAN,"During the past month, how often have you had trouble sleeping because of other reasons?",human_25,['Physical']
PSS_5_10,HUMAN,"During the past month, how often have you had trouble sleeping because of other reasons?",human_26,['Physical']
PSS_5_10,HUMAN,"During the past month, how often have you had trouble sleeping because of other reasons?",human_27,['Physical']
PSS_5_10,HUMAN,"During the past month, how often have you had trouble sleeping because of other reasons?",human_28,['Environmental']
PSS_6,HUMAN,"During the past month, how would you rate your sleep quality overall?",human_01,['Physical']
PSS_6,HUMAN,"During the past month, how would you rate your sleep quality overall?",human_02,['Physical']
PSS_6,HUMAN,"During the past month, how would you rate your sleep quality overall?",human_03,['Physical']
PSS_6,HUMAN,"During the past month, how would you rate your sleep quality overall?",human_04,['Physical']
PSS_6,HUMAN,"During the past month, how would you rate your sleep quality overall?",human_05,['Physical']
PSS_6,HUMAN,"During the past month, how would you rate your sleep quality overall?",human_06,['Physical']
PSS_6,HUMAN,"During the past month, how would you rate your sleep quality overall?",human_07,['Physical']
PSS_6,HUMAN,"During the past month, how would you rate your sleep quality overall?",human_08,['Physical']
PSS_6,HUMAN,"During the past month, how would you rate your sleep quality overall?",human_09,['Physical']
PSS_6,HUMAN,"During the past month, how would you rate your sleep quality overall?",human_10,['Physical']
PSS_6,HUMAN,"During the past month, how would you rate your sleep quality overall?",human_11,['Physical']
PSS_6,HUMAN,"During the past month, how would you rate your sleep quality overall?",human_12,['Emotional']
PSS_6,HUMAN,"During the past month, how would you rate your sleep quality overall?",human_13,['Physical']
PSS_6,HUMAN,"During the past month, how would you rate your sleep quality overall?",human_14,['Physical']
PSS_6,HUMAN,"During the past month, how would you rate your sleep quality overall?",human_15,['Physical']
PSS_6,HUMAN,"During the past month, how would you rate your sleep quality overall?",human_16,['Physical']
PSS_6,HUMAN,"During the past month, how would you rate your sleep quality overall?",human_17,['Physical']
PSS_6,HUMAN,"During the past month, how would you rate your sleep quality overall?",human_18,['Spiritual']
PSS_6,HUMAN,"During the past month, how would you rate your sleep quality overall?",human_19,['Physical']
PSS_6,HUMAN,"During the past month, how would you rate your sleep quality overall?",human_20,['Physical']
PSS_6,HUMAN,"During the past month, how would you rate your sleep quality overall?",human_21,['Physical']
PSS_6,HUMAN,"During the past month, how would you rate your sleep quality overall?",human_22,['Physical']
PSS_6,HUMAN,"During the past month, how would you rate your sleep quality overall?",human_23,['Physical']
PSS_6,HUMAN,"During the past month, how would you rate your sleep quality overall?",human_24,['Physical']
PSS_6,HUMAN,"During the past month, how would you rate your sleep quality overall?",human_25,['Physical']
PSS_6,HUMAN,"During the past month, how would you rate your sleep quality overall?",human_26,['Physical']
PSS_6,HUMAN,"During the past month, how would you rate your sleep quality overall?",human_27,['Physical']
PSS_6,HUMAN,"During the past month, how would you rate your sleep quality overall?",human_28,['Physical']
PSS_7,HUMAN,"During the past month, how often have you taken medicine to help you sleep (prescribed or over the counter)?",human_01,['Physical']
PSS_7,HUMAN,"During the past month, how often have you taken medicine to help you sleep (prescribed or over the counter)?",human_02,['Physical']
PSS_7,HUMAN,"During the past month, how often have you taken medicine to help you sleep (prescribed or over the counter)?",human_03,['Physical']
PSS_7,HUMAN,"During the past month, how often have you taken medicine to help you sleep (prescribed or over the counter)?",human_04,['Physical']
PSS_7,HUMAN,"During the past month, how often have you taken medicine to help you sleep (prescribed or over the counter)?",human_05,['Physical']
PSS_7,HUMAN,"During the past month, how often have you taken medicine to help you sleep (prescribed or over the counter)?",human_06,['Physical']
PSS_7,HUMAN,"During the past month, how often have you taken medicine to help you sleep (prescribed or over the counter)?",human_07,['Physical']
PSS_7,HUMAN,"During the past month, how often have you taken medicine to help you sleep (prescribed or over the counter)?",human_08,['Physical']
PSS_7,HUMAN,"During the past month, how often have you taken medicine to help you sleep (prescribed or over the counter)?",human_09,['Physical']
PSS_7,HUMAN,"During the past month, how often have you taken medicine to help you sleep (prescribed or over the counter)?",human_10,['Physical']
PSS_7,HUMAN,"During the past month, how often have you taken medicine to help you sleep (prescribed or over the counter)?",human_11,['Physical']
PSS_7,HUMAN,"During the past month, how often have you taken medicine to help you sleep (prescribed or over the counter)?",human_12,['Occupational']
PSS_7,HUMAN,"During the past month, how often have you taken medicine to help you sleep (prescribed or over the counter)?",human_13,['Physical']
PSS_7,HUMAN,"During the past month, how often have you taken medicine to help you sleep (prescribed or over the counter)?",human_14,['Physical']
PSS_7,HUMAN,"During the past month, how often have you taken medicine to help you sleep (prescribed or over the counter)?",human_15,['Physical']
PSS_7,HUMAN,"During the past month, how often have you taken medicine to help you sleep (prescribed or over the counter)?",human_16,['Physical']
PSS_7,HUMAN,"During the past month, how often have you taken medicine to help you sleep (prescribed or over the counter)?",human_17,['Physical']
PSS_7,HUMAN,"During the past month, how often have you taken medicine to help you sleep (prescribed or over the counter)?",human_18,['Social']
PSS_7,HUMAN,"During the past month, how often have you taken medicine to help you sleep (prescribed or over the counter)?",human_19,['Physical']
PSS_7,HUMAN,"During the past month, how often have you taken medicine to help you sleep (prescribed or over the counter)?",human_20,['Physical']
PSS_7,HUMAN,"During the past month, how often have you taken medicine to help you sleep (prescribed or over the counter)?",human_21,['Physical']
PSS_7,HUMAN,"During the past month, how often have you taken medicine to help you sleep (prescribed or over the counter)?",human_22,['Physical']
PSS_7,HUMAN,"During the past month, how often have you taken medicine to help you sleep (prescribed or over the counter)?",human_23,['Physical']
PSS_7,HUMAN,"During the past month, how often have you taken medicine to help you sleep (prescribed or over the counter)?",human_24,['Physical']
PSS_7,HUMAN,"During the past month, how often have you taken medicine to help you sleep (prescribed or over the counter)?",human_25,['Physical']
PSS_7,HUMAN,"During the past month, how often have you taken medicine to help you sleep (prescribed or over the counter)?",human_26,['Physical']
PSS_7,HUMAN,"During the past month, how often have you taken medicine to help you sleep (prescribed or over the counter)?",human_27,['Physical']
PSS_7,HUMAN,"During the past month, how often have you taken medicine to help you sleep (prescribed or over the counter)?",human_28,['Physical']
PSS_8,HUMAN,"During the past month, how often have you had trouble staying awake while driving, eating meals, or engaging in social activity?",human_01,['Physical']
PSS_8,HUMAN,"During the past month, how often have you had trouble staying awake while driving, eating meals, or engaging in social activity?",human_02,['Physical']
PSS_8,HUMAN,"During the past month, how often have you had trouble staying awake while driving, eating meals, or engaging in social activity?",human_03,['Physical']
PSS_8,HUMAN,"During the past month, how often have you had trouble staying awake while driving, eating meals, or engaging in social activity?",human_04,['Social']
PSS_8,HUMAN,"During the past month, how often have you had trouble staying awake while driving, eating meals, or engaging in social activity?",human_05,['Physical']
PSS_8,HUMAN,"During the past month, how often have you had trouble staying awake while driving, eating meals, or engaging in social activity?",human_06,['Social']
PSS_8,HUMAN,"During the past month, how often have you had trouble staying awake while driving, eating meals, or engaging in social activity?",human_07,['Physical']
PSS_8,HUMAN,"During the past month, how often have you had trouble staying awake while driving, eating meals, or engaging in social activity?",human_08,['Physical']
PSS_8,HUMAN,"During the past month, how often have you had trouble staying awake while driving, eating meals, or engaging in social activity?",human_09,['Physical']
PSS_8,HUMAN,"During the past month, how often have you had trouble staying awake while driving, eating meals, or engaging in social activity?",human_10,['Physical']
PSS_8,HUMAN,"During the past month, how often have you had trouble staying awake while driving, eating meals, or engaging in social activity?",human_11,['Physical']
PSS_8,HUMAN,"During the past month, how often have you had trouble staying awake while driving, eating meals, or engaging in social activity?",human_12,['Physical']
PSS_8,HUMAN,"During the past month, how often have you had trouble staying awake while driving, eating meals, or engaging in social activity?",human_13,['Physical']
PSS_8,HUMAN,"During the past month, how often have you had trouble staying awake while driving, eating meals, or engaging in social activity?",human_14,['Physical']
PSS_8,HUMAN,"During the past month, how often have you had trouble staying awake while driving, eating meals, or engaging in social activity?",human_15,['Physical']
PSS_8,HUMAN,"During the past month, how often have you had trouble staying awake while driving, eating meals, or engaging in social activity?",human_16,['Environmental']
PSS_8,HUMAN,"During the past month, how often have you had trouble staying awake while driving, eating meals, or engaging in social activity?",human_17,['Physical']
PSS_8,HUMAN,"During the past month, how often have you had trouble staying awake while driving, eating meals, or engaging in social activity?",human_18,['Emotional']
PSS_8,HUMAN,"During the past month, how often have you had trouble staying awake while driving, eating meals, or engaging in social activity?",human_19,['Environmental']
PSS_8,HUMAN,"During the past month, how often have you had trouble staying awake while driving, eating meals, or engaging in social activity?",human_20,['Physical']
PSS_8,HUMAN,"During the past month, how often have you had trouble staying awake while driving, eating meals, or engaging in social activity?",human_21,['Physical']
PSS_8,HUMAN,"During the past month, how often have you had trouble staying awake while driving, eating meals, or engaging in social activity?",human_22,['Physical']
PSS_8,HUMAN,"During the past month, how often have you had trouble staying awake while driving, eating meals, or engaging in social activity?",human_23,['Physical']
PSS_8,HUMAN,"During the past month, how often have you had trouble staying awake while driving, eating meals, or engaging in social activity?",human_24,['Physical']
PSS_8,HUMAN,"During the past month, how often have you had trouble staying awake while driving, eating meals, or engaging in social activity?",human_25,['Physical']
PSS_8,HUMAN,"During the past month, how often have you had trouble staying awake while driving, eating meals, or engaging in social activity?",human_26,['Physical']
PSS_8,HUMAN,"During the past month, how often have you had trouble staying awake while driving, eating meals, or engaging in social activity?",human_27,['Physical']
PSS_8,HUMAN,"During the past month, how often have you had trouble staying awake while driving, eating meals, or engaging in social activity?",human_28,['Physical']
PSS_9,HUMAN,"During the past month, how much of a problem has it been for you to keep up enough enthusiasm to get things done?",human_01,['Emotional']
PSS_9,HUMAN,"During the past month, how much of a problem has it been for you to keep up enough enthusiasm to get things done?",human_02,['Emotional']
PSS_9,HUMAN,"During the past month, how much of a problem has it been for you to keep up enough enthusiasm to get things done?",human_03,['Emotional']
PSS_9,HUMAN,"During the past month, how much of a problem has it been for you to keep up enough enthusiasm to get things done?",human_04,['Emotional']
PSS_9,HUMAN,"During the past month, how much of a problem has it been for you to keep up enough enthusiasm to get things done?",human_05,['Emotional']
PSS_9,HUMAN,"During the past month, how much of a problem has it been for you to keep up enough enthusiasm to get things done?",human_06,['Emotional']
PSS_9,HUMAN,"During the past month, how much of a problem has it been for you to keep up enough enthusiasm to get things done?",human_07,['Emotional']
PSS_9,HUMAN,"During the past month, how much of a problem has it been for you to keep up enough enthusiasm to get things done?",human_08,['Spiritual']
PSS_9,HUMAN,"During the past month, how much of a problem has it been for you to keep up enough enthusiasm to get things done?",human_09,['Emotional']
PSS_9,HUMAN,"During the past month, how much of a problem has it been for you to keep up enough enthusiasm to get things done?",human_10,['Emotional']
PSS_9,HUMAN,"During the past month, how much of a problem has it been for you to keep up enough enthusiasm to get things done?",human_11,['Physical']
PSS_9,HUMAN,"During the past month, how much of a problem has it been for you to keep up enough enthusiasm to get things done?",human_12,['Emotional']
PSS_9,HUMAN,"During the past month, how much of a problem has it been for you to keep up enough enthusiasm to get things done?",human_13,['Emotional']
PSS_9,HUMAN,"During the past month, how much of a problem has it been for you to keep up enough enthusiasm to get things done?",human_14,['Emotional']
PSS_9,HUMAN,"During the past month, how much of a problem has it been for you to keep up enough enthusiasm to get things done?",human_15,['Emotional']
PSS_9,HUMAN,"During the past month, how much of a problem has it been for you to keep up enough enthusiasm to get things done?",human_16,['Occupational']
PSS_9,HUMAN,"During the past month, how much of a problem has it been for you to keep up enough enthusiasm to get things done?",human_17,['Emotional']
PSS_9,HUMAN,"During the past month, how much of a problem has it been for you to keep up enough enthusiasm to get things done?",human_18,['Spiritual']
PSS_9,HUMAN,"During the past month, how much of a problem has it been for you to keep up enough enthusiasm to get things done?",human_19,['Social']
PSS_9,HUMAN,"During the past month, how much of a problem has it been for you to keep up enough enthusiasm to get things done?",human_20,['Spiritual']
PSS_9,HUMAN,"During the past month, how much of a problem has it been for you to keep up enough enthusiasm to get things done?",human_21,['Physical']
PSS_9,HUMAN,"During the past month, how much of a problem has it been for you to keep up enough enthusiasm to get things done?",human_22,['Emotional']
PSS_9,HUMAN,"During the past month, how much of a problem has it been for you to keep up enough enthusiasm to get things done?",human_23,['Spiritual']
PSS_9,HUMAN,"During the past month, how much of a problem has it been for you to keep up enough enthusiasm to get things done?",human_24,['Physical']
PSS_9,HUMAN,"During the past month, how much of a problem has it been for you to keep up enough enthusiasm to get things done?",human_25,['Emotional']
PSS_9,HUMAN,"During the past month, how much of a problem has it been for you to keep up enough enthusiasm to get things done?",human_26,['Emotional']
PSS_9,HUMAN,"During the past month, how much of a problem has it been for you to keep up enough enthusiasm to get things done?",human_27,['Emotional']
PSS_9,HUMAN,"During the past month, how much of a problem has it been for you to keep up enough enthusiasm to get things done?",human_28,['Emotional']
PSS_10_1,HUMAN,"During the past month, how often has your bed partner or room mate reported loud snoring?",human_01,['Physical']
PSS_10_1,HUMAN,"During the past month, how often has your bed partner or room mate reported loud snoring?",human_02,['Physical']
PSS_10_1,HUMAN,"During the past month, how often has your bed partner or room mate reported loud snoring?",human_03,['Physical']
PSS_10_1,HUMAN,"During the past month, how often has your bed partner or room mate reported loud snoring?",human_04,['Physical']
PSS_10_1,HUMAN,"During the past month, how often has your bed partner or room mate reported loud snoring?",human_05,['Physical']
PSS_10_1,HUMAN,"During the past month, how often has your bed partner or room mate reported loud snoring?",human_06,['Physical']
PSS_10_1,HUMAN,"During the past month, how often has your bed partner or room mate reported loud snoring?",human_07,['Physical']
PSS_10_1,HUMAN,"During the past month, how often has your bed partner or room mate reported loud snoring?",human_08,['Environmental']
PSS_10_1,HUMAN,"During the past month, how often has your bed partner or room mate reported loud snoring?",human_09,['Physical']
PSS_10_1,HUMAN,"During the past month, how often has your bed partner or room mate reported loud snoring?",human_10,['Physical']
PSS_10_1,HUMAN,"During the past month, how often has your bed partner or room mate reported loud snoring?",human_11,['Physical']
PSS_10_1,HUMAN,"During the past month, how often has your bed partner or room mate reported loud snoring?",human_12,['Physical']
PSS_10_1,HUMAN,"During the past month, how often has your bed partner or room mate reported loud snoring?",human_13,['Physical']
PSS_10_1,HUMAN,"During the past month, how often has your bed partner or room mate reported loud snoring?",human_14,['Physical']
PSS_10_1,HUMAN,"During the past month, how often has your bed partner or room mate reported loud snoring?",human_15,['Physical']
PSS_10_1,HUMAN,"During the past month, how often has your bed partner or room mate reported loud snoring?",human_16,['Environmental']
PSS_10_1,HUMAN,"During the past month, how often has your bed partner or room mate reported loud snoring?",human_17,['Physical']
PSS_10_1,HUMAN,"During the past month, how often has your bed partner or room mate reported loud snoring?",human_18,['Environmental']
PSS_10_1,HUMAN,"During the past month, how often has your bed partner or room mate reported loud snoring?",human_19,['Environmental']
PSS_10_1,HUMAN,"During the past month, how often has your bed partner or room mate reported loud snoring?",human_20,['Physical']
PSS_10_1,HUMAN,"During the past month, how often has your bed partner or room mate reported loud snoring?",human_21,['Physical']
PSS_10_1,HUMAN,"During the past month, how often has your bed partner or room mate reported loud snoring?",human_22,['Physical']
PSS_10_1,HUMAN,"During the past month, how often has your bed partner or room mate reported loud snoring?",human_23,['Physical']
PSS_10_1,HUMAN,"During the past month, how often has your bed partner or room mate reported loud snoring?",human_24,['Physical']
PSS_10_1,HUMAN,"During the past month, how often has your bed partner or room mate reported loud snoring?",human_25,['Physical']
PSS_10_1,HUMAN,"During the past month, how often has your bed partner or room mate reported loud snoring?",human_26,['Physical']
PSS_10_1,HUMAN,"During the past month, how often has your bed partner or room mate reported loud snoring?",human_27,['Physical']
PSS_10_1,HUMAN,"During the past month, how often has your bed partner or room mate reported loud snoring?",human_28,['Physical']
PSS_10_2,HUMAN,"During the past month, how often has your bed partner or room mate reported long pauses between breaths while asleep?",human_01,['Physical']
PSS_10_2,HUMAN,"During the past month, how often has your bed partner or room mate reported long pauses between breaths while asleep?",human_02,['Physical']
PSS_10_2,HUMAN,"During the past month, how often has your bed partner or room mate reported long pauses between breaths while asleep?",human_03,['Physical']
PSS_10_2,HUMAN,"During the past month, how often has your bed partner or room mate reported long pauses between breaths while asleep?",human_04,['Physical']
PSS_10_2,HUMAN,"During the past month, how often has your bed partner or room mate reported long pauses between breaths while asleep?",human_05,['Physical']
PSS_10_2,HUMAN,"During the past month, how often has your bed partner or room mate reported long pauses between breaths while asleep?",human_06,['Physical']
PSS_10_2,HUMAN,"During the past month, how often has your bed partner or room mate reported long pauses between breaths while asleep?",human_07,['Physical']
PSS_10_2,HUMAN,"During the past month, how often has your bed partner or room mate reported long pauses between breaths while asleep?",human_08,['Environmental']
PSS_10_2,HUMAN,"During the past month, how often has your bed partner or room mate reported long pauses between breaths while asleep?",human_09,['Physical']
PSS_10_2,HUMAN,"During the past month, how often has your bed partner or room mate reported long pauses between breaths while asleep?",human_10,['Physical']
PSS_10_2,HUMAN,"During the past month, how often has your bed partner or room mate reported long pauses between breaths while asleep?",human_11,['Physical']
PSS_10_2,HUMAN,"During the past month, how often has your bed partner or room mate reported long pauses between breaths while asleep?",human_12,['Physical']
PSS_10_2,HUMAN,"During the past month, how often has your bed partner or room mate reported long pauses between breaths while asleep?",human_13,['Physical']
PSS_10_2,HUMAN,"During the past month, how often has your bed partner or room mate reported long pauses between breaths while asleep?",human_14,['Physical']
PSS_10_2,HUMAN,"During the past month, how often has your bed partner or room mate reported long pauses between breaths while asleep?",human_15,['Physical']
PSS_10_2,HUMAN,"During the past month, how often has your bed partner or room mate reported long pauses between breaths while asleep?",human_16,['Physical']
PSS_10_2,HUMAN,"During the past month, how often has your bed partner or room mate reported long pauses between breaths while asleep?",human_17,['Physical']
PSS_10_2,HUMAN,"During the past month, how often has your bed partner or room mate reported long pauses between breaths while asleep?",human_18,['Emotional']
PSS_10_2,HUMAN,"During the past month, how often has your bed partner or room mate reported long pauses between breaths while asleep?",human_19,['Physical']
PSS_10_2,HUMAN,"During the past month, how often has your bed partner or room mate reported long pauses between breaths while asleep?",human_20,['Physical']
PSS_10_2,HUMAN,"During the past month, how often has your bed partner or room mate reported long pauses between breaths while asleep?",human_21,['Physical']
PSS_10_2,HUMAN,"During the past month, how often has your bed partner or room mate reported long pauses between breaths while asleep?",human_22,['Physical']
PSS_10_2,HUMAN,"During the past month, how often has your bed partner or room mate reported long pauses between breaths while asleep?",human_23,['Physical']
PSS_10_2,HUMAN,"During the past month, how often has your bed partner or room mate reported long pauses between breaths while asleep?",human_24,['Social']
PSS_10_2,HUMAN,"During the past month, how often has your bed partner or room mate reported long pauses between breaths while asleep?",human_25,['Physical']
PSS_10_2,HUMAN,"During the past month, how often has your bed partner or room mate reported long pauses between breaths while asleep?",human_26,['Physical']
PSS_10_2,HUMAN,"During the past month, how often has your bed partner or room mate reported long pauses between breaths while asleep?",human_27,['Physical']
PSS_10_2,HUMAN,"During the past month, how often has your bed partner or room mate reported long pauses between breaths while asleep?",human_28,['Physical']
PSS_10_3,HUMAN,"During the past month, how often has your bed partner or room mate reported legs twitching or jerking while asleep?",human_01,['Physical']
PSS_10_3,HUMAN,"During the past month, how often has your bed partner or room mate reported legs twitching or jerking while asleep?",human_02,['Physical']
PSS_10_3,HUMAN,"During the past month, how often has your bed partner or room mate reported legs twitching or jerking while asleep?",human_03,['Physical']
PSS_10_3,HUMAN,"During the past month, how often has your bed partner or room mate reported legs twitching or jerking while asleep?",human_04,['Physical']
PSS_10_3,HUMAN,"During the past month, how often has your bed partner or room mate reported legs twitching or jerking while asleep?",human_05,['Physical']
PSS_10_3,HUMAN,"During the past month, how often has your bed partner or room mate reported legs twitching or jerking while asleep?",human_06,['Physical']
PSS_10_3,HUMAN,"During the past month, how often has your bed partner or room mate reported legs twitching or jerking while asleep?",human_07,['Physical']
PSS_10_3,HUMAN,"During the past month, how often has your bed partner or room mate reported legs twitching or jerking while asleep?",human_08,['Environmental']
PSS_10_3,HUMAN,"During the past month, how often has your bed partner or room mate reported legs twitching or jerking while asleep?",human_09,['Physical']
PSS_10_3,HUMAN,"During the past month, how often has your bed partner or room mate reported legs twitching or jerking while asleep?",human_10,['Physical']
PSS_10_3,HUMAN,"During the past month, how often has your bed partner or room mate reported legs twitching or jerking while asleep?",human_11,['Physical']
PSS_10_3,HUMAN,"During the past month, how often has your bed partner or room mate reported legs twitching or jerking while asleep?",human_12,['Physical']
PSS_10_3,HUMAN,"During the past month, how often has your bed partner or room mate reported legs twitching or jerking while asleep?",human_13,['Physical']
PSS_10_3,HUMAN,"During the past month, how often has your bed partner or room mate reported legs twitching or jerking while asleep?",human_14,['Physical']
PSS_10_3,HUMAN,"During the past month, how often has your bed partner or room mate reported legs twitching or jerking while asleep?",human_15,['Physical']
PSS_10_3,HUMAN,"During the past month, how often has your bed partner or room mate reported legs twitching or jerking while asleep?",human_16,['Physical']
PSS_10_3,HUMAN,"During the past month, how often has your bed partner or room mate reported legs twitching or jerking while asleep?",human_17,['Physical']
PSS_10_3,HUMAN,"During the past month, how often has your bed partner or room mate reported legs twitching or jerking while asleep?",human_18,['Emotional']
PSS_10_3,HUMAN,"During the past month, how often has your bed partner or room mate reported legs twitching or jerking while asleep?",human_19,['Environmental']
PSS_10_3,HUMAN,"During the past month, how often has your bed partner or room mate reported legs twitching or jerking while asleep?",human_20,['Physical']
PSS_10_3,HUMAN,"During the past month, how often has your bed partner or room mate reported legs twitching or jerking while asleep?",human_21,['Physical']
PSS_10_3,HUMAN,"During the past month, how often has your bed partner or room mate reported legs twitching or jerking while asleep?",human_22,['Physical']
PSS_10_3,HUMAN,"During the past month, how often has your bed partner or room mate reported legs twitching or jerking while asleep?",human_23,['Emotional']
PSS_10_3,HUMAN,"During the past month, how often has your bed partner or room mate reported legs twitching or jerking while asleep?",human_24,['Physical']
PSS_10_3,HUMAN,"During the past month, how often has your bed partner or room mate reported legs twitching or jerking while asleep?",human_25,['Physical']
PSS_10_3,HUMAN,"During the past month, how often has your bed partner or room mate reported legs twitching or jerking while asleep?",human_26,['Physical']
PSS_10_3,HUMAN,"During the past month, how often has your bed partner or room mate reported legs twitching or jerking while asleep?",human_27,['Physical']
PSS_10_3,HUMAN,"During the past month, how often has your bed partner or room mate reported legs twitching or jerking while asleep?",human_28,['Physical']
PSS_10_4,HUMAN,"During the past month, how often has your bed partner or room mate reported episodes of disorientation or confusion during sleep?",human_01,['Physical']
PSS_10_4,HUMAN,"During the past month, how often has your bed partner or room mate reported episodes of disorientation or confusion during sleep?",human_02,['Physical']
PSS_10_4,HUMAN,"During the past month, how often has your bed partner or room mate reported episodes of disorientation or confusion during sleep?",human_03,['Physical']
PSS_10_4,HUMAN,"During the past month, how often has your bed partner or room mate reported episodes of disorientation or confusion during sleep?",human_04,['Physical']
PSS_10_4,HUMAN,"During the past month, how often has your bed partner or room mate reported episodes of disorientation or confusion during sleep?",human_05,['Physical']
PSS_10_4,HUMAN,"During the past month, how often has your bed partner or room mate reported episodes of disorientation or confusion during sleep?",human_06,['Physical']
PSS_10_4,HUMAN,"During the past month, how often has your bed partner or room mate reported episodes of disorientation or confusion during sleep?",human_07,['Physical']
PSS_10_4,HUMAN,"During the past month, how often has your bed partner or room mate reported episodes of disorientation or confusion during sleep?",human_08,['Environmental']
PSS_10_4,HUMAN,"During the past month, how often has your bed partner or room mate reported episodes of disorientation or confusion during sleep?",human_09,['Physical']
PSS_10_4,HUMAN,"During the past month, how often has your bed partner or room mate reported episodes of disorientation or confusion during sleep?",human_10,['Physical']
PSS_10_4,HUMAN,"During the past month, how often has your bed partner or room mate reported episodes of disorientation or confusion during sleep?",human_11,['Physical']
PSS_10_4,HUMAN,"During the past month, how often has your bed partner or room mate reported episodes of disorientation or confusion during sleep?",human_12,['Intellectual']
PSS_10_4,HUMAN,"During the past month, how often has your bed partner or room mate reported episodes of disorientation or confusion during sleep?",human_13,['Physical']
PSS_10_4,HUMAN,"During the past month, how often has your bed partner or room mate reported episodes of disorientation or confusion during sleep?",human_14,['Physical']
PSS_10_4,HUMAN,"During the past month, how often has your bed partner or room mate reported episodes of disorientation or confusion during sleep?",human_15,['Physical']
PSS_10_4,HUMAN,"During the past month, how often has your bed partner or room mate reported episodes of disorientation or confusion during sleep?",human_16,['Emotional']
PSS_10_4,HUMAN,"During the past month, how often has your bed partner or room mate reported episodes of disorientation or confusion during sleep?",human_17,['Physical']
PSS_10_4,HUMAN,"During the past month, how often has your bed partner or room mate reported episodes of disorientation or confusion during sleep?",human_18,['Spiritual']
PSS_10_4,HUMAN,"During the past month, how often has your bed partner or room mate reported episodes of disorientation or confusion during sleep?",human_19,['Environmental']
PSS_10_4,HUMAN,"During the past month, how often has your bed partner or room mate reported episodes of disorientation or confusion during sleep?",human_20,['Physical']
PSS_10_4,HUMAN,"During the past month, how often has your bed partner or room mate reported episodes of disorientation or confusion during sleep?",human_21,['Physical']
PSS_10_4,HUMAN,"During the past month, how often has your bed partner or room mate reported episodes of disorientation or confusion during sleep?",human_22,['Physical']
PSS_10_4,HUMAN,"During the past month, how often has your bed partner or room mate reported episodes of disorientation or confusion during sleep?",human_23,['Emotional']
PSS_10_4,HUMAN,"During the past month, how often has your bed partner or room mate reported episodes of disorientation or confusion during sleep?",human_24,['Social']
PSS_10_4,HUMAN,"During the past month, how often has your bed partner or room mate reported episodes of disorientation or confusion during sleep?",human_25,['Physical']
PSS_10_4,HUMAN,"During the past month, how often has your bed partner or room mate reported episodes of disorientation or confusion during sleep?",human_26,['Physical']
PSS_10_4,HUMAN,"During the past month, how often has your bed partner or room mate reported episodes of disorientation or confusion during sleep?",human_27,['Emotional']
PSS_10_4,HUMAN,"During the past month, how often has your bed partner or room mate reported episodes of disorientation or confusion during sleep?",human_28,['Physical']
PSS_10_5,HUMAN,"During the past month, how often has your bed partner or room mate reported other restlessness while you sleep?",human_01,['Physical']
PSS_10_5,HUMAN,"During the past month, how often has your bed partner or room mate reported other restlessness while you sleep?",human_02,['Physical']
PSS_10_5,HUMAN,"During the past month, how often has your bed partner or room mate reported other restlessness while you sleep?",human_03,['Physical']
PSS_10_5,HUMAN,"During the past month, how often has your bed partner or room mate reported other restlessness while you sleep?",human_04,['Physical']
PSS_10_5,HUMAN,"During the past month, how often has your bed partner or room mate reported other restlessness while you sleep?",human_05,['Physical']
PSS_10_5,HUMAN,"During the past month, how often has your bed partner or room mate reported other restlessness while you sleep?",human_06,['Physical']
PSS_10_5,HUMAN,"During the past month, how often has your bed partner or room mate reported other restlessness while you sleep?",human_07,['Physical']
PSS_10_5,HUMAN,"During the past month, how often has your bed partner or room mate reported other restlessness while you sleep?",human_08,['Environmental']
PSS_10_5,HUMAN,"During the past month, how often has your bed partner or room mate reported other restlessness while you sleep?",human_09,['Physical']
PSS_10_5,HUMAN,"During the past month, how often has your bed partner or room mate reported other restlessness while you sleep?",human_10,['Physical']
PSS_10_5,HUMAN,"During the past month, how often has your bed partner or room mate reported other restlessness while you sleep?",human_11,['Physical']
PSS_10_5,HUMAN,"During the past month, how often has your bed partner or room mate reported other restlessness while you sleep?",human_12,['Emotional']
PSS_10_5,HUMAN,"During the past month, how often has your bed partner or room mate reported other restlessness while you sleep?",human_13,['Physical']
PSS_10_5,HUMAN,"During the past month, how often has your bed partner or room mate reported other restlessness while you sleep?",human_14,['Physical']
PSS_10_5,HUMAN,"During the past month, how often has your bed partner or room mate reported other restlessness while you sleep?",human_15,['Physical']
PSS_10_5,HUMAN,"During the past month, how often has your bed partner or room mate reported other restlessness while you sleep?",human_16,['Emotional']
PSS_10_5,HUMAN,"During the past month, how often has your bed partner or room mate reported other restlessness while you sleep?",human_17,['Physical']
PSS_10_5,HUMAN,"During the past month, how often has your bed partner or room mate reported other restlessness while you sleep?",human_18,['Social']
PSS_10_5,HUMAN,"During the past month, how often has your bed partner or room mate reported other restlessness while you sleep?",human_19,['Environmental']
PSS_10_5,HUMAN,"During the past month, how often has your bed partner or room mate reported other restlessness while you sleep?",human_20,['Physical']
PSS_10_5,HUMAN,"During the past month, how often has your bed partner or room mate reported other restlessness while you sleep?",human_21,['Physical']
PSS_10_5,HUMAN,"During the past month, how often has your bed partner or room mate reported other restlessness while you sleep?",human_22,['Physical']
PSS_10_5,HUMAN,"During the past month, how often has your bed partner or room mate reported other restlessness while you sleep?",human_23,['Physical']
PSS_10_5,HUMAN,"During the past month, how often has your bed partner or room mate reported other restlessness while you sleep?",human_24,['Social']
PSS_10_5,HUMAN,"During the past month, how often has your bed partner or room mate reported other restlessness while you sleep?",human_25,['Physical']
PSS_10_5,HUMAN,"During the past month, how often has your bed partner or room mate reported other restlessness while you sleep?",human_26,['Physical']
PSS_10_5,HUMAN,"During the past month, how often has your bed partner or room mate reported other restlessness while you sleep?",human_27,['Physical']
PSS_10_5,HUMAN,"During the past month, how often has your bed partner or room mate reported other restlessness while you sleep?",human_28,['Physical']
PWB_1,HUMAN,I like most parts of my personality.,human_01,['Emotional']
PWB_1,HUMAN,I like most parts of my personality.,human_02,['Emotional']
PWB_1,HUMAN,I like most parts of my personality.,human_03,['Emotional']
PWB_1,HUMAN,I like most parts of my personality.,human_04,['Emotional']
PWB_1,HUMAN,I like most parts of my personality.,human_05,['Emotional']
PWB_1,HUMAN,I like most parts of my personality.,human_06,['Emotional']
PWB_1,HUMAN,I like most parts of my personality.,human_07,['Emotional']
PWB_1,HUMAN,I like most parts of my personality.,human_08,['Emotional']
PWB_1,HUMAN,I like most parts of my personality.,human_09,['Emotional']
PWB_1,HUMAN,I like most parts of my personality.,human_10,['Emotional']
PWB_1,HUMAN,I like most parts of my personality.,human_11,['Emotional']
PWB_1,HUMAN,I like most parts of my personality.,human_12,['Emotional']
PWB_1,HUMAN,I like most parts of my personality.,human_13,['Emotional']
PWB_1,HUMAN,I like most parts of my personality.,human_14,['Emotional']
PWB_1,HUMAN,I like most parts of my personality.,human_15,['Emotional']
PWB_1,HUMAN,I like most parts of my personality.,human_16,['Emotional']
PWB_1,HUMAN,I like most parts of my personality.,human_17,['Emotional']
PWB_1,HUMAN,I like most parts of my personality.,human_18,['Spiritual']
PWB_1,HUMAN,I like most parts of my personality.,human_19,['Emotional']
PWB_1,HUMAN,I like most parts of my personality.,human_20,['Emotional']
PWB_1,HUMAN,I like most parts of my personality.,human_21,['Emotional']
PWB_1,HUMAN,I like most parts of my personality.,human_22,['Spiritual']
PWB_1,HUMAN,I like most parts of my personality.,human_23,['Spiritual']
PWB_1,HUMAN,I like most parts of my personality.,human_24,['Emotional']
PWB_1,HUMAN,I like most parts of my personality.,human_25,['Emotional']
PWB_1,HUMAN,I like most parts of my personality.,human_26,['Emotional']
PWB_1,HUMAN,I like most parts of my personality.,human_27,['Emotional']
PWB_1,HUMAN,I like most parts of my personality.,human_28,['Emotional']
PWB_2,HUMAN,"When I look at the story of my life, I am pleased with how things have turned out so far.",human_01,['Emotional']
PWB_2,HUMAN,"When I look at the story of my life, I am pleased with how things have turned out so far.",human_02,['Emotional']
PWB_2,HUMAN,"When I look at the story of my life, I am pleased with how things have turned out so far.",human_03,['Emotional']
PWB_2,HUMAN,"When I look at the story of my life, I am pleased with how things have turned out so far.",human_04,['Emotional']
PWB_2,HUMAN,"When I look at the story of my life, I am pleased with how things have turned out so far.",human_05,['Spiritual']
PWB_2,HUMAN,"When I look at the story of my life, I am pleased with how things have turned out so far.",human_06,['Emotional']
PWB_2,HUMAN,"When I look at the story of my life, I am pleased with how things have turned out so far.",human_07,['Spiritual']
PWB_2,HUMAN,"When I look at the story of my life, I am pleased with how things have turned out so far.",human_08,['Spiritual']
PWB_2,HUMAN,"When I look at the story of my life, I am pleased with how things have turned out so far.",human_09,['Emotional']
PWB_2,HUMAN,"When I look at the story of my life, I am pleased with how things have turned out so far.",human_10,['Spiritual']
PWB_2,HUMAN,"When I look at the story of my life, I am pleased with how things have turned out so far.",human_11,['Spiritual']
PWB_2,HUMAN,"When I look at the story of my life, I am pleased with how things have turned out so far.",human_12,['Occupational']
PWB_2,HUMAN,"When I look at the story of my life, I am pleased with how things have turned out so far.",human_13,['Emotional']
PWB_2,HUMAN,"When I look at the story of my life, I am pleased with how things have turned out so far.",human_14,['Intellectual']
PWB_2,HUMAN,"When I look at the story of my life, I am pleased with how things have turned out so far.",human_15,['Emotional']
PWB_2,HUMAN,"When I look at the story of my life, I am pleased with how things have turned out so far.",human_16,['Occupational']
PWB_2,HUMAN,"When I look at the story of my life, I am pleased with how things have turned out so far.",human_17,['Emotional']
PWB_2,HUMAN,"When I look at the story of my life, I am pleased with how things have turned out so far.",human_18,['Social']
PWB_2,HUMAN,"When I look at the story of my life, I am pleased with how things have turned out so far.",human_19,['Occupational']
PWB_2,HUMAN,"When I look at the story of my life, I am pleased with how things have turned out so far.",human_20,['Spiritual']
PWB_2,HUMAN,"When I look at the story of my life, I am pleased with how things have turned out so far.",human_21,['Spiritual']
PWB_2,HUMAN,"When I look at the story of my life, I am pleased with how things have turned out so far.",human_22,['Spiritual']
PWB_2,HUMAN,"When I look at the story of my life, I am pleased with how things have turned out so far.",human_23,['Occupational']
PWB_2,HUMAN,"When I look at the story of my life, I am pleased with how things have turned out so far.",human_24,['Emotional']
PWB_2,HUMAN,"When I look at the story of my life, I am pleased with how things have turned out so far.",human_25,['Spiritual']
PWB_2,HUMAN,"When I look at the story of my life, I am pleased with how things have turned out so far.",human_26,['Spiritual']
PWB_2,HUMAN,"When I look at the story of my life, I am pleased with how things have turned out so far.",human_27,['Spiritual']
PWB_2,HUMAN,"When I look at the story of my life, I am pleased with how things have turned out so far.",human_28,['Emotional']
PWB_3,HUMAN,"Some people wander aimlessly through life, but I am not one of them.",human_01,['Emotional']
PWB_3,HUMAN,"Some people wander aimlessly through life, but I am not one of them.",human_02,['Emotional']
PWB_3,HUMAN,"Some people wander aimlessly through life, but I am not one of them.",human_03,['Spiritual']
PWB_3,HUMAN,"Some people wander aimlessly through life, but I am not one of them.",human_04,['Spiritual']
PWB_3,HUMAN,"Some people wander aimlessly through life, but I am not one of them.",human_05,['Spiritual']
PWB_3,HUMAN,"Some people wander aimlessly through life, but I am not one of them.",human_06,['Spiritual']
PWB_3,HUMAN,"Some people wander aimlessly through life, but I am not one of them.",human_07,['Spiritual']
PWB_3,HUMAN,"Some people wander aimlessly through life, but I am not one of them.",human_08,['Spiritual']
PWB_3,HUMAN,"Some people wander aimlessly through life, but I am not one of them.",human_09,['Occupational']
PWB_3,HUMAN,"Some people wander aimlessly through life, but I am not one of them.",human_10,['Spiritual']
PWB_3,HUMAN,"Some people wander aimlessly through life, but I am not one of them.",human_11,['Spiritual']
PWB_3,HUMAN,"Some people wander aimlessly through life, but I am not one of them.",human_12,['Intellectual']
PWB_3,HUMAN,"Some people wander aimlessly through life, but I am not one of them.",human_13,['Emotional']
PWB_3,HUMAN,"Some people wander aimlessly through life, but I am not one of them.",human_14,['Intellectual']
PWB_3,HUMAN,"Some people wander aimlessly through life, but I am not one of them.",human_15,['Intellectual']
PWB_3,HUMAN,"Some people wander aimlessly through life, but I am not one of them.",human_16,['Occupational']
PWB_3,HUMAN,"Some people wander aimlessly through life, but I am not one of them.",human_17,['Spiritual']
PWB_3,HUMAN,"Some people wander aimlessly through life, but I am not one of them.",human_18,['Occupational']
PWB_3,HUMAN,"Some people wander aimlessly through life, but I am not one of them.",human_19,['Intellectual']
PWB_3,HUMAN,"Some people wander aimlessly through life, but I am not one of them.",human_20,['Spiritual']
PWB_3,HUMAN,"Some people wander aimlessly through life, but I am not one of them.",human_21,['Spiritual']
PWB_3,HUMAN,"Some people wander aimlessly through life, but I am not one of them.",human_22,['Spiritual']
PWB_3,HUMAN,"Some people wander aimlessly through life, but I am not one of them.",human_23,['Occupational']
PWB_3,HUMAN,"Some people wander aimlessly through life, but I am not one of them.",human_24,['Occupational']
PWB_3,HUMAN,"Some people wander aimlessly through life, but I am not one of them.",human_25,['Spiritual']
PWB_3,HUMAN,"Some people wander aimlessly through life, but I am not one of them.",human_26,['Spiritual']
PWB_3,HUMAN,"Some people wander aimlessly through life, but I am not one of them.",human_27,['Spiritual']
PWB_3,HUMAN,"Some people wander aimlessly through life, but I am not one of them.",human_28,['Spiritual']
PWB_4,HUMAN,The demands of everyday life often get me down.,human_01,['Emotional']
PWB_4,HUMAN,The demands of everyday life often get me down.,human_02,['Emotional']
PWB_4,HUMAN,The demands of everyday life often get me down.,human_03,['Social']
PWB_4,HUMAN,The demands of everyday life often get me down.,human_04,['Occupational']
PWB_4,HUMAN,The demands of everyday life often get me down.,human_05,['Emotional']
PWB_4,HUMAN,The demands of everyday life often get me down.,human_06,['Emotional']
PWB_4,HUMAN,The demands of everyday life often get me down.,human_07,['Emotional']
PWB_4,HUMAN,The demands of everyday life often get me down.,human_08,['Emotional']
PWB_4,HUMAN,The demands of everyday life often get me down.,human_09,['Emotional']
PWB_4,HUMAN,The demands of everyday life often get me down.,human_10,['Emotional']
PWB_4,HUMAN,The demands of everyday life often get me down.,human_11,['Emotional']
PWB_4,HUMAN,The demands of everyday life often get me down.,human_12,['Emotional']
PWB_4,HUMAN,The demands of everyday life often get me down.,human_13,['Emotional']
PWB_4,HUMAN,The demands of everyday life often get me down.,human_14,['Emotional']
PWB_4,HUMAN,The demands of everyday life often get me down.,human_15,['Occupational']
PWB_4,HUMAN,The demands of everyday life often get me down.,human_16,['Emotional']
PWB_4,HUMAN,The demands of everyday life often get me down.,human_17,['Environmental']
PWB_4,HUMAN,The demands of everyday life often get me down.,human_18,['Emotional']
PWB_4,HUMAN,The demands of everyday life often get me down.,human_19,['Emotional']
PWB_4,HUMAN,The demands of everyday life often get me down.,human_20,['Spiritual']
PWB_4,HUMAN,The demands of everyday life often get me down.,human_21,['Intellectual']
PWB_4,HUMAN,The demands of everyday life often get me down.,human_22,['Emotional']
PWB_4,HUMAN,The demands of everyday life often get me down.,human_23,['Emotional']
PWB_4,HUMAN,The demands of everyday life often get me down.,human_24,['Emotional']
PWB_4,HUMAN,The demands of everyday life often get me down.,human_25,['Spiritual']
PWB_4,HUMAN,The demands of everyday life often get me down.,human_26,['Emotional']
PWB_4,HUMAN,The demands of everyday life often get me down.,human_27,['Emotional']
PWB_4,HUMAN,The demands of everyday life often get me down.,human_28,['Environmental']
PWB_5,HUMAN,In many ways I feel disappointed about my achievements in life.,human_01,['Emotional']
PWB_5,HUMAN,In many ways I feel disappointed about my achievements in life.,human_02,['Emotional']
PWB_5,HUMAN,In many ways I feel disappointed about my achievements in life.,human_03,['Emotional']
PWB_5,HUMAN,In many ways I feel disappointed about my achievements in life.,human_04,['Occupational']
PWB_5,HUMAN,In many ways I feel disappointed about my achievements in life.,human_05,['Spiritual']
PWB_5,HUMAN,In many ways I feel disappointed about my achievements in life.,human_06,['Occupational']
PWB_5,HUMAN,In many ways I feel disappointed about my achievements in life.,human_07,['Emotional']
PWB_5,HUMAN,In many ways I feel disappointed about my achievements in life.,human_08,['Occupational']
PWB_5,HUMAN,In many ways I feel disappointed about my achievements in life.,human_09,['Emotional']
PWB_5,HUMAN,In many ways I feel disappointed about my achievements in life.,human_10,['Occupational']
PWB_5,HUMAN,In many ways I feel disappointed about my achievements in life.,human_11,['Occupational']
PWB_5,HUMAN,In many ways I feel disappointed about my achievements in life.,human_12,['Emotional']
PWB_5,HUMAN,In many ways I feel disappointed about my achievements in life.,human_13,['Intellectual']
PWB_5,HUMAN,In many ways I feel disappointed about my achievements in life.,human_14,['Intellectual']
PWB_5,HUMAN,In many ways I feel disappointed about my achievements in life.,human_15,['Emotional']
PWB_5,HUMAN,In many ways I feel disappointed about my achievements in life.,human_16,['Occupational']
PWB_5,HUMAN,In many ways I feel disappointed about my achievements in life.,human_17,['Emotional']
PWB_5,HUMAN,In many ways I feel disappointed about my achievements in life.,human_18,['Emotional']
PWB_5,HUMAN,In many ways I feel disappointed about my achievements in life.,human_19,['Occupational']
PWB_5,HUMAN,In many ways I feel disappointed about my achievements in life.,human_20,['Occupational']
PWB_5,HUMAN,In many ways I feel disappointed about my achievements in life.,human_21,['Emotional']
PWB_5,HUMAN,In many ways I feel disappointed about my achievements in life.,human_22,['Occupational']
PWB_5,HUMAN,In many ways I feel disappointed about my achievements in life.,human_23,['Occupational']
PWB_5,HUMAN,In many ways I feel disappointed about my achievements in life.,human_24,['Occupational']
PWB_5,HUMAN,In many ways I feel disappointed about my achievements in life.,human_25,['Spiritual']
PWB_5,HUMAN,In many ways I feel disappointed about my achievements in life.,human_26,['Occupational']
PWB_5,HUMAN,In many ways I feel disappointed about my achievements in life.,human_27,['Spiritual']
PWB_5,HUMAN,In many ways I feel disappointed about my achievements in life.,human_28,['Emotional']
PWB_6,HUMAN,Maintaining close relationships has been difficult and frustrating for me.,human_01,['Social']
PWB_6,HUMAN,Maintaining close relationships has been difficult and frustrating for me.,human_02,['Social']
PWB_6,HUMAN,Maintaining close relationships has been difficult and frustrating for me.,human_03,['Emotional']
PWB_6,HUMAN,Maintaining close relationships has been difficult and frustrating for me.,human_04,['Social']
PWB_6,HUMAN,Maintaining close relationships has been difficult and frustrating for me.,human_05,['Social']
PWB_6,HUMAN,Maintaining close relationships has been difficult and frustrating for me.,human_06,['Social']
PWB_6,HUMAN,Maintaining close relationships has been difficult and frustrating for me.,human_07,['Social']
PWB_6,HUMAN,Maintaining close relationships has been difficult and frustrating for me.,human_08,['Social']
PWB_6,HUMAN,Maintaining close relationships has been difficult and frustrating for me.,human_09,['Social']
PWB_6,HUMAN,Maintaining close relationships has been difficult and frustrating for me.,human_10,['Social']
PWB_6,HUMAN,Maintaining close relationships has been difficult and frustrating for me.,human_11,['Social']
PWB_6,HUMAN,Maintaining close relationships has been difficult and frustrating for me.,human_12,['Social']
PWB_6,HUMAN,Maintaining close relationships has been difficult and frustrating for me.,human_13,['Social']
PWB_6,HUMAN,Maintaining close relationships has been difficult and frustrating for me.,human_14,['Social']
PWB_6,HUMAN,Maintaining close relationships has been difficult and frustrating for me.,human_15,['Social']
PWB_6,HUMAN,Maintaining close relationships has been difficult and frustrating for me.,human_16,['Social']
PWB_6,HUMAN,Maintaining close relationships has been difficult and frustrating for me.,human_17,['Social']
PWB_6,HUMAN,Maintaining close relationships has been difficult and frustrating for me.,human_18,['Occupational']
PWB_6,HUMAN,Maintaining close relationships has been difficult and frustrating for me.,human_19,['Social']
PWB_6,HUMAN,Maintaining close relationships has been difficult and frustrating for me.,human_20,['Social']
PWB_6,HUMAN,Maintaining close relationships has been difficult and frustrating for me.,human_21,['Social']
PWB_6,HUMAN,Maintaining close relationships has been difficult and frustrating for me.,human_22,['Social']
PWB_6,HUMAN,Maintaining close relationships has been difficult and frustrating for me.,human_23,['Social']
PWB_6,HUMAN,Maintaining close relationships has been difficult and frustrating for me.,human_24,['Social']
PWB_6,HUMAN,Maintaining close relationships has been difficult and frustrating for me.,human_25,['Emotional']
PWB_6,HUMAN,Maintaining close relationships has been difficult and frustrating for me.,human_26,['Social']
PWB_6,HUMAN,Maintaining close relationships has been difficult and frustrating for me.,human_27,['Social']
PWB_6,HUMAN,Maintaining close relationships has been difficult and frustrating for me.,human_28,['Social']
PWB_7,HUMAN,I live life one day at a time and don't really think about the future.,human_01,['Emotional']
PWB_7,HUMAN,I live life one day at a time and don't really think about the future.,human_02,['Emotional']
PWB_7,HUMAN,I live life one day at a time and don't really think about the future.,human_03,['Intellectual']
PWB_7,HUMAN,I live life one day at a time and don't really think about the future.,human_04,['Spiritual']
PWB_7,HUMAN,I live life one day at a time and don't really think about the future.,human_05,['Spiritual']
PWB_7,HUMAN,I live life one day at a time and don't really think about the future.,human_06,['Emotional']
PWB_7,HUMAN,I live life one day at a time and don't really think about the future.,human_07,['Spiritual']
PWB_7,HUMAN,I live life one day at a time and don't really think about the future.,human_08,['Spiritual']
PWB_7,HUMAN,I live life one day at a time and don't really think about the future.,human_09,['Spiritual']
PWB_7,HUMAN,I live life one day at a time and don't really think about the future.,human_10,['Emotional']
PWB_7,HUMAN,I live life one day at a time and don't really think about the future.,human_11,['Spiritual']
PWB_7,HUMAN,I live life one day at a time and don't really think about the future.,human_12,['Emotional']
PWB_7,HUMAN,I live life one day at a time and don't really think about the future.,human_13,['Emotional']
PWB_7,HUMAN,I live life one day at a time and don't really think about the future.,human_14,['Intellectual']
PWB_7,HUMAN,I live life one day at a time and don't really think about the future.,human_15,['Environmental']
PWB_7,HUMAN,I live life one day at a time and don't really think about the future.,human_16,['Emotional']
PWB_7,HUMAN,I live life one day at a time and don't really think about the future.,human_17,['Spiritual']
PWB_7,HUMAN,I live life one day at a time and don't really think about the future.,human_18,['Occupational']
PWB_7,HUMAN,I live life one day at a time and don't really think about the future.,human_19,['Spiritual']
PWB_7,HUMAN,I live life one day at a time and don't really think about the future.,human_20,['Spiritual']
PWB_7,HUMAN,I live life one day at a time and don't really think about the future.,human_21,['Spiritual']
PWB_7,HUMAN,I live life one day at a time and don't really think about the future.,human_22,['Spiritual']
PWB_7,HUMAN,I live life one day at a time and don't really think about the future.,human_23,['Spiritual']
PWB_7,HUMAN,I live life one day at a time and don't really think about the future.,human_24,['Occupational']
PWB_7,HUMAN,I live life one day at a time and don't really think about the future.,human_25,['Spiritual']
PWB_7,HUMAN,I live life one day at a time and don't really think about the future.,human_26,['Spiritual']
PWB_7,HUMAN,I live life one day at a time and don't really think about the future.,human_27,['Spiritual']
PWB_7,HUMAN,I live life one day at a time and don't really think about the future.,human_28,['Environmental']
PWB_8,HUMAN,"In general, I feel I am in charge of the situation in which I live.",human_01,['Emotional']
PWB_8,HUMAN,"In general, I feel I am in charge of the situation in which I live.",human_02,['Emotional']
PWB_8,HUMAN,"In general, I feel I am in charge of the situation in which I live.",human_03,['Intellectual']
PWB_8,HUMAN,"In general, I feel I am in charge of the situation in which I live.",human_04,['Emotional']
PWB_8,HUMAN,"In general, I feel I am in charge of the situation in which I live.",human_05,['Spiritual']
PWB_8,HUMAN,"In general, I feel I am in charge of the situation in which I live.",human_06,['Environmental']
PWB_8,HUMAN,"In general, I feel I am in charge of the situation in which I live.",human_07,['Spiritual']
PWB_8,HUMAN,"In general, I feel I am in charge of the situation in which I live.",human_08,['Occupational']
PWB_8,HUMAN,"In general, I feel I am in charge of the situation in which I live.",human_09,['Spiritual']
PWB_8,HUMAN,"In general, I feel I am in charge of the situation in which I live.",human_10,['Emotional']
PWB_8,HUMAN,"In general, I feel I am in charge of the situation in which I live.",human_11,['Emotional']
PWB_8,HUMAN,"In general, I feel I am in charge of the situation in which I live.",human_12,['Emotional']
PWB_8,HUMAN,"In general, I feel I am in charge of the situation in which I live.",human_13,['Emotional']
PWB_8,HUMAN,"In general, I feel I am in charge of the situation in which I live.",human_14,['Intellectual']
PWB_8,HUMAN,"In general, I feel I am in charge of the situation in which I live.",human_15,['Spiritual']
PWB_8,HUMAN,"In general, I feel I am in charge of the situation in which I live.",human_16,['Intellectual']
PWB_8,HUMAN,"In general, I feel I am in charge of the situation in which I live.",human_17,['Environmental']
PWB_8,HUMAN,"In general, I feel I am in charge of the situation in which I live.",human_18,['Spiritual']
PWB_8,HUMAN,"In general, I feel I am in charge of the situation in which I live.",human_19,['Occupational']
PWB_8,HUMAN,"In general, I feel I am in charge of the situation in which I live.",human_20,['Emotional']
PWB_8,HUMAN,"In general, I feel I am in charge of the situation in which I live.",human_21,['Spiritual']
PWB_8,HUMAN,"In general, I feel I am in charge of the situation in which I live.",human_22,['Spiritual']
PWB_8,HUMAN,"In general, I feel I am in charge of the situation in which I live.",human_23,['Environmental']
PWB_8,HUMAN,"In general, I feel I am in charge of the situation in which I live.",human_24,['Environmental']
PWB_8,HUMAN,"In general, I feel I am in charge of the situation in which I live.",human_25,['Spiritual']
PWB_8,HUMAN,"In general, I feel I am in charge of the situation in which I live.",human_26,['Spiritual']
PWB_8,HUMAN,"In general, I feel I am in charge of the situation in which I live.",human_27,['Spiritual']
PWB_8,HUMAN,"In general, I feel I am in charge of the situation in which I live.",human_28,['Environmental']
PWB_9,HUMAN,I am good at managing the responsibilities of daily life.,human_01,['Emotional']
PWB_9,HUMAN,I am good at managing the responsibilities of daily life.,human_02,['Occupational']
PWB_9,HUMAN,I am good at managing the responsibilities of daily life.,human_03,['Intellectual']
PWB_9,HUMAN,I am good at managing the responsibilities of daily life.,human_04,['Occupational']
PWB_9,HUMAN,I am good at managing the responsibilities of daily life.,human_05,['Intellectual']
PWB_9,HUMAN,I am good at managing the responsibilities of daily life.,human_06,['Occupational']
PWB_9,HUMAN,I am good at managing the responsibilities of daily life.,human_07,['Intellectual']
PWB_9,HUMAN,I am good at managing the responsibilities of daily life.,human_08,['Occupational']
PWB_9,HUMAN,I am good at managing the responsibilities of daily life.,human_09,['Emotional']
PWB_9,HUMAN,I am good at managing the responsibilities of daily life.,human_10,['Occupational']
PWB_9,HUMAN,I am good at managing the responsibilities of daily life.,human_11,['Emotional']
PWB_9,HUMAN,I am good at managing the responsibilities of daily life.,human_12,['Intellectual']
PWB_9,HUMAN,I am good at managing the responsibilities of daily life.,human_13,['Occupational']
PWB_9,HUMAN,I am good at managing the responsibilities of daily life.,human_14,['Occupational']
PWB_9,HUMAN,I am good at managing the responsibilities of daily life.,human_15,['Occupational']
PWB_9,HUMAN,I am good at managing the responsibilities of daily life.,human_16,['Occupational']
PWB_9,HUMAN,I am good at managing the responsibilities of daily life.,human_17,['Environmental']
PWB_9,HUMAN,I am good at managing the responsibilities of daily life.,human_18,['Emotional']
PWB_9,HUMAN,I am good at managing the responsibilities of daily life.,human_19,['Occupational']
PWB_9,HUMAN,I am good at managing the responsibilities of daily life.,human_20,['Intellectual']
PWB_9,HUMAN,I am good at managing the responsibilities of daily life.,human_21,['Intellectual']
PWB_9,HUMAN,I am good at managing the responsibilities of daily life.,human_22,['Occupational']
PWB_9,HUMAN,I am good at managing the responsibilities of daily life.,human_23,['Environmental']
PWB_9,HUMAN,I am good at managing the responsibilities of daily life.,human_24,['Occupational']
PWB_9,HUMAN,I am good at managing the responsibilities of daily life.,human_25,['Occupational']
PWB_9,HUMAN,I am good at managing the responsibilities of daily life.,human_26,['Emotional']
PWB_9,HUMAN,I am good at managing the responsibilities of daily life.,human_27,['Occupational']
PWB_9,HUMAN,I am good at managing the responsibilities of daily life.,human_28,['Spiritual']
PWB_10,HUMAN,I sometimes feel as if I've done all there is to do in life.,human_01,['Emotional']
PWB_10,HUMAN,I sometimes feel as if I've done all there is to do in life.,human_02,['Emotional']
PWB_10,HUMAN,I sometimes feel as if I've done all there is to do in life.,human_03,['Emotional']
PWB_10,HUMAN,I sometimes feel as if I've done all there is to do in life.,human_04,['Spiritual']
PWB_10,HUMAN,I sometimes feel as if I've done all there is to do in life.,human_05,['Spiritual']
PWB_10,HUMAN,I sometimes feel as if I've done all there is to do in life.,human_06,['Spiritual']
PWB_10,HUMAN,I sometimes feel as if I've done all there is to do in life.,human_07,['Spiritual']
PWB_10,HUMAN,I sometimes feel as if I've done all there is to do in life.,human_08,['Spiritual']
PWB_10,HUMAN,I sometimes feel as if I've done all there is to do in life.,human_09,['Emotional']
PWB_10,HUMAN,I sometimes feel as if I've done all there is to do in life.,human_10,['Spiritual']
PWB_10,HUMAN,I sometimes feel as if I've done all there is to do in life.,human_11,['Spiritual']
PWB_10,HUMAN,I sometimes feel as if I've done all there is to do in life.,human_12,['Spiritual']
PWB_10,HUMAN,I sometimes feel as if I've done all there is to do in life.,human_13,['Spiritual']
PWB_10,HUMAN,I sometimes feel as if I've done all there is to do in life.,human_14,['Intellectual']
PWB_10,HUMAN,I sometimes feel as if I've done all there is to do in life.,human_15,['Spiritual']
PWB_10,HUMAN,I sometimes feel as if I've done all there is to do in life.,human_16,['Occupational']
PWB_10,HUMAN,I sometimes feel as if I've done all there is to do in life.,human_17,['Spiritual']
PWB_10,HUMAN,I sometimes feel as if I've done all there is to do in life.,human_18,['Spiritual']
PWB_10,HUMAN,I sometimes feel as if I've done all there is to do in life.,human_19,['Occupational']
PWB_10,HUMAN,I sometimes feel as if I've done all there is to do in life.,human_20,['Spiritual']
PWB_10,HUMAN,I sometimes feel as if I've done all there is to do in life.,human_21,['Spiritual']
PWB_10,HUMAN,I sometimes feel as if I've done all there is to do in life.,human_22,['Spiritual']
PWB_10,HUMAN,I sometimes feel as if I've done all there is to do in life.,human_23,['Social']
PWB_10,HUMAN,I sometimes feel as if I've done all there is to do in life.,human_24,['Occupational']
PWB_10,HUMAN,I sometimes feel as if I've done all there is to do in life.,human_25,['Spiritual']
PWB_10,HUMAN,I sometimes feel as if I've done all there is to do in life.,human_26,['Spiritual']
PWB_10,HUMAN,I sometimes feel as if I've done all there is to do in life.,human_27,['Spiritual']
PWB_10,HUMAN,I sometimes feel as if I've done all there is to do in life.,human_28,['Intellectual']
PWB_11,HUMAN,"For me, life has been a continuous process of learning, changing, and growth.",human_01,['Emotional']
PWB_11,HUMAN,"For me, life has been a continuous process of learning, changing, and growth.",human_02,['Emotional']
PWB_11,HUMAN,"For me, life has been a continuous process of learning, changing, and growth.",human_03,['Spiritual']
PWB_11,HUMAN,"For me, life has been a continuous process of learning, changing, and growth.",human_04,['Emotional']
PWB_11,HUMAN,"For me, life has been a continuous process of learning, changing, and growth.",human_05,['Spiritual']
PWB_11,HUMAN,"For me, life has been a continuous process of learning, changing, and growth.",human_06,['Intellectual']
PWB_11,HUMAN,"For me, life has been a continuous process of learning, changing, and growth.",human_07,['Spiritual']
PWB_11,HUMAN,"For me, life has been a continuous process of learning, changing, and growth.",human_08,['Spiritual']
PWB_11,HUMAN,"For me, life has been a continuous process of learning, changing, and growth.",human_09,['Spiritual']
PWB_11,HUMAN,"For me, life has been a continuous process of learning, changing, and growth.",human_10,['Spiritual']
PWB_11,HUMAN,"For me, life has been a continuous process of learning, changing, and growth.",human_11,['Spiritual']
PWB_11,HUMAN,"For me, life has been a continuous process of learning, changing, and growth.",human_12,['Spiritual']
PWB_11,HUMAN,"For me, life has been a continuous process of learning, changing, and growth.",human_13,['Intellectual']
PWB_11,HUMAN,"For me, life has been a continuous process of learning, changing, and growth.",human_14,['Intellectual']
PWB_11,HUMAN,"For me, life has been a continuous process of learning, changing, and growth.",human_15,['Intellectual']
PWB_11,HUMAN,"For me, life has been a continuous process of learning, changing, and growth.",human_16,['Intellectual']
PWB_11,HUMAN,"For me, life has been a continuous process of learning, changing, and growth.",human_17,['Spiritual']
PWB_11,HUMAN,"For me, life has been a continuous process of learning, changing, and growth.",human_18,['Physical']
PWB_11,HUMAN,"For me, life has been a continuous process of learning, changing, and growth.",human_19,['Occupational']
PWB_11,HUMAN,"For me, life has been a continuous process of learning, changing, and growth.",human_20,['Intellectual']
PWB_11,HUMAN,"For me, life has been a continuous process of learning, changing, and growth.",human_21,['Spiritual']
PWB_11,HUMAN,"For me, life has been a continuous process of learning, changing, and growth.",human_22,['Spiritual']
PWB_11,HUMAN,"For me, life has been a continuous process of learning, changing, and growth.",human_23,['Spiritual']
PWB_11,HUMAN,"For me, life has been a continuous process of learning, changing, and growth.",human_24,['Intellectual']
PWB_11,HUMAN,"For me, life has been a continuous process of learning, changing, and growth.",human_25,['Intellectual']
PWB_11,HUMAN,"For me, life has been a continuous process of learning, changing, and growth.",human_26,['Intellectual']
PWB_11,HUMAN,"For me, life has been a continuous process of learning, changing, and growth.",human_27,['Spiritual']
PWB_11,HUMAN,"For me, life has been a continuous process of learning, changing, and growth.",human_28,['Intellectual']
PWB_12,HUMAN,I think it is important to have new experiences that challenge how I think about myself and the world.,human_01,['Emotional']
PWB_12,HUMAN,I think it is important to have new experiences that challenge how I think about myself and the world.,human_02,['Emotional']
PWB_12,HUMAN,I think it is important to have new experiences that challenge how I think about myself and the world.,human_03,['Intellectual']
PWB_12,HUMAN,I think it is important to have new experiences that challenge how I think about myself and the world.,human_04,['Emotional']
PWB_12,HUMAN,I think it is important to have new experiences that challenge how I think about myself and the world.,human_05,['Spiritual']
PWB_12,HUMAN,I think it is important to have new experiences that challenge how I think about myself and the world.,human_06,['Emotional']
PWB_12,HUMAN,I think it is important to have new experiences that challenge how I think about myself and the world.,human_07,['Spiritual']
PWB_12,HUMAN,I think it is important to have new experiences that challenge how I think about myself and the world.,human_08,['Intellectual']
PWB_12,HUMAN,I think it is important to have new experiences that challenge how I think about myself and the world.,human_09,['Spiritual']
PWB_12,HUMAN,I think it is important to have new experiences that challenge how I think about myself and the world.,human_10,['Spiritual']
PWB_12,HUMAN,I think it is important to have new experiences that challenge how I think about myself and the world.,human_11,['Emotional']
PWB_12,HUMAN,I think it is important to have new experiences that challenge how I think about myself and the world.,human_12,['Environmental']
PWB_12,HUMAN,I think it is important to have new experiences that challenge how I think about myself and the world.,human_13,['Intellectual']
PWB_12,HUMAN,I think it is important to have new experiences that challenge how I think about myself and the world.,human_14,['Intellectual']
PWB_12,HUMAN,I think it is important to have new experiences that challenge how I think about myself and the world.,human_15,['Intellectual']
PWB_12,HUMAN,I think it is important to have new experiences that challenge how I think about myself and the world.,human_16,['Intellectual']
PWB_12,HUMAN,I think it is important to have new experiences that challenge how I think about myself and the world.,human_17,['Environmental']
PWB_12,HUMAN,I think it is important to have new experiences that challenge how I think about myself and the world.,human_18,['Environmental']
PWB_12,HUMAN,I think it is important to have new experiences that challenge how I think about myself and the world.,human_19,['Occupational']
PWB_12,HUMAN,I think it is important to have new experiences that challenge how I think about myself and the world.,human_20,['Intellectual']
PWB_12,HUMAN,I think it is important to have new experiences that challenge how I think about myself and the world.,human_21,['Spiritual']
PWB_12,HUMAN,I think it is important to have new experiences that challenge how I think about myself and the world.,human_22,['Spiritual']
PWB_12,HUMAN,I think it is important to have new experiences that challenge how I think about myself and the world.,human_23,['Intellectual']
PWB_12,HUMAN,I think it is important to have new experiences that challenge how I think about myself and the world.,human_24,['Intellectual']
PWB_12,HUMAN,I think it is important to have new experiences that challenge how I think about myself and the world.,human_25,['Spiritual']
PWB_12,HUMAN,I think it is important to have new experiences that challenge how I think about myself and the world.,human_26,['Intellectual']
PWB_12,HUMAN,I think it is important to have new experiences that challenge how I think about myself and the world.,human_27,['Environmental']
PWB_12,HUMAN,I think it is important to have new experiences that challenge how I think about myself and the world.,human_28,['Environmental']
PWB_13,HUMAN,"People would describe me as a giving person, willing to share my time with others.",human_01,['Emotional']
PWB_13,HUMAN,"People would describe me as a giving person, willing to share my time with others.",human_02,['Social']
PWB_13,HUMAN,"People would describe me as a giving person, willing to share my time with others.",human_03,['Emotional']
PWB_13,HUMAN,"People would describe me as a giving person, willing to share my time with others.",human_04,['Social']
PWB_13,HUMAN,"People would describe me as a giving person, willing to share my time with others.",human_05,['Spiritual']
PWB_13,HUMAN,"People would describe me as a giving person, willing to share my time with others.",human_06,['Social']
PWB_13,HUMAN,"People would describe me as a giving person, willing to share my time with others.",human_07,['Spiritual']
PWB_13,HUMAN,"People would describe me as a giving person, willing to share my time with others.",human_08,['Social']
PWB_13,HUMAN,"People would describe me as a giving person, willing to share my time with others.",human_09,['Social']
PWB_13,HUMAN,"People would describe me as a giving person, willing to share my time with others.",human_10,['Social']
PWB_13,HUMAN,"People would describe me as a giving person, willing to share my time with others.",human_11,['Social']
PWB_13,HUMAN,"People would describe me as a giving person, willing to share my time with others.",human_12,['Social']
PWB_13,HUMAN,"People would describe me as a giving person, willing to share my time with others.",human_13,['Social']
PWB_13,HUMAN,"People would describe me as a giving person, willing to share my time with others.",human_14,['Intellectual']
PWB_13,HUMAN,"People would describe me as a giving person, willing to share my time with others.",human_15,['Social']
PWB_13,HUMAN,"People would describe me as a giving person, willing to share my time with others.",human_16,['Social']
PWB_13,HUMAN,"People would describe me as a giving person, willing to share my time with others.",human_17,['Spiritual']
PWB_13,HUMAN,"People would describe me as a giving person, willing to share my time with others.",human_18,['Emotional']
PWB_13,HUMAN,"People would describe me as a giving person, willing to share my time with others.",human_19,['Social']
PWB_13,HUMAN,"People would describe me as a giving person, willing to share my time with others.",human_20,['Spiritual']
PWB_13,HUMAN,"People would describe me as a giving person, willing to share my time with others.",human_21,['Social']
PWB_13,HUMAN,"People would describe me as a giving person, willing to share my time with others.",human_22,['Social']
PWB_13,HUMAN,"People would describe me as a giving person, willing to share my time with others.",human_23,['Social']
PWB_13,HUMAN,"People would describe me as a giving person, willing to share my time with others.",human_24,['Social']
PWB_13,HUMAN,"People would describe me as a giving person, willing to share my time with others.",human_25,['Social']
PWB_13,HUMAN,"People would describe me as a giving person, willing to share my time with others.",human_26,['Spiritual']
PWB_13,HUMAN,"People would describe me as a giving person, willing to share my time with others.",human_27,['Environmental']
PWB_13,HUMAN,"People would describe me as a giving person, willing to share my time with others.",human_28,['Social']
PWB_14,HUMAN,I gave up trying to make big improvements or changes in my life a long time ago.,human_01,['Emotional']
PWB_14,HUMAN,I gave up trying to make big improvements or changes in my life a long time ago.,human_02,['Emotional']
PWB_14,HUMAN,I gave up trying to make big improvements or changes in my life a long time ago.,human_03,['Emotional']
PWB_14,HUMAN,I gave up trying to make big improvements or changes in my life a long time ago.,human_04,['Occupational']
PWB_14,HUMAN,I gave up trying to make big improvements or changes in my life a long time ago.,human_05,['Spiritual']
PWB_14,HUMAN,I gave up trying to make big improvements or changes in my life a long time ago.,human_06,['Emotional']
PWB_14,HUMAN,I gave up trying to make big improvements or changes in my life a long time ago.,human_07,['Emotional']
PWB_14,HUMAN,I gave up trying to make big improvements or changes in my life a long time ago.,human_08,['Spiritual']
PWB_14,HUMAN,I gave up trying to make big improvements or changes in my life a long time ago.,human_09,['Emotional']
PWB_14,HUMAN,I gave up trying to make big improvements or changes in my life a long time ago.,human_10,['Emotional']
PWB_14,HUMAN,I gave up trying to make big improvements or changes in my life a long time ago.,human_11,['Spiritual']
PWB_14,HUMAN,I gave up trying to make big improvements or changes in my life a long time ago.,human_12,['Emotional']
PWB_14,HUMAN,I gave up trying to make big improvements or changes in my life a long time ago.,human_13,['Intellectual']
PWB_14,HUMAN,I gave up trying to make big improvements or changes in my life a long time ago.,human_14,['Intellectual']
PWB_14,HUMAN,I gave up trying to make big improvements or changes in my life a long time ago.,human_15,['Emotional']
PWB_14,HUMAN,I gave up trying to make big improvements or changes in my life a long time ago.,human_16,['Occupational']
PWB_14,HUMAN,I gave up trying to make big improvements or changes in my life a long time ago.,human_17,['Occupational']
PWB_14,HUMAN,I gave up trying to make big improvements or changes in my life a long time ago.,human_18,['Social']
PWB_14,HUMAN,I gave up trying to make big improvements or changes in my life a long time ago.,human_19,['Social']
PWB_14,HUMAN,I gave up trying to make big improvements or changes in my life a long time ago.,human_20,['Spiritual']
PWB_14,HUMAN,I gave up trying to make big improvements or changes in my life a long time ago.,human_21,['Emotional']
PWB_14,HUMAN,I gave up trying to make big improvements or changes in my life a long time ago.,human_22,['Spiritual']
PWB_14,HUMAN,I gave up trying to make big improvements or changes in my life a long time ago.,human_23,['Spiritual']
PWB_14,HUMAN,I gave up trying to make big improvements or changes in my life a long time ago.,human_24,['Intellectual']
PWB_14,HUMAN,I gave up trying to make big improvements or changes in my life a long time ago.,human_25,['Spiritual']
PWB_14,HUMAN,I gave up trying to make big improvements or changes in my life a long time ago.,human_26,['Emotional']
PWB_14,HUMAN,I gave up trying to make big improvements or changes in my life a long time ago.,human_27,['Emotional']
PWB_14,HUMAN,I gave up trying to make big improvements or changes in my life a long time ago.,human_28,['Social']
PWB_15,HUMAN,I tend to be influenced by people with strong opinions.,human_01,['Social']
PWB_15,HUMAN,I tend to be influenced by people with strong opinions.,human_02,['Social']
PWB_15,HUMAN,I tend to be influenced by people with strong opinions.,human_03,['Social']
PWB_15,HUMAN,I tend to be influenced by people with strong opinions.,human_04,['Social']
PWB_15,HUMAN,I tend to be influenced by people with strong opinions.,human_05,['Social']
PWB_15,HUMAN,I tend to be influenced by people with strong opinions.,human_06,['Social']
PWB_15,HUMAN,I tend to be influenced by people with strong opinions.,human_07,['Emotional']
PWB_15,HUMAN,I tend to be influenced by people with strong opinions.,human_08,['Emotional']
PWB_15,HUMAN,I tend to be influenced by people with strong opinions.,human_09,['Emotional']
PWB_15,HUMAN,I tend to be influenced by people with strong opinions.,human_10,['Emotional']
PWB_15,HUMAN,I tend to be influenced by people with strong opinions.,human_11,['Social']
PWB_15,HUMAN,I tend to be influenced by people with strong opinions.,human_12,['Social']
PWB_15,HUMAN,I tend to be influenced by people with strong opinions.,human_13,['Social']
PWB_15,HUMAN,I tend to be influenced by people with strong opinions.,human_14,['Social']
PWB_15,HUMAN,I tend to be influenced by people with strong opinions.,human_15,['Social']
PWB_15,HUMAN,I tend to be influenced by people with strong opinions.,human_16,['Social']
PWB_15,HUMAN,I tend to be influenced by people with strong opinions.,human_17,['Social']
PWB_15,HUMAN,I tend to be influenced by people with strong opinions.,human_18,['Social']
PWB_15,HUMAN,I tend to be influenced by people with strong opinions.,human_19,['Social']
PWB_15,HUMAN,I tend to be influenced by people with strong opinions.,human_20,['Intellectual']
PWB_15,HUMAN,I tend to be influenced by people with strong opinions.,human_21,['Social']
PWB_15,HUMAN,I tend to be influenced by people with strong opinions.,human_22,['Intellectual']
PWB_15,HUMAN,I tend to be influenced by people with strong opinions.,human_23,['Social']
PWB_15,HUMAN,I tend to be influenced by people with strong opinions.,human_24,['Intellectual']
PWB_15,HUMAN,I tend to be influenced by people with strong opinions.,human_25,['Social']
PWB_15,HUMAN,I tend to be influenced by people with strong opinions.,human_26,['Emotional']
PWB_15,HUMAN,I tend to be influenced by people with strong opinions.,human_27,['Social']
PWB_15,HUMAN,I tend to be influenced by people with strong opinions.,human_28,['Social']
PWB_16,HUMAN,I have not experienced many warm and trusting relationships with others.,human_01,['Social']
PWB_16,HUMAN,I have not experienced many warm and trusting relationships with others.,human_02,['Social']
PWB_16,HUMAN,I have not experienced many warm and trusting relationships with others.,human_03,['Social']
PWB_16,HUMAN,I have not experienced many warm and trusting relationships with others.,human_04,['Social']
PWB_16,HUMAN,I have not experienced many warm and trusting relationships with others.,human_05,['Social']
PWB_16,HUMAN,I have not experienced many warm and trusting relationships with others.,human_06,['Social']
PWB_16,HUMAN,I have not experienced many warm and trusting relationships with others.,human_07,['Social']
PWB_16,HUMAN,I have not experienced many warm and trusting relationships with others.,human_08,['Social']
PWB_16,HUMAN,I have not experienced many warm and trusting relationships with others.,human_09,['Social']
PWB_16,HUMAN,I have not experienced many warm and trusting relationships with others.,human_10,['Social']
PWB_16,HUMAN,I have not experienced many warm and trusting relationships with others.,human_11,['Social']
PWB_16,HUMAN,I have not experienced many warm and trusting relationships with others.,human_12,['Social']
PWB_16,HUMAN,I have not experienced many warm and trusting relationships with others.,human_13,['Social']
PWB_16,HUMAN,I have not experienced many warm and trusting relationships with others.,human_14,['Social']
PWB_16,HUMAN,I have not experienced many warm and trusting relationships with others.,human_15,['Social']
PWB_16,HUMAN,I have not experienced many warm and trusting relationships with others.,human_16,['Social']
PWB_16,HUMAN,I have not experienced many warm and trusting relationships with others.,human_17,['Emotional']
PWB_16,HUMAN,I have not experienced many warm and trusting relationships with others.,human_18,['Environmental']
PWB_16,HUMAN,I have not experienced many warm and trusting relationships with others.,human_19,['Social']
PWB_16,HUMAN,I have not experienced many warm and trusting relationships with others.,human_20,['Social']
PWB_16,HUMAN,I have not experienced many warm and trusting relationships with others.,human_21,['Social']
PWB_16,HUMAN,I have not experienced many warm and trusting relationships with others.,human_22,['Social']
PWB_16,HUMAN,I have not experienced many warm and trusting relationships with others.,human_23,['Social']
PWB_16,HUMAN,I have not experienced many warm and trusting relationships with others.,human_24,['Social']
PWB_16,HUMAN,I have not experienced many warm and trusting relationships with others.,human_25,['Social']
PWB_16,HUMAN,I have not experienced many warm and trusting relationships with others.,human_26,['Social']
PWB_16,HUMAN,I have not experienced many warm and trusting relationships with others.,human_27,['Social']
PWB_16,HUMAN,I have not experienced many warm and trusting relationships with others.,human_28,['Social']
PWB_17,HUMAN,"I have confidence in my own opinions, even if they are different from the way most other people think.",human_01,['Emotional']
PWB_17,HUMAN,"I have confidence in my own opinions, even if they are different from the way most other people think.",human_02,['Emotional']
PWB_17,HUMAN,"I have confidence in my own opinions, even if they are different from the way most other people think.",human_03,['Intellectual']
PWB_17,HUMAN,"I have confidence in my own opinions, even if they are different from the way most other people think.",human_04,['Intellectual']
PWB_17,HUMAN,"I have confidence in my own opinions, even if they are different from the way most other people think.",human_05,['Intellectual']
PWB_17,HUMAN,"I have confidence in my own opinions, even if they are different from the way most other people think.",human_06,['Intellectual']
PWB_17,HUMAN,"I have confidence in my own opinions, even if they are different from the way most other people think.",human_07,['Spiritual']
PWB_17,HUMAN,"I have confidence in my own opinions, even if they are different from the way most other people think.",human_08,['Intellectual']
PWB_17,HUMAN,"I have confidence in my own opinions, even if they are different from the way most other people think.",human_09,['Emotional']
PWB_17,HUMAN,"I have confidence in my own opinions, even if they are different from the way most other people think.",human_10,['Social']
PWB_17,HUMAN,"I have confidence in my own opinions, even if they are different from the way most other people think.",human_11,['Social']
PWB_17,HUMAN,"I have confidence in my own opinions, even if they are different from the way most other people think.",human_12,['Social']
PWB_17,HUMAN,"I have confidence in my own opinions, even if they are different from the way most other people think.",human_13,['Social']
PWB_17,HUMAN,"I have confidence in my own opinions, even if they are different from the way most other people think.",human_14,['Emotional']
PWB_17,HUMAN,"I have confidence in my own opinions, even if they are different from the way most other people think.",human_15,['Social']
PWB_17,HUMAN,"I have confidence in my own opinions, even if they are different from the way most other people think.",human_16,['Intellectual']
PWB_17,HUMAN,"I have confidence in my own opinions, even if they are different from the way most other people think.",human_17,['Social']
PWB_17,HUMAN,"I have confidence in my own opinions, even if they are different from the way most other people think.",human_18,['Intellectual']
PWB_17,HUMAN,"I have confidence in my own opinions, even if they are different from the way most other people think.",human_19,['Social']
PWB_17,HUMAN,"I have confidence in my own opinions, even if they are different from the way most other people think.",human_20,['Intellectual']
PWB_17,HUMAN,"I have confidence in my own opinions, even if they are different from the way most other people think.",human_21,['Intellectual']
PWB_17,HUMAN,"I have confidence in my own opinions, even if they are different from the way most other people think.",human_22,['Intellectual']
PWB_17,HUMAN,"I have confidence in my own opinions, even if they are different from the way most other people think.",human_23,['Intellectual']
PWB_17,HUMAN,"I have confidence in my own opinions, even if they are different from the way most other people think.",human_24,['Intellectual']
PWB_17,HUMAN,"I have confidence in my own opinions, even if they are different from the way most other people think.",human_25,['Intellectual']
PWB_17,HUMAN,"I have confidence in my own opinions, even if they are different from the way most other people think.",human_26,['Emotional']
PWB_17,HUMAN,"I have confidence in my own opinions, even if they are different from the way most other people think.",human_27,['Intellectual']
PWB_17,HUMAN,"I have confidence in my own opinions, even if they are different from the way most other people think.",human_28,['Social']
PWB_18,HUMAN,"I judge myself by what I think is important, not by the values of what others think is important.",human_01,['Emotional']
PWB_18,HUMAN,"I judge myself by what I think is important, not by the values of what others think is important.",human_02,['Emotional']
PWB_18,HUMAN,"I judge myself by what I think is important, not by the values of what others think is important.",human_03,['Intellectual']
PWB_18,HUMAN,"I judge myself by what I think is important, not by the values of what others think is important.",human_04,['Emotional']
PWB_18,HUMAN,"I judge myself by what I think is important, not by the values of what others think is important.",human_05,['Spiritual']
PWB_18,HUMAN,"I judge myself by what I think is important, not by the values of what others think is important.",human_06,['Intellectual']
PWB_18,HUMAN,"I judge myself by what I think is important, not by the values of what others think is important.",human_07,['Spiritual']
PWB_18,HUMAN,"I judge myself by what I think is important, not by the values of what others think is important.",human_08,['Intellectual']
PWB_18,HUMAN,"I judge myself by what I think is important, not by the values of what others think is important.",human_09,['Spiritual']
PWB_18,HUMAN,"I judge myself by what I think is important, not by the values of what others think is important.",human_10,['Intellectual']
PWB_18,HUMAN,"I judge myself by what I think is important, not by the values of what others think is important.",human_11,['Emotional']
PWB_18,HUMAN,"I judge myself by what I think is important, not by the values of what others think is important.",human_12,['Intellectual']
PWB_18,HUMAN,"I judge myself by what I think is important, not by the values of what others think is important.",human_13,['Social']
PWB_18,HUMAN,"I judge myself by what I think is important, not by the values of what others think is important.",human_14,['Intellectual']
PWB_18,HUMAN,"I judge myself by what I think is important, not by the values of what others think is important.",human_15,['Intellectual']
PWB_18,HUMAN,"I judge myself by what I think is important, not by the values of what others think is important.",human_16,['Intellectual']
PWB_18,HUMAN,"I judge myself by what I think is important, not by the values of what others think is important.",human_17,['Social']
PWB_18,HUMAN,"I judge myself by what I think is important, not by the values of what others think is important.",human_18,['Spiritual']
PWB_18,HUMAN,"I judge myself by what I think is important, not by the values of what others think is important.",human_19,['Social']
PWB_18,HUMAN,"I judge myself by what I think is important, not by the values of what others think is important.",human_20,['Spiritual']
PWB_18,HUMAN,"I judge myself by what I think is important, not by the values of what others think is important.",human_21,['Intellectual']
PWB_18,HUMAN,"I judge myself by what I think is important, not by the values of what others think is important.",human_22,['Spiritual']
PWB_18,HUMAN,"I judge myself by what I think is important, not by the values of what others think is important.",human_23,['Spiritual']
PWB_18,HUMAN,"I judge myself by what I think is important, not by the values of what others think is important.",human_24,['Intellectual']
PWB_18,HUMAN,"I judge myself by what I think is important, not by the values of what others think is important.",human_25,['Social']
PWB_18,HUMAN,"I judge myself by what I think is important, not by the values of what others think is important.",human_26,['Emotional']
PWB_18,HUMAN,"I judge myself by what I think is important, not by the values of what others think is important.",human_27,['Environmental']
PWB_18,HUMAN,"I judge myself by what I think is important, not by the values of what others think is important.",human_28,['Social']
PWS_1,HUMAN,I am always optimistic about my future.,human_01,['Emotional']
PWS_1,HUMAN,I am always optimistic about my future.,human_02,['Emotional']
PWS_1,HUMAN,I am always optimistic about my future.,human_03,['Emotional']
PWS_1,HUMAN,I am always optimistic about my future.,human_04,['Emotional']
PWS_1,HUMAN,I am always optimistic about my future.,human_05,['Spiritual']
PWS_1,HUMAN,I am always optimistic about my future.,human_06,['Emotional']
PWS_1,HUMAN,I am always optimistic about my future.,human_07,['Emotional']
PWS_1,HUMAN,I am always optimistic about my future.,human_08,['Spiritual']
PWS_1,HUMAN,I am always optimistic about my future.,human_09,['Emotional']
PWS_1,HUMAN,I am always optimistic about my future.,human_10,['Spiritual']
PWS_1,HUMAN,I am always optimistic about my future.,human_11,['Emotional']
PWS_1,HUMAN,I am always optimistic about my future.,human_12,['Spiritual']
PWS_1,HUMAN,I am always optimistic about my future.,human_13,['Emotional']
PWS_1,HUMAN,I am always optimistic about my future.,human_14,['Emotional']
PWS_1,HUMAN,I am always optimistic about my future.,human_15,['Emotional']
PWS_1,HUMAN,I am always optimistic about my future.,human_16,['Emotional']
PWS_1,HUMAN,I am always optimistic about my future.,human_17,['Occupational']
PWS_1,HUMAN,I am always optimistic about my future.,human_18,['Emotional']
PWS_1,HUMAN,I am always optimistic about my future.,human_19,['Intellectual']
PWS_1,HUMAN,I am always optimistic about my future.,human_20,['Spiritual']
PWS_1,HUMAN,I am always optimistic about my future.,human_21,['Emotional']
PWS_1,HUMAN,I am always optimistic about my future.,human_22,['Spiritual']
PWS_1,HUMAN,I am always optimistic about my future.,human_23,['Occupational']
PWS_1,HUMAN,I am always optimistic about my future.,human_24,['Emotional']
PWS_1,HUMAN,I am always optimistic about my future.,human_25,['Emotional']
PWS_1,HUMAN,I am always optimistic about my future.,human_26,['Spiritual']
PWS_1,HUMAN,I am always optimistic about my future.,human_27,['Emotional']
PWS_1,HUMAN,I am always optimistic about my future.,human_28,['Emotional']
PWS_2,HUMAN,There have been times when I felt inferior to most of the people I knew.,human_01,['Emotional']
PWS_2,HUMAN,There have been times when I felt inferior to most of the people I knew.,human_02,['Emotional']
PWS_2,HUMAN,There have been times when I felt inferior to most of the people I knew.,human_03,['Emotional']
PWS_2,HUMAN,There have been times when I felt inferior to most of the people I knew.,human_04,['Social']
PWS_2,HUMAN,There have been times when I felt inferior to most of the people I knew.,human_05,['Spiritual']
PWS_2,HUMAN,There have been times when I felt inferior to most of the people I knew.,human_06,['Social']
PWS_2,HUMAN,There have been times when I felt inferior to most of the people I knew.,human_07,['Emotional']
PWS_2,HUMAN,There have been times when I felt inferior to most of the people I knew.,human_08,['Emotional']
PWS_2,HUMAN,There have been times when I felt inferior to most of the people I knew.,human_09,['Social']
PWS_2,HUMAN,There have been times when I felt inferior to most of the people I knew.,human_10,['Social']
PWS_2,HUMAN,There have been times when I felt inferior to most of the people I knew.,human_11,['Social']
PWS_2,HUMAN,There have been times when I felt inferior to most of the people I knew.,human_12,['Social']
PWS_2,HUMAN,There have been times when I felt inferior to most of the people I knew.,human_13,['Social']
PWS_2,HUMAN,There have been times when I felt inferior to most of the people I knew.,human_14,['Social']
PWS_2,HUMAN,There have been times when I felt inferior to most of the people I knew.,human_15,['Social']
PWS_2,HUMAN,There have been times when I felt inferior to most of the people I knew.,human_16,['Social']
PWS_2,HUMAN,There have been times when I felt inferior to most of the people I knew.,human_17,['Social']
PWS_2,HUMAN,There have been times when I felt inferior to most of the people I knew.,human_18,['Social']
PWS_2,HUMAN,There have been times when I felt inferior to most of the people I knew.,human_19,['Social']
PWS_2,HUMAN,There have been times when I felt inferior to most of the people I knew.,human_20,['Social']
PWS_2,HUMAN,There have been times when I felt inferior to most of the people I knew.,human_21,['Emotional']
PWS_2,HUMAN,There have been times when I felt inferior to most of the people I knew.,human_22,['Social']
PWS_2,HUMAN,There have been times when I felt inferior to most of the people I knew.,human_23,['Emotional']
PWS_2,HUMAN,There have been times when I felt inferior to most of the people I knew.,human_24,['Emotional']
PWS_2,HUMAN,There have been times when I felt inferior to most of the people I knew.,human_25,['Social']
PWS_2,HUMAN,There have been times when I felt inferior to most of the people I knew.,human_26,['Emotional']
PWS_2,HUMAN,There have been times when I felt inferior to most of the people I knew.,human_27,['Environmental']
PWS_2,HUMAN,There have been times when I felt inferior to most of the people I knew.,human_28,['Social']
PWS_3,HUMAN,Members of my family come to me for support.,human_01,['Social']
PWS_3,HUMAN,Members of my family come to me for support.,human_02,['Social']
PWS_3,HUMAN,Members of my family come to me for support.,human_03,['Social']
PWS_3,HUMAN,Members of my family come to me for support.,human_04,['Social']
PWS_3,HUMAN,Members of my family come to me for support.,human_05,['Social']
PWS_3,HUMAN,Members of my family come to me for support.,human_06,['Social']
PWS_3,HUMAN,Members of my family come to me for support.,human_07,['Social']
PWS_3,HUMAN,Members of my family come to me for support.,human_08,['Social']
PWS_3,HUMAN,Members of my family come to me for support.,human_09,['Social']
PWS_3,HUMAN,Members of my family come to me for support.,human_10,['Social']
PWS_3,HUMAN,Members of my family come to me for support.,human_11,['Social']
PWS_3,HUMAN,Members of my family come to me for support.,human_12,['Social']
PWS_3,HUMAN,Members of my family come to me for support.,human_13,['Social']
PWS_3,HUMAN,Members of my family come to me for support.,human_14,['Social']
PWS_3,HUMAN,Members of my family come to me for support.,human_15,['Social']
PWS_3,HUMAN,Members of my family come to me for support.,human_16,['Social']
PWS_3,HUMAN,Members of my family come to me for support.,human_17,['Social']
PWS_3,HUMAN,Members of my family come to me for support.,human_18,['Social']
PWS_3,HUMAN,Members of my family come to me for support.,human_19,['Social']
PWS_3,HUMAN,Members of my family come to me for support.,human_20,['Social']
PWS_3,HUMAN,Members of my family come to me for support.,human_21,['Social']
PWS_3,HUMAN,Members of my family come to me for support.,human_22,['Social']
PWS_3,HUMAN,Members of my family come to me for support.,human_23,['Social']
PWS_3,HUMAN,Members of my family come to me for support.,human_24,['Social']
PWS_3,HUMAN,Members of my family come to me for support.,human_25,['Social']
PWS_3,HUMAN,Members of my family come to me for support.,human_26,['Social']
PWS_3,HUMAN,Members of my family come to me for support.,human_27,['Social']
PWS_3,HUMAN,Members of my family come to me for support.,human_28,['Social']
