qid,text,Emotional,Environmental,Financial,Intellectual,Occupational,Physical,Social,Spiritual
CD_RISC_10,"I make my best effort, no matter what.",1,0,0,0,0,0,0,0
CD_RISC_10,"I make my best effort, no matter what.",2,0,0,3,1,0,0,0
CD_RISC_10,"I make my best effort, no matter what.",3,0,0,2,4,0,0,1
CD_RISC_10,"I make my best effort, no matter what.",1,0,0,2,3,0,0,0
CD_RISC_10,"I make my best effort, no matter what.",4,0,0,2,1,0,3,0
CD_RISC_10,"I make my best effort, no matter what.",7,8,3,4,1,2,6,5
CD_RISC_10,"I make my best effort, no matter what.",7,6,0,5,3,2,1,4
CD_RISC_10,"I make my best effort, no matter what.",1,0,0,2,0,0,0,0
CD_RISC_10,"I make my best effort, no matter what.",1,2,3,4,5,0,0,0
CD_RISC_10,"I make my best effort, no matter what.",0,0,0,0,0,0,0,0
CD_RISC_10,"I make my best effort, no matter what.",3,0,0,0,4,0,2,1
CD_RISC_10,"I make my best effort, no matter what.",2,7,4,8,6,3,5,1
CD_RISC_10,"I make my best effort, no matter what.",3,0,0,1,2,0,0,0
CD_RISC_10,"I make my best effort, no matter what.",3,0,2,7,5,4,1,6
CD_RISC_10,"I make my best effort, no matter what.",3,0,0,2,4,0,0,1
CD_RISC_10,"I make my best effort, no matter what.",2,0,0,3,1,0,0,0
CD_RISC_10,"I make my best effort, no matter what.",0,0,0,0,0,0,0,1
CD_RISC_10,"I make my best effort, no matter what.",0,0,0,0,3,1,0,2
CD_RISC_10,"I make my best effort, no matter what.",2,0,0,3,0,1,0,0
CD_RISC_10,"I make my best effort, no matter what.",3,0,0,2,4,5,6,1
CD_RISC_10,"I make my best effort, no matter what.",1,0,0,0,0,0,0,0
CD_RISC_10,"I make my best effort, no matter what.",0,0,0,2,0,0,0,1
CD_RISC_10,"I make my best effort, no matter what.",5,2,0,0,4,0,3,1
CD_RISC_10,"I make my best effort, no matter what.",6,2,1,5,0,0,3,4
CD_RISC_10,"I make my best effort, no matter what.",1,0,0,0,2,0,0,0
CD_RISC_10,"I make my best effort, no matter what.",1,0,0,0,0,0,0,0
CD_RISC_10,"I make my best effort, no matter what.",8,4,2,7,3,1,6,5
CD_RISC_11,"I believe I can achieve my goals, even if there are obstacles.",2,0,0,0,1,0,0,0
CD_RISC_11,"I believe I can achieve my goals, even if there are obstacles.",2,0,0,3,1,0,0,0
CD_RISC_11,"I believe I can achieve my goals, even if there are obstacles.",4,0,0,1,3,0,0,2
CD_RISC_11,"I believe I can achieve my goals, even if there are obstacles.",1,0,0,3,2,0,0,0
CD_RISC_11,"I believe I can achieve my goals, even if there are obstacles.",5,4,0,6,0,2,3,1
CD_RISC_11,"I believe I can achieve my goals, even if there are obstacles.",1,0,0,3,2,0,0,0
CD_RISC_11,"I believe I can achieve my goals, even if there are obstacles.",5,6,7,2,8,3,1,4
CD_RISC_11,"I believe I can achieve my goals, even if there are obstacles.",1,0,0,2,0,0,0,0
CD_RISC_11,"I believe I can achieve my goals, even if there are obstacles.",1,0,0,0,0,0,0,2
CD_RISC_11,"I believe I can achieve my goals, even if there are obstacles.",2,3,0,1,0,0,0,4
CD_RISC_11,"I believe I can achieve my goals, even if there are obstacles.",3,5,0,2,0,0,1,4
CD_RISC_11,"I believe I can achieve my goals, even if there are obstacles.",1,0,0,3,0,2,0,4
CD_RISC_11,"I believe I can achieve my goals, even if there are obstacles.",7,1,3,8,6,2,4,5
CD_RISC_11,"I believe I can achieve my goals, even if there are obstacles.",2,0,0,3,1,0,0,0
CD_RISC_11,"I believe I can achieve my goals, even if there are obstacles.",3,0,0,0,2,1,0,0
CD_RISC_11,"I believe I can achieve my goals, even if there are obstacles.",3,0,0,2,4,1,0,0
CD_RISC_11,"I believe I can achieve my goals, even if there are obstacles.",3,0,0,0,2,0,0,1
CD_RISC_11,"I believe I can achieve my goals, even if there are obstacles.",1,0,0,2,0,0,0,0
CD_RISC_11,"I believe I can achieve my goals, even if there are obstacles.",5,1,2,3,7,8,4,6
CD_RISC_11,"I believe I can achieve my goals, even if there are obstacles.",1,0,0,0,0,0,0,0
CD_RISC_11,"I believe I can achieve my goals, even if there are obstacles.",3,0,0,2,0,0,0,1
CD_RISC_11,"I believe I can achieve my goals, even if there are obstacles.",0,0,0,0,1,0,0,0
CD_RISC_11,"I believe I can achieve my goals, even if there are obstacles.",3,0,0,1,0,0,0,2
CD_RISC_11,"I believe I can achieve my goals, even if there are obstacles.",0,0,0,0,1,0,0,2
CD_RISC_11,"I believe I can achieve my goals, even if there are obstacles.",1,0,0,0,0,0,0,0
CD_RISC_11,"I believe I can achieve my goals, even if there are obstacles.",6,3,0,4,5,2,0,1
CD_RISC_11,"I believe I can achieve my goals, even if there are obstacles.",1,0,4,3,6,2,0,5
CD_RISC_12,"Even when hopeless, I do not give up.",1,0,0,0,0,0,0,0
CD_RISC_12,"Even when hopeless, I do not give up.",1,0,0,0,0,0,0,2
CD_RISC_12,"Even when hopeless, I do not give up.",1,0,0,0,0,0,0,0
CD_RISC_12,"Even when hopeless, I do not give up.",0,0,3,0,4,1,2,0
CD_RISC_12,"Even when hopeless, I do not give up.",3,0,0,0,1,0,0,2
CD_RISC_12,"Even when hopeless, I do not give up.",2,0,0,0,0,0,1,0
CD_RISC_12,"Even when hopeless, I do not give up.",1,0,0,0,0,0,0,0
CD_RISC_12,"Even when hopeless, I do not give up.",8,3,4,6,2,7,5,1
CD_RISC_12,"Even when hopeless, I do not give up.",3,1,0,4,0,0,2,5
CD_RISC_12,"Even when hopeless, I do not give up.",4,1,0,3,0,0,2,0
CD_RISC_12,"Even when hopeless, I do not give up.",3,0,0,1,0,0,0,2
CD_RISC_12,"Even when hopeless, I do not give up.",2,0,0,0,0,0,0,1
CD_RISC_12,"Even when hopeless, I do not give up.",1,0,0,3,0,0,0,2
CD_RISC_12,"Even when hopeless, I do not give up.",1,0,0,0,0,0,0,0
CD_RISC_12,"Even when hopeless, I do not give up.",0,0,0,0,0,0,2,1
CD_RISC_12,"Even when hopeless, I do not give up.",1,0,0,0,0,0,0,2
CD_RISC_12,"Even when hopeless, I do not give up.",1,0,0,0,0,2,0,0
CD_RISC_12,"Even when hopeless, I do not give up.",0,0,0,0,1,0,0,2
CD_RISC_12,"Even when hopeless, I do not give up.",1,0,0,0,0,0,0,2
CD_RISC_12,"Even when hopeless, I do not give up.",0,0,0,0,0,2,0,1
CD_RISC_12,"Even when hopeless, I do not give up.",7,1,2,3,6,4,5,8
CD_RISC_12,"Even when hopeless, I do not give up.",1,0,0,2,0,0,0,3
CD_RISC_12,"Even when hopeless, I do not give up.",1,0,0,0,0,0,0,2
CD_RISC_12,"Even when hopeless, I do not give up.",2,0,0,0,0,0,0,1
CD_RISC_12,"Even when hopeless, I do not give up.",3,0,0,0,0,0,2,1
CD_RISC_12,"Even when hopeless, I do not give up.",1,0,0,0,0,0,0,2
CD_RISC_12,"Even when hopeless, I do not give up.",3,0,0,1,0,0,0,2
CD_RISC_14,"Under pressure, I stay focused and think clearly.",0,0,3,1,2,0,4,0
CD_RISC_14,"Under pressure, I stay focused and think clearly.",4,3,0,1,0,0,2,0
CD_RISC_14,"Under pressure, I stay focused and think clearly.",1,0,0,2,0,0,0,0
CD_RISC_14,"Under pressure, I stay focused and think clearly.",2,4,3,5,6,8,7,1
CD_RISC_14,"Under pressure, I stay focused and think clearly.",4,2,0,5,0,0,3,1
CD_RISC_14,"Under pressure, I stay focused and think clearly.",4,1,0,3,0,0,0,2
CD_RISC_14,"Under pressure, I stay focused and think clearly.",2,0,0,1,0,0,0,0
CD_RISC_14,"Under pressure, I stay focused and think clearly.",2,0,0,3,0,0,1,0
CD_RISC_14,"Under pressure, I stay focused and think clearly.",1,0,0,0,0,0,0,0
CD_RISC_14,"Under pressure, I stay focused and think clearly.",1,0,0,0,0,0,0,0
CD_RISC_14,"Under pressure, I stay focused and think clearly.",1,0,0,0,0,0,0,0
CD_RISC_14,"Under pressure, I stay focused and think clearly.",0,5,0,4,1,2,3,0
CD_RISC_14,"Under pressure, I stay focused and think clearly.",4,3,0,2,1,0,0,0
CD_RISC_14,"Under pressure, I stay focused and think clearly.",3,0,0,2,0,0,1,0
CD_RISC_14,"Under pressure, I stay focused and think clearly.",2,0,0,1,0,0,0,0
CD_RISC_14,"Under pressure, I stay focused and think clearly.",1,0,0,0,0,0,0,0
CD_RISC_14,"Under pressure, I stay focused and think clearly.",2,0,0,1,0,0,0,0
CD_RISC_14,"Under pressure, I stay focused and think clearly.",2,0,0,1,0,0,0,0
CD_RISC_14,"Under pressure, I stay focused and think clearly.",1,0,0,2,0,0,0,0
CD_RISC_14,"Under pressure, I stay focused and think clearly.",0,0,0,1,0,0,0,0
CD_RISC_14,"Under pressure, I stay focused and think clearly.",1,0,0,3,2,0,0,0
CD_RISC_14,"Under pressure, I stay focused and think clearly.",2,0,1,4,0,0,0,3
CD_RISC_14,"Under pressure, I stay focused and think clearly.",6,1,3,8,7,2,5,4
CD_RISC_14,"Under pressure, I stay focused and think clearly.",2,0,0,1,0,0,0,0
CD_RISC_14,"Under pressure, I stay focused and think clearly.",3,1,0,2,0,0,0,0
CD_RISC_14,"Under pressure, I stay focused and think clearly.",2,0,0,4,3,1,0,0
CD_RISC_14,"Under pressure, I stay focused and think clearly.",0,0,0,1,0,0,0,0
CD_RISC_15,I prefer to take the lead in problem-solving.,0,3,0,2,1,0,0,0
CD_RISC_15,I prefer to take the lead in problem-solving.,1,0,0,2,0,0,0,0
CD_RISC_15,I prefer to take the lead in problem-solving.,1,0,0,3,2,0,0,0
CD_RISC_15,I prefer to take the lead in problem-solving.,1,0,2,5,4,0,3,0
CD_RISC_15,I prefer to take the lead in problem-solving.,0,2,0,3,0,0,1,0
CD_RISC_15,I prefer to take the lead in problem-solving.,3,1,0,5,2,0,4,0
CD_RISC_15,I prefer to take the lead in problem-solving.,8,6,2,7,4,3,5,1
CD_RISC_15,I prefer to take the lead in problem-solving.,0,0,0,2,1,0,0,0
CD_RISC_15,I prefer to take the lead in problem-solving.,1,0,0,2,0,0,0,0
CD_RISC_15,I prefer to take the lead in problem-solving.,1,0,0,2,3,0,0,0
CD_RISC_15,I prefer to take the lead in problem-solving.,1,0,0,4,3,0,2,0
CD_RISC_15,I prefer to take the lead in problem-solving.,0,0,0,1,0,0,0,0
CD_RISC_15,I prefer to take the lead in problem-solving.,1,3,0,2,4,0,5,0
CD_RISC_15,I prefer to take the lead in problem-solving.,0,0,0,2,0,0,1,0
CD_RISC_15,I prefer to take the lead in problem-solving.,0,0,0,3,1,0,2,0
CD_RISC_15,I prefer to take the lead in problem-solving.,0,0,0,2,1,0,0,0
CD_RISC_15,I prefer to take the lead in problem-solving.,2,0,0,1,0,0,3,0
CD_RISC_15,I prefer to take the lead in problem-solving.,0,0,0,1,0,0,2,0
CD_RISC_15,I prefer to take the lead in problem-solving.,6,2,1,8,5,4,7,3
CD_RISC_15,I prefer to take the lead in problem-solving.,3,0,4,5,1,0,2,0
CD_RISC_15,I prefer to take the lead in problem-solving.,0,0,0,1,0,0,0,0
CD_RISC_15,I prefer to take the lead in problem-solving.,0,0,0,0,2,0,1,0
CD_RISC_15,I prefer to take the lead in problem-solving.,1,0,0,2,0,0,0,0
CD_RISC_15,I prefer to take the lead in problem-solving.,5,1,7,4,3,2,6,0
CD_RISC_15,I prefer to take the lead in problem-solving.,0,0,0,1,0,0,0,0
CD_RISC_15,I prefer to take the lead in problem-solving.,0,0,0,1,0,0,0,0
CD_RISC_15,I prefer to take the lead in problem-solving.,0,0,0,2,0,0,1,0
CD_RISC_16,I am not easily discouraged by failure.,0,2,0,4,3,1,0,0
CD_RISC_16,I am not easily discouraged by failure.,3,0,0,0,1,0,0,2
CD_RISC_16,I am not easily discouraged by failure.,3,0,0,1,0,0,0,2
CD_RISC_16,I am not easily discouraged by failure.,2,3,4,0,5,0,0,1
CD_RISC_16,I am not easily discouraged by failure.,0,0,0,0,1,0,0,2
CD_RISC_16,I am not easily discouraged by failure.,2,0,0,3,0,0,1,0
CD_RISC_16,I am not easily discouraged by failure.,1,0,0,2,0,0,0,0
CD_RISC_16,I am not easily discouraged by failure.,8,6,3,4,1,7,2,5
CD_RISC_16,I am not easily discouraged by failure.,3,0,0,1,0,0,0,2
CD_RISC_16,I am not easily discouraged by failure.,6,2,0,5,4,0,3,1
CD_RISC_16,I am not easily discouraged by failure.,2,0,0,3,1,0,0,0
CD_RISC_16,I am not easily discouraged by failure.,4,0,0,2,1,0,0,3
CD_RISC_16,I am not easily discouraged by failure.,1,0,0,0,0,0,0,0
CD_RISC_16,I am not easily discouraged by failure.,2,0,0,3,0,0,0,1
CD_RISC_16,I am not easily discouraged by failure.,1,0,0,0,0,0,0,0
CD_RISC_16,I am not easily discouraged by failure.,4,0,0,3,0,0,2,1
CD_RISC_16,I am not easily discouraged by failure.,1,0,0,0,0,0,0,0
CD_RISC_16,I am not easily discouraged by failure.,2,0,0,0,1,0,0,0
CD_RISC_16,I am not easily discouraged by failure.,3,0,0,0,1,0,0,2
CD_RISC_16,I am not easily discouraged by failure.,1,0,0,2,0,0,0,0
CD_RISC_16,I am not easily discouraged by failure.,8,2,1,7,5,3,4,6
CD_RISC_16,I am not easily discouraged by failure.,3,0,2,4,0,0,1,0
CD_RISC_16,I am not easily discouraged by failure.,2,0,0,0,0,0,0,1
CD_RISC_16,I am not easily discouraged by failure.,1,0,0,0,3,0,0,2
CD_RISC_16,I am not easily discouraged by failure.,2,0,0,1,0,0,0,3
CD_RISC_16,I am not easily discouraged by failure.,1,0,0,0,0,0,0,0
CD_RISC_16,I am not easily discouraged by failure.,4,3,0,0,2,0,1,0
CD_RISC_17,I think of myself as a strong person when dealing with life's challenges and difficulties.,3,0,0,0,0,0,1,2
CD_RISC_17,I think of myself as a strong person when dealing with life's challenges and difficulties.,0,0,3,1,0,0,0,2
CD_RISC_17,I think of myself as a strong person when dealing with life's challenges and difficulties.,1,0,0,0,0,0,0,0
CD_RISC_17,I think of myself as a strong person when dealing with life's challenges and difficulties.,2,0,0,0,1,0,0,0
CD_RISC_17,I think of myself as a strong person when dealing with life's challenges and difficulties.,1,0,0,2,0,0,0,0
CD_RISC_17,I think of myself as a strong person when dealing with life's challenges and difficulties.,2,0,0,1,0,0,0,0
CD_RISC_17,I think of myself as a strong person when dealing with life's challenges and difficulties.,2,7,4,8,6,3,5,1
CD_RISC_17,I think of myself as a strong person when dealing with life's challenges and difficulties.,4,3,0,2,0,0,0,1
CD_RISC_17,I think of myself as a strong person when dealing with life's challenges and difficulties.,5,1,0,4,0,0,2,3
CD_RISC_17,I think of myself as a strong person when dealing with life's challenges and difficulties.,4,0,0,3,1,0,0,2
CD_RISC_17,I think of myself as a strong person when dealing with life's challenges and difficulties.,3,0,0,1,0,0,0,2
CD_RISC_17,I think of myself as a strong person when dealing with life's challenges and difficulties.,1,0,0,0,0,0,0,0
CD_RISC_17,I think of myself as a strong person when dealing with life's challenges and difficulties.,1,0,0,0,0,0,0,0
CD_RISC_17,I think of myself as a strong person when dealing with life's challenges and difficulties.,4,1,0,0,0,2,0,3
CD_RISC_17,I think of myself as a strong person when dealing with life's challenges and difficulties.,3,0,0,2,0,0,0,1
CD_RISC_17,I think of myself as a strong person when dealing with life's challenges and difficulties.,1,0,0,0,0,0,0,2
CD_RISC_17,I think of myself as a strong person when dealing with life's challenges and difficulties.,4,2,0,0,3,0,0,1
CD_RISC_17,I think of myself as a strong person when dealing with life's challenges and difficulties.,1,0,0,0,0,0,0,2
CD_RISC_17,I think of myself as a strong person when dealing with life's challenges and difficulties.,1,0,0,2,0,0,0,3
CD_RISC_17,I think of myself as a strong person when dealing with life's challenges and difficulties.,0,1,0,0,3,0,0,2
CD_RISC_17,I think of myself as a strong person when dealing with life's challenges and difficulties.,0,1,0,0,0,2,0,0
CD_RISC_17,I think of myself as a strong person when dealing with life's challenges and difficulties.,3,1,0,0,0,0,0,2
CD_RISC_17,I think of myself as a strong person when dealing with life's challenges and difficulties.,2,0,0,0,0,0,0,1
CD_RISC_17,I think of myself as a strong person when dealing with life's challenges and difficulties.,1,0,0,0,0,0,0,0
CD_RISC_17,I think of myself as a strong person when dealing with life's challenges and difficulties.,1,0,0,0,0,0,0,0
CD_RISC_17,I think of myself as a strong person when dealing with life's challenges and difficulties.,2,0,0,0,0,0,0,1
CD_RISC_17,I think of myself as a strong person when dealing with life's challenges and difficulties.,7,3,5,4,2,8,1,6
CD_RISC_2,I have one close and secure relationship.,2,0,0,0,0,0,1,0
CD_RISC_2,I have one close and secure relationship.,1,0,0,0,0,0,2,0
CD_RISC_2,I have one close and secure relationship.,2,0,0,1,0,0,3,0
CD_RISC_2,I have one close and secure relationship.,2,0,0,0,0,0,3,1
CD_RISC_2,I have one close and secure relationship.,1,0,0,0,0,0,2,0
CD_RISC_2,I have one close and secure relationship.,7,6,5,4,2,1,8,3
CD_RISC_2,I have one close and secure relationship.,7,3,2,6,5,1,8,4
CD_RISC_2,I have one close and secure relationship.,0,0,0,0,0,0,1,0
CD_RISC_2,I have one close and secure relationship.,2,0,0,0,0,0,1,0
CD_RISC_2,I have one close and secure relationship.,2,0,0,0,0,0,3,1
CD_RISC_2,I have one close and secure relationship.,2,1,0,0,0,0,3,0
CD_RISC_2,I have one close and secure relationship.,1,0,0,0,0,0,3,2
CD_RISC_2,I have one close and secure relationship.,1,0,0,0,0,0,2,0
CD_RISC_2,I have one close and secure relationship.,3,0,0,0,1,0,2,0
CD_RISC_2,I have one close and secure relationship.,2,1,0,0,0,0,3,0
CD_RISC_2,I have one close and secure relationship.,1,0,0,0,0,0,2,0
CD_RISC_2,I have one close and secure relationship.,0,0,0,0,0,0,1,0
CD_RISC_2,I have one close and secure relationship.,1,0,0,0,0,0,2,0
CD_RISC_2,I have one close and secure relationship.,7,4,3,5,2,1,8,6
CD_RISC_2,I have one close and secure relationship.,2,0,0,0,0,3,0,1
CD_RISC_2,I have one close and secure relationship.,2,0,0,0,0,0,1,0
CD_RISC_2,I have one close and secure relationship.,1,0,0,0,0,0,3,2
CD_RISC_2,I have one close and secure relationship.,3,0,0,1,0,0,4,2
CD_RISC_2,I have one close and secure relationship.,1,0,0,0,0,0,2,0
CD_RISC_2,I have one close and secure relationship.,1,0,0,0,0,0,2,0
CD_RISC_2,I have one close and secure relationship.,2,1,0,0,0,0,3,0
CD_RISC_2,I have one close and secure relationship.,0,0,0,0,0,0,1,0
CD_RISC_21,I have a strong sense of purpose in life.,4,3,0,0,1,0,2,5
CD_RISC_21,I have a strong sense of purpose in life.,0,0,0,0,0,0,0,1
CD_RISC_21,I have a strong sense of purpose in life.,0,0,0,0,0,0,0,0
CD_RISC_21,I have a strong sense of purpose in life.,2,0,0,0,1,0,0,3
CD_RISC_21,I have a strong sense of purpose in life.,0,0,0,0,0,0,0,1
CD_RISC_21,I have a strong sense of purpose in life.,0,0,0,0,0,0,0,1
CD_RISC_21,I have a strong sense of purpose in life.,2,1,3,8,6,5,7,4
CD_RISC_21,I have a strong sense of purpose in life.,0,0,0,0,0,0,0,1
CD_RISC_21,I have a strong sense of purpose in life.,3,1,0,0,0,0,2,4
CD_RISC_21,I have a strong sense of purpose in life.,3,0,0,2,1,0,0,4
CD_RISC_21,I have a strong sense of purpose in life.,2,0,0,1,0,0,0,3
CD_RISC_21,I have a strong sense of purpose in life.,1,0,0,0,0,0,0,2
CD_RISC_21,I have a strong sense of purpose in life.,2,0,0,0,0,0,0,1
CD_RISC_21,I have a strong sense of purpose in life.,0,1,0,0,2,0,0,3
CD_RISC_21,I have a strong sense of purpose in life.,0,1,0,0,2,0,0,3
CD_RISC_21,I have a strong sense of purpose in life.,0,0,0,0,2,0,0,1
CD_RISC_21,I have a strong sense of purpose in life.,2,0,0,0,0,0,0,1
CD_RISC_21,I have a strong sense of purpose in life.,3,2,0,0,0,0,1,4
CD_RISC_21,I have a strong sense of purpose in life.,2,0,0,0,1,0,0,3
CD_RISC_21,I have a strong sense of purpose in life.,0,0,0,0,0,0,0,1
CD_RISC_21,I have a strong sense of purpose in life.,8,2,4,7,3,1,5,6
CD_RISC_21,I have a strong sense of purpose in life.,7,5,6,8,2,4,1,3
CD_RISC_21,I have a strong sense of purpose in life.,0,0,0,0,0,0,0,1
CD_RISC_21,I have a strong sense of purpose in life.,0,0,0,0,1,0,0,2
CD_RISC_21,I have a strong sense of purpose in life.,0,0,0,0,0,0,0,1
CD_RISC_21,I have a strong sense of purpose in life.,0,0,0,0,0,0,0,1
CD_RISC_21,I have a strong sense of purpose in life.,2,0,0,0,0,0,0,1
CD_RISC_22,I feel like I am in control.,1,0,0,3,0,0,0,2
CD_RISC_22,I feel like I am in control.,4,2,3,0,1,0,0,5
CD_RISC_22,I feel like I am in control.,1,0,0,0,0,0,0,0
CD_RISC_22,I feel like I am in control.,2,0,0,1,0,0,0,0
CD_RISC_22,I feel like I am in control.,3,0,0,1,0,0,0,2
CD_RISC_22,I feel like I am in control.,0,0,0,1,2,0,0,3
CD_RISC_22,I feel like I am in control.,6,2,0,4,0,1,3,5
CD_RISC_22,I feel like I am in control.,8,2,3,6,4,5,7,1
CD_RISC_22,I feel like I am in control.,2,0,0,1,0,0,0,0
CD_RISC_22,I feel like I am in control.,7,2,5,3,6,1,4,8
CD_RISC_22,I feel like I am in control.,0,0,0,0,0,0,0,0
CD_RISC_22,I feel like I am in control.,0,3,0,2,0,1,0,0
CD_RISC_22,I feel like I am in control.,2,1,0,0,0,0,0,3
CD_RISC_22,I feel like I am in control.,2,0,0,1,0,0,0,3
CD_RISC_22,I feel like I am in control.,1,0,0,0,0,0,0,0
CD_RISC_22,I feel like I am in control.,0,0,0,0,0,0,1,0
CD_RISC_22,I feel like I am in control.,1,0,0,0,0,0,0,2
CD_RISC_22,I feel like I am in control.,2,0,0,1,0,0,0,3
CD_RISC_22,I feel like I am in control.,1,0,0,0,0,0,0,2
CD_RISC_22,I feel like I am in control.,0,2,0,3,1,0,0,0
CD_RISC_22,I feel like I am in control.,2,0,0,3,0,0,1,0
CD_RISC_22,I feel like I am in control.,4,0,2,0,1,5,0,3
CD_RISC_22,I feel like I am in control.,8,3,2,7,4,1,5,6
CD_RISC_22,I feel like I am in control.,3,0,0,4,0,0,2,1
CD_RISC_22,I feel like I am in control.,2,0,0,1,0,0,0,0
CD_RISC_22,I feel like I am in control.,4,2,0,0,0,1,3,0
CD_RISC_22,I feel like I am in control.,0,1,2,0,3,0,0,0
CD_RISC_24,I work to attain goals.,1,5,6,2,0,3,0,4
CD_RISC_24,I work to attain goals.,0,0,0,2,0,0,0,1
CD_RISC_24,I work to attain goals.,2,0,0,0,1,0,0,0
CD_RISC_24,I work to attain goals.,0,0,0,1,2,0,0,0
CD_RISC_24,I work to attain goals.,0,0,0,2,1,0,0,0
CD_RISC_24,I work to attain goals.,0,0,0,2,1,0,0,0
CD_RISC_24,I work to attain goals.,2,1,5,7,8,6,3,4
CD_RISC_24,I work to attain goals.,0,0,0,2,1,0,0,0
CD_RISC_24,I work to attain goals.,1,0,0,2,4,3,0,0
CD_RISC_24,I work to attain goals.,0,0,2,1,3,0,0,0
CD_RISC_24,I work to attain goals.,1,0,0,2,3,0,0,0
CD_RISC_24,I work to attain goals.,0,0,0,0,1,0,0,0
CD_RISC_24,I work to attain goals.,2,0,0,1,0,0,0,0
CD_RISC_24,I work to attain goals.,1,3,6,8,7,5,2,4
CD_RISC_24,I work to attain goals.,3,0,0,2,4,1,0,0
CD_RISC_24,I work to attain goals.,0,0,0,2,3,0,0,1
CD_RISC_24,I work to attain goals.,0,0,0,0,3,1,0,2
CD_RISC_24,I work to attain goals.,0,0,0,1,2,0,0,0
CD_RISC_24,I work to attain goals.,0,0,0,2,0,0,1,0
CD_RISC_24,I work to attain goals.,0,0,0,0,2,0,0,1
CD_RISC_24,I work to attain goals.,0,3,4,1,5,0,0,2
CD_RISC_24,I work to attain goals.,0,0,1,2,3,0,0,0
CD_RISC_24,I work to attain goals.,0,0,0,2,1,0,0,0
CD_RISC_24,I work to attain goals.,0,0,0,0,2,0,0,1
CD_RISC_24,I work to attain goals.,0,0,0,1,2,0,0,0
CD_RISC_24,I work to attain goals.,0,0,0,1,2,0,0,0
CD_RISC_24,I work to attain goals.,7,1,5,8,4,3,2,6
CD_RISC_25,I take pride in my achievements.,2,0,0,1,3,0,0,0
CD_RISC_25,I take pride in my achievements.,1,2,5,7,8,6,3,4
CD_RISC_25,I take pride in my achievements.,4,0,0,1,3,2,0,0
CD_RISC_25,I take pride in my achievements.,3,0,0,2,1,0,0,0
CD_RISC_25,I take pride in my achievements.,1,0,0,2,0,0,0,0
CD_RISC_25,I take pride in my achievements.,0,0,0,0,1,0,0,2
CD_RISC_25,I take pride in my achievements.,1,0,0,2,3,0,0,0
CD_RISC_25,I take pride in my achievements.,6,5,1,4,0,2,7,3
CD_RISC_25,I take pride in my achievements.,1,0,0,0,0,0,0,0
CD_RISC_25,I take pride in my achievements.,1,0,0,0,0,0,0,0
CD_RISC_25,I take pride in my achievements.,2,5,3,1,4,0,0,0
CD_RISC_25,I take pride in my achievements.,4,0,0,1,0,0,3,2
CD_RISC_25,I take pride in my achievements.,3,0,0,2,0,0,1,0
CD_RISC_25,I take pride in my achievements.,2,0,0,0,1,0,0,0
CD_RISC_25,I take pride in my achievements.,2,0,0,1,0,0,0,0
CD_RISC_25,I take pride in my achievements.,0,0,1,3,2,0,0,0
CD_RISC_25,I take pride in my achievements.,2,0,0,0,4,0,1,3
CD_RISC_25,I take pride in my achievements.,1,0,0,0,0,2,0,0
CD_RISC_25,I take pride in my achievements.,8,1,4,2,3,5,7,6
CD_RISC_25,I take pride in my achievements.,0,0,0,1,2,0,0,0
CD_RISC_25,I take pride in my achievements.,1,0,0,0,0,0,0,2
CD_RISC_25,I take pride in my achievements.,2,0,0,3,1,0,0,0
CD_RISC_25,I take pride in my achievements.,1,0,0,2,3,0,0,0
CD_RISC_25,I take pride in my achievements.,0,0,0,2,1,0,0,0
CD_RISC_25,I take pride in my achievements.,4,3,0,0,1,0,2,0
CD_RISC_25,I take pride in my achievements.,1,0,3,7,4,2,6,5
CD_RISC_25,I take pride in my achievements.,3,0,0,1,2,0,0,0
CD_RISC_4,I can deal with whatever comes my way.,1,0,0,2,0,0,0,0
CD_RISC_4,I can deal with whatever comes my way.,1,0,0,0,0,0,0,0
CD_RISC_4,I can deal with whatever comes my way.,3,0,0,2,0,0,0,1
CD_RISC_4,I can deal with whatever comes my way.,1,5,0,4,2,0,0,3
CD_RISC_4,I can deal with whatever comes my way.,1,0,0,0,2,0,0,3
CD_RISC_4,I can deal with whatever comes my way.,4,2,0,0,0,0,1,3
CD_RISC_4,I can deal with whatever comes my way.,1,0,0,2,0,0,0,0
CD_RISC_4,I can deal with whatever comes my way.,8,2,3,1,4,5,7,6
CD_RISC_4,I can deal with whatever comes my way.,6,7,3,4,2,1,8,5
CD_RISC_4,I can deal with whatever comes my way.,4,2,0,3,0,1,0,0
CD_RISC_4,I can deal with whatever comes my way.,2,0,0,0,0,0,0,1
CD_RISC_4,I can deal with whatever comes my way.,4,0,1,3,0,0,0,2
CD_RISC_4,I can deal with whatever comes my way.,3,0,0,2,0,0,0,1
CD_RISC_4,I can deal with whatever comes my way.,5,1,0,3,2,0,4,0
CD_RISC_4,I can deal with whatever comes my way.,2,0,0,1,0,0,0,0
CD_RISC_4,I can deal with whatever comes my way.,1,0,0,0,0,0,0,0
CD_RISC_4,I can deal with whatever comes my way.,2,3,0,0,0,0,0,1
CD_RISC_4,I can deal with whatever comes my way.,1,0,0,2,0,0,0,0
CD_RISC_4,I can deal with whatever comes my way.,3,0,0,1,0,0,0,2
CD_RISC_4,I can deal with whatever comes my way.,5,6,4,8,3,1,2,7
CD_RISC_4,I can deal with whatever comes my way.,2,0,0,5,1,0,3,4
CD_RISC_4,I can deal with whatever comes my way.,5,4,0,3,1,0,0,2
CD_RISC_4,I can deal with whatever comes my way.,4,0,2,3,0,0,0,1
CD_RISC_4,I can deal with whatever comes my way.,6,0,2,3,0,5,4,1
CD_RISC_4,I can deal with whatever comes my way.,2,0,0,1,0,0,0,0
CD_RISC_4,I can deal with whatever comes my way.,5,8,4,2,7,6,3,1
CD_RISC_4,I can deal with whatever comes my way.,2,0,0,3,0,0,0,1
CD_RISC_5,Past successes give me confidence.,1,0,0,3,2,0,0,0
CD_RISC_5,Past successes give me confidence.,4,0,2,3,1,0,0,0
CD_RISC_5,Past successes give me confidence.,3,0,0,2,1,0,0,0
CD_RISC_5,Past successes give me confidence.,6,7,1,8,2,3,4,5
CD_RISC_5,Past successes give me confidence.,6,7,3,4,8,1,5,2
CD_RISC_5,Past successes give me confidence.,0,2,0,3,0,0,0,1
CD_RISC_5,Past successes give me confidence.,2,0,1,4,3,0,0,0
CD_RISC_5,Past successes give me confidence.,4,0,1,2,3,0,0,5
CD_RISC_5,Past successes give me confidence.,0,0,0,0,0,0,0,0
CD_RISC_5,Past successes give me confidence.,2,0,0,0,1,0,0,0
CD_RISC_5,Past successes give me confidence.,5,2,4,8,7,3,6,1
CD_RISC_5,Past successes give me confidence.,4,0,0,3,1,0,2,0
CD_RISC_5,Past successes give me confidence.,2,0,0,1,0,0,0,0
CD_RISC_5,Past successes give me confidence.,5,0,0,3,4,1,2,0
CD_RISC_5,Past successes give me confidence.,7,0,3,6,2,5,4,1
CD_RISC_5,Past successes give me confidence.,1,0,0,0,2,0,0,0
CD_RISC_5,Past successes give me confidence.,3,0,0,1,0,0,0,2
CD_RISC_5,Past successes give me confidence.,1,2,0,3,0,0,0,4
CD_RISC_5,Past successes give me confidence.,1,0,0,0,0,0,0,0
CD_RISC_5,Past successes give me confidence.,1,0,0,0,0,0,0,0
CD_RISC_5,Past successes give me confidence.,2,0,0,1,0,0,0,0
CD_RISC_5,Past successes give me confidence.,1,0,0,2,0,0,0,0
CD_RISC_5,Past successes give me confidence.,5,4,0,2,3,0,1,0
CD_RISC_5,Past successes give me confidence.,3,0,0,2,1,0,0,0
CD_RISC_5,Past successes give me confidence.,2,0,0,1,3,0,0,0
CD_RISC_5,Past successes give me confidence.,0,0,0,1,2,0,0,0
CD_RISC_5,Past successes give me confidence.,6,3,5,8,7,4,2,1
CD_RISC_6,I try to see the humorous side of things when I am faced with problems.,3,0,0,2,0,0,1,0
CD_RISC_6,I try to see the humorous side of things when I am faced with problems.,5,1,0,3,0,0,4,2
CD_RISC_6,I try to see the humorous side of things when I am faced with problems.,2,0,0,1,0,0,0,0
CD_RISC_6,I try to see the humorous side of things when I am faced with problems.,4,1,0,3,0,0,2,0
CD_RISC_6,I try to see the humorous side of things when I am faced with problems.,3,0,0,2,0,0,0,1
CD_RISC_6,I try to see the humorous side of things when I am faced with problems.,7,4,2,3,5,1,8,6
CD_RISC_6,I try to see the humorous side of things when I am faced with problems.,3,2,0,0,0,0,1,0
CD_RISC_6,I try to see the humorous side of things when I am faced with problems.,1,0,0,0,0,0,0,0
CD_RISC_6,I try to see the humorous side of things when I am faced with problems.,2,4,6,7,5,1,0,3
CD_RISC_6,I try to see the humorous side of things when I am faced with problems.,8,2,3,4,1,7,6,5
CD_RISC_6,I try to see the humorous side of things when I am faced with problems.,2,0,0,0,0,0,0,1
CD_RISC_6,I try to see the humorous side of things when I am faced with problems.,1,0,0,0,0,0,0,0
CD_RISC_6,I try to see the humorous side of things when I am faced with problems.,4,3,0,0,0,0,2,1
CD_RISC_6,I try to see the humorous side of things when I am faced with problems.,3,0,0,1,0,0,2,0
CD_RISC_6,I try to see the humorous side of things when I am faced with problems.,2,0,0,1,0,0,0,0
CD_RISC_6,I try to see the humorous side of things when I am faced with problems.,1,0,0,0,0,0,0,0
CD_RISC_6,I try to see the humorous side of things when I am faced with problems.,2,0,0,0,0,0,1,0
CD_RISC_6,I try to see the humorous side of things when I am faced with problems.,3,2,0,0,1,0,0,0
CD_RISC_6,I try to see the humorous side of things when I am faced with problems.,2,0,0,1,0,0,0,0
CD_RISC_6,I try to see the humorous side of things when I am faced with problems.,1,0,0,0,0,0,0,0
CD_RISC_6,I try to see the humorous side of things when I am faced with problems.,8,3,5,4,6,1,7,2
CD_RISC_6,I try to see the humorous side of things when I am faced with problems.,3,0,0,1,0,0,0,2
CD_RISC_6,I try to see the humorous side of things when I am faced with problems.,2,0,0,0,0,0,1,0
CD_RISC_6,I try to see the humorous side of things when I am faced with problems.,3,0,0,1,0,0,2,0
CD_RISC_6,I try to see the humorous side of things when I am faced with problems.,2,0,0,0,0,0,1,0
CD_RISC_6,I try to see the humorous side of things when I am faced with problems.,2,0,0,0,0,0,1,0
CD_RISC_6,I try to see the humorous side of things when I am faced with problems.,1,0,0,0,0,0,0,0
CD_RISC_8,"I tend to bounce back after illness, injury, or other hardships.",8,1,4,7,3,6,5,2
CD_RISC_8,"I tend to bounce back after illness, injury, or other hardships.",1,0,0,0,0,2,0,0
CD_RISC_8,"I tend to bounce back after illness, injury, or other hardships.",2,4,3,1,0,5,0,0
CD_RISC_8,"I tend to bounce back after illness, injury, or other hardships.",7,5,4,2,1,8,3,6
CD_RISC_8,"I tend to bounce back after illness, injury, or other hardships.",2,0,0,0,0,3,0,1
CD_RISC_8,"I tend to bounce back after illness, injury, or other hardships.",2,0,0,1,0,3,0,0
CD_RISC_8,"I tend to bounce back after illness, injury, or other hardships.",0,0,0,0,0,1,0,0
CD_RISC_8,"I tend to bounce back after illness, injury, or other hardships.",0,0,0,0,0,1,0,0
CD_RISC_8,"I tend to bounce back after illness, injury, or other hardships.",0,2,0,0,0,1,0,0
CD_RISC_8,"I tend to bounce back after illness, injury, or other hardships.",2,0,0,0,0,0,0,1
CD_RISC_8,"I tend to bounce back after illness, injury, or other hardships.",3,7,1,6,5,8,4,2
CD_RISC_8,"I tend to bounce back after illness, injury, or other hardships.",0,0,0,0,0,1,0,0
CD_RISC_8,"I tend to bounce back after illness, injury, or other hardships.",1,0,0,0,0,2,0,0
CD_RISC_8,"I tend to bounce back after illness, injury, or other hardships.",0,0,0,0,0,2,0,1
CD_RISC_8,"I tend to bounce back after illness, injury, or other hardships.",3,1,2,0,0,4,0,0
CD_RISC_8,"I tend to bounce back after illness, injury, or other hardships.",2,0,0,0,0,3,1,0
CD_RISC_8,"I tend to bounce back after illness, injury, or other hardships.",2,0,0,0,0,3,0,1
CD_RISC_8,"I tend to bounce back after illness, injury, or other hardships.",1,0,0,0,0,2,0,0
CD_RISC_8,"I tend to bounce back after illness, injury, or other hardships.",7,2,1,5,4,8,6,3
CD_RISC_8,"I tend to bounce back after illness, injury, or other hardships.",1,0,0,0,0,2,0,0
CD_RISC_8,"I tend to bounce back after illness, injury, or other hardships.",1,0,0,0,0,2,0,0
CD_RISC_8,"I tend to bounce back after illness, injury, or other hardships.",0,2,0,0,0,3,0,1
CD_RISC_8,"I tend to bounce back after illness, injury, or other hardships.",3,0,0,0,0,4,2,1
CD_RISC_8,"I tend to bounce back after illness, injury, or other hardships.",2,0,0,0,0,1,0,0
CD_RISC_8,"I tend to bounce back after illness, injury, or other hardships.",1,0,0,0,0,0,0,0
CD_RISC_8,"I tend to bounce back after illness, injury, or other hardships.",3,2,8,6,7,4,1,5
CD_RISC_8,"I tend to bounce back after illness, injury, or other hardships.",0,0,0,0,0,1,0,0
CD_RISC_9,I believe most things happen for a reason.,6,3,1,0,7,2,5,4
CD_RISC_9,I believe most things happen for a reason.,0,0,0,0,0,0,0,1
CD_RISC_9,I believe most things happen for a reason.,0,0,0,0,0,0,0,1
CD_RISC_9,I believe most things happen for a reason.,1,0,0,0,0,0,0,2
CD_RISC_9,I believe most things happen for a reason.,0,0,0,0,0,0,0,1
CD_RISC_9,I believe most things happen for a reason.,8,3,4,1,6,2,7,5
CD_RISC_9,I believe most things happen for a reason.,2,4,3,5,1,7,6,8
CD_RISC_9,I believe most things happen for a reason.,3,2,0,1,0,0,0,4
CD_RISC_9,I believe most things happen for a reason.,0,0,0,1,0,0,0,2
CD_RISC_9,I believe most things happen for a reason.,3,1,0,2,0,0,0,4
CD_RISC_9,I believe most things happen for a reason.,2,0,0,1,0,0,0,3
CD_RISC_9,I believe most things happen for a reason.,0,0,0,0,0,0,0,1
CD_RISC_9,I believe most things happen for a reason.,0,1,0,0,0,0,0,2
CD_RISC_9,I believe most things happen for a reason.,0,3,0,1,0,0,2,4
CD_RISC_9,I believe most things happen for a reason.,2,0,0,0,0,0,0,1
CD_RISC_9,I believe most things happen for a reason.,1,0,0,0,0,0,0,2
CD_RISC_9,I believe most things happen for a reason.,2,0,0,0,0,0,0,1
CD_RISC_9,I believe most things happen for a reason.,1,0,0,0,0,0,0,2
CD_RISC_9,I believe most things happen for a reason.,0,0,0,1,0,0,0,2
CD_RISC_9,I believe most things happen for a reason.,1,0,0,0,0,0,0,2
CD_RISC_9,I believe most things happen for a reason.,0,0,0,0,0,0,0,1
CD_RISC_9,I believe most things happen for a reason.,0,0,0,0,0,0,0,1
CD_RISC_9,I believe most things happen for a reason.,7,2,6,3,1,4,5,8
CD_RISC_9,I believe most things happen for a reason.,0,0,0,0,0,0,0,1
CD_RISC_9,I believe most things happen for a reason.,1,0,0,0,0,0,0,2
CD_RISC_9,I believe most things happen for a reason.,1,0,0,0,0,0,0,2
CD_RISC_9,I believe most things happen for a reason.,1,0,0,0,0,0,0,2
PERMA1_1,How much of the time do you feel you are making progress towards accomplishing your goals?,0,0,0,0,1,0,0,0
PERMA1_1,How much of the time do you feel you are making progress towards accomplishing your goals?,2,0,0,1,3,0,0,0
PERMA1_1,How much of the time do you feel you are making progress towards accomplishing your goals?,0,0,2,3,4,0,0,1
PERMA1_1,How much of the time do you feel you are making progress towards accomplishing your goals?,0,0,0,1,2,0,0,0
PERMA1_1,How much of the time do you feel you are making progress towards accomplishing your goals?,3,0,0,0,4,2,0,1
PERMA1_1,How much of the time do you feel you are making progress towards accomplishing your goals?,2,0,0,1,3,0,0,0
PERMA1_1,How much of the time do you feel you are making progress towards accomplishing your goals?,0,0,0,2,1,0,0,0
PERMA1_1,How much of the time do you feel you are making progress towards accomplishing your goals?,1,0,0,2,0,0,0,0
PERMA1_1,How much of the time do you feel you are making progress towards accomplishing your goals?,0,0,0,0,1,0,0,0
PERMA1_1,How much of the time do you feel you are making progress towards accomplishing your goals?,5,4,6,2,0,3,1,0
PERMA1_1,How much of the time do you feel you are making progress towards accomplishing your goals?,3,0,1,0,2,0,0,0
PERMA1_1,How much of the time do you feel you are making progress towards accomplishing your goals?,5,1,6,4,8,7,3,2
PERMA1_1,How much of the time do you feel you are making progress towards accomplishing your goals?,2,0,0,0,0,1,0,0
PERMA1_1,How much of the time do you feel you are making progress towards accomplishing your goals?,2,1,0,0,3,0,0,0
PERMA1_1,How much of the time do you feel you are making progress towards accomplishing your goals?,0,0,0,1,0,0,0,2
PERMA1_1,How much of the time do you feel you are making progress towards accomplishing your goals?,1,0,0,0,0,0,0,0
PERMA1_1,How much of the time do you feel you are making progress towards accomplishing your goals?,0,0,0,0,2,0,0,1
PERMA1_1,How much of the time do you feel you are making progress towards accomplishing your goals?,1,0,0,2,0,0,0,0
PERMA1_1,How much of the time do you feel you are making progress towards accomplishing your goals?,0,1,0,0,2,0,0,0
PERMA1_1,How much of the time do you feel you are making progress towards accomplishing your goals?,0,0,1,2,3,0,0,0
PERMA1_1,How much of the time do you feel you are making progress towards accomplishing your goals?,2,1,0,0,3,0,0,0
PERMA1_1,How much of the time do you feel you are making progress towards accomplishing your goals?,8,5,6,7,1,4,2,3
PERMA1_1,How much of the time do you feel you are making progress towards accomplishing your goals?,0,0,0,1,0,0,0,0
PERMA1_1,How much of the time do you feel you are making progress towards accomplishing your goals?,3,0,0,0,1,0,0,2
PERMA1_1,How much of the time do you feel you are making progress towards accomplishing your goals?,0,0,0,1,2,0,0,0
PERMA1_1,How much of the time do you feel you are making progress towards accomplishing your goals?,3,0,0,1,2,0,0,0
PERMA1_1,How much of the time do you feel you are making progress towards accomplishing your goals?,0,0,0,0,0,0,1,2
PERMA1_3,How often do you feel joyful?,1,0,0,0,0,0,0,0
PERMA1_3,How often do you feel joyful?,3,0,0,2,0,0,1,0
PERMA1_3,How often do you feel joyful?,4,2,0,0,0,0,1,3
PERMA1_3,How often do you feel joyful?,2,0,0,0,0,0,0,1
PERMA1_3,How often do you feel joyful?,1,0,0,0,0,0,0,0
PERMA1_3,How often do you feel joyful?,1,0,0,0,0,0,0,0
PERMA1_3,How often do you feel joyful?,1,4,3,6,2,7,8,5
PERMA1_3,How often do you feel joyful?,2,0,0,0,0,0,1,0
PERMA1_3,How often do you feel joyful?,1,0,0,0,0,0,0,0
PERMA1_3,How often do you feel joyful?,0,2,0,0,1,0,0,0
PERMA1_3,How often do you feel joyful?,1,0,0,0,0,0,0,2
PERMA1_3,How often do you feel joyful?,1,0,0,0,0,0,0,0
PERMA1_3,How often do you feel joyful?,2,0,0,0,0,0,0,1
PERMA1_3,How often do you feel joyful?,1,0,0,0,0,0,0,0
PERMA1_3,How often do you feel joyful?,1,0,0,0,0,0,0,0
PERMA1_3,How often do you feel joyful?,1,0,0,0,0,0,0,0
PERMA1_3,How often do you feel joyful?,1,0,0,0,0,0,0,0
PERMA1_3,How often do you feel joyful?,2,0,0,0,0,0,0,1
PERMA1_3,How often do you feel joyful?,1,0,0,0,0,0,0,0
PERMA1_3,How often do you feel joyful?,3,0,0,0,0,0,2,1
PERMA1_3,How often do you feel joyful?,2,0,0,0,0,0,0,1
PERMA1_3,How often do you feel joyful?,8,5,3,2,1,4,6,7
PERMA1_3,How often do you feel joyful?,2,0,0,0,0,0,0,1
PERMA1_3,How often do you feel joyful?,1,0,0,0,0,0,0,0
PERMA1_3,How often do you feel joyful?,2,0,0,0,0,0,0,1
PERMA1_3,How often do you feel joyful?,1,0,0,0,0,0,0,0
PERMA1_3,How often do you feel joyful?,3,5,4,2,1,7,6,0
PERMA1_4,How often do you feel anxious?,1,0,0,0,0,0,0,0
PERMA1_4,How often do you feel anxious?,3,0,0,2,0,0,0,1
PERMA1_4,How often do you feel anxious?,2,0,0,0,0,0,0,1
PERMA1_4,How often do you feel anxious?,3,0,0,1,0,0,2,0
PERMA1_4,How often do you feel anxious?,1,0,0,0,0,0,0,0
PERMA1_4,How often do you feel anxious?,1,0,0,0,0,0,0,0
PERMA1_4,How often do you feel anxious?,1,0,0,0,0,0,0,0
PERMA1_4,How often do you feel anxious?,1,0,0,0,0,0,0,0
PERMA1_4,How often do you feel anxious?,1,0,0,0,0,0,0,0
PERMA1_4,How often do you feel anxious?,0,2,1,0,0,0,3,0
PERMA1_4,How often do you feel anxious?,1,0,0,0,0,0,0,0
PERMA1_4,How often do you feel anxious?,5,6,4,3,2,1,7,8
PERMA1_4,How often do you feel anxious?,1,0,0,0,0,0,0,0
PERMA1_4,How often do you feel anxious?,1,0,0,0,0,0,0,0
PERMA1_4,How often do you feel anxious?,1,0,0,0,0,0,0,0
PERMA1_4,How often do you feel anxious?,1,0,0,0,0,0,0,0
PERMA1_4,How often do you feel anxious?,1,0,0,0,0,0,0,0
PERMA1_4,How often do you feel anxious?,2,1,0,0,0,0,0,0
PERMA1_4,How often do you feel anxious?,1,0,0,0,0,0,0,0
PERMA1_4,How often do you feel anxious?,0,0,0,0,0,0,0,1
PERMA1_4,How often do you feel anxious?,1,0,0,0,0,0,0,0
PERMA1_4,How often do you feel anxious?,2,0,0,0,0,0,0,1
PERMA1_4,How often do you feel anxious?,1,0,0,0,0,0,0,0
PERMA1_4,How often do you feel anxious?,1,0,0,0,0,0,0,0
PERMA1_4,How often do you feel anxious?,1,0,0,0,0,0,0,0
PERMA1_4,How often do you feel anxious?,1,0,0,0,0,0,0,0
PERMA1_4,How often do you feel anxious?,8,4,2,3,5,1,6,7
PERMA1_5,How often do you achieve the important goals you have set for yourself?,0,0,0,1,2,0,0,0
PERMA1_5,How often do you achieve the important goals you have set for yourself?,1,0,0,2,3,0,0,0
PERMA1_5,How often do you achieve the important goals you have set for yourself?,5,0,3,4,6,2,0,1
PERMA1_5,How often do you achieve the important goals you have set for yourself?,2,0,0,1,3,0,0,0
PERMA1_5,How often do you achieve the important goals you have set for yourself?,5,2,0,4,3,0,1,0
PERMA1_5,How often do you achieve the important goals you have set for yourself?,0,0,0,1,0,0,0,0
PERMA1_5,How often do you achieve the important goals you have set for yourself?,5,1,6,7,8,2,4,3
PERMA1_5,How often do you achieve the important goals you have set for yourself?,2,0,0,3,0,0,0,1
PERMA1_5,How often do you achieve the important goals you have set for yourself?,0,0,0,0,1,0,0,0
PERMA1_5,How often do you achieve the important goals you have set for yourself?,2,7,8,1,5,6,3,4
PERMA1_5,How often do you achieve the important goals you have set for yourself?,0,0,2,1,3,0,0,0
PERMA1_5,How often do you achieve the important goals you have set for yourself?,6,4,5,7,3,0,2,1
PERMA1_5,How often do you achieve the important goals you have set for yourself?,8,1,2,4,3,6,7,5
PERMA1_5,How often do you achieve the important goals you have set for yourself?,0,0,0,3,2,0,0,1
PERMA1_5,How often do you achieve the important goals you have set for yourself?,0,0,0,1,2,0,0,0
PERMA1_5,How often do you achieve the important goals you have set for yourself?,2,0,0,1,0,0,0,0
PERMA1_5,How often do you achieve the important goals you have set for yourself?,1,0,0,2,0,0,0,3
PERMA1_5,How often do you achieve the important goals you have set for yourself?,2,0,0,3,0,0,0,1
PERMA1_5,How often do you achieve the important goals you have set for yourself?,0,0,0,0,1,0,0,0
PERMA1_5,How often do you achieve the important goals you have set for yourself?,0,0,1,2,3,0,0,0
PERMA1_5,How often do you achieve the important goals you have set for yourself?,0,1,0,2,3,0,0,0
PERMA1_5,How often do you achieve the important goals you have set for yourself?,7,4,5,6,8,3,1,2
PERMA1_5,How often do you achieve the important goals you have set for yourself?,0,0,1,5,4,3,2,0
PERMA1_5,How often do you achieve the important goals you have set for yourself?,0,2,0,1,3,0,0,0
PERMA1_5,How often do you achieve the important goals you have set for yourself?,0,0,0,1,2,0,0,0
PERMA1_5,How often do you achieve the important goals you have set for yourself?,1,0,0,2,3,0,0,0
PERMA1_5,How often do you achieve the important goals you have set for yourself?,0,0,0,1,2,0,0,0
PERMA3_2,To what extent do you receive help and support from others when you need it?,1,0,0,0,0,0,2,0
PERMA3_2,To what extent do you receive help and support from others when you need it?,2,1,0,0,0,0,3,0
PERMA3_2,To what extent do you receive help and support from others when you need it?,2,1,0,0,0,0,3,0
PERMA3_2,To what extent do you receive help and support from others when you need it?,3,2,0,1,0,0,4,0
PERMA3_2,To what extent do you receive help and support from others when you need it?,2,1,0,0,0,0,3,0
PERMA3_2,To what extent do you receive help and support from others when you need it?,1,0,0,0,0,0,2,0
PERMA3_2,To what extent do you receive help and support from others when you need it?,8,7,5,4,2,3,6,1
PERMA3_2,To what extent do you receive help and support from others when you need it?,1,2,0,0,0,0,3,0
PERMA3_2,To what extent do you receive help and support from others when you need it?,1,0,0,0,0,0,2,0
PERMA3_2,To what extent do you receive help and support from others when you need it?,0,3,1,0,2,4,0,5
PERMA3_2,To what extent do you receive help and support from others when you need it?,1,0,0,0,0,0,2,0
PERMA3_2,To what extent do you receive help and support from others when you need it?,1,0,0,0,0,0,2,3
PERMA3_2,To what extent do you receive help and support from others when you need it?,1,2,0,0,0,0,3,0
PERMA3_2,To what extent do you receive help and support from others when you need it?,0,0,0,0,0,0,1,0
PERMA3_2,To what extent do you receive help and support from others when you need it?,1,0,0,0,0,0,2,0
PERMA3_2,To what extent do you receive help and support from others when you need it?,1,0,0,0,0,0,2,0
PERMA3_2,To what extent do you receive help and support from others when you need it?,0,0,0,0,0,0,1,0
PERMA3_2,To what extent do you receive help and support from others when you need it?,1,0,0,0,0,0,2,0
PERMA3_2,To what extent do you receive help and support from others when you need it?,1,0,0,0,0,0,2,0
PERMA3_2,To what extent do you receive help and support from others when you need it?,1,0,0,0,0,0,2,0
PERMA3_2,To what extent do you receive help and support from others when you need it?,2,1,0,0,0,0,3,0
PERMA3_2,To what extent do you receive help and support from others when you need it?,7,5,4,3,2,1,8,6
PERMA3_2,To what extent do you receive help and support from others when you need it?,0,0,0,0,0,0,1,0
PERMA3_2,To what extent do you receive help and support from others when you need it?,1,0,0,0,0,0,2,0
PERMA3_2,To what extent do you receive help and support from others when you need it?,0,0,0,0,0,0,1,0
PERMA3_2,To what extent do you receive help and support from others when you need it?,2,0,0,0,0,1,3,0
PERMA3_2,To what extent do you receive help and support from others when you need it?,0,4,1,5,3,0,2,0
PERMA3_4,To what extent do you feel excited and interested in things?,2,0,0,0,1,0,0,0
PERMA3_4,To what extent do you feel excited and interested in things?,1,0,0,0,0,0,0,0
PERMA3_4,To what extent do you feel excited and interested in things?,3,0,0,2,0,1,0,0
PERMA3_4,To what extent do you feel excited and interested in things?,1,0,0,0,0,0,0,0
PERMA3_4,To what extent do you feel excited and interested in things?,2,1,0,0,0,0,0,0
PERMA3_4,To what extent do you feel excited and interested in things?,2,0,0,0,0,0,0,1
PERMA3_4,To what extent do you feel excited and interested in things?,7,5,3,2,6,4,8,1
PERMA3_4,To what extent do you feel excited and interested in things?,1,0,0,2,0,0,0,0
PERMA3_4,To what extent do you feel excited and interested in things?,1,0,0,0,0,0,0,0
PERMA3_4,To what extent do you feel excited and interested in things?,5,0,0,4,3,2,1,0
PERMA3_4,To what extent do you feel excited and interested in things?,0,0,0,0,0,0,0,0
PERMA3_4,To what extent do you feel excited and interested in things?,1,0,0,0,0,0,0,0
PERMA3_4,To what extent do you feel excited and interested in things?,1,0,0,0,0,0,0,0
PERMA3_4,To what extent do you feel excited and interested in things?,4,0,0,3,0,0,1,2
PERMA3_4,To what extent do you feel excited and interested in things?,1,0,0,0,0,0,0,0
PERMA3_4,To what extent do you feel excited and interested in things?,1,0,0,0,0,0,0,0
PERMA3_4,To what extent do you feel excited and interested in things?,1,0,0,0,0,0,0,2
PERMA3_4,To what extent do you feel excited and interested in things?,1,0,0,0,0,0,0,0
PERMA3_4,To what extent do you feel excited and interested in things?,1,0,0,0,0,0,0,0
PERMA3_4,To what extent do you feel excited and interested in things?,3,0,0,0,0,0,2,1
PERMA3_4,To what extent do you feel excited and interested in things?,2,1,0,0,0,0,0,0
PERMA3_4,To what extent do you feel excited and interested in things?,8,4,3,5,1,2,6,7
PERMA3_4,To what extent do you feel excited and interested in things?,1,0,0,0,0,0,2,3
PERMA3_4,To what extent do you feel excited and interested in things?,1,0,0,0,0,0,0,0
PERMA3_4,To what extent do you feel excited and interested in things?,1,0,0,2,0,0,0,0
PERMA3_4,To what extent do you feel excited and interested in things?,1,0,0,0,0,0,0,0
PERMA3_4,To what extent do you feel excited and interested in things?,1,3,0,5,0,2,0,4
PERMA3_5,How lonely do you feel in your daily life?,2,1,0,0,0,0,3,0
PERMA3_5,How lonely do you feel in your daily life?,1,0,0,0,0,0,2,0
PERMA3_5,How lonely do you feel in your daily life?,3,1,0,0,0,0,2,0
PERMA3_5,How lonely do you feel in your daily life?,1,0,0,0,0,0,0,0
PERMA3_5,How lonely do you feel in your daily life?,1,0,0,0,0,0,0,0
PERMA3_5,How lonely do you feel in your daily life?,1,0,0,0,0,0,0,0
PERMA3_5,How lonely do you feel in your daily life?,1,0,0,0,0,0,2,0
PERMA3_5,How lonely do you feel in your daily life?,1,0,0,0,0,0,2,0
PERMA3_5,How lonely do you feel in your daily life?,0,5,0,3,4,1,2,6
PERMA3_5,How lonely do you feel in your daily life?,2,0,0,0,0,0,1,0
PERMA3_5,How lonely do you feel in your daily life?,2,7,5,6,4,3,1,8
PERMA3_5,How lonely do you feel in your daily life?,1,0,0,0,0,0,2,0
PERMA3_5,How lonely do you feel in your daily life?,3,0,0,1,0,0,2,0
PERMA3_5,How lonely do you feel in your daily life?,0,1,0,0,0,0,2,0
PERMA3_5,How lonely do you feel in your daily life?,3,1,0,0,0,0,2,0
PERMA3_5,How lonely do you feel in your daily life?,2,0,0,0,0,0,1,0
PERMA3_5,How lonely do you feel in your daily life?,1,0,0,0,0,0,2,0
PERMA3_5,How lonely do you feel in your daily life?,2,0,0,0,0,0,0,1
PERMA3_5,How lonely do you feel in your daily life?,0,0,0,0,0,0,1,0
PERMA3_5,How lonely do you feel in your daily life?,0,1,0,0,0,0,0,0
PERMA3_5,How lonely do you feel in your daily life?,0,1,0,0,0,0,3,2
PERMA3_5,How lonely do you feel in your daily life?,1,0,0,0,0,0,2,0
PERMA3_5,How lonely do you feel in your daily life?,1,0,0,0,0,0,2,0
PERMA3_5,How lonely do you feel in your daily life?,1,0,0,0,0,0,2,0
PERMA3_5,How lonely do you feel in your daily life?,2,0,0,0,0,0,1,0
PERMA3_5,How lonely do you feel in your daily life?,1,0,0,0,0,0,2,0
PERMA3_5,How lonely do you feel in your daily life?,7,2,3,5,1,4,8,6
PERMA4_1,How satisfied are you with your current physical health?,0,0,0,1,0,2,0,0
PERMA4_1,How satisfied are you with your current physical health?,0,0,0,0,0,1,0,0
PERMA4_1,How satisfied are you with your current physical health?,0,1,0,2,0,3,0,0
PERMA4_1,How satisfied are you with your current physical health?,0,0,0,0,0,1,0,0
PERMA4_1,How satisfied are you with your current physical health?,2,0,0,1,0,3,0,0
PERMA4_1,How satisfied are you with your current physical health?,0,0,0,0,0,1,0,0
PERMA4_1,How satisfied are you with your current physical health?,3,4,2,5,8,6,7,1
PERMA4_1,How satisfied are you with your current physical health?,0,0,0,0,0,1,0,0
PERMA4_1,How satisfied are you with your current physical health?,1,0,0,0,0,2,0,0
PERMA4_1,How satisfied are you with your current physical health?,0,0,0,0,0,1,0,0
PERMA4_1,How satisfied are you with your current physical health?,3,0,0,0,0,2,1,4
PERMA4_1,How satisfied are you with your current physical health?,0,0,0,0,0,1,0,0
PERMA4_1,How satisfied are you with your current physical health?,0,0,0,0,0,1,0,0
PERMA4_1,How satisfied are you with your current physical health?,0,0,0,0,0,1,0,0
PERMA4_1,How satisfied are you with your current physical health?,0,0,0,0,0,1,0,0
PERMA4_1,How satisfied are you with your current physical health?,1,0,0,0,0,2,0,0
PERMA4_1,How satisfied are you with your current physical health?,0,0,0,0,0,1,0,0
PERMA4_1,How satisfied are you with your current physical health?,0,0,0,0,0,1,0,0
PERMA4_1,How satisfied are you with your current physical health?,1,0,0,0,0,2,0,0
PERMA4_1,How satisfied are you with your current physical health?,0,0,0,0,0,1,0,0
PERMA4_1,How satisfied are you with your current physical health?,0,0,0,0,0,1,0,0
PERMA4_1,How satisfied are you with your current physical health?,5,2,1,6,4,8,3,7
PERMA4_1,How satisfied are you with your current physical health?,2,0,0,0,0,3,1,0
PERMA4_1,How satisfied are you with your current physical health?,1,0,0,0,0,2,0,0
PERMA4_1,How satisfied are you with your current physical health?,1,0,0,0,0,2,0,0
PERMA4_1,How satisfied are you with your current physical health?,1,0,0,0,0,2,0,0
PERMA4_1,How satisfied are you with your current physical health?,0,0,1,4,3,5,0,2
PERMA5_1,How often do you feel positive?,1,0,0,0,0,0,0,0
PERMA5_1,How often do you feel positive?,3,0,0,2,0,0,0,1
PERMA5_1,How often do you feel positive?,2,0,0,0,0,0,0,1
PERMA5_1,How often do you feel positive?,4,0,0,0,2,1,3,0
PERMA5_1,How often do you feel positive?,4,1,0,0,0,0,2,3
PERMA5_1,How often do you feel positive?,1,0,0,0,0,0,0,0
PERMA5_1,How often do you feel positive?,4,8,1,2,7,5,6,3
PERMA5_1,How often do you feel positive?,1,0,0,0,0,0,0,0
PERMA5_1,How often do you feel positive?,1,0,0,0,0,0,0,0
PERMA5_1,How often do you feel positive?,6,1,8,3,2,7,5,4
PERMA5_1,How often do you feel positive?,1,0,0,0,0,0,0,0
PERMA5_1,How often do you feel positive?,2,0,0,0,0,0,1,0
PERMA5_1,How often do you feel positive?,1,0,0,0,0,0,0,0
PERMA5_1,How often do you feel positive?,1,0,0,0,0,0,0,0
PERMA5_1,How often do you feel positive?,1,0,0,0,0,0,0,0
PERMA5_1,How often do you feel positive?,2,0,0,0,0,0,0,1
PERMA5_1,How often do you feel positive?,1,0,0,0,0,0,0,0
PERMA5_1,How often do you feel positive?,1,0,0,0,0,0,0,0
PERMA5_1,How often do you feel positive?,1,0,0,0,0,0,0,0
PERMA5_1,How often do you feel positive?,1,0,0,0,0,0,0,0
PERMA5_1,How often do you feel positive?,0,0,0,1,0,0,0,0
PERMA5_1,How often do you feel positive?,8,3,5,2,1,6,7,4
PERMA5_1,How often do you feel positive?,2,0,0,0,0,0,0,1
PERMA5_1,How often do you feel positive?,2,0,0,0,0,0,0,1
PERMA5_1,How often do you feel positive?,1,0,0,0,0,0,0,0
PERMA5_1,How often do you feel positive?,1,0,0,0,0,0,0,0
PERMA5_1,How often do you feel positive?,5,2,6,7,4,3,0,1
PERMA5_2,How often do you feel angry?,4,1,0,0,0,0,2,3
PERMA5_2,How often do you feel angry?,3,0,0,2,0,1,0,0
PERMA5_2,How often do you feel angry?,2,1,0,0,0,0,0,0
PERMA5_2,How often do you feel angry?,3,1,0,0,0,0,2,0
PERMA5_2,How often do you feel angry?,1,0,0,0,0,0,0,0
PERMA5_2,How often do you feel angry?,1,0,0,0,0,0,0,0
PERMA5_2,How often do you feel angry?,1,0,0,0,0,0,0,0
PERMA5_2,How often do you feel angry?,1,0,0,0,0,0,0,0
PERMA5_2,How often do you feel angry?,1,0,0,0,0,0,0,0
PERMA5_2,How often do you feel angry?,1,2,0,4,3,5,0,0
PERMA5_2,How often do you feel angry?,1,0,0,0,0,0,0,0
PERMA5_2,How often do you feel angry?,6,4,2,8,5,3,1,7
PERMA5_2,How often do you feel angry?,2,0,0,1,0,0,0,0
PERMA5_2,How often do you feel angry?,0,0,1,0,0,2,0,0
PERMA5_2,How often do you feel angry?,1,0,0,0,0,0,0,0
PERMA5_2,How often do you feel angry?,1,0,0,0,0,0,0,0
PERMA5_2,How often do you feel angry?,1,0,0,0,0,0,0,0
PERMA5_2,How often do you feel angry?,1,0,0,0,0,0,0,0
PERMA5_2,How often do you feel angry?,2,1,0,0,0,0,0,0
PERMA5_2,How often do you feel angry?,1,0,0,0,0,0,0,0
PERMA5_2,How often do you feel angry?,1,0,0,0,0,0,0,0
PERMA5_2,How often do you feel angry?,2,0,0,0,0,0,0,1
PERMA5_2,How often do you feel angry?,2,0,0,0,0,0,1,0
PERMA5_2,How often do you feel angry?,1,0,0,0,0,0,0,0
PERMA5_2,How often do you feel angry?,1,0,0,0,0,0,0,0
PERMA5_2,How often do you feel angry?,1,0,0,0,0,0,0,0
PERMA5_2,How often do you feel angry?,8,3,1,2,4,5,6,7
PWB_16,I have not experienced many warm and trusting relationships with others.,1,0,0,0,0,0,2,0
PWB_16,I have not experienced many warm and trusting relationships with others.,1,0,0,0,0,0,2,0
PWB_16,I have not experienced many warm and trusting relationships with others.,0,0,0,0,0,0,1,0
PWB_16,I have not experienced many warm and trusting relationships with others.,0,1,0,0,0,2,0,0
PWB_16,I have not experienced many warm and trusting relationships with others.,1,0,0,0,0,0,2,0
PWB_16,I have not experienced many warm and trusting relationships with others.,1,0,0,0,0,0,2,0
PWB_16,I have not experienced many warm and trusting relationships with others.,7,6,2,4,1,3,8,5
PWB_16,I have not experienced many warm and trusting relationships with others.,1,0,0,0,0,0,2,0
PWB_16,I have not experienced many warm and trusting relationships with others.,1,0,0,0,0,0,2,0
PWB_16,I have not experienced many warm and trusting relationships with others.,1,0,0,0,0,0,2,0
PWB_16,I have not experienced many warm and trusting relationships with others.,5,2,7,8,6,3,4,1
PWB_16,I have not experienced many warm and trusting relationships with others.,1,0,0,0,0,0,2,0
PWB_16,I have not experienced many warm and trusting relationships with others.,2,1,0,0,0,0,3,0
PWB_16,I have not experienced many warm and trusting relationships with others.,1,0,0,0,0,0,2,0
PWB_16,I have not experienced many warm and trusting relationships with others.,1,0,0,0,0,0,2,0
PWB_16,I have not experienced many warm and trusting relationships with others.,3,1,0,0,0,0,2,0
PWB_16,I have not experienced many warm and trusting relationships with others.,0,0,0,0,0,0,1,0
PWB_16,I have not experienced many warm and trusting relationships with others.,0,0,0,0,0,0,1,0
PWB_16,I have not experienced many warm and trusting relationships with others.,0,0,0,0,0,0,1,0
PWB_16,I have not experienced many warm and trusting relationships with others.,1,0,0,0,0,0,2,0
PWB_16,I have not experienced many warm and trusting relationships with others.,1,0,0,0,0,0,2,0
PWB_16,I have not experienced many warm and trusting relationships with others.,0,0,0,0,0,0,1,0
PWB_16,I have not experienced many warm and trusting relationships with others.,1,0,0,0,0,0,2,0
PWB_16,I have not experienced many warm and trusting relationships with others.,0,1,0,0,0,2,0,0
PWB_16,I have not experienced many warm and trusting relationships with others.,2,1,0,0,0,0,3,0
PWB_16,I have not experienced many warm and trusting relationships with others.,1,0,0,0,0,0,2,0
PWB_16,I have not experienced many warm and trusting relationships with others.,1,0,0,0,0,0,2,0
PWB_16,I have not experienced many warm and trusting relationships with others.,5,2,7,8,6,3,4,1
PWB_16,I have not experienced many warm and trusting relationships with others.,7,6,2,4,1,3,8,5
PWB_16,I have not experienced many warm and trusting relationships with others.,1,0,0,0,0,0,2,0
PWB_16,I have not experienced many warm and trusting relationships with others.,1,0,0,0,0,0,2,0
PWB_16,I have not experienced many warm and trusting relationships with others.,1,0,0,0,0,0,2,0
PWB_16,I have not experienced many warm and trusting relationships with others.,1,0,0,0,0,0,2,0
PWB_16,I have not experienced many warm and trusting relationships with others.,0,0,0,0,0,0,1,0
PWB_16,I have not experienced many warm and trusting relationships with others.,3,1,0,0,0,0,2,0
PWB_16,I have not experienced many warm and trusting relationships with others.,2,0,0,0,0,0,1,0
PWB_16,I have not experienced many warm and trusting relationships with others.,1,0,0,0,0,0,2,0
PWB_16,I have not experienced many warm and trusting relationships with others.,1,0,0,0,0,0,2,0
PWB_16,I have not experienced many warm and trusting relationships with others.,2,0,0,0,0,0,1,0
PWB_16,I have not experienced many warm and trusting relationships with others.,1,0,0,0,0,0,2,0
PWB_16,I have not experienced many warm and trusting relationships with others.,1,0,0,0,0,0,2,0
PWB_16,I have not experienced many warm and trusting relationships with others.,0,0,0,0,1,2,0,0
PWB_16,I have not experienced many warm and trusting relationships with others.,2,1,0,0,0,0,3,0
PWB_16,I have not experienced many warm and trusting relationships with others.,1,0,0,0,0,0,2,0
PWB_16,I have not experienced many warm and trusting relationships with others.,2,1,0,0,0,0,3,0
PWB_16,I have not experienced many warm and trusting relationships with others.,0,0,0,0,1,2,0,0
PWB_16,I have not experienced many warm and trusting relationships with others.,2,1,0,0,0,0,3,0
PWB_16,I have not experienced many warm and trusting relationships with others.,2,1,0,0,0,0,3,0
PWB_18,"I judge myself by what I think is important, not by the values of what others think is important.",3,0,0,2,0,0,1,0
PWB_18,"I judge myself by what I think is important, not by the values of what others think is important.",5,1,0,4,0,0,3,2
PWB_18,"I judge myself by what I think is important, not by the values of what others think is important.",1,0,0,3,0,0,0,2
PWB_18,"I judge myself by what I think is important, not by the values of what others think is important.",1,0,0,3,0,0,2,0
PWB_18,"I judge myself by what I think is important, not by the values of what others think is important.",1,0,0,0,0,0,0,0
PWB_18,"I judge myself by what I think is important, not by the values of what others think is important.",2,0,0,0,0,0,1,0
PWB_18,"I judge myself by what I think is important, not by the values of what others think is important.",4,1,6,5,3,0,0,2
PWB_18,"I judge myself by what I think is important, not by the values of what others think is important.",0,0,0,2,0,0,1,3
PWB_18,"I judge myself by what I think is important, not by the values of what others think is important.",1,0,0,0,0,0,2,0
PWB_18,"I judge myself by what I think is important, not by the values of what others think is important.",1,0,0,0,0,0,0,2
PWB_18,"I judge myself by what I think is important, not by the values of what others think is important.",0,0,0,1,0,0,0,0
PWB_18,"I judge myself by what I think is important, not by the values of what others think is important.",1,0,0,2,0,0,0,0
PWB_18,"I judge myself by what I think is important, not by the values of what others think is important.",2,0,0,0,0,0,1,3
PWB_18,"I judge myself by what I think is important, not by the values of what others think is important.",2,0,0,0,0,0,0,1
PWB_18,"I judge myself by what I think is important, not by the values of what others think is important.",1,0,0,3,0,0,0,2
PWB_18,"I judge myself by what I think is important, not by the values of what others think is important.",2,0,0,1,0,0,3,0
PWB_18,"I judge myself by what I think is important, not by the values of what others think is important.",0,0,0,3,0,0,1,2
PWB_18,"I judge myself by what I think is important, not by the values of what others think is important.",2,0,0,4,0,0,3,1
PWB_18,"I judge myself by what I think is important, not by the values of what others think is important.",1,0,0,2,0,0,0,0
PWB_18,"I judge myself by what I think is important, not by the values of what others think is important.",0,2,0,1,0,0,3,0
PWB_18,"I judge myself by what I think is important, not by the values of what others think is important.",0,0,3,5,0,4,1,2
PWB_18,"I judge myself by what I think is important, not by the values of what others think is important.",2,0,0,1,0,0,4,3
PWB_18,"I judge myself by what I think is important, not by the values of what others think is important.",2,3,4,8,6,5,7,1
PWB_18,"I judge myself by what I think is important, not by the values of what others think is important.",7,5,3,8,2,1,6,4
PWB_18,"I judge myself by what I think is important, not by the values of what others think is important.",2,0,0,0,0,0,1,3
PWB_18,"I judge myself by what I think is important, not by the values of what others think is important.",5,1,0,4,0,0,3,2
PWB_18,"I judge myself by what I think is important, not by the values of what others think is important.",0,0,3,5,0,4,1,2
PWB_18,"I judge myself by what I think is important, not by the values of what others think is important.",3,0,0,2,0,0,1,0
PWB_18,"I judge myself by what I think is important, not by the values of what others think is important.",0,2,0,1,0,0,3,0
PWB_18,"I judge myself by what I think is important, not by the values of what others think is important.",1,0,0,2,0,0,0,0
PWB_18,"I judge myself by what I think is important, not by the values of what others think is important.",2,0,0,4,0,0,3,1
PWB_18,"I judge myself by what I think is important, not by the values of what others think is important.",0,0,0,3,0,0,1,2
PWB_18,"I judge myself by what I think is important, not by the values of what others think is important.",2,0,0,1,0,0,3,0
PWB_18,"I judge myself by what I think is important, not by the values of what others think is important.",1,0,0,3,0,0,0,2
PWB_18,"I judge myself by what I think is important, not by the values of what others think is important.",2,0,0,0,0,0,0,1
PWB_18,"I judge myself by what I think is important, not by the values of what others think is important.",2,3,4,8,6,5,7,1
PWB_18,"I judge myself by what I think is important, not by the values of what others think is important.",2,0,0,1,0,0,4,3
PWB_18,"I judge myself by what I think is important, not by the values of what others think is important.",0,0,0,1,0,0,0,0
PWB_18,"I judge myself by what I think is important, not by the values of what others think is important.",1,0,0,0,0,0,0,2
PWB_18,"I judge myself by what I think is important, not by the values of what others think is important.",1,0,0,0,0,0,2,0
PWB_18,"I judge myself by what I think is important, not by the values of what others think is important.",0,0,0,2,0,0,1,3
PWB_18,"I judge myself by what I think is important, not by the values of what others think is important.",4,1,6,5,3,0,0,2
PWB_18,"I judge myself by what I think is important, not by the values of what others think is important.",2,0,0,0,0,0,1,0
PWB_18,"I judge myself by what I think is important, not by the values of what others think is important.",1,0,0,0,0,0,0,0
PWB_18,"I judge myself by what I think is important, not by the values of what others think is important.",1,0,0,3,0,0,2,0
PWB_18,"I judge myself by what I think is important, not by the values of what others think is important.",1,0,0,3,0,0,0,2
PWB_18,"I judge myself by what I think is important, not by the values of what others think is important.",7,5,3,8,2,1,6,4
PWB_18,"I judge myself by what I think is important, not by the values of what others think is important.",1,0,0,2,0,0,0,0
PWS_11,Life does not hold much future promise for me.,1,3,6,2,4,8,7,5
PWS_11,Life does not hold much future promise for me.,1,2,0,0,0,0,0,3
PWS_11,Life does not hold much future promise for me.,4,0,1,0,0,0,2,3
PWS_11,Life does not hold much future promise for me.,1,0,0,0,0,0,0,2
PWS_11,Life does not hold much future promise for me.,1,0,0,0,0,0,0,0
PWS_11,Life does not hold much future promise for me.,2,0,0,0,0,0,0,1
PWS_11,Life does not hold much future promise for me.,2,5,0,1,4,0,3,6
PWS_11,Life does not hold much future promise for me.,0,0,0,0,0,0,0,1
PWS_11,Life does not hold much future promise for me.,1,0,0,0,0,0,0,0
PWS_11,Life does not hold much future promise for me.,1,0,0,0,0,0,0,2
PWS_11,Life does not hold much future promise for me.,3,1,0,2,0,0,0,0
PWS_11,Life does not hold much future promise for me.,2,0,0,0,1,0,0,3
PWS_11,Life does not hold much future promise for me.,3,2,5,7,6,1,4,8
PWS_11,Life does not hold much future promise for me.,1,3,2,4,5,0,0,6
PWS_11,Life does not hold much future promise for me.,7,0,4,6,5,3,2,1
PWS_11,Life does not hold much future promise for me.,1,0,0,0,0,0,0,0
PWS_11,Life does not hold much future promise for me.,4,0,2,3,1,0,0,0
PWS_11,Life does not hold much future promise for me.,6,7,2,5,1,4,3,8
PWS_11,Life does not hold much future promise for me.,8,5,3,6,2,4,7,1
PWS_11,Life does not hold much future promise for me.,1,0,0,0,0,0,0,2
PWS_11,Life does not hold much future promise for me.,1,0,0,2,0,0,0,0
PWS_11,Life does not hold much future promise for me.,1,0,0,0,0,0,0,2
PWS_11,Life does not hold much future promise for me.,8,5,3,6,2,4,7,1
PWS_11,Life does not hold much future promise for me.,3,0,0,2,1,0,0,4
PWS_11,Life does not hold much future promise for me.,1,2,0,0,0,0,0,3
PWS_11,Life does not hold much future promise for me.,4,0,1,0,0,0,2,3
PWS_11,Life does not hold much future promise for me.,1,0,0,0,0,0,0,2
PWS_11,Life does not hold much future promise for me.,1,0,0,0,0,0,0,0
PWS_11,Life does not hold much future promise for me.,2,0,0,0,0,0,0,1
PWS_11,Life does not hold much future promise for me.,2,5,0,1,4,0,3,6
PWS_11,Life does not hold much future promise for me.,0,0,0,0,0,0,0,1
PWS_11,Life does not hold much future promise for me.,1,0,0,0,0,0,0,0
PWS_11,Life does not hold much future promise for me.,1,0,0,0,0,0,0,2
PWS_11,Life does not hold much future promise for me.,3,1,0,2,0,0,0,0
PWS_11,Life does not hold much future promise for me.,1,0,0,0,0,0,0,2
PWS_11,Life does not hold much future promise for me.,2,0,0,0,1,0,0,3
PWS_11,Life does not hold much future promise for me.,3,2,5,7,6,1,4,8
PWS_11,Life does not hold much future promise for me.,1,3,2,4,5,0,0,6
PWS_11,Life does not hold much future promise for me.,7,0,4,6,5,3,2,1
PWS_11,Life does not hold much future promise for me.,1,0,0,0,0,0,0,0
PWS_11,Life does not hold much future promise for me.,4,0,2,3,1,0,0,0
PWS_11,Life does not hold much future promise for me.,6,7,2,5,1,4,3,8
PWS_11,Life does not hold much future promise for me.,1,0,0,0,0,0,0,2
PWS_11,Life does not hold much future promise for me.,3,0,0,2,1,0,0,4
PWS_11,Life does not hold much future promise for me.,1,0,0,2,0,0,0,0
PWS_11,Life does not hold much future promise for me.,1,3,6,2,4,8,7,5
PWS_11,Life does not hold much future promise for me.,2,0,0,0,0,0,3,1
PWS_11,Life does not hold much future promise for me.,2,0,0,0,0,0,3,1
PWS_12,I avoid activities which require me to concentrate.,5,3,2,8,1,7,6,4
PWS_12,I avoid activities which require me to concentrate.,1,2,3,8,6,4,5,7
PWS_12,I avoid activities which require me to concentrate.,1,0,0,3,0,2,0,0
PWS_12,I avoid activities which require me to concentrate.,1,0,0,2,0,0,0,0
PWS_12,I avoid activities which require me to concentrate.,0,0,0,3,2,1,0,0
PWS_12,I avoid activities which require me to concentrate.,1,3,4,0,0,0,2,0
PWS_12,I avoid activities which require me to concentrate.,0,0,0,1,0,0,0,0
PWS_12,I avoid activities which require me to concentrate.,0,0,0,2,1,0,0,0
PWS_12,I avoid activities which require me to concentrate.,1,0,0,2,0,0,0,0
PWS_12,I avoid activities which require me to concentrate.,0,0,0,1,0,0,0,0
PWS_12,I avoid activities which require me to concentrate.,0,0,0,2,1,0,0,0
PWS_12,I avoid activities which require me to concentrate.,0,0,0,1,0,0,0,0
PWS_12,I avoid activities which require me to concentrate.,0,1,0,3,2,0,0,0
PWS_12,I avoid activities which require me to concentrate.,2,0,0,3,1,0,0,0
PWS_12,I avoid activities which require me to concentrate.,0,0,0,1,0,0,0,0
PWS_12,I avoid activities which require me to concentrate.,0,0,0,1,0,0,0,0
PWS_12,I avoid activities which require me to concentrate.,0,3,0,1,2,0,0,0
PWS_12,I avoid activities which require me to concentrate.,0,0,0,3,2,1,0,0
PWS_12,I avoid activities which require me to concentrate.,2,0,0,3,1,0,0,0
PWS_12,I avoid activities which require me to concentrate.,1,3,0,5,2,6,4,0
PWS_12,I avoid activities which require me to concentrate.,0,1,0,2,0,0,0,0
PWS_12,I avoid activities which require me to concentrate.,0,0,0,1,0,0,0,0
PWS_12,I avoid activities which require me to concentrate.,0,0,0,1,0,0,0,0
PWS_12,I avoid activities which require me to concentrate.,0,0,0,2,1,0,0,0
PWS_12,I avoid activities which require me to concentrate.,5,3,2,8,1,7,6,4
PWS_12,I avoid activities which require me to concentrate.,1,2,3,8,6,4,5,7
PWS_12,I avoid activities which require me to concentrate.,0,0,0,2,1,0,0,0
PWS_12,I avoid activities which require me to concentrate.,1,0,0,3,0,2,0,0
PWS_12,I avoid activities which require me to concentrate.,1,0,0,2,0,0,0,0
PWS_12,I avoid activities which require me to concentrate.,0,0,0,3,2,1,0,0
PWS_12,I avoid activities which require me to concentrate.,1,3,4,0,0,0,2,0
PWS_12,I avoid activities which require me to concentrate.,0,0,0,1,0,0,0,0
PWS_12,I avoid activities which require me to concentrate.,1,0,0,2,0,0,0,0
PWS_12,I avoid activities which require me to concentrate.,0,0,0,1,0,0,0,0
PWS_12,I avoid activities which require me to concentrate.,0,0,0,2,1,0,0,0
PWS_12,I avoid activities which require me to concentrate.,0,0,0,1,0,0,0,0
PWS_12,I avoid activities which require me to concentrate.,0,0,0,2,1,0,0,0
PWS_12,I avoid activities which require me to concentrate.,0,1,0,3,2,0,0,0
PWS_12,I avoid activities which require me to concentrate.,2,0,0,3,1,0,0,0
PWS_12,I avoid activities which require me to concentrate.,0,0,0,1,0,0,0,0
PWS_12,I avoid activities which require me to concentrate.,0,0,0,1,0,0,0,0
PWS_12,I avoid activities which require me to concentrate.,0,3,0,1,2,0,0,0
PWS_12,I avoid activities which require me to concentrate.,0,0,0,3,2,1,0,0
PWS_12,I avoid activities which require me to concentrate.,2,0,0,3,1,0,0,0
PWS_12,I avoid activities which require me to concentrate.,1,3,0,5,2,6,4,0
PWS_12,I avoid activities which require me to concentrate.,0,1,0,2,0,0,0,0
PWS_12,I avoid activities which require me to concentrate.,0,0,0,1,0,0,0,0
PWS_12,I avoid activities which require me to concentrate.,0,0,0,1,0,0,0,0
PWS_13,I always look on the bright side of things.,0,0,0,0,0,0,0,1
PWS_13,I always look on the bright side of things.,1,0,0,0,0,0,0,0
PWS_13,I always look on the bright side of things.,1,0,0,0,0,0,0,2
PWS_13,I always look on the bright side of things.,2,0,0,0,0,0,0,1
PWS_13,I always look on the bright side of things.,1,0,0,0,0,0,0,0
PWS_13,I always look on the bright side of things.,1,0,0,0,0,0,0,0
PWS_13,I always look on the bright side of things.,1,0,0,0,0,0,0,0
PWS_13,I always look on the bright side of things.,1,0,0,0,0,0,0,0
PWS_13,I always look on the bright side of things.,2,1,0,0,0,0,0,3
PWS_13,I always look on the bright side of things.,1,0,0,0,0,0,0,0
PWS_13,I always look on the bright side of things.,2,0,0,0,0,0,0,1
PWS_13,I always look on the bright side of things.,1,0,0,0,0,0,0,0
PWS_13,I always look on the bright side of things.,3,0,0,1,0,0,0,2
PWS_13,I always look on the bright side of things.,1,0,0,0,0,0,0,2
PWS_13,I always look on the bright side of things.,1,0,0,0,0,0,0,0
PWS_13,I always look on the bright side of things.,2,0,0,0,0,0,0,1
PWS_13,I always look on the bright side of things.,2,0,0,3,0,1,0,0
PWS_13,I always look on the bright side of things.,0,2,0,1,3,0,0,0
PWS_13,I always look on the bright side of things.,3,1,0,0,0,0,0,2
PWS_13,I always look on the bright side of things.,1,0,0,0,0,0,0,0
PWS_13,I always look on the bright side of things.,1,0,0,0,0,0,0,0
PWS_13,I always look on the bright side of things.,3,0,0,2,0,0,0,1
PWS_13,I always look on the bright side of things.,8,6,1,5,3,2,4,7
PWS_13,I always look on the bright side of things.,1,2,3,5,6,7,8,4
PWS_13,I always look on the bright side of things.,3,1,0,0,0,0,0,2
PWS_13,I always look on the bright side of things.,8,6,1,5,3,2,4,7
PWS_13,I always look on the bright side of things.,1,2,3,5,6,7,8,4
PWS_13,I always look on the bright side of things.,1,0,0,0,0,0,0,0
PWS_13,I always look on the bright side of things.,1,0,0,0,0,0,0,0
PWS_13,I always look on the bright side of things.,1,0,0,0,0,0,0,0
PWS_13,I always look on the bright side of things.,1,0,0,0,0,0,0,0
PWS_13,I always look on the bright side of things.,2,1,0,0,0,0,0,3
PWS_13,I always look on the bright side of things.,2,0,0,0,0,0,0,1
PWS_13,I always look on the bright side of things.,1,0,0,0,0,0,0,2
PWS_13,I always look on the bright side of things.,1,0,0,0,0,0,0,0
PWS_13,I always look on the bright side of things.,0,0,0,0,0,0,0,1
PWS_13,I always look on the bright side of things.,1,0,0,0,0,0,0,0
PWS_13,I always look on the bright side of things.,1,0,0,0,0,0,0,0
PWS_13,I always look on the bright side of things.,3,0,0,2,0,0,0,1
PWS_13,I always look on the bright side of things.,1,0,0,0,0,0,0,0
PWS_13,I always look on the bright side of things.,3,0,0,1,0,0,0,2
PWS_13,I always look on the bright side of things.,1,0,0,0,0,0,0,2
PWS_13,I always look on the bright side of things.,1,0,0,0,0,0,0,0
PWS_13,I always look on the bright side of things.,2,0,0,0,0,0,0,1
PWS_13,I always look on the bright side of things.,2,0,0,3,0,1,0,0
PWS_13,I always look on the bright side of things.,2,0,0,0,0,0,0,1
PWS_13,I always look on the bright side of things.,1,0,0,0,0,0,0,0
PWS_13,I always look on the bright side of things.,0,2,0,1,3,0,0,0
PWS_14,I sometimes think I am a worthless individual.,1,0,0,0,0,0,0,2
PWS_14,I sometimes think I am a worthless individual.,1,0,0,0,0,0,0,0
PWS_14,I sometimes think I am a worthless individual.,2,0,0,0,0,0,1,0
PWS_14,I sometimes think I am a worthless individual.,3,0,0,0,0,0,2,1
PWS_14,I sometimes think I am a worthless individual.,0,0,0,0,0,0,0,0
PWS_14,I sometimes think I am a worthless individual.,2,0,0,1,0,0,0,0
PWS_14,I sometimes think I am a worthless individual.,2,0,0,0,0,0,0,1
PWS_14,I sometimes think I am a worthless individual.,2,0,0,0,0,0,0,1
PWS_14,I sometimes think I am a worthless individual.,4,0,0,1,0,0,3,2
PWS_14,I sometimes think I am a worthless individual.,2,0,0,0,0,0,1,0
PWS_14,I sometimes think I am a worthless individual.,1,0,0,0,0,0,0,0
PWS_14,I sometimes think I am a worthless individual.,8,4,3,5,1,2,7,6
PWS_14,I sometimes think I am a worthless individual.,1,0,0,4,0,0,2,3
PWS_14,I sometimes think I am a worthless individual.,1,0,0,0,0,0,0,0
PWS_14,I sometimes think I am a worthless individual.,1,0,0,0,0,0,0,2
PWS_14,I sometimes think I am a worthless individual.,1,0,0,0,0,0,0,0
PWS_14,I sometimes think I am a worthless individual.,1,0,0,0,0,0,0,2
PWS_14,I sometimes think I am a worthless individual.,2,0,0,0,0,0,0,1
PWS_14,I sometimes think I am a worthless individual.,1,0,0,0,0,0,0,2
PWS_14,I sometimes think I am a worthless individual.,0,5,1,0,2,0,3,4
PWS_14,I sometimes think I am a worthless individual.,1,0,0,0,0,0,0,0
PWS_14,I sometimes think I am a worthless individual.,1,0,0,0,0,0,0,0
PWS_14,I sometimes think I am a worthless individual.,1,0,0,0,0,0,0,0
PWS_14,I sometimes think I am a worthless individual.,6,8,4,1,2,5,3,7
PWS_14,I sometimes think I am a worthless individual.,1,0,0,0,0,0,0,2
PWS_14,I sometimes think I am a worthless individual.,8,4,3,5,1,2,7,6
PWS_14,I sometimes think I am a worthless individual.,3,0,0,0,0,0,2,1
PWS_14,I sometimes think I am a worthless individual.,0,0,0,0,0,0,0,0
PWS_14,I sometimes think I am a worthless individual.,2,0,0,1,0,0,0,0
PWS_14,I sometimes think I am a worthless individual.,2,0,0,0,0,0,0,1
PWS_14,I sometimes think I am a worthless individual.,2,0,0,0,0,0,0,1
PWS_14,I sometimes think I am a worthless individual.,4,0,0,1,0,0,3,2
PWS_14,I sometimes think I am a worthless individual.,2,0,0,0,0,0,1,0
PWS_14,I sometimes think I am a worthless individual.,1,0,0,0,0,0,0,0
PWS_14,I sometimes think I am a worthless individual.,1,0,0,4,0,0,2,3
PWS_14,I sometimes think I am a worthless individual.,2,0,0,0,0,0,1,0
PWS_14,I sometimes think I am a worthless individual.,1,0,0,0,0,0,0,0
PWS_14,I sometimes think I am a worthless individual.,1,0,0,0,0,0,0,2
PWS_14,I sometimes think I am a worthless individual.,1,0,0,0,0,0,0,0
PWS_14,I sometimes think I am a worthless individual.,1,0,0,0,0,0,0,2
PWS_14,I sometimes think I am a worthless individual.,2,0,0,0,0,0,0,1
PWS_14,I sometimes think I am a worthless individual.,1,0,0,0,0,0,0,2
PWS_14,I sometimes think I am a worthless individual.,0,5,1,0,2,0,3,4
PWS_14,I sometimes think I am a worthless individual.,1,0,0,0,0,0,0,0
PWS_14,I sometimes think I am a worthless individual.,1,0,0,0,0,0,0,0
PWS_14,I sometimes think I am a worthless individual.,1,0,0,0,0,0,0,0
PWS_14,I sometimes think I am a worthless individual.,1,0,0,0,0,0,0,0
PWS_14,I sometimes think I am a worthless individual.,6,8,4,1,2,5,3,7
PWS_15,My friends know they can always confide in me and ask me for advice.,1,0,0,0,0,0,2,0
PWS_15,My friends know they can always confide in me and ask me for advice.,2,0,0,1,0,0,3,0
PWS_15,My friends know they can always confide in me and ask me for advice.,2,0,0,0,0,0,1,0
PWS_15,My friends know they can always confide in me and ask me for advice.,1,0,0,0,0,0,2,0
PWS_15,My friends know they can always confide in me and ask me for advice.,0,0,0,1,0,0,0,0
PWS_15,My friends know they can always confide in me and ask me for advice.,1,0,0,0,0,0,2,0
PWS_15,My friends know they can always confide in me and ask me for advice.,2,1,0,0,0,0,3,0
PWS_15,My friends know they can always confide in me and ask me for advice.,2,0,0,0,0,0,1,0
PWS_15,My friends know they can always confide in me and ask me for advice.,2,0,0,1,0,0,3,0
PWS_15,My friends know they can always confide in me and ask me for advice.,1,0,0,0,0,0,2,0
PWS_15,My friends know they can always confide in me and ask me for advice.,1,0,0,0,0,0,2,0
PWS_15,My friends know they can always confide in me and ask me for advice.,2,3,8,4,7,6,5,1
PWS_15,My friends know they can always confide in me and ask me for advice.,1,0,0,2,0,0,3,0
PWS_15,My friends know they can always confide in me and ask me for advice.,1,0,0,0,0,0,2,0
PWS_15,My friends know they can always confide in me and ask me for advice.,0,0,0,1,0,0,3,2
PWS_15,My friends know they can always confide in me and ask me for advice.,1,0,0,0,0,0,2,0
PWS_15,My friends know they can always confide in me and ask me for advice.,2,0,0,1,0,0,3,0
PWS_15,My friends know they can always confide in me and ask me for advice.,1,0,0,0,0,0,2,0
PWS_15,My friends know they can always confide in me and ask me for advice.,1,0,0,0,0,0,2,0
PWS_15,My friends know they can always confide in me and ask me for advice.,3,0,1,4,5,0,2,0
PWS_15,My friends know they can always confide in me and ask me for advice.,2,0,0,0,0,0,3,1
PWS_15,My friends know they can always confide in me and ask me for advice.,2,0,0,0,0,0,1,0
PWS_15,My friends know they can always confide in me and ask me for advice.,0,0,0,0,0,0,1,0
PWS_15,My friends know they can always confide in me and ask me for advice.,7,2,4,6,1,3,8,5
PWS_15,My friends know they can always confide in me and ask me for advice.,1,0,0,0,0,0,0,0
PWS_15,My friends know they can always confide in me and ask me for advice.,1,0,0,0,0,0,0,0
PWS_15,My friends know they can always confide in me and ask me for advice.,2,0,0,0,0,0,1,0
PWS_15,My friends know they can always confide in me and ask me for advice.,0,0,0,1,0,0,0,0
PWS_15,My friends know they can always confide in me and ask me for advice.,1,0,0,0,0,0,2,0
PWS_15,My friends know they can always confide in me and ask me for advice.,2,1,0,0,0,0,3,0
PWS_15,My friends know they can always confide in me and ask me for advice.,2,0,0,0,0,0,1,0
PWS_15,My friends know they can always confide in me and ask me for advice.,2,0,0,1,0,0,3,0
PWS_15,My friends know they can always confide in me and ask me for advice.,1,0,0,0,0,0,2,0
PWS_15,My friends know they can always confide in me and ask me for advice.,1,0,0,2,0,0,3,0
PWS_15,My friends know they can always confide in me and ask me for advice.,0,0,0,0,0,0,1,0
PWS_15,My friends know they can always confide in me and ask me for advice.,1,0,0,0,0,0,2,0
PWS_15,My friends know they can always confide in me and ask me for advice.,0,0,0,1,0,0,3,2
PWS_15,My friends know they can always confide in me and ask me for advice.,1,0,0,0,0,0,2,0
PWS_15,My friends know they can always confide in me and ask me for advice.,2,0,0,1,0,0,3,0
PWS_15,My friends know they can always confide in me and ask me for advice.,1,0,0,0,0,0,2,0
PWS_15,My friends know they can always confide in me and ask me for advice.,2,3,8,4,7,6,5,1
PWS_15,My friends know they can always confide in me and ask me for advice.,2,0,0,1,0,0,3,0
PWS_15,My friends know they can always confide in me and ask me for advice.,2,0,0,0,0,0,1,0
PWS_15,My friends know they can always confide in me and ask me for advice.,2,0,0,0,0,0,3,1
PWS_15,My friends know they can always confide in me and ask me for advice.,7,2,4,6,1,3,8,5
PWS_15,My friends know they can always confide in me and ask me for advice.,1,0,0,0,0,0,2,0
PWS_15,My friends know they can always confide in me and ask me for advice.,1,0,0,0,0,0,2,0
PWS_15,My friends know they can always confide in me and ask me for advice.,3,0,1,4,5,0,2,0
PWS_16,My physical health is excellent.,0,0,0,0,0,1,0,0
PWS_16,My physical health is excellent.,2,0,0,0,0,1,3,4
PWS_16,My physical health is excellent.,1,0,0,0,0,2,0,0
PWS_16,My physical health is excellent.,0,0,0,0,0,1,0,0
PWS_16,My physical health is excellent.,0,0,0,0,0,1,0,0
PWS_16,My physical health is excellent.,0,0,0,0,0,1,0,0
PWS_16,My physical health is excellent.,0,0,0,0,0,1,0,0
PWS_16,My physical health is excellent.,1,0,0,0,0,2,0,0
PWS_16,My physical health is excellent.,4,1,0,5,0,6,3,2
PWS_16,My physical health is excellent.,0,0,0,0,0,1,0,0
PWS_16,My physical health is excellent.,0,0,0,0,0,1,0,0
PWS_16,My physical health is excellent.,0,0,0,0,0,1,0,0
PWS_16,My physical health is excellent.,0,0,0,0,0,1,0,0
PWS_16,My physical health is excellent.,0,0,0,0,0,1,0,0
PWS_16,My physical health is excellent.,0,0,0,0,0,1,0,0
PWS_16,My physical health is excellent.,0,2,0,0,0,1,0,0
PWS_16,My physical health is excellent.,2,0,1,0,0,3,0,0
PWS_16,My physical health is excellent.,0,0,0,0,0,1,0,0
PWS_16,My physical health is excellent.,0,0,0,0,0,1,0,0
PWS_16,My physical health is excellent.,7,2,6,3,5,8,4,1
PWS_16,My physical health is excellent.,7,4,1,3,2,8,6,5
PWS_16,My physical health is excellent.,0,1,0,0,0,2,0,0
PWS_16,My physical health is excellent.,0,0,0,0,0,1,0,0
PWS_16,My physical health is excellent.,0,0,0,0,0,1,0,0
PWS_16,My physical health is excellent.,1,0,0,0,0,2,0,0
PWS_16,My physical health is excellent.,0,0,0,0,0,1,0,0
PWS_16,My physical health is excellent.,2,0,1,0,0,3,0,0
PWS_16,My physical health is excellent.,0,0,0,0,0,1,0,0
PWS_16,My physical health is excellent.,0,0,0,0,0,1,0,0
PWS_16,My physical health is excellent.,7,2,6,3,5,8,4,1
PWS_16,My physical health is excellent.,7,4,1,3,2,8,6,5
PWS_16,My physical health is excellent.,0,0,0,0,0,1,0,0
PWS_16,My physical health is excellent.,0,0,0,0,0,1,0,0
PWS_16,My physical health is excellent.,0,0,0,0,0,1,0,0
PWS_16,My physical health is excellent.,0,0,0,0,0,1,0,0
PWS_16,My physical health is excellent.,0,0,0,0,0,1,0,0
PWS_16,My physical health is excellent.,0,0,0,0,0,1,0,0
PWS_16,My physical health is excellent.,4,1,0,5,0,6,3,2
PWS_16,My physical health is excellent.,0,0,0,0,0,1,0,0
PWS_16,My physical health is excellent.,0,0,0,0,0,1,0,0
PWS_16,My physical health is excellent.,0,0,0,0,0,1,0,0
PWS_16,My physical health is excellent.,0,0,0,0,0,1,0,0
PWS_16,My physical health is excellent.,1,0,0,0,0,2,0,0
PWS_16,My physical health is excellent.,2,0,0,0,0,1,3,4
PWS_16,My physical health is excellent.,0,1,0,0,0,2,0,0
PWS_16,My physical health is excellent.,0,0,0,0,0,1,0,0
PWS_16,My physical health is excellent.,0,2,0,0,0,1,0,0
PWS_16,My physical health is excellent.,0,0,0,0,0,1,0,0
PWS_17,Sometimes I don't understand what life is all about.,0,0,0,0,0,0,0,0
PWS_17,Sometimes I don't understand what life is all about.,0,0,0,0,1,0,2,3
PWS_17,Sometimes I don't understand what life is all about.,2,1,0,0,0,0,0,3
PWS_17,Sometimes I don't understand what life is all about.,2,0,0,0,0,0,0,1
PWS_17,Sometimes I don't understand what life is all about.,4,0,0,2,1,0,3,5
PWS_17,Sometimes I don't understand what life is all about.,1,0,0,2,0,0,0,3
PWS_17,Sometimes I don't understand what life is all about.,2,0,0,0,0,0,0,1
PWS_17,Sometimes I don't understand what life is all about.,2,0,0,1,0,0,0,3
PWS_17,Sometimes I don't understand what life is all about.,0,0,0,0,0,0,1,0
PWS_17,Sometimes I don't understand what life is all about.,0,0,0,1,0,0,0,2
PWS_17,Sometimes I don't understand what life is all about.,2,1,0,0,0,0,0,3
PWS_17,Sometimes I don't understand what life is all about.,1,0,0,0,0,0,0,2
PWS_17,Sometimes I don't understand what life is all about.,1,0,0,0,0,0,0,2
PWS_17,Sometimes I don't understand what life is all about.,2,0,0,0,0,0,0,1
PWS_17,Sometimes I don't understand what life is all about.,2,4,5,8,7,1,6,3
PWS_17,Sometimes I don't understand what life is all about.,1,0,0,0,0,0,0,2
PWS_17,Sometimes I don't understand what life is all about.,1,0,0,0,0,0,0,2
PWS_17,Sometimes I don't understand what life is all about.,3,0,0,2,0,0,0,1
PWS_17,Sometimes I don't understand what life is all about.,1,0,0,0,0,0,0,0
PWS_17,Sometimes I don't understand what life is all about.,0,0,0,0,0,0,0,1
PWS_17,Sometimes I don't understand what life is all about.,0,0,0,0,0,0,0,1
PWS_17,Sometimes I don't understand what life is all about.,0,0,0,0,0,0,0,1
PWS_17,Sometimes I don't understand what life is all about.,0,0,0,0,0,0,1,0
PWS_17,Sometimes I don't understand what life is all about.,2,0,0,0,0,0,0,1
PWS_17,Sometimes I don't understand what life is all about.,1,0,0,2,0,0,0,3
PWS_17,Sometimes I don't understand what life is all about.,4,0,0,2,1,0,3,5
PWS_17,Sometimes I don't understand what life is all about.,2,0,0,0,0,0,0,1
PWS_17,Sometimes I don't understand what life is all about.,2,1,0,0,0,0,0,3
PWS_17,Sometimes I don't understand what life is all about.,0,0,0,0,1,0,2,3
PWS_17,Sometimes I don't understand what life is all about.,0,0,0,0,0,0,0,0
PWS_17,Sometimes I don't understand what life is all about.,2,1,0,0,0,0,0,3
PWS_17,Sometimes I don't understand what life is all about.,0,0,0,1,0,0,0,2
PWS_17,Sometimes I don't understand what life is all about.,1,0,0,2,0,0,0,3
PWS_17,Sometimes I don't understand what life is all about.,2,0,0,1,0,0,0,3
PWS_17,Sometimes I don't understand what life is all about.,1,5,3,2,6,7,4,8
PWS_17,Sometimes I don't understand what life is all about.,0,0,0,0,0,0,0,1
PWS_17,Sometimes I don't understand what life is all about.,3,0,0,2,0,0,0,1
PWS_17,Sometimes I don't understand what life is all about.,1,0,0,0,0,0,0,0
PWS_17,Sometimes I don't understand what life is all about.,1,0,0,2,0,0,0,3
PWS_17,Sometimes I don't understand what life is all about.,7,2,1,6,3,4,5,8
PWS_17,Sometimes I don't understand what life is all about.,1,5,3,2,6,7,4,8
PWS_17,Sometimes I don't understand what life is all about.,1,0,0,0,0,0,0,2
PWS_17,Sometimes I don't understand what life is all about.,7,2,1,6,3,4,5,8
PWS_17,Sometimes I don't understand what life is all about.,2,0,0,0,0,0,0,1
PWS_17,Sometimes I don't understand what life is all about.,2,4,5,8,7,1,6,3
PWS_17,Sometimes I don't understand what life is all about.,1,0,0,0,0,0,0,2
PWS_17,Sometimes I don't understand what life is all about.,1,0,0,0,0,0,0,2
PWS_17,Sometimes I don't understand what life is all about.,1,0,0,0,0,0,0,2
PWS_19,"In the past, I have expected the best.",1,0,0,0,0,0,2,0
PWS_19,"In the past, I have expected the best.",4,2,0,0,0,0,1,3
PWS_19,"In the past, I have expected the best.",0,0,1,0,0,0,0,2
PWS_19,"In the past, I have expected the best.",2,0,0,3,1,0,0,0
PWS_19,"In the past, I have expected the best.",2,1,0,0,0,0,0,0
PWS_19,"In the past, I have expected the best.",3,0,0,5,4,2,1,0
PWS_19,"In the past, I have expected the best.",1,0,0,0,0,0,0,2
PWS_19,"In the past, I have expected the best.",2,0,0,1,0,0,0,0
PWS_19,"In the past, I have expected the best.",2,0,0,0,0,0,0,1
PWS_19,"In the past, I have expected the best.",2,0,0,3,0,0,0,1
PWS_19,"In the past, I have expected the best.",0,0,0,0,0,0,0,1
PWS_19,"In the past, I have expected the best.",1,0,0,0,0,0,0,0
PWS_19,"In the past, I have expected the best.",2,0,0,0,0,0,0,1
PWS_19,"In the past, I have expected the best.",1,0,0,0,0,0,0,0
PWS_19,"In the past, I have expected the best.",2,0,0,0,0,0,0,1
PWS_19,"In the past, I have expected the best.",1,0,0,0,0,0,0,2
PWS_19,"In the past, I have expected the best.",0,0,0,0,0,0,0,1
PWS_19,"In the past, I have expected the best.",4,0,1,3,5,6,2,7
PWS_19,"In the past, I have expected the best.",1,0,0,0,0,0,0,0
PWS_19,"In the past, I have expected the best.",1,0,0,0,0,0,0,0
PWS_19,"In the past, I have expected the best.",1,0,0,0,0,0,0,0
PWS_19,"In the past, I have expected the best.",3,2,5,8,4,6,7,1
PWS_19,"In the past, I have expected the best.",1,0,0,0,0,0,2,0
PWS_19,"In the past, I have expected the best.",8,5,3,2,4,1,6,7
PWS_19,"In the past, I have expected the best.",2,0,1,0,0,0,0,0
PWS_19,"In the past, I have expected the best.",4,0,1,3,5,6,2,7
PWS_19,"In the past, I have expected the best.",8,5,3,2,4,1,6,7
PWS_19,"In the past, I have expected the best.",3,2,5,8,4,6,7,1
PWS_19,"In the past, I have expected the best.",1,0,0,0,0,0,0,0
PWS_19,"In the past, I have expected the best.",1,0,0,0,0,0,0,0
PWS_19,"In the past, I have expected the best.",1,0,0,0,0,0,0,0
PWS_19,"In the past, I have expected the best.",0,0,0,0,0,0,0,1
PWS_19,"In the past, I have expected the best.",1,0,0,0,0,0,0,2
PWS_19,"In the past, I have expected the best.",2,0,0,0,0,0,0,1
PWS_19,"In the past, I have expected the best.",1,0,0,0,0,0,0,0
PWS_19,"In the past, I have expected the best.",2,0,0,0,0,0,0,1
PWS_19,"In the past, I have expected the best.",2,0,1,0,0,0,0,0
PWS_19,"In the past, I have expected the best.",0,0,0,0,0,0,0,1
PWS_19,"In the past, I have expected the best.",2,0,0,3,0,0,0,1
PWS_19,"In the past, I have expected the best.",2,0,0,0,0,0,0,1
PWS_19,"In the past, I have expected the best.",2,0,0,1,0,0,0,0
PWS_19,"In the past, I have expected the best.",1,0,0,0,0,0,0,2
PWS_19,"In the past, I have expected the best.",3,0,0,5,4,2,1,0
PWS_19,"In the past, I have expected the best.",2,1,0,0,0,0,0,0
PWS_19,"In the past, I have expected the best.",2,0,0,3,1,0,0,0
PWS_19,"In the past, I have expected the best.",0,0,1,0,0,0,0,2
PWS_19,"In the past, I have expected the best.",4,2,0,0,0,0,1,3
PWS_19,"In the past, I have expected the best.",1,0,0,0,0,0,0,0
PWS_20,I am uncertain about my ability to do things well in the future.,1,0,0,0,2,0,0,0
PWS_20,I am uncertain about my ability to do things well in the future.,3,0,0,1,0,0,2,0
PWS_20,I am uncertain about my ability to do things well in the future.,3,1,0,2,0,0,0,0
PWS_20,I am uncertain about my ability to do things well in the future.,4,0,0,0,3,2,1,0
PWS_20,I am uncertain about my ability to do things well in the future.,1,0,0,2,3,0,0,0
PWS_20,I am uncertain about my ability to do things well in the future.,1,0,0,0,0,0,0,2
PWS_20,I am uncertain about my ability to do things well in the future.,2,0,0,0,0,0,0,1
PWS_20,I am uncertain about my ability to do things well in the future.,0,0,0,2,1,0,0,0
PWS_20,I am uncertain about my ability to do things well in the future.,1,0,0,2,0,0,0,0
PWS_20,I am uncertain about my ability to do things well in the future.,4,0,1,3,2,0,0,0
PWS_20,I am uncertain about my ability to do things well in the future.,0,1,0,3,2,0,0,0
PWS_20,I am uncertain about my ability to do things well in the future.,1,0,0,0,0,0,0,0
PWS_20,I am uncertain about my ability to do things well in the future.,2,0,0,0,0,0,0,1
PWS_20,I am uncertain about my ability to do things well in the future.,1,0,0,0,0,2,0,0
PWS_20,I am uncertain about my ability to do things well in the future.,8,7,5,2,4,1,3,6
PWS_20,I am uncertain about my ability to do things well in the future.,4,1,5,8,6,2,3,7
PWS_20,I am uncertain about my ability to do things well in the future.,2,0,0,3,1,0,0,0
PWS_20,I am uncertain about my ability to do things well in the future.,1,0,0,0,0,0,0,0
PWS_20,I am uncertain about my ability to do things well in the future.,1,0,0,0,0,0,0,0
PWS_20,I am uncertain about my ability to do things well in the future.,3,0,1,0,0,0,2,0
PWS_20,I am uncertain about my ability to do things well in the future.,4,2,5,7,6,3,1,8
PWS_20,I am uncertain about my ability to do things well in the future.,3,0,0,2,1,0,0,0
PWS_20,I am uncertain about my ability to do things well in the future.,5,0,2,4,3,0,0,1
PWS_20,I am uncertain about my ability to do things well in the future.,0,0,0,1,0,0,0,2
PWS_20,I am uncertain about my ability to do things well in the future.,2,0,0,3,1,0,0,0
PWS_20,I am uncertain about my ability to do things well in the future.,4,1,5,8,6,2,3,7
PWS_20,I am uncertain about my ability to do things well in the future.,3,0,0,1,0,0,2,0
PWS_20,I am uncertain about my ability to do things well in the future.,1,0,0,0,0,2,0,0
PWS_20,I am uncertain about my ability to do things well in the future.,3,1,0,2,0,0,0,0
PWS_20,I am uncertain about my ability to do things well in the future.,4,0,0,0,3,2,1,0
PWS_20,I am uncertain about my ability to do things well in the future.,1,0,0,2,3,0,0,0
PWS_20,I am uncertain about my ability to do things well in the future.,2,0,0,0,0,0,0,1
PWS_20,I am uncertain about my ability to do things well in the future.,3,0,0,2,1,0,0,0
PWS_20,I am uncertain about my ability to do things well in the future.,0,0,0,2,1,0,0,0
PWS_20,I am uncertain about my ability to do things well in the future.,1,0,0,2,0,0,0,0
PWS_20,I am uncertain about my ability to do things well in the future.,4,0,1,3,2,0,0,0
PWS_20,I am uncertain about my ability to do things well in the future.,8,7,5,2,4,1,3,6
PWS_20,I am uncertain about my ability to do things well in the future.,0,0,0,1,0,0,0,2
PWS_20,I am uncertain about my ability to do things well in the future.,1,0,0,0,0,0,0,0
PWS_20,I am uncertain about my ability to do things well in the future.,2,0,0,0,0,0,0,1
PWS_20,I am uncertain about my ability to do things well in the future.,1,0,0,0,0,0,0,0
PWS_20,I am uncertain about my ability to do things well in the future.,1,0,0,0,0,0,0,2
PWS_20,I am uncertain about my ability to do things well in the future.,1,0,0,0,2,0,0,0
PWS_20,I am uncertain about my ability to do things well in the future.,4,2,5,7,6,3,1,8
PWS_20,I am uncertain about my ability to do things well in the future.,3,0,1,0,0,0,2,0
PWS_20,I am uncertain about my ability to do things well in the future.,5,0,2,4,3,0,0,1
PWS_20,I am uncertain about my ability to do things well in the future.,0,1,0,3,2,0,0,0
PWS_20,I am uncertain about my ability to do things well in the future.,1,0,0,0,0,0,0,0
PWS_21,My family has been available to support me in the past.,1,0,0,0,0,0,2,0
PWS_21,My family has been available to support me in the past.,4,2,5,6,7,1,3,8
PWS_21,My family has been available to support me in the past.,1,0,0,0,0,0,2,0
PWS_21,My family has been available to support me in the past.,2,1,0,0,0,0,3,0
PWS_21,My family has been available to support me in the past.,0,0,1,0,0,0,2,0
PWS_21,My family has been available to support me in the past.,8,3,7,6,4,2,5,1
PWS_21,My family has been available to support me in the past.,1,0,0,0,0,0,2,0
PWS_21,My family has been available to support me in the past.,2,0,0,0,0,0,1,0
PWS_21,My family has been available to support me in the past.,1,0,0,0,0,0,2,0
PWS_21,My family has been available to support me in the past.,3,2,0,0,1,0,4,0
PWS_21,My family has been available to support me in the past.,0,3,1,0,2,0,4,0
PWS_21,My family has been available to support me in the past.,1,0,2,0,0,0,3,0
PWS_21,My family has been available to support me in the past.,0,0,0,0,0,0,1,0
PWS_21,My family has been available to support me in the past.,0,0,0,0,0,0,1,0
PWS_21,My family has been available to support me in the past.,1,0,0,0,0,0,2,0
PWS_21,My family has been available to support me in the past.,1,0,0,0,0,0,2,0
PWS_21,My family has been available to support me in the past.,2,0,1,0,0,0,3,0
PWS_21,My family has been available to support me in the past.,2,0,1,0,0,0,3,0
PWS_21,My family has been available to support me in the past.,2,0,0,0,1,0,3,0
PWS_21,My family has been available to support me in the past.,3,0,1,2,0,0,4,0
PWS_21,My family has been available to support me in the past.,0,0,1,0,4,2,0,3
PWS_21,My family has been available to support me in the past.,1,0,0,0,0,0,2,0
PWS_21,My family has been available to support me in the past.,4,7,5,6,1,2,8,3
PWS_21,My family has been available to support me in the past.,0,0,0,0,0,0,1,0
PWS_21,My family has been available to support me in the past.,2,1,0,0,0,0,3,0
PWS_21,My family has been available to support me in the past.,0,0,0,0,0,0,2,1
PWS_21,My family has been available to support me in the past.,2,0,1,0,0,0,3,0
PWS_21,My family has been available to support me in the past.,1,0,0,0,0,0,2,0
PWS_21,My family has been available to support me in the past.,1,0,0,0,0,0,2,0
PWS_21,My family has been available to support me in the past.,3,2,0,0,1,0,4,0
PWS_21,My family has been available to support me in the past.,0,0,0,0,0,0,1,0
PWS_21,My family has been available to support me in the past.,3,0,1,2,0,0,4,0
PWS_21,My family has been available to support me in the past.,1,0,2,0,0,0,3,0
PWS_21,My family has been available to support me in the past.,0,3,1,0,2,0,4,0
PWS_21,My family has been available to support me in the past.,2,0,0,0,1,0,3,0
PWS_21,My family has been available to support me in the past.,1,0,0,0,0,0,2,0
PWS_21,My family has been available to support me in the past.,1,0,0,0,0,0,2,0
PWS_21,My family has been available to support me in the past.,1,0,0,0,0,0,2,0
PWS_21,My family has been available to support me in the past.,4,2,5,6,7,1,3,8
PWS_21,My family has been available to support me in the past.,1,0,0,0,0,0,2,0
PWS_21,My family has been available to support me in the past.,2,0,0,0,0,0,1,0
PWS_21,My family has been available to support me in the past.,0,0,1,0,4,2,0,3
PWS_21,My family has been available to support me in the past.,0,0,1,0,0,0,2,0
PWS_21,My family has been available to support me in the past.,8,3,7,6,4,2,5,1
PWS_21,My family has been available to support me in the past.,4,7,5,6,1,2,8,3
PWS_21,My family has been available to support me in the past.,0,0,0,0,0,0,2,1
PWS_21,My family has been available to support me in the past.,1,0,0,0,0,0,2,0
PWS_21,My family has been available to support me in the past.,2,0,1,0,0,0,3,0
PWS_22,"Compared to people I know, my past physical health has been excellent.",0,0,0,0,0,1,0,0
PWS_22,"Compared to people I know, my past physical health has been excellent.",1,3,4,7,2,8,6,5
PWS_22,"Compared to people I know, my past physical health has been excellent.",0,0,0,0,0,1,0,0
PWS_22,"Compared to people I know, my past physical health has been excellent.",0,0,0,0,0,1,0,0
PWS_22,"Compared to people I know, my past physical health has been excellent.",0,1,0,0,0,3,2,0
PWS_22,"Compared to people I know, my past physical health has been excellent.",0,0,1,0,0,0,0,0
PWS_22,"Compared to people I know, my past physical health has been excellent.",0,1,0,2,0,3,0,0
PWS_22,"Compared to people I know, my past physical health has been excellent.",0,0,0,0,0,2,1,0
PWS_22,"Compared to people I know, my past physical health has been excellent.",0,0,0,0,0,1,0,0
PWS_22,"Compared to people I know, my past physical health has been excellent.",0,0,0,0,0,2,1,0
PWS_22,"Compared to people I know, my past physical health has been excellent.",1,0,0,0,0,2,0,0
PWS_22,"Compared to people I know, my past physical health has been excellent.",1,2,0,4,0,5,3,0
PWS_22,"Compared to people I know, my past physical health has been excellent.",0,0,0,0,0,1,0,0
PWS_22,"Compared to people I know, my past physical health has been excellent.",0,0,0,0,0,1,0,0
PWS_22,"Compared to people I know, my past physical health has been excellent.",0,0,0,0,0,1,0,0
PWS_22,"Compared to people I know, my past physical health has been excellent.",0,0,0,0,0,2,1,0
PWS_22,"Compared to people I know, my past physical health has been excellent.",0,0,0,0,0,2,1,0
PWS_22,"Compared to people I know, my past physical health has been excellent.",0,0,0,0,0,1,0,0
PWS_22,"Compared to people I know, my past physical health has been excellent.",0,0,0,0,0,1,0,0
PWS_22,"Compared to people I know, my past physical health has been excellent.",1,0,0,0,0,2,0,0
PWS_22,"Compared to people I know, my past physical health has been excellent.",0,0,0,0,0,1,0,0
PWS_22,"Compared to people I know, my past physical health has been excellent.",0,0,0,0,0,2,1,0
PWS_22,"Compared to people I know, my past physical health has been excellent.",0,0,0,0,0,2,1,0
PWS_22,"Compared to people I know, my past physical health has been excellent.",0,1,0,0,0,3,2,0
PWS_22,"Compared to people I know, my past physical health has been excellent.",0,0,0,0,0,1,0,0
PWS_22,"Compared to people I know, my past physical health has been excellent.",0,0,0,0,0,1,0,0
PWS_22,"Compared to people I know, my past physical health has been excellent.",4,5,3,1,2,8,7,6
PWS_22,"Compared to people I know, my past physical health has been excellent.",1,3,4,7,2,8,6,5
PWS_22,"Compared to people I know, my past physical health has been excellent.",0,0,0,0,0,1,0,0
PWS_22,"Compared to people I know, my past physical health has been excellent.",0,0,0,0,0,1,0,0
PWS_22,"Compared to people I know, my past physical health has been excellent.",1,0,0,0,0,2,0,0
PWS_22,"Compared to people I know, my past physical health has been excellent.",0,0,0,0,0,1,0,0
PWS_22,"Compared to people I know, my past physical health has been excellent.",0,0,0,0,0,1,0,0
PWS_22,"Compared to people I know, my past physical health has been excellent.",0,0,0,0,0,2,1,0
PWS_22,"Compared to people I know, my past physical health has been excellent.",0,0,0,0,0,2,1,0
PWS_22,"Compared to people I know, my past physical health has been excellent.",4,5,3,1,2,8,7,6
PWS_22,"Compared to people I know, my past physical health has been excellent.",0,0,0,0,0,1,0,0
PWS_22,"Compared to people I know, my past physical health has been excellent.",0,0,0,0,0,1,0,0
PWS_22,"Compared to people I know, my past physical health has been excellent.",0,0,0,0,0,1,0,0
PWS_22,"Compared to people I know, my past physical health has been excellent.",1,2,0,4,0,5,3,0
PWS_22,"Compared to people I know, my past physical health has been excellent.",1,0,0,0,0,2,0,0
PWS_22,"Compared to people I know, my past physical health has been excellent.",0,0,0,0,0,2,1,0
PWS_22,"Compared to people I know, my past physical health has been excellent.",0,0,0,0,0,1,0,0
PWS_22,"Compared to people I know, my past physical health has been excellent.",0,0,0,0,0,2,1,0
PWS_22,"Compared to people I know, my past physical health has been excellent.",0,0,0,0,0,2,1,0
PWS_22,"Compared to people I know, my past physical health has been excellent.",0,1,0,2,0,3,0,0
PWS_22,"Compared to people I know, my past physical health has been excellent.",0,0,1,0,0,0,0,0
PWS_22,"Compared to people I know, my past physical health has been excellent.",0,0,0,0,0,2,1,0
PWS_23,I feel a sense of mission about my future.,2,0,0,0,0,0,0,1
PWS_23,I feel a sense of mission about my future.,1,0,0,0,0,0,0,2
PWS_23,I feel a sense of mission about my future.,0,0,0,0,0,0,0,0
PWS_23,I feel a sense of mission about my future.,3,1,0,0,2,0,0,0
PWS_23,I feel a sense of mission about my future.,0,0,0,0,1,0,0,2
PWS_23,I feel a sense of mission about my future.,0,0,0,1,3,0,0,2
PWS_23,I feel a sense of mission about my future.,1,2,0,0,3,0,0,4
PWS_23,I feel a sense of mission about my future.,1,0,0,2,3,0,0,4
PWS_23,I feel a sense of mission about my future.,0,0,0,0,0,0,0,1
PWS_23,I feel a sense of mission about my future.,0,0,0,0,2,0,0,1
PWS_23,I feel a sense of mission about my future.,0,0,0,0,0,0,0,1
PWS_23,I feel a sense of mission about my future.,0,0,0,1,0,0,0,0
PWS_23,I feel a sense of mission about my future.,0,0,0,0,0,0,0,1
PWS_23,I feel a sense of mission about my future.,1,0,0,0,0,0,0,2
PWS_23,I feel a sense of mission about my future.,8,5,6,1,7,3,2,4
PWS_23,I feel a sense of mission about my future.,4,0,1,2,3,0,0,5
PWS_23,I feel a sense of mission about my future.,1,0,0,0,0,0,0,0
PWS_23,I feel a sense of mission about my future.,0,0,1,3,2,0,0,4
PWS_23,I feel a sense of mission about my future.,4,3,6,2,8,5,7,1
PWS_23,I feel a sense of mission about my future.,5,6,2,4,1,3,7,8
PWS_23,I feel a sense of mission about my future.,0,0,0,0,0,0,0,1
PWS_23,I feel a sense of mission about my future.,2,0,0,0,3,0,0,1
PWS_23,I feel a sense of mission about my future.,0,0,0,0,1,0,0,2
PWS_23,I feel a sense of mission about my future.,2,0,0,0,3,0,0,1
PWS_23,I feel a sense of mission about my future.,0,0,0,0,0,0,0,1
PWS_23,I feel a sense of mission about my future.,5,6,2,4,1,3,7,8
PWS_23,I feel a sense of mission about my future.,4,3,6,2,8,5,7,1
PWS_23,I feel a sense of mission about my future.,0,0,1,3,2,0,0,4
PWS_23,I feel a sense of mission about my future.,1,0,0,0,0,0,0,0
PWS_23,I feel a sense of mission about my future.,4,0,1,2,3,0,0,5
PWS_23,I feel a sense of mission about my future.,8,5,6,1,7,3,2,4
PWS_23,I feel a sense of mission about my future.,0,0,0,0,2,0,0,1
PWS_23,I feel a sense of mission about my future.,1,0,0,0,0,0,0,2
PWS_23,I feel a sense of mission about my future.,0,0,0,0,0,0,0,1
PWS_23,I feel a sense of mission about my future.,0,0,0,0,0,0,1,2
PWS_23,I feel a sense of mission about my future.,0,0,0,1,0,0,0,0
PWS_23,I feel a sense of mission about my future.,0,0,0,0,0,0,0,1
PWS_23,I feel a sense of mission about my future.,0,0,0,0,0,0,0,1
PWS_23,I feel a sense of mission about my future.,1,2,0,0,3,0,0,4
PWS_23,I feel a sense of mission about my future.,2,0,0,0,0,0,0,1
PWS_23,I feel a sense of mission about my future.,1,0,0,0,0,0,0,2
PWS_23,I feel a sense of mission about my future.,1,0,0,2,3,0,0,4
PWS_23,I feel a sense of mission about my future.,3,1,0,0,2,0,0,0
PWS_23,I feel a sense of mission about my future.,0,0,0,0,0,0,1,2
PWS_23,I feel a sense of mission about my future.,0,0,0,1,3,0,0,2
PWS_23,I feel a sense of mission about my future.,0,0,0,0,0,0,0,0
PWS_23,I feel a sense of mission about my future.,0,0,0,0,0,0,0,1
PWS_23,I feel a sense of mission about my future.,0,0,0,0,0,0,0,1
PWS_24,The amount of information that I process in a typical day is just about right for me (i.e. not too much and not too little).,1,0,0,2,0,0,0,0
PWS_24,The amount of information that I process in a typical day is just about right for me (i.e. not too much and not too little).,0,3,0,4,2,0,1,0
PWS_24,The amount of information that I process in a typical day is just about right for me (i.e. not too much and not too little).,0,0,0,2,3,0,1,0
PWS_24,The amount of information that I process in a typical day is just about right for me (i.e. not too much and not too little).,1,2,8,7,6,5,3,4
PWS_24,The amount of information that I process in a typical day is just about right for me (i.e. not too much and not too little).,0,0,0,2,1,0,0,0
PWS_24,The amount of information that I process in a typical day is just about right for me (i.e. not too much and not too little).,0,0,0,1,0,0,0,0
PWS_24,The amount of information that I process in a typical day is just about right for me (i.e. not too much and not too little).,0,0,0,2,1,0,0,0
PWS_24,The amount of information that I process in a typical day is just about right for me (i.e. not too much and not too little).,3,6,1,7,2,0,5,4
PWS_24,The amount of information that I process in a typical day is just about right for me (i.e. not too much and not too little).,0,0,0,1,0,0,0,0
PWS_24,The amount of information that I process in a typical day is just about right for me (i.e. not too much and not too little).,0,0,0,1,0,0,0,0
PWS_24,The amount of information that I process in a typical day is just about right for me (i.e. not too much and not too little).,0,0,0,1,0,0,0,0
PWS_24,The amount of information that I process in a typical day is just about right for me (i.e. not too much and not too little).,0,0,0,1,0,0,0,0
PWS_24,The amount of information that I process in a typical day is just about right for me (i.e. not too much and not too little).,0,0,0,1,0,0,0,0
PWS_24,The amount of information that I process in a typical day is just about right for me (i.e. not too much and not too little).,0,0,0,1,0,0,0,0
PWS_24,The amount of information that I process in a typical day is just about right for me (i.e. not too much and not too little).,0,2,0,3,1,0,0,0
PWS_24,The amount of information that I process in a typical day is just about right for me (i.e. not too much and not too little).,2,0,0,3,1,0,0,0
PWS_24,The amount of information that I process in a typical day is just about right for me (i.e. not too much and not too little).,2,0,0,3,1,0,0,0
PWS_24,The amount of information that I process in a typical day is just about right for me (i.e. not too much and not too little).,0,0,0,1,0,0,0,0
PWS_24,The amount of information that I process in a typical day is just about right for me (i.e. not too much and not too little).,0,0,0,3,2,0,1,0
PWS_24,The amount of information that I process in a typical day is just about right for me (i.e. not too much and not too little).,0,1,0,2,0,0,0,0
PWS_24,The amount of information that I process in a typical day is just about right for me (i.e. not too much and not too little).,0,0,0,2,1,0,0,0
PWS_24,The amount of information that I process in a typical day is just about right for me (i.e. not too much and not too little).,0,0,0,1,0,0,0,0
PWS_24,The amount of information that I process in a typical day is just about right for me (i.e. not too much and not too little).,0,0,0,2,1,0,0,0
PWS_24,The amount of information that I process in a typical day is just about right for me (i.e. not too much and not too little).,7,4,1,8,3,5,2,6
PWS_24,The amount of information that I process in a typical day is just about right for me (i.e. not too much and not too little).,0,0,0,1,0,0,0,0
PWS_24,The amount of information that I process in a typical day is just about right for me (i.e. not too much and not too little).,0,0,0,2,3,0,1,0
PWS_24,The amount of information that I process in a typical day is just about right for me (i.e. not too much and not too little).,0,3,0,4,2,0,1,0
PWS_24,The amount of information that I process in a typical day is just about right for me (i.e. not too much and not too little).,0,0,0,1,0,0,0,0
PWS_24,The amount of information that I process in a typical day is just about right for me (i.e. not too much and not too little).,0,0,0,2,1,0,0,0
PWS_24,The amount of information that I process in a typical day is just about right for me (i.e. not too much and not too little).,0,1,0,2,0,0,0,0
PWS_24,The amount of information that I process in a typical day is just about right for me (i.e. not too much and not too little).,0,0,0,3,2,0,1,0
PWS_24,The amount of information that I process in a typical day is just about right for me (i.e. not too much and not too little).,0,0,0,1,0,0,0,0
PWS_24,The amount of information that I process in a typical day is just about right for me (i.e. not too much and not too little).,2,0,0,3,1,0,0,0
PWS_24,The amount of information that I process in a typical day is just about right for me (i.e. not too much and not too little).,2,0,0,3,1,0,0,0
PWS_24,The amount of information that I process in a typical day is just about right for me (i.e. not too much and not too little).,0,2,0,3,1,0,0,0
PWS_24,The amount of information that I process in a typical day is just about right for me (i.e. not too much and not too little).,0,0,0,1,0,0,0,0
PWS_24,The amount of information that I process in a typical day is just about right for me (i.e. not too much and not too little).,0,0,0,2,1,0,0,0
PWS_24,The amount of information that I process in a typical day is just about right for me (i.e. not too much and not too little).,0,0,0,1,0,0,0,0
PWS_24,The amount of information that I process in a typical day is just about right for me (i.e. not too much and not too little).,0,0,0,1,0,0,0,0
PWS_24,The amount of information that I process in a typical day is just about right for me (i.e. not too much and not too little).,0,0,0,1,0,0,0,0
PWS_24,The amount of information that I process in a typical day is just about right for me (i.e. not too much and not too little).,1,0,0,2,0,0,0,0
PWS_24,The amount of information that I process in a typical day is just about right for me (i.e. not too much and not too little).,3,6,1,7,2,0,5,4
PWS_24,The amount of information that I process in a typical day is just about right for me (i.e. not too much and not too little).,0,0,0,2,1,0,0,0
PWS_24,The amount of information that I process in a typical day is just about right for me (i.e. not too much and not too little).,0,0,0,1,0,0,0,0
PWS_24,The amount of information that I process in a typical day is just about right for me (i.e. not too much and not too little).,0,0,0,2,1,0,0,0
PWS_24,The amount of information that I process in a typical day is just about right for me (i.e. not too much and not too little).,0,0,0,1,0,0,0,0
PWS_24,The amount of information that I process in a typical day is just about right for me (i.e. not too much and not too little).,1,2,8,7,6,5,3,4
PWS_24,The amount of information that I process in a typical day is just about right for me (i.e. not too much and not too little).,7,4,1,8,3,5,2,6
PWS_25,"In the past, I hardly ever expected things to go my way.",1,0,0,0,0,0,0,0
PWS_25,"In the past, I hardly ever expected things to go my way.",6,7,4,5,2,1,3,8
PWS_25,"In the past, I hardly ever expected things to go my way.",1,0,0,0,0,0,0,0
PWS_25,"In the past, I hardly ever expected things to go my way.",1,0,0,0,0,0,0,0
PWS_25,"In the past, I hardly ever expected things to go my way.",1,0,0,0,0,0,0,0
PWS_25,"In the past, I hardly ever expected things to go my way.",0,0,0,0,0,0,0,1
PWS_25,"In the past, I hardly ever expected things to go my way.",2,0,0,0,0,0,0,1
PWS_25,"In the past, I hardly ever expected things to go my way.",1,0,0,0,0,0,0,2
PWS_25,"In the past, I hardly ever expected things to go my way.",1,0,0,0,0,0,0,0
PWS_25,"In the past, I hardly ever expected things to go my way.",2,0,0,0,0,0,0,1
PWS_25,"In the past, I hardly ever expected things to go my way.",1,0,0,0,0,0,0,0
PWS_25,"In the past, I hardly ever expected things to go my way.",0,0,0,1,0,0,0,2
PWS_25,"In the past, I hardly ever expected things to go my way.",3,0,0,1,0,0,0,2
PWS_25,"In the past, I hardly ever expected things to go my way.",2,0,0,0,0,0,0,1
PWS_25,"In the past, I hardly ever expected things to go my way.",2,0,0,1,0,0,0,0
PWS_25,"In the past, I hardly ever expected things to go my way.",1,0,0,0,0,0,0,2
PWS_25,"In the past, I hardly ever expected things to go my way.",2,0,0,1,0,0,0,0
PWS_25,"In the past, I hardly ever expected things to go my way.",2,1,0,0,0,0,0,0
PWS_25,"In the past, I hardly ever expected things to go my way.",2,0,0,1,0,0,0,0
PWS_25,"In the past, I hardly ever expected things to go my way.",2,7,4,6,8,5,1,3
PWS_25,"In the past, I hardly ever expected things to go my way.",2,1,0,0,0,0,0,0
PWS_25,"In the past, I hardly ever expected things to go my way.",1,0,0,0,0,0,0,0
PWS_25,"In the past, I hardly ever expected things to go my way.",8,2,4,5,3,1,7,6
PWS_25,"In the past, I hardly ever expected things to go my way.",1,0,0,0,0,0,0,0
PWS_25,"In the past, I hardly ever expected things to go my way.",6,3,2,1,5,0,0,4
PWS_25,"In the past, I hardly ever expected things to go my way.",2,1,0,0,0,0,0,0
PWS_25,"In the past, I hardly ever expected things to go my way.",8,2,4,5,3,1,7,6
PWS_25,"In the past, I hardly ever expected things to go my way.",6,7,4,5,2,1,3,8
PWS_25,"In the past, I hardly ever expected things to go my way.",1,0,0,0,0,0,0,0
PWS_25,"In the past, I hardly ever expected things to go my way.",1,0,0,0,0,0,0,0
PWS_25,"In the past, I hardly ever expected things to go my way.",1,0,0,0,0,0,0,0
PWS_25,"In the past, I hardly ever expected things to go my way.",1,0,0,0,0,0,0,0
PWS_25,"In the past, I hardly ever expected things to go my way.",0,0,0,0,0,0,0,1
PWS_25,"In the past, I hardly ever expected things to go my way.",2,0,0,0,0,0,0,1
PWS_25,"In the past, I hardly ever expected things to go my way.",1,0,0,0,0,0,0,2
PWS_25,"In the past, I hardly ever expected things to go my way.",1,0,0,0,0,0,0,0
PWS_25,"In the past, I hardly ever expected things to go my way.",2,0,0,0,0,0,0,1
PWS_25,"In the past, I hardly ever expected things to go my way.",6,3,2,1,5,0,0,4
PWS_25,"In the past, I hardly ever expected things to go my way.",0,0,0,1,0,0,0,2
PWS_25,"In the past, I hardly ever expected things to go my way.",3,0,0,1,0,0,0,2
PWS_25,"In the past, I hardly ever expected things to go my way.",2,0,0,0,0,0,0,1
PWS_25,"In the past, I hardly ever expected things to go my way.",2,0,0,1,0,0,0,0
PWS_25,"In the past, I hardly ever expected things to go my way.",1,0,0,0,0,0,0,2
PWS_25,"In the past, I hardly ever expected things to go my way.",2,0,0,1,0,0,0,0
PWS_25,"In the past, I hardly ever expected things to go my way.",2,1,0,0,0,0,0,0
PWS_25,"In the past, I hardly ever expected things to go my way.",2,0,0,1,0,0,0,0
PWS_25,"In the past, I hardly ever expected things to go my way.",2,7,4,6,8,5,1,3
PWS_25,"In the past, I hardly ever expected things to go my way.",1,0,0,0,0,0,0,0
PWS_26,I will always be secure with who I am.,1,0,0,0,0,0,0,0
PWS_26,I will always be secure with who I am.,0,0,0,0,0,0,0,1
PWS_26,I will always be secure with who I am.,2,0,0,0,0,0,1,0
PWS_26,I will always be secure with who I am.,2,0,0,3,0,0,1,4
PWS_26,I will always be secure with who I am.,1,8,2,6,3,7,4,5
PWS_26,I will always be secure with who I am.,8,4,1,7,3,6,5,2
PWS_26,I will always be secure with who I am.,1,0,0,0,0,0,0,0
PWS_26,I will always be secure with who I am.,1,0,0,0,0,0,0,0
PWS_26,I will always be secure with who I am.,7,5,3,8,2,4,6,1
PWS_26,I will always be secure with who I am.,3,0,0,1,0,0,0,2
PWS_26,I will always be secure with who I am.,2,0,0,0,0,0,0,1
PWS_26,I will always be secure with who I am.,1,0,0,0,0,0,0,0
PWS_26,I will always be secure with who I am.,1,0,0,0,0,0,0,0
PWS_26,I will always be secure with who I am.,4,2,0,3,0,0,1,5
PWS_26,I will always be secure with who I am.,2,0,0,3,0,0,1,4
PWS_26,I will always be secure with who I am.,3,0,0,0,0,0,1,2
PWS_26,I will always be secure with who I am.,4,2,0,3,0,0,1,5
PWS_26,I will always be secure with who I am.,1,0,0,0,0,0,0,0
PWS_26,I will always be secure with who I am.,2,0,0,0,0,0,0,1
PWS_26,I will always be secure with who I am.,1,0,0,0,0,0,0,0
PWS_26,I will always be secure with who I am.,0,0,0,0,0,0,0,1
PWS_26,I will always be secure with who I am.,2,0,0,0,0,0,1,0
PWS_26,I will always be secure with who I am.,1,0,0,0,0,0,0,0
PWS_26,I will always be secure with who I am.,1,8,2,6,3,7,4,5
PWS_26,I will always be secure with who I am.,1,0,0,0,0,0,0,0
PWS_26,I will always be secure with who I am.,1,0,0,0,0,0,0,0
PWS_26,I will always be secure with who I am.,1,0,0,0,0,0,0,0
PWS_26,I will always be secure with who I am.,7,5,3,8,2,4,6,1
PWS_26,I will always be secure with who I am.,8,4,1,7,3,6,5,2
PWS_26,I will always be secure with who I am.,3,0,0,1,0,0,0,2
PWS_26,I will always be secure with who I am.,1,0,0,0,0,0,0,0
PWS_26,I will always be secure with who I am.,1,0,0,3,0,0,0,2
PWS_26,I will always be secure with who I am.,1,0,0,0,0,0,0,0
PWS_26,I will always be secure with who I am.,3,1,0,0,0,0,0,2
PWS_26,I will always be secure with who I am.,3,0,0,0,0,0,1,2
PWS_26,I will always be secure with who I am.,1,0,0,0,0,0,0,0
PWS_26,I will always be secure with who I am.,1,0,0,3,0,0,0,2
PWS_26,I will always be secure with who I am.,8,1,2,7,3,6,4,5
PWS_26,I will always be secure with who I am.,8,1,2,7,3,6,4,5
PWS_26,I will always be secure with who I am.,2,0,0,1,0,0,0,0
PWS_26,I will always be secure with who I am.,0,0,1,0,0,0,0,0
PWS_26,I will always be secure with who I am.,4,1,0,0,0,0,3,2
PWS_26,I will always be secure with who I am.,3,1,0,0,0,0,0,2
PWS_26,I will always be secure with who I am.,1,0,0,0,0,0,0,0
PWS_26,I will always be secure with who I am.,4,1,0,0,0,0,3,2
PWS_26,I will always be secure with who I am.,0,0,1,0,0,0,0,0
PWS_26,I will always be secure with who I am.,2,0,0,1,0,0,0,0
PWS_26,I will always be secure with who I am.,1,0,0,0,0,0,0,0
PWS_27,"In the past, I have not always had friends with whom I could share my joys and sorrows.",1,0,0,0,0,0,2,0
PWS_27,"In the past, I have not always had friends with whom I could share my joys and sorrows.",2,1,0,0,0,0,3,0
PWS_27,"In the past, I have not always had friends with whom I could share my joys and sorrows.",3,1,0,2,0,0,4,0
PWS_27,"In the past, I have not always had friends with whom I could share my joys and sorrows.",0,0,0,0,1,0,0,0
PWS_27,"In the past, I have not always had friends with whom I could share my joys and sorrows.",2,0,0,1,0,0,3,0
PWS_27,"In the past, I have not always had friends with whom I could share my joys and sorrows.",1,0,0,0,0,0,2,0
PWS_27,"In the past, I have not always had friends with whom I could share my joys and sorrows.",1,0,0,0,0,0,2,0
PWS_27,"In the past, I have not always had friends with whom I could share my joys and sorrows.",1,0,0,0,0,0,2,0
PWS_27,"In the past, I have not always had friends with whom I could share my joys and sorrows.",1,0,0,0,0,0,2,0
PWS_27,"In the past, I have not always had friends with whom I could share my joys and sorrows.",1,0,0,0,0,0,2,0
PWS_27,"In the past, I have not always had friends with whom I could share my joys and sorrows.",0,0,0,0,0,0,1,0
PWS_27,"In the past, I have not always had friends with whom I could share my joys and sorrows.",7,5,1,6,4,3,8,2
PWS_27,"In the past, I have not always had friends with whom I could share my joys and sorrows.",1,0,0,0,0,0,2,0
PWS_27,"In the past, I have not always had friends with whom I could share my joys and sorrows.",1,0,0,0,0,0,2,0
PWS_27,"In the past, I have not always had friends with whom I could share my joys and sorrows.",1,0,0,0,0,0,2,0
PWS_27,"In the past, I have not always had friends with whom I could share my joys and sorrows.",1,0,0,0,0,0,2,0
PWS_27,"In the past, I have not always had friends with whom I could share my joys and sorrows.",1,0,0,0,0,0,2,0
PWS_27,"In the past, I have not always had friends with whom I could share my joys and sorrows.",1,0,0,2,0,4,0,3
PWS_27,"In the past, I have not always had friends with whom I could share my joys and sorrows.",1,0,0,0,0,0,2,0
PWS_27,"In the past, I have not always had friends with whom I could share my joys and sorrows.",1,0,0,0,0,0,2,0
PWS_27,"In the past, I have not always had friends with whom I could share my joys and sorrows.",1,0,0,0,0,0,2,0
PWS_27,"In the past, I have not always had friends with whom I could share my joys and sorrows.",2,0,0,0,0,0,1,0
PWS_27,"In the past, I have not always had friends with whom I could share my joys and sorrows.",1,0,0,0,0,0,2,0
PWS_27,"In the past, I have not always had friends with whom I could share my joys and sorrows.",8,6,3,5,1,2,7,4
PWS_27,"In the past, I have not always had friends with whom I could share my joys and sorrows.",1,0,0,0,0,0,2,0
PWS_27,"In the past, I have not always had friends with whom I could share my joys and sorrows.",2,0,0,0,0,0,1,0
PWS_27,"In the past, I have not always had friends with whom I could share my joys and sorrows.",7,5,1,6,4,3,8,2
PWS_27,"In the past, I have not always had friends with whom I could share my joys and sorrows.",1,0,0,0,0,0,2,0
PWS_27,"In the past, I have not always had friends with whom I could share my joys and sorrows.",1,0,0,0,0,0,2,0
PWS_27,"In the past, I have not always had friends with whom I could share my joys and sorrows.",1,0,0,0,0,0,2,0
PWS_27,"In the past, I have not always had friends with whom I could share my joys and sorrows.",1,0,0,2,0,4,0,3
PWS_27,"In the past, I have not always had friends with whom I could share my joys and sorrows.",1,0,0,0,0,0,2,0
PWS_27,"In the past, I have not always had friends with whom I could share my joys and sorrows.",1,0,0,0,0,0,2,0
PWS_27,"In the past, I have not always had friends with whom I could share my joys and sorrows.",1,0,0,0,0,0,2,0
PWS_27,"In the past, I have not always had friends with whom I could share my joys and sorrows.",1,0,0,0,0,0,2,0
PWS_27,"In the past, I have not always had friends with whom I could share my joys and sorrows.",8,6,3,5,1,2,7,4
PWS_27,"In the past, I have not always had friends with whom I could share my joys and sorrows.",1,0,0,0,0,0,2,0
PWS_27,"In the past, I have not always had friends with whom I could share my joys and sorrows.",3,1,0,2,0,0,4,0
PWS_27,"In the past, I have not always had friends with whom I could share my joys and sorrows.",1,0,0,0,0,0,2,0
PWS_27,"In the past, I have not always had friends with whom I could share my joys and sorrows.",1,0,0,0,0,0,2,0
PWS_27,"In the past, I have not always had friends with whom I could share my joys and sorrows.",1,0,0,0,0,0,2,0
PWS_27,"In the past, I have not always had friends with whom I could share my joys and sorrows.",1,0,0,0,0,0,2,0
PWS_27,"In the past, I have not always had friends with whom I could share my joys and sorrows.",1,0,0,0,0,0,2,0
PWS_27,"In the past, I have not always had friends with whom I could share my joys and sorrows.",2,0,0,1,0,0,3,0
PWS_27,"In the past, I have not always had friends with whom I could share my joys and sorrows.",0,0,0,0,1,0,0,0
PWS_27,"In the past, I have not always had friends with whom I could share my joys and sorrows.",2,1,0,0,0,0,3,0
PWS_27,"In the past, I have not always had friends with whom I could share my joys and sorrows.",0,0,0,0,0,0,1,0
PWS_27,"In the past, I have not always had friends with whom I could share my joys and sorrows.",1,0,0,0,0,0,2,0
PWS_28,I expect to always be physically healthy.,0,0,0,0,0,1,0,0
PWS_28,I expect to always be physically healthy.,0,0,0,0,0,0,0,0
PWS_28,I expect to always be physically healthy.,1,7,4,2,3,5,8,6
PWS_28,I expect to always be physically healthy.,0,0,0,0,0,1,0,0
PWS_28,I expect to always be physically healthy.,1,0,0,0,0,2,0,0
PWS_28,I expect to always be physically healthy.,1,0,0,0,0,2,0,0
PWS_28,I expect to always be physically healthy.,0,0,0,0,0,1,0,0
PWS_28,I expect to always be physically healthy.,0,0,0,0,0,1,0,0
PWS_28,I expect to always be physically healthy.,0,0,0,0,0,1,0,0
PWS_28,I expect to always be physically healthy.,0,0,0,0,0,2,0,1
PWS_28,I expect to always be physically healthy.,0,0,0,0,0,1,0,0
PWS_28,I expect to always be physically healthy.,0,0,0,0,0,1,0,0
PWS_28,I expect to always be physically healthy.,0,0,0,0,0,1,0,0
PWS_28,I expect to always be physically healthy.,0,0,0,0,0,1,0,0
PWS_28,I expect to always be physically healthy.,0,0,0,2,0,1,0,0
PWS_28,I expect to always be physically healthy.,1,0,0,0,0,2,0,0
PWS_28,I expect to always be physically healthy.,1,0,0,0,0,2,0,0
PWS_28,I expect to always be physically healthy.,0,0,0,0,0,1,0,0
PWS_28,I expect to always be physically healthy.,0,0,0,0,0,1,0,0
PWS_28,I expect to always be physically healthy.,0,0,0,0,0,2,0,1
PWS_28,I expect to always be physically healthy.,0,0,0,1,0,2,0,0
PWS_28,I expect to always be physically healthy.,0,1,0,0,0,2,0,0
PWS_28,I expect to always be physically healthy.,0,0,0,0,0,1,0,0
PWS_28,I expect to always be physically healthy.,5,7,4,6,2,8,1,3
PWS_28,I expect to always be physically healthy.,1,7,4,2,3,5,8,6
PWS_28,I expect to always be physically healthy.,5,7,4,6,2,8,1,3
PWS_28,I expect to always be physically healthy.,0,0,0,0,0,1,0,0
PWS_28,I expect to always be physically healthy.,0,1,0,0,0,2,0,0
PWS_28,I expect to always be physically healthy.,0,0,0,0,0,0,0,0
PWS_28,I expect to always be physically healthy.,0,0,0,1,0,2,0,0
PWS_28,I expect to always be physically healthy.,0,0,0,0,0,2,0,1
PWS_28,I expect to always be physically healthy.,0,0,0,0,0,1,0,0
PWS_28,I expect to always be physically healthy.,0,0,0,0,0,1,0,0
PWS_28,I expect to always be physically healthy.,1,0,0,0,0,2,0,0
PWS_28,I expect to always be physically healthy.,1,0,0,0,0,2,0,0
PWS_28,I expect to always be physically healthy.,0,0,0,2,0,1,0,0
PWS_28,I expect to always be physically healthy.,0,0,0,0,0,1,0,0
PWS_28,I expect to always be physically healthy.,0,0,0,0,0,1,0,0
PWS_28,I expect to always be physically healthy.,0,0,0,0,0,1,0,0
PWS_28,I expect to always be physically healthy.,1,0,0,0,0,2,0,0
PWS_28,I expect to always be physically healthy.,1,0,0,0,0,2,0,0
PWS_28,I expect to always be physically healthy.,0,0,0,0,0,1,0,0
PWS_28,I expect to always be physically healthy.,0,0,0,0,0,1,0,0
PWS_28,I expect to always be physically healthy.,0,0,0,0,0,1,0,0
PWS_28,I expect to always be physically healthy.,0,0,0,0,0,2,0,1
PWS_28,I expect to always be physically healthy.,0,0,0,0,0,1,0,0
PWS_28,I expect to always be physically healthy.,0,0,0,0,0,1,0,0
PWS_28,I expect to always be physically healthy.,0,0,0,0,0,1,0,0
PWS_29,I have felt in the past that my life was meaningless.,3,2,0,0,0,0,0,1
PWS_29,I have felt in the past that my life was meaningless.,2,1,0,3,0,0,0,4
PWS_29,I have felt in the past that my life was meaningless.,6,7,2,5,4,3,1,8
PWS_29,I have felt in the past that my life was meaningless.,3,1,0,2,0,0,0,0
PWS_29,I have felt in the past that my life was meaningless.,1,0,0,0,0,0,0,2
PWS_29,I have felt in the past that my life was meaningless.,4,0,0,2,0,1,0,3
PWS_29,I have felt in the past that my life was meaningless.,2,0,0,0,0,0,1,3
PWS_29,I have felt in the past that my life was meaningless.,2,0,0,0,0,0,1,0
PWS_29,I have felt in the past that my life was meaningless.,2,0,0,0,0,0,0,1
PWS_29,I have felt in the past that my life was meaningless.,0,0,0,0,0,0,0,1
PWS_29,I have felt in the past that my life was meaningless.,1,0,0,0,0,0,0,2
PWS_29,I have felt in the past that my life was meaningless.,0,0,0,0,0,0,0,1
PWS_29,I have felt in the past that my life was meaningless.,1,0,0,0,0,0,0,0
PWS_29,I have felt in the past that my life was meaningless.,0,0,0,0,0,0,0,1
PWS_29,I have felt in the past that my life was meaningless.,1,0,0,0,0,0,0,2
PWS_29,I have felt in the past that my life was meaningless.,1,0,0,0,0,0,0,0
PWS_29,I have felt in the past that my life was meaningless.,2,0,0,0,0,0,0,1
PWS_29,I have felt in the past that my life was meaningless.,1,0,0,0,0,0,0,0
PWS_29,I have felt in the past that my life was meaningless.,1,0,0,0,0,0,0,2
PWS_29,I have felt in the past that my life was meaningless.,8,6,2,4,1,5,3,7
PWS_29,I have felt in the past that my life was meaningless.,0,0,0,0,0,0,2,1
PWS_29,I have felt in the past that my life was meaningless.,1,0,0,0,0,0,0,0
PWS_29,I have felt in the past that my life was meaningless.,8,2,3,5,1,4,6,7
PWS_29,I have felt in the past that my life was meaningless.,1,0,0,0,0,0,0,2
PWS_29,I have felt in the past that my life was meaningless.,8,2,3,5,1,4,6,7
PWS_29,I have felt in the past that my life was meaningless.,1,0,0,0,0,0,0,2
PWS_29,I have felt in the past that my life was meaningless.,1,0,0,0,0,0,0,2
PWS_29,I have felt in the past that my life was meaningless.,1,0,0,0,0,0,0,0
PWS_29,I have felt in the past that my life was meaningless.,2,0,0,0,0,0,0,1
PWS_29,I have felt in the past that my life was meaningless.,1,0,0,0,0,0,0,0
PWS_29,I have felt in the past that my life was meaningless.,1,0,0,0,0,0,0,2
PWS_29,I have felt in the past that my life was meaningless.,1,0,0,0,0,0,0,2
PWS_29,I have felt in the past that my life was meaningless.,0,0,0,0,0,0,0,1
PWS_29,I have felt in the past that my life was meaningless.,1,0,0,0,0,0,0,0
PWS_29,I have felt in the past that my life was meaningless.,0,0,0,0,0,0,0,1
PWS_29,I have felt in the past that my life was meaningless.,1,0,0,0,0,0,0,0
PWS_29,I have felt in the past that my life was meaningless.,0,0,0,0,0,0,0,1
PWS_29,I have felt in the past that my life was meaningless.,2,1,0,3,0,0,0,4
PWS_29,I have felt in the past that my life was meaningless.,2,0,0,0,0,0,0,1
PWS_29,I have felt in the past that my life was meaningless.,2,0,0,0,0,0,1,0
PWS_29,I have felt in the past that my life was meaningless.,2,0,0,0,0,0,1,3
PWS_29,I have felt in the past that my life was meaningless.,4,0,0,2,0,1,0,3
PWS_29,I have felt in the past that my life was meaningless.,1,0,0,0,0,0,0,2
PWS_29,I have felt in the past that my life was meaningless.,3,1,0,2,0,0,0,0
PWS_29,I have felt in the past that my life was meaningless.,6,7,2,5,4,3,1,8
PWS_29,I have felt in the past that my life was meaningless.,3,2,0,0,0,0,0,1
PWS_29,I have felt in the past that my life was meaningless.,0,0,0,0,0,0,2,1
PWS_29,I have felt in the past that my life was meaningless.,8,6,2,4,1,5,3,7
PWS_3,Members of my family come to me for support.,2,1,0,0,0,0,3,0
PWS_3,Members of my family come to me for support.,2,0,0,0,0,0,1,0
PWS_3,Members of my family come to me for support.,1,0,0,0,0,0,2,0
PWS_3,Members of my family come to me for support.,2,0,0,1,0,0,3,0
PWS_3,Members of my family come to me for support.,4,0,2,3,0,0,5,1
PWS_3,Members of my family come to me for support.,0,0,0,0,0,0,1,0
PWS_3,Members of my family come to me for support.,1,0,0,0,0,0,2,0
PWS_3,Members of my family come to me for support.,3,2,0,0,0,0,0,1
PWS_3,Members of my family come to me for support.,0,0,0,0,0,0,1,0
PWS_3,Members of my family come to me for support.,1,0,2,0,0,0,3,0
PWS_3,Members of my family come to me for support.,0,0,0,0,0,0,1,0
PWS_3,Members of my family come to me for support.,1,0,0,0,0,0,2,0
PWS_3,Members of my family come to me for support.,1,0,0,0,0,0,2,0
PWS_3,Members of my family come to me for support.,1,0,0,0,0,0,2,0
PWS_3,Members of my family come to me for support.,1,0,0,0,0,0,3,2
PWS_3,Members of my family come to me for support.,4,6,8,3,1,5,7,2
PWS_3,Members of my family come to me for support.,1,0,0,0,0,0,2,0
PWS_3,Members of my family come to me for support.,1,0,0,0,0,0,2,0
PWS_3,Members of my family come to me for support.,1,0,0,0,0,0,2,0
PWS_3,Members of my family come to me for support.,8,1,6,5,4,2,7,3
PWS_3,Members of my family come to me for support.,8,5,6,4,1,2,7,3
PWS_3,Members of my family come to me for support.,1,3,2,0,5,0,4,6
PWS_3,Members of my family come to me for support.,1,0,0,0,0,0,2,0
PWS_3,Members of my family come to me for support.,2,0,0,0,0,0,1,0
PWS_3,Members of my family come to me for support.,1,0,0,0,0,0,2,0
PWS_3,Members of my family come to me for support.,2,0,0,0,0,0,1,0
PWS_3,Members of my family come to me for support.,1,3,2,0,5,0,4,6
PWS_3,Members of my family come to me for support.,2,1,0,0,0,0,3,0
PWS_3,Members of my family come to me for support.,1,0,0,0,0,0,2,0
PWS_3,Members of my family come to me for support.,2,0,0,1,0,0,3,0
PWS_3,Members of my family come to me for support.,4,0,2,3,0,0,5,1
PWS_3,Members of my family come to me for support.,1,0,0,0,0,0,2,0
PWS_3,Members of my family come to me for support.,3,2,0,0,0,0,0,1
PWS_3,Members of my family come to me for support.,0,0,0,0,0,0,1,0
PWS_3,Members of my family come to me for support.,1,0,2,0,0,0,3,0
PWS_3,Members of my family come to me for support.,0,0,0,0,0,0,1,0
PWS_3,Members of my family come to me for support.,0,0,0,0,0,0,1,0
PWS_3,Members of my family come to me for support.,1,0,0,0,0,0,2,0
PWS_3,Members of my family come to me for support.,1,0,0,0,0,0,2,0
PWS_3,Members of my family come to me for support.,1,0,0,0,0,0,3,2
PWS_3,Members of my family come to me for support.,4,6,8,3,1,5,7,2
PWS_3,Members of my family come to me for support.,1,0,0,0,0,0,2,0
PWS_3,Members of my family come to me for support.,1,0,0,0,0,0,2,0
PWS_3,Members of my family come to me for support.,1,0,0,0,0,0,2,0
PWS_3,Members of my family come to me for support.,8,1,6,5,4,2,7,3
PWS_3,Members of my family come to me for support.,8,5,6,4,1,2,7,3
PWS_3,Members of my family come to me for support.,1,0,0,0,0,0,2,0
PWS_3,Members of my family come to me for support.,2,0,0,0,0,0,1,0
PWS_30,"In the past, I have generally found intellectual challenges to be vital to my overall well-being.",1,2,0,4,3,0,0,0
PWS_30,"In the past, I have generally found intellectual challenges to be vital to my overall well-being.",0,0,0,1,0,0,0,0
PWS_30,"In the past, I have generally found intellectual challenges to be vital to my overall well-being.",6,3,1,8,2,7,4,5
PWS_30,"In the past, I have generally found intellectual challenges to be vital to my overall well-being.",0,0,0,1,0,0,0,0
PWS_30,"In the past, I have generally found intellectual challenges to be vital to my overall well-being.",5,1,0,0,0,3,2,4
PWS_30,"In the past, I have generally found intellectual challenges to be vital to my overall well-being.",1,0,0,2,0,0,0,0
PWS_30,"In the past, I have generally found intellectual challenges to be vital to my overall well-being.",0,0,0,1,0,0,0,0
PWS_30,"In the past, I have generally found intellectual challenges to be vital to my overall well-being.",0,0,0,1,0,0,0,0
PWS_30,"In the past, I have generally found intellectual challenges to be vital to my overall well-being.",2,0,0,3,1,0,0,0
PWS_30,"In the past, I have generally found intellectual challenges to be vital to my overall well-being.",0,0,0,2,1,0,0,0
PWS_30,"In the past, I have generally found intellectual challenges to be vital to my overall well-being.",1,0,0,2,0,0,0,0
PWS_30,"In the past, I have generally found intellectual challenges to be vital to my overall well-being.",0,0,0,1,0,0,0,0
PWS_30,"In the past, I have generally found intellectual challenges to be vital to my overall well-being.",1,0,0,2,0,0,0,0
PWS_30,"In the past, I have generally found intellectual challenges to be vital to my overall well-being.",0,0,0,1,0,0,0,0
PWS_30,"In the past, I have generally found intellectual challenges to be vital to my overall well-being.",1,0,0,2,0,0,0,0
PWS_30,"In the past, I have generally found intellectual challenges to be vital to my overall well-being.",4,3,2,0,0,1,5,0
PWS_30,"In the past, I have generally found intellectual challenges to be vital to my overall well-being.",2,0,0,3,0,0,0,1
PWS_30,"In the past, I have generally found intellectual challenges to be vital to my overall well-being.",0,0,0,1,0,0,0,0
PWS_30,"In the past, I have generally found intellectual challenges to be vital to my overall well-being.",0,0,0,1,0,0,0,0
PWS_30,"In the past, I have generally found intellectual challenges to be vital to my overall well-being.",7,3,2,8,1,5,4,6
PWS_30,"In the past, I have generally found intellectual challenges to be vital to my overall well-being.",7,1,5,8,6,3,2,4
PWS_30,"In the past, I have generally found intellectual challenges to be vital to my overall well-being.",1,0,0,2,0,0,0,0
PWS_30,"In the past, I have generally found intellectual challenges to be vital to my overall well-being.",0,0,0,1,0,0,0,0
PWS_30,"In the past, I have generally found intellectual challenges to be vital to my overall well-being.",0,0,0,1,0,0,0,0
PWS_30,"In the past, I have generally found intellectual challenges to be vital to my overall well-being.",0,0,0,1,0,0,0,0
PWS_30,"In the past, I have generally found intellectual challenges to be vital to my overall well-being.",7,3,2,8,1,5,4,6
PWS_30,"In the past, I have generally found intellectual challenges to be vital to my overall well-being.",0,0,0,1,0,0,0,0
PWS_30,"In the past, I have generally found intellectual challenges to be vital to my overall well-being.",2,0,0,3,0,0,0,1
PWS_30,"In the past, I have generally found intellectual challenges to be vital to my overall well-being.",4,3,2,0,0,1,5,0
PWS_30,"In the past, I have generally found intellectual challenges to be vital to my overall well-being.",1,0,0,2,0,0,0,0
PWS_30,"In the past, I have generally found intellectual challenges to be vital to my overall well-being.",0,0,0,1,0,0,0,0
PWS_30,"In the past, I have generally found intellectual challenges to be vital to my overall well-being.",1,0,0,2,0,0,0,0
PWS_30,"In the past, I have generally found intellectual challenges to be vital to my overall well-being.",0,0,0,1,0,0,0,0
PWS_30,"In the past, I have generally found intellectual challenges to be vital to my overall well-being.",1,0,0,2,0,0,0,0
PWS_30,"In the past, I have generally found intellectual challenges to be vital to my overall well-being.",2,0,0,3,1,0,0,0
PWS_30,"In the past, I have generally found intellectual challenges to be vital to my overall well-being.",1,2,0,4,3,0,0,0
PWS_30,"In the past, I have generally found intellectual challenges to be vital to my overall well-being.",0,0,0,1,0,0,0,0
PWS_30,"In the past, I have generally found intellectual challenges to be vital to my overall well-being.",0,0,0,1,0,0,0,0
PWS_30,"In the past, I have generally found intellectual challenges to be vital to my overall well-being.",0,0,0,1,0,0,0,0
PWS_30,"In the past, I have generally found intellectual challenges to be vital to my overall well-being.",6,3,1,8,2,7,4,5
PWS_30,"In the past, I have generally found intellectual challenges to be vital to my overall well-being.",0,0,0,1,0,0,0,0
PWS_30,"In the past, I have generally found intellectual challenges to be vital to my overall well-being.",0,0,0,1,0,0,0,0
PWS_30,"In the past, I have generally found intellectual challenges to be vital to my overall well-being.",1,0,0,2,0,0,0,0
PWS_30,"In the past, I have generally found intellectual challenges to be vital to my overall well-being.",7,1,5,8,6,3,2,4
PWS_30,"In the past, I have generally found intellectual challenges to be vital to my overall well-being.",0,0,0,1,0,0,0,0
PWS_30,"In the past, I have generally found intellectual challenges to be vital to my overall well-being.",1,0,0,2,0,0,0,0
PWS_30,"In the past, I have generally found intellectual challenges to be vital to my overall well-being.",0,0,0,2,1,0,0,0
PWS_30,"In the past, I have generally found intellectual challenges to be vital to my overall well-being.",5,1,0,0,0,3,2,4
PWS_31,Things will not work out the way I want them to in the future.,2,0,0,0,0,0,0,1
PWS_31,Things will not work out the way I want them to in the future.,1,0,0,0,0,0,0,0
PWS_31,Things will not work out the way I want them to in the future.,5,4,1,0,2,0,3,6
PWS_31,Things will not work out the way I want them to in the future.,0,0,0,0,1,0,0,0
PWS_31,Things will not work out the way I want them to in the future.,2,0,0,1,0,0,0,0
PWS_31,Things will not work out the way I want them to in the future.,0,0,0,0,0,0,0,1
PWS_31,Things will not work out the way I want them to in the future.,3,1,0,0,4,0,2,0
PWS_31,Things will not work out the way I want them to in the future.,1,0,0,0,0,0,0,2
PWS_31,Things will not work out the way I want them to in the future.,3,0,0,2,0,0,0,1
PWS_31,Things will not work out the way I want them to in the future.,0,3,1,4,2,0,0,0
PWS_31,Things will not work out the way I want them to in the future.,1,0,0,0,0,0,0,0
PWS_31,Things will not work out the way I want them to in the future.,1,0,0,0,0,0,0,0
PWS_31,Things will not work out the way I want them to in the future.,8,7,1,2,4,3,5,6
PWS_31,Things will not work out the way I want them to in the future.,0,1,0,0,0,0,2,0
PWS_31,Things will not work out the way I want them to in the future.,0,1,0,0,0,0,2,0
PWS_31,Things will not work out the way I want them to in the future.,8,7,1,2,4,3,5,6
PWS_31,Things will not work out the way I want them to in the future.,5,7,3,4,2,8,1,6
PWS_31,Things will not work out the way I want them to in the future.,2,0,0,0,0,0,0,1
PWS_31,Things will not work out the way I want them to in the future.,1,0,0,0,0,0,0,0
PWS_31,Things will not work out the way I want them to in the future.,1,0,0,0,0,0,0,0
PWS_31,Things will not work out the way I want them to in the future.,1,0,0,0,0,0,0,0
PWS_31,Things will not work out the way I want them to in the future.,6,2,5,4,7,3,1,8
PWS_31,Things will not work out the way I want them to in the future.,2,0,0,0,0,0,0,1
PWS_31,Things will not work out the way I want them to in the future.,0,0,0,0,0,0,0,1
PWS_31,Things will not work out the way I want them to in the future.,1,0,0,0,0,0,0,0
PWS_31,Things will not work out the way I want them to in the future.,0,0,0,0,0,0,0,1
PWS_31,Things will not work out the way I want them to in the future.,1,0,0,0,0,0,0,0
PWS_31,Things will not work out the way I want them to in the future.,0,0,0,0,0,0,0,1
PWS_31,Things will not work out the way I want them to in the future.,0,3,1,4,2,0,0,0
PWS_31,Things will not work out the way I want them to in the future.,2,0,0,0,0,0,0,1
PWS_31,Things will not work out the way I want them to in the future.,0,0,0,0,0,0,0,1
PWS_31,Things will not work out the way I want them to in the future.,1,0,0,0,0,0,0,2
PWS_31,Things will not work out the way I want them to in the future.,3,1,0,0,4,0,2,0
PWS_31,Things will not work out the way I want them to in the future.,0,0,0,0,0,0,0,1
PWS_31,Things will not work out the way I want them to in the future.,2,0,0,1,0,0,0,0
PWS_31,Things will not work out the way I want them to in the future.,0,0,0,0,1,0,0,0
PWS_31,Things will not work out the way I want them to in the future.,5,4,1,0,2,0,3,6
PWS_31,Things will not work out the way I want them to in the future.,5,7,3,4,2,8,1,6
PWS_31,Things will not work out the way I want them to in the future.,2,0,0,0,0,0,0,1
PWS_31,Things will not work out the way I want them to in the future.,3,0,0,2,0,0,0,1
PWS_31,Things will not work out the way I want them to in the future.,0,0,0,0,0,0,0,1
PWS_31,Things will not work out the way I want them to in the future.,2,0,0,0,0,0,0,1
PWS_31,Things will not work out the way I want them to in the future.,6,2,5,4,7,3,1,8
PWS_31,Things will not work out the way I want them to in the future.,1,0,0,0,0,0,0,0
PWS_31,Things will not work out the way I want them to in the future.,1,0,0,0,0,0,0,0
PWS_31,Things will not work out the way I want them to in the future.,1,0,0,0,0,0,0,0
PWS_31,Things will not work out the way I want them to in the future.,0,0,0,0,0,0,0,1
PWS_31,Things will not work out the way I want them to in the future.,1,0,0,0,0,0,0,0
PWS_34,I expect my physical health to get worse.,0,0,0,0,0,1,0,0
PWS_34,I expect my physical health to get worse.,0,0,0,0,0,1,0,0
PWS_34,I expect my physical health to get worse.,0,0,0,0,0,1,0,0
PWS_34,I expect my physical health to get worse.,0,0,0,0,0,1,0,0
PWS_34,I expect my physical health to get worse.,6,7,1,3,2,8,4,5
PWS_34,I expect my physical health to get worse.,6,5,4,3,1,8,7,2
PWS_34,I expect my physical health to get worse.,1,0,0,0,0,2,0,0
PWS_34,I expect my physical health to get worse.,0,0,0,0,0,1,0,0
PWS_34,I expect my physical health to get worse.,1,0,0,0,0,2,0,0
PWS_34,I expect my physical health to get worse.,0,0,0,0,0,1,0,0
PWS_34,I expect my physical health to get worse.,0,0,0,0,0,1,0,0
PWS_34,I expect my physical health to get worse.,0,0,0,0,0,1,0,0
PWS_34,I expect my physical health to get worse.,0,0,0,0,0,1,0,0
PWS_34,I expect my physical health to get worse.,0,0,0,0,0,1,0,0
PWS_34,I expect my physical health to get worse.,0,0,0,0,0,1,0,0
PWS_34,I expect my physical health to get worse.,0,0,0,0,0,1,0,0
PWS_34,I expect my physical health to get worse.,0,1,0,3,0,2,0,0
PWS_34,I expect my physical health to get worse.,1,0,0,0,0,2,0,0
PWS_34,I expect my physical health to get worse.,1,0,0,0,0,2,0,0
PWS_34,I expect my physical health to get worse.,0,0,0,0,0,1,0,0
PWS_34,I expect my physical health to get worse.,0,0,0,0,0,1,0,0
PWS_34,I expect my physical health to get worse.,2,0,0,0,0,3,0,1
PWS_34,I expect my physical health to get worse.,1,0,0,2,0,3,0,0
PWS_34,I expect my physical health to get worse.,0,0,0,0,0,1,0,0
PWS_34,I expect my physical health to get worse.,0,1,0,0,0,2,0,0
PWS_34,I expect my physical health to get worse.,0,1,0,0,0,2,0,0
PWS_34,I expect my physical health to get worse.,4,1,2,0,6,3,5,7
PWS_34,I expect my physical health to get worse.,4,1,2,0,6,3,5,7
PWS_34,I expect my physical health to get worse.,0,0,0,0,0,1,0,0
PWS_34,I expect my physical health to get worse.,0,0,0,0,0,1,0,0
PWS_34,I expect my physical health to get worse.,1,0,0,0,0,2,0,0
PWS_34,I expect my physical health to get worse.,1,0,0,0,0,2,0,0
PWS_34,I expect my physical health to get worse.,0,1,0,3,0,2,0,0
PWS_34,I expect my physical health to get worse.,0,0,0,0,0,1,0,0
PWS_34,I expect my physical health to get worse.,0,0,0,0,0,1,0,0
PWS_34,I expect my physical health to get worse.,0,0,0,0,0,1,0,0
PWS_34,I expect my physical health to get worse.,2,0,0,0,0,3,0,1
PWS_34,I expect my physical health to get worse.,1,0,0,2,0,3,0,0
PWS_34,I expect my physical health to get worse.,0,0,0,0,0,1,0,0
PWS_34,I expect my physical health to get worse.,0,0,0,0,0,1,0,0
PWS_34,I expect my physical health to get worse.,0,0,0,0,0,1,0,0
PWS_34,I expect my physical health to get worse.,0,0,0,0,0,1,0,0
PWS_34,I expect my physical health to get worse.,1,0,0,0,0,2,0,0
PWS_34,I expect my physical health to get worse.,0,0,0,0,0,1,0,0
PWS_34,I expect my physical health to get worse.,1,0,0,0,0,2,0,0
PWS_34,I expect my physical health to get worse.,6,5,4,3,1,8,7,2
PWS_34,I expect my physical health to get worse.,6,7,1,3,2,8,4,5
PWS_34,I expect my physical health to get worse.,0,0,0,0,0,1,0,0
PWS_4,My physical health has restricted me in the past.,0,1,0,0,0,2,0,0
PWS_4,My physical health has restricted me in the past.,1,4,2,0,3,6,5,0
PWS_4,My physical health has restricted me in the past.,1,0,0,0,0,2,0,0
PWS_4,My physical health has restricted me in the past.,1,0,0,0,0,2,0,0
PWS_4,My physical health has restricted me in the past.,8,7,2,1,3,4,5,6
PWS_4,My physical health has restricted me in the past.,1,0,0,0,0,2,0,0
PWS_4,My physical health has restricted me in the past.,0,0,0,0,0,1,0,0
PWS_4,My physical health has restricted me in the past.,1,0,0,2,0,3,0,0
PWS_4,My physical health has restricted me in the past.,0,0,0,0,0,1,0,0
PWS_4,My physical health has restricted me in the past.,0,0,0,0,0,1,0,0
PWS_4,My physical health has restricted me in the past.,0,0,0,0,0,2,0,1
PWS_4,My physical health has restricted me in the past.,0,0,0,0,0,1,0,0
PWS_4,My physical health has restricted me in the past.,0,0,0,0,0,1,0,0
PWS_4,My physical health has restricted me in the past.,0,0,0,0,0,1,0,0
PWS_4,My physical health has restricted me in the past.,0,0,0,0,0,1,0,0
PWS_4,My physical health has restricted me in the past.,4,5,3,0,2,0,0,1
PWS_4,My physical health has restricted me in the past.,1,0,0,0,0,2,0,0
PWS_4,My physical health has restricted me in the past.,0,0,0,0,0,1,0,0
PWS_4,My physical health has restricted me in the past.,2,1,0,0,0,3,0,0
PWS_4,My physical health has restricted me in the past.,6,1,2,7,5,8,4,3
PWS_4,My physical health has restricted me in the past.,5,6,3,1,4,8,7,2
PWS_4,My physical health has restricted me in the past.,0,2,0,0,1,3,0,0
PWS_4,My physical health has restricted me in the past.,0,0,0,0,0,1,0,0
PWS_4,My physical health has restricted me in the past.,0,0,0,0,0,1,0,0
PWS_4,My physical health has restricted me in the past.,0,0,0,0,0,1,0,0
PWS_4,My physical health has restricted me in the past.,5,6,3,1,4,8,7,2
PWS_4,My physical health has restricted me in the past.,6,1,2,7,5,8,4,3
PWS_4,My physical health has restricted me in the past.,0,0,0,0,0,1,0,0
PWS_4,My physical health has restricted me in the past.,0,2,0,0,1,3,0,0
PWS_4,My physical health has restricted me in the past.,8,7,2,1,3,4,5,6
PWS_4,My physical health has restricted me in the past.,1,0,0,2,0,3,0,0
PWS_4,My physical health has restricted me in the past.,0,0,0,0,0,1,0,0
PWS_4,My physical health has restricted me in the past.,1,0,0,0,0,2,0,0
PWS_4,My physical health has restricted me in the past.,0,0,0,0,0,1,0,0
PWS_4,My physical health has restricted me in the past.,1,0,0,0,0,2,0,0
PWS_4,My physical health has restricted me in the past.,1,0,0,0,0,2,0,0
PWS_4,My physical health has restricted me in the past.,1,4,2,0,3,6,5,0
PWS_4,My physical health has restricted me in the past.,0,0,0,0,0,1,0,0
PWS_4,My physical health has restricted me in the past.,0,0,0,0,0,2,0,1
PWS_4,My physical health has restricted me in the past.,0,0,0,0,0,1,0,0
PWS_4,My physical health has restricted me in the past.,0,0,0,0,0,1,0,0
PWS_4,My physical health has restricted me in the past.,0,0,0,0,0,1,0,0
PWS_4,My physical health has restricted me in the past.,0,0,0,0,0,1,0,0
PWS_4,My physical health has restricted me in the past.,4,5,3,0,2,0,0,1
PWS_4,My physical health has restricted me in the past.,1,0,0,0,0,2,0,0
PWS_4,My physical health has restricted me in the past.,0,0,0,0,0,1,0,0
PWS_4,My physical health has restricted me in the past.,0,1,0,0,0,2,0,0
PWS_4,My physical health has restricted me in the past.,2,1,0,0,0,3,0,0
PWS_5,I believe there is a real purpose for my life.,1,0,0,0,0,0,0,2
PWS_5,I believe there is a real purpose for my life.,0,0,0,0,0,0,0,1
PWS_5,I believe there is a real purpose for my life.,1,0,0,0,0,0,0,2
PWS_5,I believe there is a real purpose for my life.,3,1,0,0,2,0,0,4
PWS_5,I believe there is a real purpose for my life.,3,0,0,0,4,2,0,1
PWS_5,I believe there is a real purpose for my life.,1,0,0,2,0,0,0,3
PWS_5,I believe there is a real purpose for my life.,2,0,0,0,1,0,0,3
PWS_5,I believe there is a real purpose for my life.,2,0,0,0,1,0,0,3
PWS_5,I believe there is a real purpose for my life.,4,0,0,1,3,0,2,5
PWS_5,I believe there is a real purpose for my life.,2,0,0,1,0,0,0,3
PWS_5,I believe there is a real purpose for my life.,2,0,0,0,1,0,0,3
PWS_5,I believe there is a real purpose for my life.,0,2,0,0,1,0,3,4
PWS_5,I believe there is a real purpose for my life.,7,5,1,4,3,2,6,8
PWS_5,I believe there is a real purpose for my life.,0,0,0,0,0,0,0,1
PWS_5,I believe there is a real purpose for my life.,0,0,0,0,0,0,0,1
PWS_5,I believe there is a real purpose for my life.,1,0,0,0,0,0,0,0
PWS_5,I believe there is a real purpose for my life.,0,0,0,0,0,0,0,1
PWS_5,I believe there is a real purpose for my life.,1,0,0,0,0,0,0,2
PWS_5,I believe there is a real purpose for my life.,1,0,0,0,0,0,0,2
PWS_5,I believe there is a real purpose for my life.,4,8,7,3,2,5,1,6
PWS_5,I believe there is a real purpose for my life.,1,0,0,0,0,0,0,2
PWS_5,I believe there is a real purpose for my life.,0,0,0,0,0,0,0,1
PWS_5,I believe there is a real purpose for my life.,8,3,4,2,6,5,7,1
PWS_5,I believe there is a real purpose for my life.,7,5,1,4,3,2,6,8
PWS_5,I believe there is a real purpose for my life.,8,3,4,2,6,5,7,1
PWS_5,I believe there is a real purpose for my life.,1,0,0,0,0,0,0,2
PWS_5,I believe there is a real purpose for my life.,2,0,0,1,0,0,3,4
PWS_5,I believe there is a real purpose for my life.,2,0,0,1,0,0,3,4
PWS_5,I believe there is a real purpose for my life.,3,1,0,0,2,0,0,4
PWS_5,I believe there is a real purpose for my life.,3,0,0,0,4,2,0,1
PWS_5,I believe there is a real purpose for my life.,1,0,0,2,0,0,0,3
PWS_5,I believe there is a real purpose for my life.,2,0,0,0,1,0,0,3
PWS_5,I believe there is a real purpose for my life.,2,0,0,0,1,0,0,3
PWS_5,I believe there is a real purpose for my life.,4,0,0,1,3,0,2,5
PWS_5,I believe there is a real purpose for my life.,2,0,0,1,0,0,0,3
PWS_5,I believe there is a real purpose for my life.,2,0,0,0,1,0,0,3
PWS_5,I believe there is a real purpose for my life.,1,0,0,0,0,0,0,2
PWS_5,I believe there is a real purpose for my life.,0,0,0,0,0,0,0,1
PWS_5,I believe there is a real purpose for my life.,0,0,0,0,0,0,0,1
PWS_5,I believe there is a real purpose for my life.,0,0,0,0,0,0,0,1
PWS_5,I believe there is a real purpose for my life.,1,0,0,0,0,0,0,0
PWS_5,I believe there is a real purpose for my life.,0,0,0,0,0,0,0,1
PWS_5,I believe there is a real purpose for my life.,1,0,0,0,0,0,0,2
PWS_5,I believe there is a real purpose for my life.,1,0,0,0,0,0,0,2
PWS_5,I believe there is a real purpose for my life.,4,8,7,3,2,5,1,6
PWS_5,I believe there is a real purpose for my life.,1,0,0,0,0,0,0,2
PWS_5,I believe there is a real purpose for my life.,0,0,0,0,0,0,0,1
PWS_5,I believe there is a real purpose for my life.,0,2,0,0,1,0,3,4
PWS_8,"In general, I feel confident about my abilities.",0,0,1,4,3,2,0,5
PWS_8,"In general, I feel confident about my abilities.",8,4,2,6,1,3,7,5
PWS_8,"In general, I feel confident about my abilities.",1,0,0,0,0,0,0,0
PWS_8,"In general, I feel confident about my abilities.",2,0,0,3,1,0,0,0
PWS_8,"In general, I feel confident about my abilities.",3,4,8,2,1,6,7,5
PWS_8,"In general, I feel confident about my abilities.",1,0,0,0,0,0,0,0
PWS_8,"In general, I feel confident about my abilities.",2,0,0,1,0,0,0,0
PWS_8,"In general, I feel confident about my abilities.",1,0,0,2,0,0,0,0
PWS_8,"In general, I feel confident about my abilities.",0,0,0,0,1,0,0,2
PWS_8,"In general, I feel confident about my abilities.",1,0,0,0,0,0,0,0
PWS_8,"In general, I feel confident about my abilities.",2,0,0,1,0,0,0,0
PWS_8,"In general, I feel confident about my abilities.",1,0,0,2,0,0,0,0
PWS_8,"In general, I feel confident about my abilities.",0,0,0,4,0,3,1,2
PWS_8,"In general, I feel confident about my abilities.",2,0,0,1,0,0,0,0
PWS_8,"In general, I feel confident about my abilities.",2,0,0,5,3,4,1,0
PWS_8,"In general, I feel confident about my abilities.",1,0,4,5,2,6,3,0
PWS_8,"In general, I feel confident about my abilities.",4,0,0,3,2,1,0,0
PWS_8,"In general, I feel confident about my abilities.",3,0,0,4,1,2,0,0
PWS_8,"In general, I feel confident about my abilities.",7,1,2,5,3,6,4,8
PWS_8,"In general, I feel confident about my abilities.",2,0,0,1,0,0,0,0
PWS_8,"In general, I feel confident about my abilities.",2,0,0,0,0,0,0,1
PWS_8,"In general, I feel confident about my abilities.",1,0,0,2,0,3,0,0
PWS_8,"In general, I feel confident about my abilities.",5,0,0,4,3,2,1,0
PWS_8,"In general, I feel confident about my abilities.",4,2,5,3,8,6,7,1
PWS_8,"In general, I feel confident about my abilities.",0,0,1,4,3,2,0,5
PWS_8,"In general, I feel confident about my abilities.",2,0,0,0,0,0,0,1
PWS_8,"In general, I feel confident about my abilities.",4,2,5,3,8,6,7,1
PWS_8,"In general, I feel confident about my abilities.",1,0,0,2,0,0,0,0
PWS_8,"In general, I feel confident about my abilities.",1,0,0,0,0,0,0,0
PWS_8,"In general, I feel confident about my abilities.",2,0,0,3,1,0,0,0
PWS_8,"In general, I feel confident about my abilities.",3,4,8,2,1,6,7,5
PWS_8,"In general, I feel confident about my abilities.",8,4,2,6,1,3,7,5
PWS_8,"In general, I feel confident about my abilities.",1,0,0,0,0,0,0,0
PWS_8,"In general, I feel confident about my abilities.",2,0,0,1,0,0,0,0
PWS_8,"In general, I feel confident about my abilities.",1,0,0,2,0,0,0,0
PWS_8,"In general, I feel confident about my abilities.",0,0,0,0,1,0,0,2
PWS_8,"In general, I feel confident about my abilities.",1,0,0,0,0,0,0,0
PWS_8,"In general, I feel confident about my abilities.",1,0,0,2,0,3,0,0
PWS_8,"In general, I feel confident about my abilities.",0,0,0,4,0,3,1,2
PWS_8,"In general, I feel confident about my abilities.",5,0,0,4,3,2,1,0
PWS_8,"In general, I feel confident about my abilities.",2,0,0,1,0,0,0,0
PWS_8,"In general, I feel confident about my abilities.",2,0,0,5,3,4,1,0
PWS_8,"In general, I feel confident about my abilities.",1,0,4,5,2,6,3,0
PWS_8,"In general, I feel confident about my abilities.",4,0,0,3,2,1,0,0
PWS_8,"In general, I feel confident about my abilities.",3,0,0,4,1,2,0,0
PWS_8,"In general, I feel confident about my abilities.",7,1,2,5,3,6,4,8
PWS_8,"In general, I feel confident about my abilities.",2,0,0,1,0,0,0,0
PWS_8,"In general, I feel confident about my abilities.",2,0,0,1,0,0,0,0
PWS_9,Sometimes I wonder if my family will really be there for me when I am in need.,1,0,0,0,0,0,2,0
PWS_9,Sometimes I wonder if my family will really be there for me when I am in need.,1,0,0,0,0,0,2,0
PWS_9,Sometimes I wonder if my family will really be there for me when I am in need.,3,1,0,0,0,0,2,0
PWS_9,Sometimes I wonder if my family will really be there for me when I am in need.,1,3,6,0,2,7,4,5
PWS_9,Sometimes I wonder if my family will really be there for me when I am in need.,8,4,1,5,2,3,7,6
PWS_9,Sometimes I wonder if my family will really be there for me when I am in need.,2,0,0,0,0,0,1,0
PWS_9,Sometimes I wonder if my family will really be there for me when I am in need.,2,0,0,0,0,0,1,0
PWS_9,Sometimes I wonder if my family will really be there for me when I am in need.,7,2,4,1,8,5,6,3
PWS_9,Sometimes I wonder if my family will really be there for me when I am in need.,1,0,0,0,0,0,0,0
PWS_9,Sometimes I wonder if my family will really be there for me when I am in need.,2,0,0,0,0,0,1,0
PWS_9,Sometimes I wonder if my family will really be there for me when I am in need.,1,0,0,0,0,0,2,0
PWS_9,Sometimes I wonder if my family will really be there for me when I am in need.,0,1,0,0,0,0,2,0
PWS_9,Sometimes I wonder if my family will really be there for me when I am in need.,1,0,0,0,0,0,2,0
PWS_9,Sometimes I wonder if my family will really be there for me when I am in need.,0,0,0,0,0,0,1,0
PWS_9,Sometimes I wonder if my family will really be there for me when I am in need.,0,0,0,0,0,0,1,0
PWS_9,Sometimes I wonder if my family will really be there for me when I am in need.,1,0,0,0,0,0,2,0
PWS_9,Sometimes I wonder if my family will really be there for me when I am in need.,1,0,0,0,0,0,2,0
PWS_9,Sometimes I wonder if my family will really be there for me when I am in need.,2,0,0,0,0,0,1,0
PWS_9,Sometimes I wonder if my family will really be there for me when I am in need.,1,0,0,0,0,0,2,0
PWS_9,Sometimes I wonder if my family will really be there for me when I am in need.,1,0,0,0,0,0,2,0
PWS_9,Sometimes I wonder if my family will really be there for me when I am in need.,1,3,0,0,0,0,2,0
PWS_9,Sometimes I wonder if my family will really be there for me when I am in need.,3,1,0,0,0,0,2,0
PWS_9,Sometimes I wonder if my family will really be there for me when I am in need.,1,0,0,0,0,0,2,0
PWS_9,Sometimes I wonder if my family will really be there for me when I am in need.,2,0,0,0,0,0,1,0
PWS_9,Sometimes I wonder if my family will really be there for me when I am in need.,2,0,0,0,0,0,1,0
PWS_9,Sometimes I wonder if my family will really be there for me when I am in need.,7,2,4,1,8,5,6,3
PWS_9,Sometimes I wonder if my family will really be there for me when I am in need.,8,4,1,5,2,3,7,6
PWS_9,Sometimes I wonder if my family will really be there for me when I am in need.,1,0,0,0,0,0,0,0
PWS_9,Sometimes I wonder if my family will really be there for me when I am in need.,1,3,6,0,2,7,4,5
PWS_9,Sometimes I wonder if my family will really be there for me when I am in need.,2,0,0,0,0,0,1,0
PWS_9,Sometimes I wonder if my family will really be there for me when I am in need.,0,1,0,0,0,0,2,0
PWS_9,Sometimes I wonder if my family will really be there for me when I am in need.,2,0,1,0,0,0,3,0
PWS_9,Sometimes I wonder if my family will really be there for me when I am in need.,1,3,0,0,0,0,2,0
PWS_9,Sometimes I wonder if my family will really be there for me when I am in need.,2,0,0,0,0,0,1,0
PWS_9,Sometimes I wonder if my family will really be there for me when I am in need.,1,0,0,0,0,0,2,0
PWS_9,Sometimes I wonder if my family will really be there for me when I am in need.,2,0,1,0,0,0,3,0
PWS_9,Sometimes I wonder if my family will really be there for me when I am in need.,2,1,0,0,0,0,3,0
PWS_9,Sometimes I wonder if my family will really be there for me when I am in need.,2,0,0,1,0,0,3,0
PWS_9,Sometimes I wonder if my family will really be there for me when I am in need.,5,6,2,3,0,1,4,0
PWS_9,Sometimes I wonder if my family will really be there for me when I am in need.,1,0,0,0,0,0,2,0
PWS_9,Sometimes I wonder if my family will really be there for me when I am in need.,1,0,0,0,0,0,2,0
PWS_9,Sometimes I wonder if my family will really be there for me when I am in need.,1,0,0,0,0,0,2,0
PWS_9,Sometimes I wonder if my family will really be there for me when I am in need.,2,1,0,0,0,0,3,0
PWS_9,Sometimes I wonder if my family will really be there for me when I am in need.,5,6,2,3,0,1,4,0
PWS_9,Sometimes I wonder if my family will really be there for me when I am in need.,2,0,0,1,0,0,3,0
PWS_9,Sometimes I wonder if my family will really be there for me when I am in need.,2,1,0,0,0,0,3,0
PWS_9,Sometimes I wonder if my family will really be there for me when I am in need.,1,0,0,0,0,0,2,0
PWS_9,Sometimes I wonder if my family will really be there for me when I am in need.,2,1,0,0,0,0,3,0
UCLA_10,I feel left out,1,0,0,0,0,0,2,0
UCLA_10,I feel left out,0,0,0,0,0,0,0,0
UCLA_10,I feel left out,1,0,0,0,0,0,2,0
UCLA_10,I feel left out,2,1,0,0,0,0,3,0
UCLA_10,I feel left out,0,0,0,0,0,0,0,0
UCLA_10,I feel left out,1,0,0,0,0,0,2,0
UCLA_10,I feel left out,0,0,0,0,0,0,1,0
UCLA_10,I feel left out,1,0,0,0,0,0,2,0
UCLA_10,I feel left out,2,0,0,0,0,0,1,0
UCLA_10,I feel left out,0,0,0,0,0,0,1,0
UCLA_10,I feel left out,3,1,0,0,0,0,2,0
UCLA_10,I feel left out,0,0,0,0,0,0,1,0
UCLA_10,I feel left out,1,0,0,0,0,0,2,0
UCLA_10,I feel left out,1,0,0,0,0,0,2,0
UCLA_10,I feel left out,1,0,0,0,0,0,2,0
UCLA_10,I feel left out,3,1,0,0,0,0,2,0
UCLA_10,I feel left out,2,0,0,0,1,0,3,0
UCLA_10,I feel left out,1,0,0,0,0,0,2,0
UCLA_10,I feel left out,4,6,0,0,2,3,1,5
UCLA_10,I feel left out,1,0,0,0,0,0,2,0
UCLA_10,I feel left out,1,0,0,0,0,0,2,0
UCLA_10,I feel left out,1,0,0,0,0,0,2,0
UCLA_10,I feel left out,0,1,0,0,0,0,2,0
UCLA_10,I feel left out,2,0,0,0,0,0,1,0
UCLA_11,I feel completely alone,2,0,0,0,0,0,1,0
UCLA_11,I feel completely alone,3,1,0,0,0,0,2,0
UCLA_11,I feel completely alone,0,0,0,0,0,0,0,0
UCLA_11,I feel completely alone,1,0,0,0,0,0,2,0
UCLA_11,I feel completely alone,0,0,0,0,0,0,1,0
UCLA_11,I feel completely alone,1,0,0,0,0,0,2,0
UCLA_11,I feel completely alone,2,0,0,0,0,0,1,0
UCLA_11,I feel completely alone,0,0,0,0,0,0,1,0
UCLA_11,I feel completely alone,1,0,0,0,0,0,2,0
UCLA_11,I feel completely alone,1,0,0,0,0,0,2,0
UCLA_11,I feel completely alone,1,0,0,0,0,0,2,0
UCLA_11,I feel completely alone,2,0,0,0,0,0,3,1
UCLA_11,I feel completely alone,1,0,0,0,0,0,2,0
UCLA_11,I feel completely alone,1,4,0,0,0,3,5,2
UCLA_11,I feel completely alone,1,0,0,0,0,0,2,0
UCLA_11,I feel completely alone,5,2,0,1,0,0,3,4
UCLA_11,I feel completely alone,3,1,0,0,0,0,4,2
UCLA_11,I feel completely alone,0,0,0,0,0,0,2,1
UCLA_11,I feel completely alone,1,0,0,0,0,0,2,0
UCLA_11,I feel completely alone,1,0,0,0,0,0,2,0
UCLA_11,I feel completely alone,2,0,0,0,0,0,1,0
UCLA_11,I feel completely alone,5,3,0,2,0,0,4,1
UCLA_11,I feel completely alone,2,0,0,0,0,0,1,0
UCLA_11,I feel completely alone,0,0,0,0,0,0,0,0
UCLA_13,My social relationships are superficial,2,1,0,0,0,0,3,0
UCLA_13,My social relationships are superficial,0,0,0,0,0,0,1,0
UCLA_13,My social relationships are superficial,3,1,0,0,0,0,2,0
UCLA_13,My social relationships are superficial,0,0,0,0,0,0,0,0
UCLA_13,My social relationships are superficial,0,0,0,0,0,0,1,0
UCLA_13,My social relationships are superficial,0,0,0,0,0,0,1,0
UCLA_13,My social relationships are superficial,1,0,0,0,0,0,2,0
UCLA_13,My social relationships are superficial,0,0,0,0,0,0,1,0
UCLA_13,My social relationships are superficial,0,0,0,0,0,0,1,0
UCLA_13,My social relationships are superficial,1,0,0,0,0,0,2,0
UCLA_13,My social relationships are superficial,2,0,0,1,0,0,3,0
UCLA_13,My social relationships are superficial,1,0,0,0,0,0,2,0
UCLA_13,My social relationships are superficial,1,0,0,0,0,0,2,0
UCLA_13,My social relationships are superficial,1,0,0,0,0,0,2,0
UCLA_13,My social relationships are superficial,0,0,0,0,0,0,1,0
UCLA_13,My social relationships are superficial,1,0,0,2,0,0,3,0
UCLA_13,My social relationships are superficial,5,3,2,1,4,0,6,0
UCLA_13,My social relationships are superficial,1,0,0,0,0,0,2,0
UCLA_13,My social relationships are superficial,1,0,0,0,0,0,2,0
UCLA_13,My social relationships are superficial,1,0,0,0,0,0,2,0
UCLA_13,My social relationships are superficial,1,0,0,0,0,0,3,2
UCLA_13,My social relationships are superficial,1,0,0,0,0,0,2,3
UCLA_13,My social relationships are superficial,0,2,0,0,0,0,0,1
UCLA_13,My social relationships are superficial,2,1,0,0,0,0,3,0
UCLA_14,I feel starved for company,6,2,4,1,7,3,5,8
UCLA_14,I feel starved for company,1,0,0,0,0,0,2,0
UCLA_14,I feel starved for company,2,0,0,0,0,1,3,0
UCLA_14,I feel starved for company,2,1,0,0,0,0,3,0
UCLA_14,I feel starved for company,0,0,0,0,0,0,0,0
UCLA_14,I feel starved for company,1,0,0,0,0,0,2,0
UCLA_14,I feel starved for company,1,0,0,0,0,0,2,0
UCLA_14,I feel starved for company,3,1,0,0,0,0,2,0
UCLA_14,I feel starved for company,1,0,0,0,0,0,2,0
UCLA_14,I feel starved for company,0,0,0,0,0,0,1,0
UCLA_14,I feel starved for company,1,0,0,0,0,0,2,0
UCLA_14,I feel starved for company,1,0,0,0,0,0,2,0
UCLA_14,I feel starved for company,1,0,0,0,0,0,2,0
UCLA_14,I feel starved for company,1,0,0,0,0,0,2,0
UCLA_14,I feel starved for company,1,0,0,0,0,0,2,0
UCLA_14,I feel starved for company,1,0,0,0,0,0,2,0
UCLA_14,I feel starved for company,1,0,0,3,2,0,0,0
UCLA_14,I feel starved for company,1,0,0,0,0,0,2,0
UCLA_14,I feel starved for company,1,0,0,0,0,0,2,0
UCLA_14,I feel starved for company,4,2,0,3,0,0,0,1
UCLA_14,I feel starved for company,1,0,0,0,0,0,2,0
UCLA_14,I feel starved for company,1,0,0,0,0,0,2,0
UCLA_14,I feel starved for company,1,0,0,0,0,0,2,0
UCLA_14,I feel starved for company,1,0,0,0,0,0,2,0
UCLA_15,No one really knows me well,0,0,0,0,0,0,1,0
UCLA_15,No one really knows me well,1,0,0,0,0,0,2,0
UCLA_15,No one really knows me well,0,0,0,0,0,0,1,0
UCLA_15,No one really knows me well,1,0,0,0,0,0,2,0
UCLA_15,No one really knows me well,1,0,0,0,0,0,2,0
UCLA_15,No one really knows me well,2,1,0,0,0,0,3,0
UCLA_15,No one really knows me well,2,0,0,0,0,0,1,0
UCLA_15,No one really knows me well,0,1,3,2,0,0,0,0
UCLA_15,No one really knows me well,0,0,0,0,0,0,0,0
UCLA_15,No one really knows me well,0,0,0,0,0,0,1,0
UCLA_15,No one really knows me well,3,0,0,0,0,0,2,1
UCLA_15,No one really knows me well,1,0,0,0,0,0,3,2
UCLA_15,No one really knows me well,1,0,0,0,0,0,2,0
UCLA_15,No one really knows me well,1,0,0,0,0,0,2,0
UCLA_15,No one really knows me well,1,0,0,0,0,0,2,0
UCLA_15,No one really knows me well,1,0,0,0,0,0,2,0
UCLA_15,No one really knows me well,3,0,0,1,0,0,2,4
UCLA_15,No one really knows me well,1,0,0,0,0,0,2,0
UCLA_15,No one really knows me well,2,0,0,1,0,0,3,0
UCLA_15,No one really knows me well,3,0,0,2,0,0,1,0
UCLA_15,No one really knows me well,0,0,0,0,0,0,1,0
UCLA_15,No one really knows me well,1,0,0,0,0,0,2,0
UCLA_15,No one really knows me well,1,0,0,0,0,0,2,0
UCLA_15,No one really knows me well,4,1,0,2,0,0,3,0
UCLA_16,I feel isolated from others,7,1,8,2,5,4,3,6
UCLA_16,I feel isolated from others,0,1,0,0,0,4,3,2
UCLA_16,I feel isolated from others,0,0,0,0,0,0,1,0
UCLA_16,I feel isolated from others,2,1,0,0,0,0,3,0
UCLA_16,I feel isolated from others,3,1,5,4,0,0,0,2
UCLA_16,I feel isolated from others,1,0,0,0,0,0,2,0
UCLA_16,I feel isolated from others,2,0,0,0,0,1,3,0
UCLA_16,I feel isolated from others,3,1,0,0,0,0,2,0
UCLA_16,I feel isolated from others,0,0,0,0,0,0,0,0
UCLA_16,I feel isolated from others,1,0,0,0,0,0,2,0
UCLA_16,I feel isolated from others,0,0,0,0,0,0,1,0
UCLA_16,I feel isolated from others,0,0,0,0,0,0,2,1
UCLA_16,I feel isolated from others,1,0,0,0,0,0,2,0
UCLA_16,I feel isolated from others,0,0,0,0,0,0,1,0
UCLA_16,I feel isolated from others,1,0,0,0,0,0,2,0
UCLA_16,I feel isolated from others,1,0,0,0,0,0,2,0
UCLA_16,I feel isolated from others,1,0,0,0,0,0,2,0
UCLA_16,I feel isolated from others,1,0,0,0,0,0,2,0
UCLA_16,I feel isolated from others,1,0,0,0,0,0,2,0
UCLA_16,I feel isolated from others,1,0,0,0,0,0,2,0
UCLA_16,I feel isolated from others,3,0,0,0,0,1,4,2
UCLA_16,I feel isolated from others,5,3,0,2,4,0,6,1
UCLA_16,I feel isolated from others,2,0,0,0,0,0,1,0
UCLA_16,I feel isolated from others,2,0,0,0,0,0,1,0
UCLA_18,It is difficult for me to make friends,1,0,0,0,0,0,2,0
UCLA_18,It is difficult for me to make friends,0,0,0,0,0,0,0,0
UCLA_18,It is difficult for me to make friends,2,1,0,0,0,0,3,0
UCLA_18,It is difficult for me to make friends,2,0,0,0,0,0,1,0
UCLA_18,It is difficult for me to make friends,1,0,0,0,0,0,2,0
UCLA_18,It is difficult for me to make friends,3,2,4,5,1,0,0,0
UCLA_18,It is difficult for me to make friends,1,2,0,0,0,0,3,0
UCLA_18,It is difficult for me to make friends,0,0,0,0,0,0,1,0
UCLA_18,It is difficult for me to make friends,0,0,0,0,0,0,1,0
UCLA_18,It is difficult for me to make friends,1,0,0,0,0,0,2,0
UCLA_18,It is difficult for me to make friends,1,0,0,0,0,0,2,0
UCLA_18,It is difficult for me to make friends,2,0,0,0,0,0,3,1
UCLA_18,It is difficult for me to make friends,0,0,0,0,0,0,1,0
UCLA_18,It is difficult for me to make friends,1,0,0,0,0,0,2,0
UCLA_18,It is difficult for me to make friends,1,0,0,0,0,0,0,0
UCLA_18,It is difficult for me to make friends,2,5,7,6,1,3,8,4
UCLA_18,It is difficult for me to make friends,1,0,0,0,0,0,2,0
UCLA_18,It is difficult for me to make friends,0,0,0,0,0,0,1,0
UCLA_18,It is difficult for me to make friends,1,0,0,0,0,0,2,0
UCLA_18,It is difficult for me to make friends,0,1,0,0,0,0,2,0
UCLA_18,It is difficult for me to make friends,1,0,0,0,0,0,2,0
UCLA_18,It is difficult for me to make friends,1,0,0,0,0,0,2,0
UCLA_18,It is difficult for me to make friends,1,0,0,0,0,0,2,0
UCLA_18,It is difficult for me to make friends,1,0,0,0,0,0,2,0
UCLA_2,I have nobody to talk to,1,0,0,0,0,0,2,0
UCLA_2,I have nobody to talk to,0,0,0,0,0,0,1,0
UCLA_2,I have nobody to talk to,1,0,0,0,0,0,2,0
UCLA_2,I have nobody to talk to,0,4,0,3,1,0,5,2
UCLA_2,I have nobody to talk to,1,0,0,0,0,0,2,0
UCLA_2,I have nobody to talk to,0,0,0,0,0,0,1,0
UCLA_2,I have nobody to talk to,1,2,0,0,0,0,3,0
UCLA_2,I have nobody to talk to,1,0,0,0,0,0,2,0
UCLA_2,I have nobody to talk to,1,0,0,0,0,0,2,0
UCLA_2,I have nobody to talk to,0,0,0,0,0,0,1,0
UCLA_2,I have nobody to talk to,1,0,0,0,0,0,2,0
UCLA_2,I have nobody to talk to,0,0,0,0,0,0,1,0
UCLA_2,I have nobody to talk to,0,1,0,0,0,0,2,0
UCLA_2,I have nobody to talk to,2,0,0,0,0,0,1,0
UCLA_2,I have nobody to talk to,1,0,0,0,0,0,2,0
UCLA_2,I have nobody to talk to,2,0,0,0,0,1,3,0
UCLA_2,I have nobody to talk to,1,0,0,0,0,2,3,0
UCLA_2,I have nobody to talk to,2,0,0,0,0,0,1,0
UCLA_2,I have nobody to talk to,1,0,0,2,0,0,3,0
UCLA_2,I have nobody to talk to,2,0,0,0,0,0,3,1
UCLA_2,I have nobody to talk to,3,1,0,0,0,0,4,2
UCLA_2,I have nobody to talk to,0,0,0,0,0,0,1,0
UCLA_2,I have nobody to talk to,1,0,0,0,0,0,2,0
UCLA_2,I have nobody to talk to,2,0,0,0,0,0,0,1
UCLA_20,People are around me but not with me,2,1,0,0,0,0,3,0
UCLA_20,People are around me but not with me,2,0,0,0,0,1,3,0
UCLA_20,People are around me but not with me,0,0,0,0,0,0,0,0
UCLA_20,People are around me but not with me,0,0,0,0,0,0,1,0
UCLA_20,People are around me but not with me,3,0,0,0,0,0,2,1
UCLA_20,People are around me but not with me,1,3,0,0,2,0,4,0
UCLA_20,People are around me but not with me,2,0,0,3,0,0,4,1
UCLA_20,People are around me but not with me,1,0,0,0,0,0,2,0
UCLA_20,People are around me but not with me,7,8,6,1,2,4,3,5
UCLA_20,People are around me but not with me,1,0,0,0,0,0,2,0
UCLA_20,People are around me but not with me,1,0,0,0,0,0,2,0
UCLA_20,People are around me but not with me,3,1,0,0,0,0,2,0
UCLA_20,People are around me but not with me,2,0,0,0,0,0,1,0
UCLA_20,People are around me but not with me,1,0,0,0,0,0,2,0
UCLA_20,People are around me but not with me,0,0,0,0,0,0,1,0
UCLA_20,People are around me but not with me,0,0,0,0,0,0,1,0
UCLA_20,People are around me but not with me,2,0,0,0,0,0,3,1
UCLA_20,People are around me but not with me,0,0,0,0,0,0,1,0
UCLA_20,People are around me but not with me,1,0,0,0,0,0,2,0
UCLA_20,People are around me but not with me,0,0,0,0,0,0,0,0
UCLA_20,People are around me but not with me,0,1,0,0,0,0,2,0
UCLA_20,People are around me but not with me,2,1,0,0,0,0,3,0
UCLA_20,People are around me but not with me,0,0,0,0,0,0,1,0
UCLA_20,People are around me but not with me,2,1,0,0,0,0,3,0
UCLA_3,I cannot tolerate being so alone,1,0,0,0,0,0,2,0
UCLA_3,I cannot tolerate being so alone,1,0,0,0,0,0,2,0
UCLA_3,I cannot tolerate being so alone,3,1,0,0,0,0,2,0
UCLA_3,I cannot tolerate being so alone,0,0,3,0,2,1,0,0
UCLA_3,I cannot tolerate being so alone,2,0,0,0,0,1,3,0
UCLA_3,I cannot tolerate being so alone,2,0,0,0,0,0,1,0
UCLA_3,I cannot tolerate being so alone,3,1,0,0,0,0,2,0
UCLA_3,I cannot tolerate being so alone,1,2,0,0,0,0,3,0
UCLA_3,I cannot tolerate being so alone,0,0,0,0,0,0,1,0
UCLA_3,I cannot tolerate being so alone,2,0,0,0,0,0,1,0
UCLA_3,I cannot tolerate being so alone,1,0,0,0,0,0,2,0
UCLA_3,I cannot tolerate being so alone,1,0,0,0,0,0,2,0
UCLA_3,I cannot tolerate being so alone,1,0,0,0,0,0,2,0
UCLA_3,I cannot tolerate being so alone,1,0,0,0,0,0,2,0
UCLA_3,I cannot tolerate being so alone,2,0,0,0,0,0,1,0
UCLA_3,I cannot tolerate being so alone,1,0,0,0,0,0,2,0
UCLA_3,I cannot tolerate being so alone,1,0,0,0,0,0,2,0
UCLA_3,I cannot tolerate being so alone,2,0,0,0,0,0,1,0
UCLA_3,I cannot tolerate being so alone,2,0,0,0,0,0,1,0
UCLA_3,I cannot tolerate being so alone,2,0,0,0,0,0,3,1
UCLA_3,I cannot tolerate being so alone,3,0,0,2,0,0,0,1
UCLA_3,I cannot tolerate being so alone,3,0,0,0,0,0,1,2
UCLA_3,I cannot tolerate being so alone,0,0,0,0,0,0,1,0
UCLA_3,I cannot tolerate being so alone,0,0,0,0,0,0,1,0
UCLA_4,I lack companionship,2,1,0,0,0,0,3,0
UCLA_4,I lack companionship,0,0,0,0,0,0,1,0
UCLA_4,I lack companionship,0,0,0,0,0,0,1,0
UCLA_4,I lack companionship,0,0,0,0,0,0,0,0
UCLA_4,I lack companionship,1,0,0,0,0,0,2,0
UCLA_4,I lack companionship,0,0,0,0,0,0,1,0
UCLA_4,I lack companionship,2,6,4,0,7,1,5,3
UCLA_4,I lack companionship,1,2,0,0,0,0,3,0
UCLA_4,I lack companionship,1,0,0,0,0,0,2,0
UCLA_4,I lack companionship,1,0,0,0,0,0,2,0
UCLA_4,I lack companionship,1,0,0,0,0,0,2,0
UCLA_4,I lack companionship,1,0,0,0,0,0,2,0
UCLA_4,I lack companionship,1,0,0,0,0,0,2,0
UCLA_4,I lack companionship,0,0,0,0,0,0,1,0
UCLA_4,I lack companionship,2,0,0,0,0,0,3,1
UCLA_4,I lack companionship,1,0,0,0,0,0,2,0
UCLA_4,I lack companionship,3,0,0,0,0,0,1,2
UCLA_4,I lack companionship,1,0,0,0,0,3,4,2
UCLA_4,I lack companionship,1,0,0,0,0,0,2,0
UCLA_4,I lack companionship,0,0,0,0,0,0,1,0
UCLA_4,I lack companionship,1,0,0,0,0,0,2,0
UCLA_4,I lack companionship,0,0,0,0,0,0,1,0
UCLA_4,I lack companionship,1,0,0,0,0,0,2,0
UCLA_4,I lack companionship,6,0,2,1,4,0,5,3
UCLA_5,I feel as if nobody really understands me,0,0,0,0,0,0,1,0
UCLA_5,I feel as if nobody really understands me,1,0,0,0,0,0,2,0
UCLA_5,I feel as if nobody really understands me,0,0,0,0,0,0,1,0
UCLA_5,I feel as if nobody really understands me,1,0,0,0,0,0,2,0
UCLA_5,I feel as if nobody really understands me,1,0,0,0,0,0,2,0
UCLA_5,I feel as if nobody really understands me,3,1,0,0,0,0,2,0
UCLA_5,I feel as if nobody really understands me,0,0,0,0,0,0,0,0
UCLA_5,I feel as if nobody really understands me,2,0,0,1,0,0,3,0
UCLA_5,I feel as if nobody really understands me,2,0,0,0,0,0,1,0
UCLA_5,I feel as if nobody really understands me,2,0,0,0,0,0,1,0
UCLA_5,I feel as if nobody really understands me,2,0,0,0,0,0,1,0
UCLA_5,I feel as if nobody really understands me,4,2,0,1,0,0,3,0
UCLA_5,I feel as if nobody really understands me,1,0,0,0,0,0,2,0
UCLA_5,I feel as if nobody really understands me,1,0,0,0,0,0,2,0
UCLA_5,I feel as if nobody really understands me,1,0,0,0,0,0,2,0
UCLA_5,I feel as if nobody really understands me,1,0,0,0,0,0,0,2
UCLA_5,I feel as if nobody really understands me,1,0,0,0,0,0,2,0
UCLA_5,I feel as if nobody really understands me,2,3,7,8,5,4,6,1
UCLA_5,I feel as if nobody really understands me,2,0,0,0,0,0,1,0
UCLA_5,I feel as if nobody really understands me,4,0,0,2,0,0,3,1
UCLA_5,I feel as if nobody really understands me,4,0,0,3,1,0,0,2
UCLA_5,I feel as if nobody really understands me,1,0,0,0,0,0,2,0
UCLA_5,I feel as if nobody really understands me,2,0,0,0,0,0,0,1
UCLA_5,I feel as if nobody really understands me,2,0,0,0,0,0,1,0
UCLA_7,There is no one I can turn to,0,0,0,0,0,0,0,0
UCLA_7,There is no one I can turn to,1,0,0,0,0,0,2,0
UCLA_7,There is no one I can turn to,0,0,0,0,0,0,1,0
UCLA_7,There is no one I can turn to,1,0,0,0,0,0,2,0
UCLA_7,There is no one I can turn to,2,1,0,0,0,0,3,0
UCLA_7,There is no one I can turn to,2,1,0,0,0,0,3,0
UCLA_7,There is no one I can turn to,1,0,0,0,0,0,2,0
UCLA_7,There is no one I can turn to,0,0,0,1,0,0,0,2
UCLA_7,There is no one I can turn to,1,0,0,0,0,0,2,0
UCLA_7,There is no one I can turn to,2,0,0,0,0,0,1,0
UCLA_7,There is no one I can turn to,2,1,0,0,0,0,3,0
UCLA_7,There is no one I can turn to,0,0,0,0,0,0,2,1
UCLA_7,There is no one I can turn to,1,0,0,0,0,0,2,0
UCLA_7,There is no one I can turn to,1,0,0,0,0,0,2,0
UCLA_7,There is no one I can turn to,1,0,0,0,0,0,2,0
UCLA_7,There is no one I can turn to,1,0,0,0,0,0,2,0
UCLA_7,There is no one I can turn to,1,0,0,0,0,0,2,0
UCLA_7,There is no one I can turn to,1,0,0,0,0,0,2,0
UCLA_7,There is no one I can turn to,2,0,0,0,0,3,4,1
UCLA_7,There is no one I can turn to,2,0,0,0,0,0,1,0
UCLA_7,There is no one I can turn to,1,0,0,0,0,0,3,2
UCLA_7,There is no one I can turn to,0,2,0,0,0,0,3,1
UCLA_7,There is no one I can turn to,1,0,0,0,0,0,2,0
UCLA_7,There is no one I can turn to,0,0,0,0,0,0,2,1
UCLA_8,I am no longer close to anyone,1,0,0,0,0,0,2,0
UCLA_8,I am no longer close to anyone,0,0,0,0,0,0,1,0
UCLA_8,I am no longer close to anyone,1,0,0,0,0,0,2,0
UCLA_8,I am no longer close to anyone,0,0,0,0,0,0,0,0
UCLA_8,I am no longer close to anyone,2,1,0,0,0,0,3,0
UCLA_8,I am no longer close to anyone,1,0,0,0,0,0,2,0
UCLA_8,I am no longer close to anyone,1,0,0,0,0,0,2,0
UCLA_8,I am no longer close to anyone,6,1,4,8,5,7,3,2
UCLA_8,I am no longer close to anyone,0,0,0,0,0,0,1,0
UCLA_8,I am no longer close to anyone,1,0,0,0,0,0,2,0
UCLA_8,I am no longer close to anyone,1,0,0,0,0,0,2,0
UCLA_8,I am no longer close to anyone,0,0,0,0,0,0,1,0
UCLA_8,I am no longer close to anyone,0,0,0,0,0,0,2,1
UCLA_8,I am no longer close to anyone,1,0,0,0,0,0,2,0
UCLA_8,I am no longer close to anyone,0,0,0,0,0,0,1,0
UCLA_8,I am no longer close to anyone,1,0,0,0,0,0,2,0
UCLA_8,I am no longer close to anyone,1,0,0,0,0,0,2,0
UCLA_8,I am no longer close to anyone,1,0,0,0,0,0,2,0
UCLA_8,I am no longer close to anyone,1,0,0,0,0,0,2,0
UCLA_8,I am no longer close to anyone,2,0,0,0,0,0,3,1
UCLA_8,I am no longer close to anyone,2,0,0,0,0,0,3,1
UCLA_8,I am no longer close to anyone,1,0,0,0,0,0,2,0
UCLA_8,I am no longer close to anyone,1,0,0,0,0,0,2,0
UCLA_8,I am no longer close to anyone,1,0,0,0,0,0,2,0
UCLA_9,My interests and ideas are not shared by those around me,2,0,0,1,0,0,3,0
UCLA_9,My interests and ideas are not shared by those around me,2,0,0,1,0,0,3,0
UCLA_9,My interests and ideas are not shared by those around me,0,1,0,0,0,0,2,0
UCLA_9,My interests and ideas are not shared by those around me,1,0,0,0,0,0,2,0
UCLA_9,My interests and ideas are not shared by those around me,0,0,0,0,0,0,1,0
UCLA_9,My interests and ideas are not shared by those around me,0,3,0,1,0,0,2,0
UCLA_9,My interests and ideas are not shared by those around me,1,0,0,2,0,0,3,0
UCLA_9,My interests and ideas are not shared by those around me,2,0,0,0,1,0,3,0
UCLA_9,My interests and ideas are not shared by those around me,3,7,4,6,1,0,5,2
UCLA_9,My interests and ideas are not shared by those around me,0,0,0,0,0,0,0,0
UCLA_9,My interests and ideas are not shared by those around me,0,0,0,2,0,0,1,0
UCLA_9,My interests and ideas are not shared by those around me,0,0,0,0,0,0,1,0
UCLA_9,My interests and ideas are not shared by those around me,0,1,0,3,2,0,4,0
UCLA_9,My interests and ideas are not shared by those around me,1,0,0,2,0,0,3,0
UCLA_9,My interests and ideas are not shared by those around me,0,0,0,1,0,0,2,0
UCLA_9,My interests and ideas are not shared by those around me,1,0,0,0,0,0,2,0
UCLA_9,My interests and ideas are not shared by those around me,0,0,0,5,4,3,2,1
UCLA_9,My interests and ideas are not shared by those around me,0,0,0,1,0,0,2,0
UCLA_9,My interests and ideas are not shared by those around me,1,0,0,4,0,0,3,2
UCLA_9,My interests and ideas are not shared by those around me,0,2,0,1,0,0,3,0
UCLA_9,My interests and ideas are not shared by those around me,0,1,0,0,0,0,2,0
UCLA_9,My interests and ideas are not shared by those around me,3,0,0,1,0,0,2,0
UCLA_9,My interests and ideas are not shared by those around me,0,0,0,1,0,0,2,0
UCLA_9,My interests and ideas are not shared by those around me,1,2,0,3,0,0,4,0
