seed_qid,seed_dataset,seed_text,text
CD_RISC_1,CD-RISC,I am able to adapt when changes occur.,I am able to adapt when changes occur.
CD_RISC_1,CD-RISC,I am able to adapt when changes occur.,I am able to adapt when changes occur.
CD_RISC_1,CD-RISC,I am able to adapt when changes occur.,I am able to adapt when changes occur.
CD_RISC_1,CD-RISC,I am able to adapt when changes occur.,I am able to adapt when changes occur.
CD_RISC_1,CD-RISC,I am able to adapt when changes occur.,I am able to adapt when changes occur.
CD_RISC_1,CD-RISC,I am able to adapt when changes occur.,I am able to adapt when changes occur.
CD_RISC_1,CD-RISC,I am able to adapt when changes occur.,I am able to adapt when changes occur.
CD_RISC_1,CD-RISC,I am able to adapt when changes occur.,I am able to adapt when changes occur.
CD_RISC_1,CD-RISC,I am able to adapt when changes occur.,I am able to adapt when changes occur.
CD_RISC_1,CD-RISC,I am able to adapt when changes occur.,I am able to adapt when changes occur.
CD_RISC_2,CD-RISC,I have one close and secure relationship.,I have one close and secure relationship.
CD_RISC_2,CD-RISC,I have one close and secure relationship.,I have a very close and secure relationship.
CD_RISC_2,CD-RISC,I have one close and secure relationship.,I have a close and secure relationship.
CD_RISC_2,CD-RISC,I have one close and secure relationship.,I have a close and secure relationship.
CD_RISC_2,CD-RISC,I have one close and secure relationship.,I have a close and secure relationship.
CD_RISC_2,CD-RISC,I have one close and secure relationship.,I have one close and secure relationship.
CD_RISC_2,CD-RISC,I have one close and secure relationship.,I have one close and secure relationship.
CD_RISC_2,CD-RISC,I have one close and secure relationship.,I have one close and secure relationship.
CD_RISC_2,CD-RISC,I have one close and secure relationship.,I have one close and secure relationship.
CD_RISC_2,CD-RISC,I have one close and secure relationship.,I have a close and secure relationship.
CD_RISC_3,CD-RISC,Sometimes fate or God helps me.,Sometimes fate or God helps me.
CD_RISC_3,CD-RISC,Sometimes fate or God helps me.,Sometimes fate or God helps me.
CD_RISC_3,CD-RISC,Sometimes fate or God helps me.,Sometimes God can help me.
CD_RISC_3,CD-RISC,Sometimes fate or God helps me.,Sometimes fate or God help me.
CD_RISC_3,CD-RISC,Sometimes fate or God helps me.,Sometimes fate or God helps me.
CD_RISC_3,CD-RISC,Sometimes fate or God helps me.,Sometimes fate or God helps me.
CD_RISC_3,CD-RISC,Sometimes fate or God helps me.,Sometimes the fate or God helps me.
CD_RISC_3,CD-RISC,Sometimes fate or God helps me.,Sometimes I would do nothing for fate or God.
CD_RISC_3,CD-RISC,Sometimes fate or God helps me.,Sometimes fate or God helps me.
CD_RISC_3,CD-RISC,Sometimes fate or God helps me.,Sometimes God helps me.
CD_RISC_4,CD-RISC,I can deal with whatever comes my way.,I can deal with whatever comes my way.
CD_RISC_4,CD-RISC,I can deal with whatever comes my way.,I can deal with whatever comes my way.
CD_RISC_4,CD-RISC,I can deal with whatever comes my way.,I can deal with what comes my way.
CD_RISC_4,CD-RISC,I can deal with whatever comes my way.,I can deal with whatever comes my way.
CD_RISC_4,CD-RISC,I can deal with whatever comes my way.,I can deal with anything that comes my way.
CD_RISC_4,CD-RISC,I can deal with whatever comes my way.,I can deal with whatever comes my way.
CD_RISC_4,CD-RISC,I can deal with whatever comes my way.,I can deal with whatever comes my way.
CD_RISC_4,CD-RISC,I can deal with whatever comes my way.,I can deal with whatever comes my way.
CD_RISC_4,CD-RISC,I can deal with whatever comes my way.,I can deal with whatever comes my way.
CD_RISC_4,CD-RISC,I can deal with whatever comes my way.,I can deal with whatever comes my way.
CD_RISC_5,CD-RISC,Past successes give me confidence.,I have confidence in my life.
CD_RISC_5,CD-RISC,Past successes give me confidence.,I was not feeling confident.
CD_RISC_5,CD-RISC,Past successes give me confidence.,I had a good time.
CD_RISC_5,CD-RISC,Past successes give me confidence.,I have always believed in the achievements of others.
CD_RISC_5,CD-RISC,Past successes give me confidence.,I've been able to live with my success.
CD_RISC_5,CD-RISC,Past successes give me confidence.,I had a lot of success.
CD_RISC_5,CD-RISC,Past successes give me confidence.,My past successes give me confidence.
CD_RISC_5,CD-RISC,Past successes give me confidence.,I gave up my dream to become an expert on my own.
CD_RISC_5,CD-RISC,Past successes give me confidence.,I want to be confident.
CD_RISC_5,CD-RISC,Past successes give me confidence.,I am a strong individual.
CD_RISC_6,CD-RISC,I try to see the humorous side of things when I am faced with problems.,I try to see the humorous side of things when I am faced with problems.
CD_RISC_6,CD-RISC,I try to see the humorous side of things when I am faced with problems.,I try to see the humorous side of things when I am faced with problems.
CD_RISC_6,CD-RISC,I try to see the humorous side of things when I am faced with problems.,I try to see the humorous side of things when I am faced with problems.
CD_RISC_6,CD-RISC,I try to see the humorous side of things when I am faced with problems.,I try to see the humorous side of things when I am faced with problems.
CD_RISC_6,CD-RISC,I try to see the humorous side of things when I am faced with problems.,I try to see the humorous side of things when I am faced with problems.
CD_RISC_6,CD-RISC,I try to see the humorous side of things when I am faced with problems.,I try to see the funny side of things when I am faced with problems.
CD_RISC_6,CD-RISC,I try to see the humorous side of things when I am faced with problems.,I try to see the funny side of things when I am faced with problems.
CD_RISC_6,CD-RISC,I try to see the humorous side of things when I am faced with problems.,I try to see the humorous side of things when I am faced with problems.
CD_RISC_6,CD-RISC,I try to see the humorous side of things when I am faced with problems.,I try to see the humorous side of things when I am faced with problems.
CD_RISC_6,CD-RISC,I try to see the humorous side of things when I am faced with problems.,I try to see the humorous side of things when I am faced with problems.
CD_RISC_7,CD-RISC,Having to cope with stress can make me stronger.,I feel better because I feel better.
CD_RISC_7,CD-RISC,Having to cope with stress can make me stronger.,Stress is a great stress reliever.
CD_RISC_7,CD-RISC,Having to cope with stress can make me stronger.,Stress can make me weak.
CD_RISC_7,CD-RISC,Having to cope with stress can make me stronger.,Stress can be a factor in a person's mental health.
CD_RISC_7,CD-RISC,Having to cope with stress can make me stronger.,Stress can make me stronger.
CD_RISC_7,CD-RISC,Having to cope with stress can make me stronger.,Having to cope with stress can make me stronger.
CD_RISC_7,CD-RISC,Having to cope with stress can make me stronger.,Having to cope with stress can make me stronger.
CD_RISC_7,CD-RISC,Having to cope with stress can make me stronger.,I tend to feel compelled to cope with stress because of my own stress.
CD_RISC_7,CD-RISC,Having to cope with stress can make me stronger.,I need to cope with stress.
CD_RISC_7,CD-RISC,Having to cope with stress can make me stronger.,I tend to be ill when I feel ill.
CD_RISC_8,CD-RISC,"I tend to bounce back after illness, injury, or other hardships.","I tend to bounce back after illness, injury, or other hardships."
CD_RISC_8,CD-RISC,"I tend to bounce back after illness, injury, or other hardships.","I tend to bounce back after illness, injury, or other hardships."
CD_RISC_8,CD-RISC,"I tend to bounce back after illness, injury, or other hardships.","I tend to bounce back after illness, injury, or other hardships."
CD_RISC_8,CD-RISC,"I tend to bounce back after illness, injury, or other hardships.","I tend to bounce back after illness, injury, or other hardships."
CD_RISC_8,CD-RISC,"I tend to bounce back after illness, injury, or other hardships.","I tend to bounce back after illness, injury, or other hardships."
CD_RISC_8,CD-RISC,"I tend to bounce back after illness, injury, or other hardships.","I tend to bounce back after illness, injury, or other hardships."
CD_RISC_8,CD-RISC,"I tend to bounce back after illness, injury, or other hardships.","I tend to bounce back after illnesses, injury, or other hardships."
CD_RISC_8,CD-RISC,"I tend to bounce back after illness, injury, or other hardships.","I tend to bounce back after illness, injury, or other hardships."
CD_RISC_8,CD-RISC,"I tend to bounce back after illness, injury, or other hardships.","I tend to bounce back after illness, injury, or other hardships."
CD_RISC_8,CD-RISC,"I tend to bounce back after illness, injury, or other hardships.","I tend to bounce back after illness, injury, or other hardships."
CD_RISC_9,CD-RISC,I believe most things happen for a reason.,I believe that most things happen for a reason.
CD_RISC_9,CD-RISC,I believe most things happen for a reason.,I believe most things happen for a reason.
CD_RISC_9,CD-RISC,I believe most things happen for a reason.,I believe that most things happen for a reason.
CD_RISC_9,CD-RISC,I believe most things happen for a reason.,I believe most things happen for a reason.
CD_RISC_9,CD-RISC,I believe most things happen for a reason.,I believe most things happen for a reason.
CD_RISC_9,CD-RISC,I believe most things happen for a reason.,I believe most things happen for a reason.
CD_RISC_9,CD-RISC,I believe most things happen for a reason.,I believe most things happen for a reason.
CD_RISC_9,CD-RISC,I believe most things happen for a reason.,I believe most things happen for a reason.
CD_RISC_9,CD-RISC,I believe most things happen for a reason.,I believe most things happen for a reason.
CD_RISC_9,CD-RISC,I believe most things happen for a reason.,I believe most things happen for a reason.
CD_RISC_10,CD-RISC,"I make my best effort, no matter what.","I make my best effort, no matter what."
CD_RISC_10,CD-RISC,"I make my best effort, no matter what.","I make my best effort, no matter what."
CD_RISC_10,CD-RISC,"I make my best effort, no matter what.","I make my best effort, no matter what."
CD_RISC_10,CD-RISC,"I make my best effort, no matter what.","I make my best effort, no matter what."
CD_RISC_10,CD-RISC,"I make my best effort, no matter what.","I make my best effort, no matter what."
CD_RISC_10,CD-RISC,"I make my best effort, no matter what.","I make my best effort, no matter what."
CD_RISC_10,CD-RISC,"I make my best effort, no matter what.","I make my best effort, no matter what."
CD_RISC_10,CD-RISC,"I make my best effort, no matter what.","I make my best effort, no matter what."
CD_RISC_10,CD-RISC,"I make my best effort, no matter what.","I make my best effort, no matter what."
CD_RISC_10,CD-RISC,"I make my best effort, no matter what.","I make my best effort, no matter what."
CD_RISC_11,CD-RISC,"I believe I can achieve my goals, even if there are obstacles.","I believe I can achieve my goals, even if there are obstacles."
CD_RISC_11,CD-RISC,"I believe I can achieve my goals, even if there are obstacles.","I believe I can achieve my goals, even if there are obstacles."
CD_RISC_11,CD-RISC,"I believe I can achieve my goals, even if there are obstacles.","I believe I can achieve my goals, even if there are obstacles."
CD_RISC_11,CD-RISC,"I believe I can achieve my goals, even if there are obstacles.","I believe I can achieve my goals, even if there are obstacles."
CD_RISC_11,CD-RISC,"I believe I can achieve my goals, even if there are obstacles.","I believe I can achieve my goals, even if there are obstacles."
CD_RISC_11,CD-RISC,"I believe I can achieve my goals, even if there are obstacles.","I believe I can achieve my goals, even if there are obstacles."
CD_RISC_11,CD-RISC,"I believe I can achieve my goals, even if there are obstacles.","I believe I can achieve my goals, even if there are obstacles."
CD_RISC_11,CD-RISC,"I believe I can achieve my goals, even if there are obstacles.","I believe I can achieve my goals, even if there are obstacles."
CD_RISC_11,CD-RISC,"I believe I can achieve my goals, even if there are obstacles.","I believe I can achieve my goals, even if there are obstacles."
CD_RISC_11,CD-RISC,"I believe I can achieve my goals, even if there are obstacles.","I believe I can achieve my goals, even if there are obstacles."
CD_RISC_12,CD-RISC,"Even when hopeless, I do not give up.",I will never give up.
CD_RISC_12,CD-RISC,"Even when hopeless, I do not give up.","Even when hopeless, I do not give up."
CD_RISC_12,CD-RISC,"Even when hopeless, I do not give up.","Even when hopeless, I give up."
CD_RISC_12,CD-RISC,"Even when hopeless, I do not give up.","Even when hopeless, I do not give up."
CD_RISC_12,CD-RISC,"Even when hopeless, I do not give up.","Even when hopeless, I don't give up."
CD_RISC_12,CD-RISC,"Even when hopeless, I do not give up.",I do not give up.
CD_RISC_12,CD-RISC,"Even when hopeless, I do not give up.",I give up.
CD_RISC_12,CD-RISC,"Even when hopeless, I do not give up.",I am not a cheerful person.
CD_RISC_12,CD-RISC,"Even when hopeless, I do not give up.","Even if hopeless, I do not give up."
CD_RISC_12,CD-RISC,"Even when hopeless, I do not give up.","Even when hopeless, I do not give up."
CD_RISC_13,CD-RISC,"In times of stress, I know where to find help.","In times of stress, I know where to find help."
CD_RISC_13,CD-RISC,"In times of stress, I know where to find help.","In times of stress, I know where to find help."
CD_RISC_13,CD-RISC,"In times of stress, I know where to find help.","In situations of stress, I know where to find help."
CD_RISC_13,CD-RISC,"In times of stress, I know where to find help.","In times of stress, I know where to find help."
CD_RISC_13,CD-RISC,"In times of stress, I know where to find help.",I know where to find help.
CD_RISC_13,CD-RISC,"In times of stress, I know where to find help.","In times of stress, I know where to find help."
CD_RISC_13,CD-RISC,"In times of stress, I know where to find help.","In times of stress, I know where to find help."
CD_RISC_13,CD-RISC,"In times of stress, I know where to find help.","In times of stress, I know where to find help."
CD_RISC_13,CD-RISC,"In times of stress, I know where to find help.","In times of stress, I know where to find help."
CD_RISC_13,CD-RISC,"In times of stress, I know where to find help.","In times of stress, I know where to find help."
CD_RISC_14,CD-RISC,"Under pressure, I stay focused and think clearly.","Under pressure, I feel drained and think clearly."
CD_RISC_14,CD-RISC,"Under pressure, I stay focused and think clearly.","Under pressure, I stay focused and think clearly."
CD_RISC_14,CD-RISC,"Under pressure, I stay focused and think clearly.","Under pressure, I stay focused and think clearly."
CD_RISC_14,CD-RISC,"Under pressure, I stay focused and think clearly.","Under pressure, I remain focused and think clearly."
CD_RISC_14,CD-RISC,"Under pressure, I stay focused and think clearly.","Under pressure, I stay focused and think clearly."
CD_RISC_14,CD-RISC,"Under pressure, I stay focused and think clearly.","Under pressure, I stay focused and think clearly."
CD_RISC_14,CD-RISC,"Under pressure, I stay focused and think clearly.",I keep thinking and thinking clearly.
CD_RISC_14,CD-RISC,"Under pressure, I stay focused and think clearly.",I stay focused and think clearly.
CD_RISC_14,CD-RISC,"Under pressure, I stay focused and think clearly.","Under pressure, I keep trying to get a balance in my mind."
CD_RISC_14,CD-RISC,"Under pressure, I stay focused and think clearly.","Under pressure, I stay focused and think clearly."
CD_RISC_15,CD-RISC,I prefer to take the lead in problem-solving.,I prefer to take the lead in problem-solving.
CD_RISC_15,CD-RISC,I prefer to take the lead in problem-solving.,I prefer to take the lead in problem-solving.
CD_RISC_15,CD-RISC,I prefer to take the lead in problem-solving.,I prefer to take the lead in problem-solving.
CD_RISC_15,CD-RISC,I prefer to take the lead in problem-solving.,I prefer to take the lead in problem-solving.
CD_RISC_15,CD-RISC,I prefer to take the lead in problem-solving.,I prefer to take the lead in problem-solving.
CD_RISC_15,CD-RISC,I prefer to take the lead in problem-solving.,I prefer to take the lead in problem-solving.
CD_RISC_15,CD-RISC,I prefer to take the lead in problem-solving.,I prefer to take the lead in problem-solving.
CD_RISC_15,CD-RISC,I prefer to take the lead in problem-solving.,I prefer to take the lead in problem-solving.
CD_RISC_15,CD-RISC,I prefer to take the lead in problem-solving.,I prefer to take the lead in problem-solving.
CD_RISC_15,CD-RISC,I prefer to take the lead in problem-solving.,I prefer to take the lead in problem-solving.
CD_RISC_16,CD-RISC,I am not easily discouraged by failure.,I am not easily discouraged by failure.
CD_RISC_16,CD-RISC,I am not easily discouraged by failure.,I am not easy discouraged by failure.
CD_RISC_16,CD-RISC,I am not easily discouraged by failure.,I am not easily discouraged by failure.
CD_RISC_16,CD-RISC,I am not easily discouraged by failure.,I am not easy discouraged by failure.
CD_RISC_16,CD-RISC,I am not easily discouraged by failure.,I am not easily discouraged by failure.
CD_RISC_16,CD-RISC,I am not easily discouraged by failure.,I am not easily discouraged by failure.
CD_RISC_16,CD-RISC,I am not easily discouraged by failure.,I am not easily discouraged by failure.
CD_RISC_16,CD-RISC,I am not easily discouraged by failure.,I am not easily discouraged by failure.
CD_RISC_16,CD-RISC,I am not easily discouraged by failure.,I am not easily discouraged by failure.
CD_RISC_16,CD-RISC,I am not easily discouraged by failure.,I am not easily discouraged by failure.
CD_RISC_17,CD-RISC,I think of myself as a strong person when dealing with life's challenges and difficulties.,I think of myself as a strong person when dealing with life's challenges and difficulties.
CD_RISC_17,CD-RISC,I think of myself as a strong person when dealing with life's challenges and difficulties.,I think of myself as a strong person when dealing with life's challenges and difficulties.
CD_RISC_17,CD-RISC,I think of myself as a strong person when dealing with life's challenges and difficulties.,I think that I am a strong person when dealing with life's challenges and difficulties.
CD_RISC_17,CD-RISC,I think of myself as a strong person when dealing with life's challenges and difficulties.,I think of myself as a strong person when dealing with life's challenges and difficulties.
CD_RISC_17,CD-RISC,I think of myself as a strong person when dealing with life's challenges and difficulties.,I think of myself as a strong person when dealing with life's challenges and difficulties.
CD_RISC_17,CD-RISC,I think of myself as a strong person when dealing with life's challenges and difficulties.,I think of myself as a strong person when dealing with life's challenges and difficulties.
CD_RISC_17,CD-RISC,I think of myself as a strong person when dealing with life's challenges and difficulties.,I think that I am a strong person when dealing with life's challenges and difficulties.
CD_RISC_17,CD-RISC,I think of myself as a strong person when dealing with life's challenges and difficulties.,I think of myself as a strong person when dealing with life's challenges and difficulties.
CD_RISC_17,CD-RISC,I think of myself as a strong person when dealing with life's challenges and difficulties.,I think of myself as a strong person when dealing with life's challenges and difficulties.
CD_RISC_17,CD-RISC,I think of myself as a strong person when dealing with life's challenges and difficulties.,I think of myself as a strong person when dealing with life's challenges and difficulties.
CD_RISC_18,CD-RISC,I make unpopular or difficult decisions.,I make unpopular decisions.
CD_RISC_18,CD-RISC,I make unpopular or difficult decisions.,I make unpopular or difficult decisions.
CD_RISC_18,CD-RISC,I make unpopular or difficult decisions.,I make unpopular decisions.
CD_RISC_18,CD-RISC,I make unpopular or difficult decisions.,I make unpopular or difficult decisions.
CD_RISC_18,CD-RISC,I make unpopular or difficult decisions.,I make unpopular or difficult decisions.
CD_RISC_18,CD-RISC,I make unpopular or difficult decisions.,I make unpopular or difficult decisions.
CD_RISC_18,CD-RISC,I make unpopular or difficult decisions.,I do not make popular decisions.
CD_RISC_18,CD-RISC,I make unpopular or difficult decisions.,I make unpopular decisions.
CD_RISC_18,CD-RISC,I make unpopular or difficult decisions.,I make non-popular decisions.
CD_RISC_18,CD-RISC,I make unpopular or difficult decisions.,I make the same decisions as you.
CD_RISC_19,CD-RISC,"I am able to handle unpleasant or painful feelings like sadness, fear, and anger.","I am able to handle unpleasant or painful feelings like sadness, fear, and anger."
CD_RISC_19,CD-RISC,"I am able to handle unpleasant or painful feelings like sadness, fear, and anger.","I am able to handle unpleasant or painful feelings like sadness, fear, and anger."
CD_RISC_19,CD-RISC,"I am able to handle unpleasant or painful feelings like sadness, fear, and anger.","I am able to handle unpleasant or painful feelings like sadness, fear, and anger."
CD_RISC_19,CD-RISC,"I am able to handle unpleasant or painful feelings like sadness, fear, and anger.","I am able to handle unpleasant or painful feelings like sadness, fear, and anger."
CD_RISC_19,CD-RISC,"I am able to handle unpleasant or painful feelings like sadness, fear, and anger.","I am able to handle unpleasant or painful feelings like sadness, fear, and anger."
CD_RISC_19,CD-RISC,"I am able to handle unpleasant or painful feelings like sadness, fear, and anger.","I am able to handle unpleasant or painful feelings like sadness, fear, and anger."
CD_RISC_19,CD-RISC,"I am able to handle unpleasant or painful feelings like sadness, fear, and anger.","I am able to handle unpleasant or painful feelings like sadness, fear, and anger."
CD_RISC_19,CD-RISC,"I am able to handle unpleasant or painful feelings like sadness, fear, and anger.","I am able to handle unpleasant or painful feelings like sadness, fear, and anger."
CD_RISC_19,CD-RISC,"I am able to handle unpleasant or painful feelings like sadness, fear, and anger.","I am able to handle unpleasant or painful feelings like sadness, fear, and anger."
CD_RISC_19,CD-RISC,"I am able to handle unpleasant or painful feelings like sadness, fear, and anger.","I am able to handle unpleasant or painful feelings like sadness, fear, and anger."
CD_RISC_20,CD-RISC,I have to act on a hunch.,I have to act on a hunch.
CD_RISC_20,CD-RISC,I have to act on a hunch.,I have to take a break.
CD_RISC_20,CD-RISC,I have to act on a hunch.,I have to act on a hunch.
CD_RISC_20,CD-RISC,I have to act on a hunch.,I have to act on a hunch.
CD_RISC_20,CD-RISC,I have to act on a hunch.,I have to act on a hunch.
CD_RISC_20,CD-RISC,I have to act on a hunch.,I have to take a break.
CD_RISC_20,CD-RISC,I have to act on a hunch.,I have to act on a hunch.
CD_RISC_20,CD-RISC,I have to act on a hunch.,I have to act on a hunch.
CD_RISC_20,CD-RISC,I have to act on a hunch.,I have to go to the hunch.
CD_RISC_20,CD-RISC,I have to act on a hunch.,I have to act on a hunch.
CD_RISC_21,CD-RISC,I have a strong sense of purpose in life.,I have a strong sense of purpose in life.
CD_RISC_21,CD-RISC,I have a strong sense of purpose in life.,I have a strong sense of purpose in life.
CD_RISC_21,CD-RISC,I have a strong sense of purpose in life.,I have a strong sense of purpose in life.
CD_RISC_21,CD-RISC,I have a strong sense of purpose in life.,I have a strong sense of purpose in life.
CD_RISC_21,CD-RISC,I have a strong sense of purpose in life.,I have a strong sense of purpose in life.
CD_RISC_21,CD-RISC,I have a strong sense of purpose in life.,I have a strong sense of purpose in life.
CD_RISC_21,CD-RISC,I have a strong sense of purpose in life.,I have a strong sense of purpose in life.
CD_RISC_21,CD-RISC,I have a strong sense of purpose in life.,I have a strong sense of purpose in life.
CD_RISC_21,CD-RISC,I have a strong sense of purpose in life.,I have a strong sense of purpose in life.
CD_RISC_21,CD-RISC,I have a strong sense of purpose in life.,I have a strong sense of purpose in life.
CD_RISC_22,CD-RISC,I feel like I am in control.,I feel like I am in control.
CD_RISC_22,CD-RISC,I feel like I am in control.,I feel like I am in control.
CD_RISC_22,CD-RISC,I feel like I am in control.,I feel like I am in control.
CD_RISC_22,CD-RISC,I feel like I am in control.,I feel like I am in control.
CD_RISC_22,CD-RISC,I feel like I am in control.,I feel like I am in control.
CD_RISC_22,CD-RISC,I feel like I am in control.,I feel like I am in control.
CD_RISC_22,CD-RISC,I feel like I am in control.,I feel like I am in control.
CD_RISC_22,CD-RISC,I feel like I am in control.,I feel like I am in control.
CD_RISC_22,CD-RISC,I feel like I am in control.,I feel like I am in control.
CD_RISC_22,CD-RISC,I feel like I am in control.,I feel like I am in control.
CD_RISC_23,CD-RISC,I like challenges.,I like challenges.
CD_RISC_23,CD-RISC,I like challenges.,I love challenges.
CD_RISC_23,CD-RISC,I like challenges.,I like challenges.
CD_RISC_23,CD-RISC,I like challenges.,I enjoy challenging myself.
CD_RISC_23,CD-RISC,I like challenges.,I like challenges.
CD_RISC_23,CD-RISC,I like challenges.,I like challenges.
CD_RISC_23,CD-RISC,I like challenges.,I like challenges.
CD_RISC_23,CD-RISC,I like challenges.,I like challenges.
CD_RISC_23,CD-RISC,I like challenges.,I like challenges.
CD_RISC_23,CD-RISC,I like challenges.,I love challenges.
CD_RISC_24,CD-RISC,I work to attain goals.,I work to achieve goals.
CD_RISC_24,CD-RISC,I work to attain goals.,I work to achieve goals.
CD_RISC_24,CD-RISC,I work to attain goals.,I work to achieve goals.
CD_RISC_24,CD-RISC,I work to attain goals.,I work to achieve goals.
CD_RISC_24,CD-RISC,I work to attain goals.,I work to achieve goals.
CD_RISC_24,CD-RISC,I work to attain goals.,I work to achieve goals.
CD_RISC_24,CD-RISC,I work to attain goals.,I work to achieve goals.
CD_RISC_24,CD-RISC,I work to attain goals.,I work to accomplish goals.
CD_RISC_24,CD-RISC,I work to attain goals.,I work to achieve goals.
CD_RISC_24,CD-RISC,I work to attain goals.,I work to attain the goals.
CD_RISC_25,CD-RISC,I take pride in my achievements.,I take pride in my achievements.
CD_RISC_25,CD-RISC,I take pride in my achievements.,I take pride in my achievements.
CD_RISC_25,CD-RISC,I take pride in my achievements.,I take pride in my achievements.
CD_RISC_25,CD-RISC,I take pride in my achievements.,I take pride in my achievements.
CD_RISC_25,CD-RISC,I take pride in my achievements.,I take pride in my achievements.
CD_RISC_25,CD-RISC,I take pride in my achievements.,I take pride in my achievements.
CD_RISC_25,CD-RISC,I take pride in my achievements.,I take pride in my achievements.
CD_RISC_25,CD-RISC,I take pride in my achievements.,I take pride in my achievements.
CD_RISC_25,CD-RISC,I take pride in my achievements.,I take pride in my achievements.
CD_RISC_25,CD-RISC,I take pride in my achievements.,I take pride in my achievements.
PERMA1_1,PERMA,How much of the time do you feel you are making progress towards accomplishing your goals?,How much of the time do you feel that you are making progress towards accomplishing your goals?
PERMA1_1,PERMA,How much of the time do you feel you are making progress towards accomplishing your goals?,How much of the time do you feel you are making progress towards accomplishing your goals?
PERMA1_1,PERMA,How much of the time do you feel you are making progress towards accomplishing your goals?,How much of the time do you feel you are making progress towards accomplishing your goals?
PERMA1_1,PERMA,How much of the time do you feel you are making progress towards accomplishing your goals?,How much of the time do you feel that you are making progress towards accomplishing your goals?
PERMA1_1,PERMA,How much of the time do you feel you are making progress towards accomplishing your goals?,How much time do you feel you are making progress towards accomplishing your goals?
PERMA1_1,PERMA,How much of the time do you feel you are making progress towards accomplishing your goals?,How much time do you feel you are making progress towards accomplishing your goals?
PERMA1_1,PERMA,How much of the time do you feel you are making progress towards accomplishing your goals?,How much of the time do you feel you are making progress towards accomplishing your goals?
PERMA1_1,PERMA,How much of the time do you feel you are making progress towards accomplishing your goals?,How much time do you feel you are making progress towards accomplishing your goals?
PERMA1_1,PERMA,How much of the time do you feel you are making progress towards accomplishing your goals?,How much time do you feel that you are making progress towards accomplishing your goals?
PERMA1_1,PERMA,How much of the time do you feel you are making progress towards accomplishing your goals?,How much of the time do you feel you are making progress towards accomplishing your goals?
PERMA1_2,PERMA,How often do you become absorbed in what you are doing?,How often do you become absorbed in what you are doing?
PERMA1_2,PERMA,How often do you become absorbed in what you are doing?,How often do you become absorbed in what you are doing?
PERMA1_2,PERMA,How often do you become absorbed in what you are doing?,How often do you become absorbed in what you are doing?
PERMA1_2,PERMA,How often do you become absorbed in what you are doing?,How often do you become absorbed in what you are doing?
PERMA1_2,PERMA,How often do you become absorbed in what you are doing?,How often do you become absorbed in what you are doing?
PERMA1_2,PERMA,How often do you become absorbed in what you are doing?,How often do you become absorbed in what you are doing?
PERMA1_2,PERMA,How often do you become absorbed in what you are doing?,How often do you become absorbed in what you are doing?
PERMA1_2,PERMA,How often do you become absorbed in what you are doing?,How often do you become absorbed in what you are doing?
PERMA1_2,PERMA,How often do you become absorbed in what you are doing?,How often do you become absorbed in what you are doing?
PERMA1_2,PERMA,How often do you become absorbed in what you are doing?,How often do you become absorbed in what you are doing?
PERMA1_3,PERMA,How often do you feel joyful?,How often do you feel joyful?
PERMA1_3,PERMA,How often do you feel joyful?,How often do you feel joyful?
PERMA1_3,PERMA,How often do you feel joyful?,How often do you feel joyful?
PERMA1_3,PERMA,How often do you feel joyful?,How often do you feel joyful?
PERMA1_3,PERMA,How often do you feel joyful?,How often do you feel happy?
PERMA1_3,PERMA,How often do you feel joyful?,How often do you feel happy?
PERMA1_3,PERMA,How often do you feel joyful?,How often do you feel joy?
PERMA1_3,PERMA,How often do you feel joyful?,How often do you feel joyful?
PERMA1_3,PERMA,How often do you feel joyful?,How often do you feel joyful?
PERMA1_3,PERMA,How often do you feel joyful?,How often do you feel joyful?
PERMA1_4,PERMA,How often do you feel anxious?,How often do you feel anxious?
PERMA1_4,PERMA,How often do you feel anxious?,How often do you feel anxious?
PERMA1_4,PERMA,How often do you feel anxious?,How often do you feel anxious?
PERMA1_4,PERMA,How often do you feel anxious?,How often do you feel anxious?
PERMA1_4,PERMA,How often do you feel anxious?,How often do you feel anxious?
PERMA1_4,PERMA,How often do you feel anxious?,How often do you feel anxious?
PERMA1_4,PERMA,How often do you feel anxious?,How often do you feel anxious?
PERMA1_4,PERMA,How often do you feel anxious?,How often do you feel anxious?
PERMA1_4,PERMA,How often do you feel anxious?,How often do you feel anxious?
PERMA1_4,PERMA,How often do you feel anxious?,How often do you feel anxious?
PERMA1_5,PERMA,How often do you achieve the important goals you have set for yourself?,How often do you achieve the important goals you have set for yourself?
PERMA1_5,PERMA,How often do you achieve the important goals you have set for yourself?,How often do you achieve the important goals you have set for yourself?
PERMA1_5,PERMA,How often do you achieve the important goals you have set for yourself?,How often do you achieve the important goals you have set for yourself?
PERMA1_5,PERMA,How often do you achieve the important goals you have set for yourself?,How often do you achieve the important goals you have set for yourself?
PERMA1_5,PERMA,How often do you achieve the important goals you have set for yourself?,How often do you achieve the important goals you have set for yourself?
PERMA1_5,PERMA,How often do you achieve the important goals you have set for yourself?,How often do you achieve the important goals you have set for yourself?
PERMA1_5,PERMA,How often do you achieve the important goals you have set for yourself?,How often do you achieve the important goals you have set for yourself?
PERMA1_5,PERMA,How often do you achieve the important goals you have set for yourself?,How often do you achieve the important goals you have set for yourself?
PERMA1_5,PERMA,How often do you achieve the important goals you have set for yourself?,How often do you achieve the important goals you have set for yourself?
PERMA1_5,PERMA,How often do you achieve the important goals you have set for yourself?,How often do you achieve the important goals you have set for yourself?
PERMA2_1,PERMA,How would you say your health is?,How would you say your health is?
PERMA2_1,PERMA,How would you say your health is?,How would you say your health is?
PERMA2_1,PERMA,How would you say your health is?,How would you say your health is?
PERMA2_1,PERMA,How would you say your health is?,How would you say your health is?
PERMA2_1,PERMA,How would you say your health is?,How would you say your health is?
PERMA2_1,PERMA,How would you say your health is?,How would you say your health is?
PERMA2_1,PERMA,How would you say your health is?,How would you say your health is?
PERMA2_1,PERMA,How would you say your health is?,How would you say your health is?
PERMA2_1,PERMA,How would you say your health is?,How would you say your health is?
PERMA2_1,PERMA,How would you say your health is?,How would you say your health is?
PERMA3_1,PERMA,To what extent do you lead a purposeful and meaningful life?,To what extent do you lead a purposeful and meaningful life?
PERMA3_1,PERMA,To what extent do you lead a purposeful and meaningful life?,To what extent do you lead a purposeful and meaningful life?
PERMA3_1,PERMA,To what extent do you lead a purposeful and meaningful life?,To what extent do you lead a purposeful and meaningful life?
PERMA3_1,PERMA,To what extent do you lead a purposeful and meaningful life?,To what extent do you lead a purposeful and meaningful life?
PERMA3_1,PERMA,To what extent do you lead a purposeful and meaningful life?,To what extent do you lead a purposeful and meaningful life?
PERMA3_1,PERMA,To what extent do you lead a purposeful and meaningful life?,To what extent do you lead a purposeful and meaningful life?
PERMA3_1,PERMA,To what extent do you lead a purposeful and meaningful life?,To what extent do you lead a purposeful and meaningful life?
PERMA3_1,PERMA,To what extent do you lead a purposeful and meaningful life?,To what extent do you lead a purposeful and meaningful life?
PERMA3_1,PERMA,To what extent do you lead a purposeful and meaningful life?,To what extent do you lead a purposeful and meaningful life?
PERMA3_1,PERMA,To what extent do you lead a purposeful and meaningful life?,To what extent do you lead a purposeful and meaningful life?
PERMA3_2,PERMA,To what extent do you receive help and support from others when you need it?,To what extent do you receive help and support from others when you need it?
PERMA3_2,PERMA,To what extent do you receive help and support from others when you need it?,To what extent do you receive help and support from others when you need it?
PERMA3_2,PERMA,To what extent do you receive help and support from others when you need it?,To what extent do you receive help and support from others when you need it?
PERMA3_2,PERMA,To what extent do you receive help and support from others when you need it?,To what extent do you receive help and support from others when you need it?
PERMA3_2,PERMA,To what extent do you receive help and support from others when you need it?,To what extent do you receive help and support from others when you need it?
PERMA3_2,PERMA,To what extent do you receive help and support from others when you need it?,To what extent do you receive help and support from others when you need it?
PERMA3_2,PERMA,To what extent do you receive help and support from others when you need it?,To what extent do you receive help and support from others when you need it?
PERMA3_2,PERMA,To what extent do you receive help and support from others when you need it?,"During the time of need, you receive support and support from others when you need it."
PERMA3_2,PERMA,To what extent do you receive help and support from others when you need it?,To what extent do you receive help and support from others when you need it?
PERMA3_2,PERMA,To what extent do you receive help and support from others when you need it?,To what extent do you receive help and support from others when you need it?
PERMA3_3,PERMA,To what extent do you feel that what you do in your life is valuable and worthwhile?,For what extent do you feel that what you do in your life is worth and worthwhile?
PERMA3_3,PERMA,To what extent do you feel that what you do in your life is valuable and worthwhile?,To what extent do you feel that what you do in your life is valuable and worthwhile?
PERMA3_3,PERMA,To what extent do you feel that what you do in your life is valuable and worthwhile?,You feel that what you do in your life is valuable and worthwhile?
PERMA3_3,PERMA,To what extent do you feel that what you do in your life is valuable and worthwhile?,To what extent do you feel that what you do in your life is valuable and worthwhile?
PERMA3_3,PERMA,To what extent do you feel that what you do in your life is valuable and worthwhile?,To what extent do you feel that what you do in your life is valuable and worthwhile?
PERMA3_3,PERMA,To what extent do you feel that what you do in your life is valuable and worthwhile?,To what extent do you feel that what you do in your life is valuable and worthwhile?
PERMA3_3,PERMA,To what extent do you feel that what you do in your life is valuable and worthwhile?,To what extent do you feel that what you do in your life is valuable and worthwhile?
PERMA3_3,PERMA,To what extent do you feel that what you do in your life is valuable and worthwhile?,In what extent does you feel that what you do in your life is worth and worthwhile?
PERMA3_3,PERMA,To what extent do you feel that what you do in your life is valuable and worthwhile?,To what extent do you feel that what you do in your life is valuable and worthwhile?
PERMA3_3,PERMA,To what extent do you feel that what you do in your life is valuable and worthwhile?,To what extent do you feel that what you do in your life is valuable and worthwhile?
PERMA3_4,PERMA,To what extent do you feel excited and interested in things?,You feel excited and interested in things.
PERMA3_4,PERMA,To what extent do you feel excited and interested in things?,"During the day, you feel excited and interested in things."
PERMA3_4,PERMA,To what extent do you feel excited and interested in things?,What extent do you feel excited and interested in things?
PERMA3_4,PERMA,To what extent do you feel excited and interested in things?,To what extent do you feel excited and interested in things?
PERMA3_4,PERMA,To what extent do you feel excited and interested in things?,In what extent do you feel excited and interested in things?
PERMA3_4,PERMA,To what extent do you feel excited and interested in things?,You feel excited and interested in things.
PERMA3_4,PERMA,To what extent do you feel excited and interested in things?,To what extent do you feel excited and interested in things?
PERMA3_4,PERMA,To what extent do you feel excited and interested in things?,I feel excited and interested in things.
PERMA3_4,PERMA,To what extent do you feel excited and interested in things?,It would be much fun to have your mind on the subject.
PERMA3_4,PERMA,To what extent do you feel excited and interested in things?,"If you feel excited and interested in things, you feel excited."
PERMA3_5,PERMA,How lonely do you feel in your daily life?,How lonely do you feel in your daily life?
PERMA3_5,PERMA,How lonely do you feel in your daily life?,How lonely do you feel in your daily life?
PERMA3_5,PERMA,How lonely do you feel in your daily life?,How lonely are you?
PERMA3_5,PERMA,How lonely do you feel in your daily life?,How lonely do you feel in your daily life?
PERMA3_5,PERMA,How lonely do you feel in your daily life?,How lonely do you feel in your daily life?
PERMA3_5,PERMA,How lonely do you feel in your daily life?,How lonely do you feel in your daily life?
PERMA3_5,PERMA,How lonely do you feel in your daily life?,How lonely do you feel in your daily life?
PERMA3_5,PERMA,How lonely do you feel in your daily life?,How lonely do you feel in your daily life?
PERMA3_5,PERMA,How lonely do you feel in your daily life?,How lonely do you feel in your daily life?
PERMA3_5,PERMA,How lonely do you feel in your daily life?,How lonely do you feel in your daily life?
PERMA4_1,PERMA,How satisfied are you with your current physical health?,How satisfied are you with your current physical health?
PERMA4_1,PERMA,How satisfied are you with your current physical health?,How satisfied are you with your current physical health?
PERMA4_1,PERMA,How satisfied are you with your current physical health?,How satisfied are you with your current physical health?
PERMA4_1,PERMA,How satisfied are you with your current physical health?,How satisfied are you with your current physical health?
PERMA4_1,PERMA,How satisfied are you with your current physical health?,How satisfied are you with your current physical health?
PERMA4_1,PERMA,How satisfied are you with your current physical health?,How satisfied are you with your current physical health?
PERMA4_1,PERMA,How satisfied are you with your current physical health?,How satisfied are you with your current physical health?
PERMA4_1,PERMA,How satisfied are you with your current physical health?,How satisfied are you with your current physical health?
PERMA4_1,PERMA,How satisfied are you with your current physical health?,How satisfied are you with your current physical health?
PERMA4_1,PERMA,How satisfied are you with your current physical health?,How satisfied are you with your current physical health?
PERMA5_1,PERMA,How often do you feel positive?,How often do you feel positive?
PERMA5_1,PERMA,How often do you feel positive?,How often do you feel positive?
PERMA5_1,PERMA,How often do you feel positive?,How often do you feel positive?
PERMA5_1,PERMA,How often do you feel positive?,How often do you feel positive?
PERMA5_1,PERMA,How often do you feel positive?,How often do you feel positive?
PERMA5_1,PERMA,How often do you feel positive?,How often do you feel positive?
PERMA5_1,PERMA,How often do you feel positive?,How often do you feel positive?
PERMA5_1,PERMA,How often do you feel positive?,How often do you feel positive?
PERMA5_1,PERMA,How often do you feel positive?,How often do you feel positive?
PERMA5_1,PERMA,How often do you feel positive?,How often do you feel positive?
PERMA5_2,PERMA,How often do you feel angry?,How often do you feel angry?
PERMA5_2,PERMA,How often do you feel angry?,How often do you feel angry?
PERMA5_2,PERMA,How often do you feel angry?,How often do you feel angry?
PERMA5_2,PERMA,How often do you feel angry?,How often do you feel angry?
PERMA5_2,PERMA,How often do you feel angry?,How often do you feel angry?
PERMA5_2,PERMA,How often do you feel angry?,How often do you feel angry?
PERMA5_2,PERMA,How often do you feel angry?,How often do you feel angry?
PERMA5_2,PERMA,How often do you feel angry?,How often do you feel angry?
PERMA5_2,PERMA,How often do you feel angry?,How often do you feel angry?
PERMA5_2,PERMA,How often do you feel angry?,How often do you feel angry?
PERMA5_3,PERMA,How often are you able to handle your responsibilities?,How often do you handle your responsibilities?
PERMA5_3,PERMA,How often are you able to handle your responsibilities?,How often are you able to handle your responsibilities?
PERMA5_3,PERMA,How often are you able to handle your responsibilities?,How often are you able to handle your responsibilities?
PERMA5_3,PERMA,How often are you able to handle your responsibilities?,How often are you able to handle your responsibilities?
PERMA5_3,PERMA,How often are you able to handle your responsibilities?,How often are you able to handle your responsibilities?
PERMA5_3,PERMA,How often are you able to handle your responsibilities?,How often is it possible to handle your responsibilities?
PERMA5_3,PERMA,How often are you able to handle your responsibilities?,How often do you handle your responsibilities?
PERMA5_3,PERMA,How often are you able to handle your responsibilities?,How often is it easier to handle your responsibilities?
PERMA5_3,PERMA,How often are you able to handle your responsibilities?,How often are you able to handle your responsibilities?
PERMA5_3,PERMA,How often are you able to handle your responsibilities?,How often are you able to handle your responsibilities?
PERMA5_4,PERMA,How often do you feel sad?,How often do you feel sad?
PERMA5_4,PERMA,How often do you feel sad?,How often do you feel sad?
PERMA5_4,PERMA,How often do you feel sad?,How often do you feel sad?
PERMA5_4,PERMA,How often do you feel sad?,How often do you feel sad?
PERMA5_4,PERMA,How often do you feel sad?,How often do you feel sad?
PERMA5_4,PERMA,How often do you feel sad?,How often do you feel sad?
PERMA5_4,PERMA,How often do you feel sad?,How often do you feel sad?
PERMA5_4,PERMA,How often do you feel sad?,How often do you feel sad?
PERMA5_4,PERMA,How often do you feel sad?,How often do you feel sad?
PERMA5_4,PERMA,How often do you feel sad?,How often do you feel sad?
PERMA5_5,PERMA,How often do you lose track of time while doing something you enjoy?,How often do you lose track of time while doing something you enjoy?
PERMA5_5,PERMA,How often do you lose track of time while doing something you enjoy?,How often do you lose track of time while doing something you enjoy?
PERMA5_5,PERMA,How often do you lose track of time while doing something you enjoy?,How often do you lose track of time while doing something you enjoy?
PERMA5_5,PERMA,How often do you lose track of time while doing something you enjoy?,How often do you lose track of time while doing something you enjoy?
PERMA5_5,PERMA,How often do you lose track of time while doing something you enjoy?,How often do you lose track of time while doing something you enjoy?
PERMA5_5,PERMA,How often do you lose track of time while doing something you enjoy?,How often do you lose track of time while doing something you enjoy?
PERMA5_5,PERMA,How often do you lose track of time while doing something you enjoy?,How often do you lose track of time while doing something you enjoy?
PERMA5_5,PERMA,How often do you lose track of time while doing something you enjoy?,How often do you lose track of time while doing something you enjoy?
PERMA5_5,PERMA,How often do you lose track of time while doing something you enjoy?,How often do you lose track of time while doing something you enjoy?
PERMA5_5,PERMA,How often do you lose track of time while doing something you enjoy?,How often do you lose track of time while doing something you enjoy?
PERMA6_1,PERMA,"Compared to others of your same age and sex, how is your health?","Compared to others of your same age and sex, how is your health?"
PERMA6_1,PERMA,"Compared to others of your same age and sex, how is your health?","Compared to others of your same age and sex, how is your health?"
PERMA6_1,PERMA,"Compared to others of your same age and sex, how is your health?","Compared to others of your same age and sex, how is your health?"
PERMA6_1,PERMA,"Compared to others of your same age and sex, how is your health?","Compared to others of your same age and sex, how is your health?"
PERMA6_1,PERMA,"Compared to others of your same age and sex, how is your health?","Compared to others of your same age and sex, how is your health?"
PERMA6_1,PERMA,"Compared to others of your same age and sex, how is your health?","Compared to others of your same age and sex, how is your health?"
PERMA6_1,PERMA,"Compared to others of your same age and sex, how is your health?","Compared to others of your same age and sex, how is your health?"
PERMA6_1,PERMA,"Compared to others of your same age and sex, how is your health?","Compared to others of your same age and sex, how is your health?"
PERMA6_1,PERMA,"Compared to others of your same age and sex, how is your health?","Compared to other people of your same age and sex, how is your health?"
PERMA6_1,PERMA,"Compared to others of your same age and sex, how is your health?","Compared to others of your same age and sex, how is your health?"
PERMA7_1,PERMA,To what extent do you feel you have a sense of direction in your life?,To what extent do you feel you have a sense of direction in your life?
PERMA7_1,PERMA,To what extent do you feel you have a sense of direction in your life?,To what extent do you feel you have a sense of direction in your life?
PERMA7_1,PERMA,To what extent do you feel you have a sense of direction in your life?,To what extent do you feel you have a sense of direction in your life?
PERMA7_1,PERMA,To what extent do you feel you have a sense of direction in your life?,To what extent do you feel you have a sense of direction in your life?
PERMA7_1,PERMA,To what extent do you feel you have a sense of direction in your life?,To what extent do you feel you have a sense of direction in your life?
PERMA7_1,PERMA,To what extent do you feel you have a sense of direction in your life?,To what extent do you feel you have a sense of direction in your life?
PERMA7_1,PERMA,To what extent do you feel you have a sense of direction in your life?,To what extent do you feel you have a sense of direction in your life?
PERMA7_1,PERMA,To what extent do you feel you have a sense of direction in your life?,To what extent do you feel you have a sense of direction in your life?
PERMA7_1,PERMA,To what extent do you feel you have a sense of direction in your life?,To what extent do you feel you have a sense of direction in your life?
PERMA7_1,PERMA,To what extent do you feel you have a sense of direction in your life?,To what extent do you feel you have a sense of direction in your life?
PERMA7_2,PERMA,How satisfied are you with your personal relationships?,How satisfied are you with your personal relationships?
PERMA7_2,PERMA,How satisfied are you with your personal relationships?,How satisfied are you with your personal relationships?
PERMA7_2,PERMA,How satisfied are you with your personal relationships?,How satisfied are you with your relationships?
PERMA7_2,PERMA,How satisfied are you with your personal relationships?,How satisfied is your relationship with your partner?
PERMA7_2,PERMA,How satisfied are you with your personal relationships?,How satisfied is your personal relationships?
PERMA7_2,PERMA,How satisfied are you with your personal relationships?,How satisfied are you with your relationships?
PERMA7_2,PERMA,How satisfied are you with your personal relationships?,How satisfied are you with your personal relationships?
PERMA7_2,PERMA,How satisfied are you with your personal relationships?,How satisfied are you with your personal relationships?
PERMA7_2,PERMA,How satisfied are you with your personal relationships?,How satisfied are you with your relationships?
PERMA7_2,PERMA,How satisfied are you with your personal relationships?,How satisfied are you with your relationships?
PERMA7_3,PERMA,To what extent do you feel loved?,To what extent do you feel loved?
PERMA7_3,PERMA,To what extent do you feel loved?,To what extent do you feel loved?
PERMA7_3,PERMA,To what extent do you feel loved?,To what extent do you feel loved?
PERMA7_3,PERMA,To what extent do you feel loved?,To what extent do you feel loved?
PERMA7_3,PERMA,To what extent do you feel loved?,To what extent do you feel loved?
PERMA7_3,PERMA,To what extent do you feel loved?,To what extent do you feel loved?
PERMA7_3,PERMA,To what extent do you feel loved?,To what extent do you feel loved?
PERMA7_3,PERMA,To what extent do you feel loved?,To what extent do you feel loved?
PERMA7_3,PERMA,To what extent do you feel loved?,To what extent do you feel loved?
PERMA7_3,PERMA,To what extent do you feel loved?,To what extent do you feel loved?
PERMA7_4,PERMA,To what extent do you feel contented?,At what extent do you feel contented?
PERMA7_4,PERMA,To what extent do you feel contented?,To what extent do you feel contented?
PERMA7_4,PERMA,To what extent do you feel contented?,To what extent do you feel contented?
PERMA7_4,PERMA,To what extent do you feel contented?,"When you feel content, you feel guilty."
PERMA7_4,PERMA,To what extent do you feel contented?,To what extent do you feel contented?
PERMA7_4,PERMA,To what extent do you feel contented?,To what extent do you feel contented?
PERMA7_4,PERMA,To what extent do you feel contented?,"When you feel content, you feel content."
PERMA7_4,PERMA,To what extent do you feel contented?,To what extent do you feel contented?
PERMA7_4,PERMA,To what extent do you feel contented?,To what extent do you feel contented?
PERMA7_4,PERMA,To what extent do you feel contented?,To what extent do you feel contented?
PERMA8_1,PERMA,"Taking all things together, how happy would you say you are?",How happy would you say you are?
PERMA8_1,PERMA,"Taking all things together, how happy would you say you are?","Taking all things together, how happy would you say you are?"
PERMA8_1,PERMA,"Taking all things together, how happy would you say you are?","Taking all things together, how happy would you say you are?"
PERMA8_1,PERMA,"Taking all things together, how happy would you say you are?","Taking all things together, how happy would you say you are?"
PERMA8_1,PERMA,"Taking all things together, how happy would you say you are?","Taking all things together, how happy would you say you are?"
PERMA8_1,PERMA,"Taking all things together, how happy would you say you are?","Taking all things together, how happy would you say you are?"
PERMA8_1,PERMA,"Taking all things together, how happy would you say you are?",How happy would you say you are?
PERMA8_1,PERMA,"Taking all things together, how happy would you say you are?","Taking all things together, how happy would you say you are?"
PERMA8_1,PERMA,"Taking all things together, how happy would you say you are?","Taking all things together, how happy would you say you are?"
PERMA8_1,PERMA,"Taking all things together, how happy would you say you are?","Taking all things together, how happy would you say you are?"
PSS_1,PSS,"During the past month, what time have you usually gone to bed at night?","During the past month, what time have you usually gone to bed at night?"
PSS_1,PSS,"During the past month, what time have you usually gone to bed at night?","During the past month, what time have you normally gone to bed at night?"
PSS_1,PSS,"During the past month, what time have you usually gone to bed at night?","During the past month, what time have you normally gone to bed at night?"
PSS_1,PSS,"During the past month, what time have you usually gone to bed at night?",When do you usually go to bed at night?
PSS_1,PSS,"During the past month, what time have you usually gone to bed at night?","During the past month, what time have you usually gone to bed at night?"
PSS_1,PSS,"During the past month, what time have you usually gone to bed at night?","During the past month, what time have you usually gone to bed at night?"
PSS_1,PSS,"During the past month, what time have you usually gone to bed at night?","During the past month, what time have you usually gone to bed at night?"
PSS_1,PSS,"During the past month, what time have you usually gone to bed at night?","During the past month, what time have you normally gone to bed at night?"
PSS_1,PSS,"During the past month, what time have you usually gone to bed at night?","During the past month, what time have you usually gone to bed at night?"
PSS_1,PSS,"During the past month, what time have you usually gone to bed at night?","During the past month, what time have you usually gone to bed at night?"
PSS_2,PSS,"During the past month, how long (in minutes) has it usually taken you to fall asleep each night?","During the past month, it usually takes you to fall asleep every night."
PSS_2,PSS,"During the past month, how long (in minutes) has it usually taken you to fall asleep each night?","During the past month, it usually took you to fall asleep every night."
PSS_2,PSS,"During the past month, how long (in minutes) has it usually taken you to fall asleep each night?","During the past month, the amount of time it takes you to fall asleep each night is around ."
PSS_2,PSS,"During the past month, how long (in minutes) has it usually taken you to fall asleep each night?","During the past month, how long has it usually taken you to fall asleep each night?"
PSS_2,PSS,"During the past month, how long (in minutes) has it usually taken you to fall asleep each night?","During the past month, it usually took you to fall asleep every night."
PSS_2,PSS,"During the past month, how long (in minutes) has it usually taken you to fall asleep each night?","During the past month, it usually takes you to fall asleep every night."
PSS_2,PSS,"During the past month, how long (in minutes) has it usually taken you to fall asleep each night?","During the past month, how long has it usually taken you to fall asleep each night?"
PSS_2,PSS,"During the past month, how long (in minutes) has it usually taken you to fall asleep each night?","During the past month, it usually took you to fall asleep each night."
PSS_2,PSS,"During the past month, how long (in minutes) has it usually taken you to fall asleep each night?","In the past month, the average hour of sleep is usually a quarter of the time."
PSS_2,PSS,"During the past month, how long (in minutes) has it usually taken you to fall asleep each night?","During the past month, a period of time has been used for sleeping."
PSS_3,PSS,"During the past month, what time have you usually gotten up in the morning?","During the past month, what time have you usually gotten up in the morning?"
PSS_3,PSS,"During the past month, what time have you usually gotten up in the morning?","During the past month, what time have you usually gotten up in the morning?"
PSS_3,PSS,"During the past month, what time have you usually gotten up in the morning?","During the past month, what time have you usually gotten up in the morning?"
PSS_3,PSS,"During the past month, what time have you usually gotten up in the morning?","During the past month, what time have you usually gotten up in the morning?"
PSS_3,PSS,"During the past month, what time have you usually gotten up in the morning?","During the past month, what time have you usually gotten up in the morning?"
PSS_3,PSS,"During the past month, what time have you usually gotten up in the morning?","During the past month, what time have you usually gotten up in the morning?"
PSS_3,PSS,"During the past month, what time have you usually gotten up in the morning?","During the past month, what time have you usually gotten up in the morning?"
PSS_3,PSS,"During the past month, what time have you usually gotten up in the morning?","During the past month, what time have you usually gotten up in the morning?"
PSS_3,PSS,"During the past month, what time have you usually gotten up in the morning?","During the past month, what time have you usually gotten up in the morning?"
PSS_3,PSS,"During the past month, what time have you usually gotten up in the morning?","During the past month, what time have you usually gotten up in the morning?"
PSS_4,PSS,"During the past month, how many hours of actual sleep did you get at night?","During the past month, how many hours of sleep did you get at night?"
PSS_4,PSS,"During the past month, how many hours of actual sleep did you get at night?",How many hours of actual sleep did you get at night?
PSS_4,PSS,"During the past month, how many hours of actual sleep did you get at night?","During the past month, how many hours of sleep did you get at night?"
PSS_4,PSS,"During the past month, how many hours of actual sleep did you get at night?",How many hours of actual sleep did you get at night?
PSS_4,PSS,"During the past month, how many hours of actual sleep did you get at night?","In the past month, you had slept 10 hours of actual sleep."
PSS_4,PSS,"During the past month, how many hours of actual sleep did you get at night?","During the past month, how many hours of sleep did you get at night?"
PSS_4,PSS,"During the past month, how many hours of actual sleep did you get at night?","During the past month, how many hours of sleep did you get at night?"
PSS_4,PSS,"During the past month, how many hours of actual sleep did you get at night?","During the past month, you had a total of 15 hours of actual sleep."
PSS_4,PSS,"During the past month, how many hours of actual sleep did you get at night?","During the past month, you had a total of a total of a total of 2 hours."
PSS_4,PSS,"During the past month, how many hours of actual sleep did you get at night?",How many hours of actual sleep did you get at night?
PSS_5_1,PSS,"During the past month, how often have you had trouble sleeping because you cannot get to sleep within 30 minutes?","During the past month, how often have you been sleeping in 30 minutes?"
PSS_5_1,PSS,"During the past month, how often have you had trouble sleeping because you cannot get to sleep within 30 minutes?","During the past month, how often have you had trouble sleeping?"
PSS_5_1,PSS,"During the past month, how often have you had trouble sleeping because you cannot get to sleep within 30 minutes?","In the past month, how often have you been able to sleep?"
PSS_5_1,PSS,"During the past month, how often have you had trouble sleeping because you cannot get to sleep within 30 minutes?","During the past month, how often have you had trouble sleeping because you cannot get to sleep within 30 minutes?"
PSS_5_1,PSS,"During the past month, how often have you had trouble sleeping because you cannot get to sleep within 30 minutes?","During the past month, how often have you had trouble sleeping because you cannot get to sleep within 30 minutes?"
PSS_5_1,PSS,"During the past month, how often have you had trouble sleeping because you cannot get to sleep within 30 minutes?","During the past month, how often have you had trouble sleeping because you cannot get to sleep within 30 minutes?"
PSS_5_1,PSS,"During the past month, how often have you had trouble sleeping because you cannot get to sleep within 30 minutes?","During the past month, how often have you had trouble sleeping because you cannot get to sleep within 30 minutes?"
PSS_5_1,PSS,"During the past month, how often have you had trouble sleeping because you cannot get to sleep within 30 minutes?","During the past month, how often have you been able to sleep within 30 minutes?"
PSS_5_1,PSS,"During the past month, how often have you had trouble sleeping because you cannot get to sleep within 30 minutes?","During the past month, how often have you had trouble sleeping because you cannot get to sleep within 30 minutes?"
PSS_5_1,PSS,"During the past month, how often have you had trouble sleeping because you cannot get to sleep within 30 minutes?","During the past month, how often have you had trouble sleeping because you cannot get to sleep within 30 minutes?"
PSS_5_2,PSS,"During the past month, how often have you had trouble sleeping because you wake up in the middle of the night or early morning?","During the past month, how often have you had trouble sleeping because you wake up in the middle of the night or early morning?"
PSS_5_2,PSS,"During the past month, how often have you had trouble sleeping because you wake up in the middle of the night or early morning?","During the past month, how often have you had trouble sleeping because you wake up in the middle of the night or early morning?"
PSS_5_2,PSS,"During the past month, how often have you had trouble sleeping because you wake up in the middle of the night or early morning?","During the past month, how often have you had trouble sleeping because you wake up in the middle of the night or early morning?"
PSS_5_2,PSS,"During the past month, how often have you had trouble sleeping because you wake up in the middle of the night or early morning?","When the last month, how often have you had trouble sleeping because you wake up in the middle of the night or early morning?"
PSS_5_2,PSS,"During the past month, how often have you had trouble sleeping because you wake up in the middle of the night or early morning?","When you wake up in the middle of the night or early morning, you have trouble sleeping."
PSS_5_2,PSS,"During the past month, how often have you had trouble sleeping because you wake up in the middle of the night or early morning?","During the past month, how often have you had trouble sleeping because you wake up in the middle of the night or early morning?"
PSS_5_2,PSS,"During the past month, how often have you had trouble sleeping because you wake up in the middle of the night or early morning?","During the past month, how often have you had trouble sleeping because you wake up in the middle of the night or early morning?"
PSS_5_2,PSS,"During the past month, how often have you had trouble sleeping because you wake up in the middle of the night or early morning?","During the past month, how often have you had trouble sleeping because you wake up in the middle of the night or early morning?"
PSS_5_2,PSS,"During the past month, how often have you had trouble sleeping because you wake up in the middle of the night or early morning?","During the past month, how often have you had trouble sleeping because you wake up in the middle of the night or early morning?"
PSS_5_2,PSS,"During the past month, how often have you had trouble sleeping because you wake up in the middle of the night or early morning?","During the past month, how often have you had trouble sleeping because you wake up in the middle of the night or early morning?"
PSS_5_3,PSS,"During the past month, how often have you had trouble sleeping because you have to get up to use the bathroom?","During the past month, how often have you had trouble sleeping because you have to get up to use the bathroom?"
PSS_5_3,PSS,"During the past month, how often have you had trouble sleeping because you have to get up to use the bathroom?","During the past month, how often have you had trouble sleeping because you have to get up to use the bathroom?"
PSS_5_3,PSS,"During the past month, how often have you had trouble sleeping because you have to get up to use the bathroom?","During the past month, how often have you had trouble sleeping because you have to get up to use the bathroom?"
PSS_5_3,PSS,"During the past month, how often have you had trouble sleeping because you have to get up to use the bathroom?","During the past month, how often have you had trouble sleeping because you have to get up to use the bathroom?"
PSS_5_3,PSS,"During the past month, how often have you had trouble sleeping because you have to get up to use the bathroom?","During the past month, how often have you had trouble sleeping because you have to get up to use the bathroom?"
PSS_5_3,PSS,"During the past month, how often have you had trouble sleeping because you have to get up to use the bathroom?","When you had trouble sleeping, what have you had trouble sleeping?"
PSS_5_3,PSS,"During the past month, how often have you had trouble sleeping because you have to get up to use the bathroom?","During the past month, how often have you had trouble sleeping because you have to get up to use the bathroom?"
PSS_5_3,PSS,"During the past month, how often have you had trouble sleeping because you have to get up to use the bathroom?","During the past month, how often have you had trouble sleeping because you have to get up to use the bathroom?"
PSS_5_3,PSS,"During the past month, how often have you had trouble sleeping because you have to get up to use the bathroom?","During the past month, how often have you had trouble sleeping because you have to get up to use the bathroom?"
PSS_5_3,PSS,"During the past month, how often have you had trouble sleeping because you have to get up to use the bathroom?","During the past month, how often have you had trouble sleeping because you have to get up to use the bathroom?"
PSS_5_4,PSS,"During the past month, how often have you had trouble sleeping because you cannot breathe comfortably?","During the past month, how often have you had trouble sleeping because you cannot breathe comfortably?"
PSS_5_4,PSS,"During the past month, how often have you had trouble sleeping because you cannot breathe comfortably?","During the past month, how often have you had trouble sleeping because you cannot breathe comfortably?"
PSS_5_4,PSS,"During the past month, how often have you had trouble sleeping because you cannot breathe comfortably?","During the past month, how often have you had trouble sleeping because you cannot breathe comfortably?"
PSS_5_4,PSS,"During the past month, how often have you had trouble sleeping because you cannot breathe comfortably?","During the past month, how often have you had trouble sleeping because you cannot breathe comfortably?"
PSS_5_4,PSS,"During the past month, how often have you had trouble sleeping because you cannot breathe comfortably?","During the past month, how often have you had trouble sleeping because you cannot breathe comfortably?"
PSS_5_4,PSS,"During the past month, how often have you had trouble sleeping because you cannot breathe comfortably?","During the past month, how often have you had trouble sleeping because you cannot breathe comfortably?"
PSS_5_4,PSS,"During the past month, how often have you had trouble sleeping because you cannot breathe comfortably?","During the past month, how often have you had trouble sleeping because you cannot breathe comfortably?"
PSS_5_4,PSS,"During the past month, how often have you had trouble sleeping because you cannot breathe comfortably?","During the past month, how often have you had trouble sleeping because you cannot breathe comfortably?"
PSS_5_4,PSS,"During the past month, how often have you had trouble sleeping because you cannot breathe comfortably?","During the past month, how often have you had trouble sleeping because you cannot breathe comfortably?"
PSS_5_4,PSS,"During the past month, how often have you had trouble sleeping because you cannot breathe comfortably?","During the past month, how often have you had trouble sleeping because you cannot breathe comfortably?"
PSS_5_5,PSS,"During the past month, how often have you had trouble sleeping because you cough or snore loudly?","During the past month, how often have you had trouble sleeping because you cough or snore loudly?"
PSS_5_5,PSS,"During the past month, how often have you had trouble sleeping because you cough or snore loudly?","During the past month, how often have you had trouble sleeping because you cough or snore loudly?"
PSS_5_5,PSS,"During the past month, how often have you had trouble sleeping because you cough or snore loudly?","During the past month, how often have you had trouble sleeping because you cough or snore loudly?"
PSS_5_5,PSS,"During the past month, how often have you had trouble sleeping because you cough or snore loudly?","During the past month, how often have you been able to sleep because you cough or snore loudly?"
PSS_5_5,PSS,"During the past month, how often have you had trouble sleeping because you cough or snore loudly?","During the past month, how often have you been sleeping because you cough or snore loudly?"
PSS_5_5,PSS,"During the past month, how often have you had trouble sleeping because you cough or snore loudly?","During the past month, how often have you been able to sleep because you cough or snore loudly?"
PSS_5_5,PSS,"During the past month, how often have you had trouble sleeping because you cough or snore loudly?","During the past month, how often have you had trouble sleeping because you cough or snore loudly?"
PSS_5_5,PSS,"During the past month, how often have you had trouble sleeping because you cough or snore loudly?","During the past month, how often have you had trouble sleeping because you cough or snore loudly?"
PSS_5_5,PSS,"During the past month, how often have you had trouble sleeping because you cough or snore loudly?","During the past month, how often have you had trouble sleeping because you cough or snore loudly?"
PSS_5_5,PSS,"During the past month, how often have you had trouble sleeping because you cough or snore loudly?","During the past month, how often have you had trouble sleeping because you cough or snore loudly?"
PSS_5_6,PSS,"During the past month, how often have you had trouble sleeping because you feel too cold?","During the past month, how often have you had trouble sleeping because you feel too cold?"
PSS_5_6,PSS,"During the past month, how often have you had trouble sleeping because you feel too cold?","During the past month, how often have you had trouble sleeping because you feel too cold?"
PSS_5_6,PSS,"During the past month, how often have you had trouble sleeping because you feel too cold?","During the past month, how often have you had trouble sleeping because you feel too cold?"
PSS_5_6,PSS,"During the past month, how often have you had trouble sleeping because you feel too cold?","During the past month, how often have you had trouble sleeping because you feel too cold?"
PSS_5_6,PSS,"During the past month, how often have you had trouble sleeping because you feel too cold?","During the past month, how often have you had trouble sleeping because you feel too cold?"
PSS_5_6,PSS,"During the past month, how often have you had trouble sleeping because you feel too cold?","During the past month, how often have you been worried about sleeping?"
PSS_5_6,PSS,"During the past month, how often have you had trouble sleeping because you feel too cold?","During the past month, how often have you had trouble sleeping because you feel too cold?"
PSS_5_6,PSS,"During the past month, how often have you had trouble sleeping because you feel too cold?","During the past month, how often have you had trouble sleeping because you feel too cold?"
PSS_5_6,PSS,"During the past month, how often have you had trouble sleeping because you feel too cold?","During the past month, how often have you had trouble sleeping because you feel too cold?"
PSS_5_6,PSS,"During the past month, how often have you had trouble sleeping because you feel too cold?","During the past month, how often have you had trouble sleeping because you feel too cold?"
PSS_5_7,PSS,"During the past month, how often have you had trouble sleeping because you feel too hot?","During the past month, how often have you had trouble sleeping because you feel too hot?"
PSS_5_7,PSS,"During the past month, how often have you had trouble sleeping because you feel too hot?","During the past month, how often have you had trouble sleeping because you feel too hot?"
PSS_5_7,PSS,"During the past month, how often have you had trouble sleeping because you feel too hot?","During the past month, how often have you had trouble sleeping because you feel too hot?"
PSS_5_7,PSS,"During the past month, how often have you had trouble sleeping because you feel too hot?","During the past month, how often have you had trouble sleeping because you feel too hot?"
PSS_5_7,PSS,"During the past month, how often have you had trouble sleeping because you feel too hot?","During the past month, how often have you been sleeping because you feel too hot?"
PSS_5_7,PSS,"During the past month, how often have you had trouble sleeping because you feel too hot?","During the past month, how often have you had trouble sleeping because you feel too hot?"
PSS_5_7,PSS,"During the past month, how often have you had trouble sleeping because you feel too hot?","During the past month, how often have you had trouble sleeping because you feel too hot?"
PSS_5_7,PSS,"During the past month, how often have you had trouble sleeping because you feel too hot?","During the past month, how often have you had trouble sleeping because you feel too hot?"
PSS_5_7,PSS,"During the past month, how often have you had trouble sleeping because you feel too hot?","During the past month, how often have you had trouble sleeping because you feel too hot?"
PSS_5_7,PSS,"During the past month, how often have you had trouble sleeping because you feel too hot?","During the past month, how often have you had trouble sleeping because you feel too hot?"
PSS_5_8,PSS,"During the past month, how often have you had trouble sleeping because you have bad dreams?","During the past month, how often have you had trouble sleeping because you have bad dreams?"
PSS_5_8,PSS,"During the past month, how often have you had trouble sleeping because you have bad dreams?","During the past month, how often have you had trouble sleeping because you have bad dreams?"
PSS_5_8,PSS,"During the past month, how often have you had trouble sleeping because you have bad dreams?","During the past month, how often have you had trouble sleeping because you have bad dreams?"
PSS_5_8,PSS,"During the past month, how often have you had trouble sleeping because you have bad dreams?","During the past month, how often have you had trouble sleeping because you have bad dreams?"
PSS_5_8,PSS,"During the past month, how often have you had trouble sleeping because you have bad dreams?","During the past month, how often have you had trouble sleeping because you have bad dreams?"
PSS_5_8,PSS,"During the past month, how often have you had trouble sleeping because you have bad dreams?","During the past month, how often have you had trouble sleeping because you have bad dreams?"
PSS_5_8,PSS,"During the past month, how often have you had trouble sleeping because you have bad dreams?","During the past month, how often have you had trouble sleeping because you have bad dreams?"
PSS_5_8,PSS,"During the past month, how often have you had trouble sleeping because you have bad dreams?","During the past month, how often have you had trouble sleeping because you have bad dreams?"
PSS_5_8,PSS,"During the past month, how often have you had trouble sleeping because you have bad dreams?","During the past month, how often have you had trouble sleeping because you have bad dreams?"
PSS_5_8,PSS,"During the past month, how often have you had trouble sleeping because you have bad dreams?","During the past month, how often have you had trouble sleeping because you have bad dreams?"
PSS_5_9,PSS,"During the past month, how often have you had trouble sleeping because you have pain?","During the past month, how often have you had trouble sleeping because you have pain?"
PSS_5_9,PSS,"During the past month, how often have you had trouble sleeping because you have pain?","During the past month, how often have you had trouble sleeping because you have pain?"
PSS_5_9,PSS,"During the past month, how often have you had trouble sleeping because you have pain?","During the past month, how often have you had trouble sleeping because you have pain?"
PSS_5_9,PSS,"During the past month, how often have you had trouble sleeping because you have pain?","During the past month, how often have you had trouble sleeping because you have pain?"
PSS_5_9,PSS,"During the past month, how often have you had trouble sleeping because you have pain?","During the past month, how often have you been sleepy since you had pain?"
PSS_5_9,PSS,"During the past month, how often have you had trouble sleeping because you have pain?","During the past month, how often have you had trouble sleeping because you have pain?"
PSS_5_9,PSS,"During the past month, how often have you had trouble sleeping because you have pain?","During the past month, how often have you had trouble sleeping because you have pain?"
PSS_5_9,PSS,"During the past month, how often have you had trouble sleeping because you have pain?","During the past month, how often have you been suffering from pain?"
PSS_5_9,PSS,"During the past month, how often have you had trouble sleeping because you have pain?","During the past month, how often have you had trouble sleeping because you have pain?"
PSS_5_9,PSS,"During the past month, how often have you had trouble sleeping because you have pain?","During the past month, how often have you had trouble sleeping because you have pain?"
PSS_5_10,PSS,"During the past month, how often have you had trouble sleeping because of other reasons?","During the past month, how often have you had trouble sleeping because of other reasons?"
PSS_5_10,PSS,"During the past month, how often have you had trouble sleeping because of other reasons?","During the past month, how often have you had trouble sleeping?"
PSS_5_10,PSS,"During the past month, how often have you had trouble sleeping because of other reasons?","During the past month, how often have you had trouble sleeping due to other reasons?"
PSS_5_10,PSS,"During the past month, how often have you had trouble sleeping because of other reasons?","During the past month, how often have you been sleeping because of other reasons?"
PSS_5_10,PSS,"During the past month, how often have you had trouble sleeping because of other reasons?","During the past month, how often have you had trouble sleeping because of other reasons?"
PSS_5_10,PSS,"During the past month, how often have you had trouble sleeping because of other reasons?","During the past month, how often have you been sleeping due to other reasons?"
PSS_5_10,PSS,"During the past month, how often have you had trouble sleeping because of other reasons?","During the past month, how often have you had trouble sleeping because of other reasons?"
PSS_5_10,PSS,"During the past month, how often have you had trouble sleeping because of other reasons?","During the past month, how often have you been sleeping because of other reasons?"
PSS_5_10,PSS,"During the past month, how often have you had trouble sleeping because of other reasons?","During the past month, how often have you had trouble sleeping because of other reasons?"
PSS_5_10,PSS,"During the past month, how often have you had trouble sleeping because of other reasons?","During the past month, how often have you had trouble sleeping because of other reasons?"
PSS_6,PSS,"During the past month, how would you rate your sleep quality overall?","When you sleep in the past month, you would rate it to more accurately."
PSS_6,PSS,"During the past month, how would you rate your sleep quality overall?","In the past month, you would rate your sleep quality at a higher rate."
PSS_6,PSS,"During the past month, how would you rate your sleep quality overall?","When you have a good sleep quality, you should rate it."
PSS_6,PSS,"During the past month, how would you rate your sleep quality overall?",How would you rate your sleep quality overall?
PSS_6,PSS,"During the past month, how would you rate your sleep quality overall?","During the past month, how would you rate your sleep quality overall?"
PSS_6,PSS,"During the past month, how would you rate your sleep quality overall?","During the past month, you would rate your sleep quality."
PSS_6,PSS,"During the past month, how would you rate your sleep quality overall?","During the past month, you would rate your sleep quality."
PSS_6,PSS,"During the past month, how would you rate your sleep quality overall?","During the past month, you would rate your sleep quality."
PSS_6,PSS,"During the past month, how would you rate your sleep quality overall?","During the past month, you would rate your sleep quality."
PSS_6,PSS,"During the past month, how would you rate your sleep quality overall?","During the past month, how would you rate your sleep quality overall?"
PSS_7,PSS,"During the past month, how often have you taken medicine to help you sleep (prescribed or over the counter)?","During the past month, how often have you taken medicine to help you sleep (prescribed or over the counter)?"
PSS_7,PSS,"During the past month, how often have you taken medicine to help you sleep (prescribed or over the counter)?",When you have taken medicine to help you sleep (prescribed or over the counter)?
PSS_7,PSS,"During the past month, how often have you taken medicine to help you sleep (prescribed or over the counter)?","In the past month, how often have you taken medicine to help you sleep (prescribed or over the counter)?"
PSS_7,PSS,"During the past month, how often have you taken medicine to help you sleep (prescribed or over the counter)?","During the past month, how often have you taken medicine to help you sleep (prescribed or over the counter)?"
PSS_7,PSS,"During the past month, how often have you taken medicine to help you sleep (prescribed or over the counter)?","During the past month, how often have you taken medicine to help you sleep (prescribed or over the counter)?"
PSS_7,PSS,"During the past month, how often have you taken medicine to help you sleep (prescribed or over the counter)?","During the past month, how often have you taken medicine to help you sleep (prescribed or over the counter)?"
PSS_7,PSS,"During the past month, how often have you taken medicine to help you sleep (prescribed or over the counter)?","During the past month, how often have you taken medicine to help you sleep (prescribed or over the counter)?"
PSS_7,PSS,"During the past month, how often have you taken medicine to help you sleep (prescribed or over the counter)?","During the past month, how often have you taken medicine to help you sleep (prescribed or over the counter)?"
PSS_7,PSS,"During the past month, how often have you taken medicine to help you sleep (prescribed or over the counter)?","During the past month, how often have you taken medicine to help you sleep (prescribed or over the counter)?"
PSS_7,PSS,"During the past month, how often have you taken medicine to help you sleep (prescribed or over the counter)?","During the past month, how often have you taken medicine to help you sleep (prescribed or over the counter)?"
PSS_8,PSS,"During the past month, how often have you had trouble staying awake while driving, eating meals, or engaging in social activity?","During the past month, how often have you been distracted by driving, eating meals, or engaging in social activity?"
PSS_8,PSS,"During the past month, how often have you had trouble staying awake while driving, eating meals, or engaging in social activity?","During the past month, how often have you had trouble staying awake while driving, eating meals, or engaging in social activity?"
PSS_8,PSS,"During the past month, how often have you had trouble staying awake while driving, eating meals, or engaging in social activity?","During the past month, how often have you had trouble staying awake while driving, eating meals, or engaging in social activity?"
PSS_8,PSS,"During the past month, how often have you had trouble staying awake while driving, eating meals, or engaging in social activity?","When you have been driving, eating meals, or engaging in social activity, you are often wake up at night."
PSS_8,PSS,"During the past month, how often have you had trouble staying awake while driving, eating meals, or engaging in social activity?","During the past month, how often have you had trouble staying awake while driving, eating meals, or engaging in social activity?"
PSS_8,PSS,"During the past month, how often have you had trouble staying awake while driving, eating meals, or engaging in social activity?","During the past month, how often have you had trouble staying awake while driving, eating meals, or engaging in social activity?"
PSS_8,PSS,"During the past month, how often have you had trouble staying awake while driving, eating meals, or engaging in social activity?","During the past month, how often have you had trouble staying awake while driving?"
PSS_8,PSS,"During the past month, how often have you had trouble staying awake while driving, eating meals, or engaging in social activity?","During the past month, how often have you had trouble staying awake while driving, eating meals, or engaging in social activity?"
PSS_8,PSS,"During the past month, how often have you had trouble staying awake while driving, eating meals, or engaging in social activity?","During the past month, how often have you had trouble staying awake while driving, eating meals, or engaging in social activity?"
PSS_8,PSS,"During the past month, how often have you had trouble staying awake while driving, eating meals, or engaging in social activity?","During the past month, how often have you had trouble staying awake while driving, eating meals, or engaging in social activity?"
PSS_9,PSS,"During the past month, how much of a problem has it been for you to keep up enough enthusiasm to get things done?","When you start a new job, you have to keep up enough enthusiasm to get things done."
PSS_9,PSS,"During the past month, how much of a problem has it been for you to keep up enough enthusiasm to get things done?","During the past month, how much of a problem has it been to keep up enough enthusiasm to get things done?"
PSS_9,PSS,"During the past month, how much of a problem has it been for you to keep up enough enthusiasm to get things done?","During the past month, how much of a problem has it been for you to keep up enough enthusiasm to get things done?"
PSS_9,PSS,"During the past month, how much of a problem has it been for you to keep up enough enthusiasm to get things done?","During the past month, how much of a problem has it been for you to keep up enough enthusiasm to get things done?"
PSS_9,PSS,"During the past month, how much of a problem has it been for you to keep up enough enthusiasm to get things done?","During the past month, how much of a problem has it been for you to keep up enough enthusiasm to get things done?"
PSS_9,PSS,"During the past month, how much of a problem has it been for you to keep up enough enthusiasm to get things done?","In the past month, how many of a problem has it been for you to keep up enough enthusiasm to get things done?"
PSS_9,PSS,"During the past month, how much of a problem has it been for you to keep up enough enthusiasm to get things done?","During the past month, how much of a problem has it been for you to keep up enough enthusiasm to get things done?"
PSS_9,PSS,"During the past month, how much of a problem has it been for you to keep up enough enthusiasm to get things done?","During the past month, how much of a problem has it been for you to keep up enough enthusiasm to get things done?"
PSS_9,PSS,"During the past month, how much of a problem has it been for you to keep up enough enthusiasm to get things done?","When the past month begins, how much of a problem has it been for you to keep up enough enthusiasm to get things done?"
PSS_9,PSS,"During the past month, how much of a problem has it been for you to keep up enough enthusiasm to get things done?","During the past month, how much of a problem has it been for you to keep up enough enthusiasm to get things done?"
PSS_10_1,PSS,"During the past month, how often has your bed partner or room mate reported loud snoring?","During the past month, how often have your bed partner or roommate reported loud snoring?"
PSS_10_1,PSS,"During the past month, how often has your bed partner or room mate reported loud snoring?","During the past month, how often has your bed partner or roommate reported loud snoring?"
PSS_10_1,PSS,"During the past month, how often has your bed partner or room mate reported loud snoring?","During the past month, you have reported loud snoring, whereas the last month is more often."
PSS_10_1,PSS,"During the past month, how often has your bed partner or room mate reported loud snoring?","During the past month, how often has your bed partner or room mate reported loud snoring?"
PSS_10_1,PSS,"During the past month, how often has your bed partner or room mate reported loud snoring?","During the past month, how often has your bed partner or roommate reported loud snoring?"
PSS_10_1,PSS,"During the past month, how often has your bed partner or room mate reported loud snoring?","During the past month, how often has your bed partner or roommate reported loud snoring?"
PSS_10_1,PSS,"During the past month, how often has your bed partner or room mate reported loud snoring?","During the past month, how often has your bed partner or roommate reported loud snoring?"
PSS_10_1,PSS,"During the past month, how often has your bed partner or room mate reported loud snoring?","During the past month, how often has your bed partner or roommate reported loud snoring?"
PSS_10_1,PSS,"During the past month, how often has your bed partner or room mate reported loud snoring?","During the past month, how often has your bed partner or roommate reported loud snoring?"
PSS_10_1,PSS,"During the past month, how often has your bed partner or room mate reported loud snoring?","During the past month, how often has your bed partner or roommate reported loud snoring?"
PSS_10_2,PSS,"During the past month, how often has your bed partner or room mate reported long pauses between breaths while asleep?","During the past month, how often have your bed partner or room mate reported long pauses between breaths while asleep?"
PSS_10_2,PSS,"During the past month, how often has your bed partner or room mate reported long pauses between breaths while asleep?","During the past month, how often has your bed partner or room mate reported long pauses between breaths while sleeping?"
PSS_10_2,PSS,"During the past month, how often has your bed partner or room mate reported long pauses between breaths while asleep?","During the past month, how often has your bed partner or roommate reported long pauses between breaths while asleep?"
PSS_10_2,PSS,"During the past month, how often has your bed partner or room mate reported long pauses between breaths while asleep?","During the past month, how often has your bed partner or room mate reported long pauses between breaths while asleep?"
PSS_10_2,PSS,"During the past month, how often has your bed partner or room mate reported long pauses between breaths while asleep?","During the past month, how often has your bed partner or roommate reported long pauses between breaths while asleep?"
PSS_10_2,PSS,"During the past month, how often has your bed partner or room mate reported long pauses between breaths while asleep?","During the past month, how often has your bed partner or roommate reported long pauses between breaths while asleep?"
PSS_10_2,PSS,"During the past month, how often has your bed partner or room mate reported long pauses between breaths while asleep?","During the past month, how often has your bed partner or roommate reported long pauses between breaths while asleep?"
PSS_10_2,PSS,"During the past month, how often has your bed partner or room mate reported long pauses between breaths while asleep?","During the past month, how often has your bed partner or room mate reported long pauses between breaths while asleep?"
PSS_10_2,PSS,"During the past month, how often has your bed partner or room mate reported long pauses between breaths while asleep?","During the past month, how often has your bed partner or room mate reported long pauses between breaths while asleep?"
PSS_10_2,PSS,"During the past month, how often has your bed partner or room mate reported long pauses between breaths while asleep?","During the past month, how often has your bed partner or roommate reported long pauses between breaths while asleep?"
PSS_10_3,PSS,"During the past month, how often has your bed partner or room mate reported legs twitching or jerking while asleep?","During the past month, how often have your bed partner or room mate reported legs twitching or jerking while asleep?"
PSS_10_3,PSS,"During the past month, how often has your bed partner or room mate reported legs twitching or jerking while asleep?","During the past month, how often has your bed partner or room mate reported legs twitching or jerking while sleeping?"
PSS_10_3,PSS,"During the past month, how often has your bed partner or room mate reported legs twitching or jerking while asleep?","During the past month, how often have your bed partner or room mate reported legs twitching or jerking while asleep?"
PSS_10_3,PSS,"During the past month, how often has your bed partner or room mate reported legs twitching or jerking while asleep?","During the past month, how often has your bed partner or roommate reported legs twitching or jerking while asleep?"
PSS_10_3,PSS,"During the past month, how often has your bed partner or room mate reported legs twitching or jerking while asleep?","When you sleep in the past month, how often does your bed partner report legs twitching or jerking while asleep?"
PSS_10_3,PSS,"During the past month, how often has your bed partner or room mate reported legs twitching or jerking while asleep?","During the past month, how often has your bed partner or room mate reported legs twitching or jerking while asleep?"
PSS_10_3,PSS,"During the past month, how often has your bed partner or room mate reported legs twitching or jerking while asleep?","During the past month, how often has your bed partner or roommate reported legs twitching or jerking while asleep?"
PSS_10_3,PSS,"During the past month, how often has your bed partner or room mate reported legs twitching or jerking while asleep?","During the past month, how often has your bed partner or roommate reported legs twitching or jerking while asleep?"
PSS_10_3,PSS,"During the past month, how often has your bed partner or room mate reported legs twitching or jerking while asleep?","During the past month, how often have your bed partner or roommate reported legs twitching or jerking while asleep?"
PSS_10_3,PSS,"During the past month, how often has your bed partner or room mate reported legs twitching or jerking while asleep?","During the past month, how often have your bed partner or room mate reported legs twitching or jerking while asleep?"
PSS_10_4,PSS,"During the past month, how often has your bed partner or room mate reported episodes of disorientation or confusion during sleep?","During the past month, how often has your bed partner or room mate reported episodes of disorientation or confusion during sleep?"
PSS_10_4,PSS,"During the past month, how often has your bed partner or room mate reported episodes of disorientation or confusion during sleep?","During the past month, how often have your bed partner or roommate reported episodes of disorientation or confusion during sleep?"
PSS_10_4,PSS,"During the past month, how often has your bed partner or room mate reported episodes of disorientation or confusion during sleep?","During the past month, how often has your bed partner or room mate reported episodes of disorientation or confusion during sleep?"
PSS_10_4,PSS,"During the past month, how often has your bed partner or room mate reported episodes of disorientation or confusion during sleep?","During the past month, how often has your bed partner or roommate reported episodes of disorientation or confusion during sleep?"
PSS_10_4,PSS,"During the past month, how often has your bed partner or room mate reported episodes of disorientation or confusion during sleep?","During the past month, how often have your bed partner or roommate reported episodes of disorientation or confusion during sleep?"
PSS_10_4,PSS,"During the past month, how often has your bed partner or room mate reported episodes of disorientation or confusion during sleep?","During the past month, how often has your bed partner or roommate reported episodes of disorientation or confusion during sleep?"
PSS_10_4,PSS,"During the past month, how often has your bed partner or room mate reported episodes of disorientation or confusion during sleep?","During the past month, how often has your bed partner or room mate reported episodes of disorientation or confusion during sleep?"
PSS_10_4,PSS,"During the past month, how often has your bed partner or room mate reported episodes of disorientation or confusion during sleep?","During the past month, how often has your bed partner or roommate reported episodes of disorientation or confusion during sleep?"
PSS_10_4,PSS,"During the past month, how often has your bed partner or room mate reported episodes of disorientation or confusion during sleep?","During the past month, how often has your bed partner or roommate reported episodes of disorientation or confusion during sleep?"
PSS_10_4,PSS,"During the past month, how often has your bed partner or room mate reported episodes of disorientation or confusion during sleep?","During the past month, how often has your bed partner or room mate reported episodes of disorientation or confusion during sleep?"
PSS_10_5,PSS,"During the past month, how often has your bed partner or room mate reported other restlessness while you sleep?","During the past month, how often has your bed partner or roommate reported other restlessness while you sleep?"
PSS_10_5,PSS,"During the past month, how often has your bed partner or room mate reported other restlessness while you sleep?","During the past month, how often has your bed partner or roommate reported restlessness while you sleep?"
PSS_10_5,PSS,"During the past month, how often has your bed partner or room mate reported other restlessness while you sleep?","During the past month, how often has your bed partner or room mate reported other restlessness while you sleep?"
PSS_10_5,PSS,"During the past month, how often has your bed partner or room mate reported other restlessness while you sleep?","During the past month, how often has your bed partner or roommate reported other restlessness while you sleep?"
PSS_10_5,PSS,"During the past month, how often has your bed partner or room mate reported other restlessness while you sleep?","During the past month, how often has your bed partner or roommate reported restlessness while you sleep?"
PSS_10_5,PSS,"During the past month, how often has your bed partner or room mate reported other restlessness while you sleep?","During the past month, how often has your bed partner or roommate reported restlessness while you sleep?"
PSS_10_5,PSS,"During the past month, how often has your bed partner or room mate reported other restlessness while you sleep?","During the past month, how often has your bed partner or roommate reported other restlessness while you sleep?"
PSS_10_5,PSS,"During the past month, how often has your bed partner or room mate reported other restlessness while you sleep?","During the past month, how often has your bed partner or roommate reported restlessness while you sleep?"
PSS_10_5,PSS,"During the past month, how often has your bed partner or room mate reported other restlessness while you sleep?","When you sleep, it's often the same in the past month."
PSS_10_5,PSS,"During the past month, how often has your bed partner or room mate reported other restlessness while you sleep?","During the past month, how often has your bed partner or room mate reported other restlessness while you sleep?"
PWB_1,PWB,I like most parts of my personality.,I like most parts of my personality.
PWB_1,PWB,I like most parts of my personality.,I like most parts of my personality.
PWB_1,PWB,I like most parts of my personality.,I love most parts of my personality.
PWB_1,PWB,I like most parts of my personality.,I like most parts of my personality.
PWB_1,PWB,I like most parts of my personality.,I like most parts of my personality.
PWB_1,PWB,I like most parts of my personality.,I like most parts of my personality.
PWB_1,PWB,I like most parts of my personality.,I love all parts of my personality.
PWB_1,PWB,I like most parts of my personality.,I like most parts of my personality.
PWB_1,PWB,I like most parts of my personality.,I like most parts of my personality.
PWB_1,PWB,I like most parts of my personality.,I like most parts of my personality.
PWB_2,PWB,"When I look at the story of my life, I am pleased with how things have turned out so far.","When I look at the story of my life, I am pleased with how things have turned out so far."
PWB_2,PWB,"When I look at the story of my life, I am pleased with how things have turned out so far.","When I look at the story of my life, I am pleased with how things have turned out so far."
PWB_2,PWB,"When I look at the story of my life, I am pleased with how things have turned out so far.","When I look at the story of my life, I am pleased with how things have turned out so far."
PWB_2,PWB,"When I look at the story of my life, I am pleased with how things have turned out so far.","When I look at the story of my life, I am pleased with how things have turned out so far."
PWB_2,PWB,"When I look at the story of my life, I am pleased with how things have turned out so far.","When I look at the story of my life, I am pleased with how things have turned out so far."
PWB_2,PWB,"When I look at the story of my life, I am pleased with how things have turned out so far.","When I look at the story of my life, I am pleased with how things have turned out."
PWB_2,PWB,"When I look at the story of my life, I am pleased with how things have turned out so far.","When I look at the story of my life, I am pleased with how things have turned out so far."
PWB_2,PWB,"When I look at the story of my life, I am pleased with how things have turned out so far.","When I look at the story of my life, I am pleased with how things have turned out so far."
PWB_2,PWB,"When I look at the story of my life, I am pleased with how things have turned out so far.","When I look at the story of my life, I am pleased with how things have turned out so far."
PWB_2,PWB,"When I look at the story of my life, I am pleased with how things have turned out so far.",I look at the story of my life. I am pleased with how things have turned out so far.
PWB_3,PWB,"Some people wander aimlessly through life, but I am not one of them.","Some people wander aimlessly through life, but I am not one of them."
PWB_3,PWB,"Some people wander aimlessly through life, but I am not one of them.","Some people wander aimlessly through life, but I am not one of them."
PWB_3,PWB,"Some people wander aimlessly through life, but I am not one of them.","Some people wander aimlessly through life, but I am not one of them."
PWB_3,PWB,"Some people wander aimlessly through life, but I am not one of them.","Some people wander aimlessly through life, but I am not one of them."
PWB_3,PWB,"Some people wander aimlessly through life, but I am not one of them.","Some people wander aimlessly through life, but I am not one of them."
PWB_3,PWB,"Some people wander aimlessly through life, but I am not one of them.","Some people wander aimlessly through life, but I am not one of them."
PWB_3,PWB,"Some people wander aimlessly through life, but I am not one of them.","Some people wander aimlessly through life, but I am not one of them."
PWB_3,PWB,"Some people wander aimlessly through life, but I am not one of them.","Some people wander aimlessly through life, but I am not one of them."
PWB_3,PWB,"Some people wander aimlessly through life, but I am not one of them.","Some people wander aimlessly through life, but I am not one of them."
PWB_3,PWB,"Some people wander aimlessly through life, but I am not one of them.","Some people wander aimlessly through life, but I am not one of them."
PWB_4,PWB,The demands of everyday life often get me down.,The demands of everyday life often get me down.
PWB_4,PWB,The demands of everyday life often get me down.,The demands of everyday life often get me down.
PWB_4,PWB,The demands of everyday life often get me down.,The demands of everyday life often get me down.
PWB_4,PWB,The demands of everyday life often get me down.,The demands of everyday life often get me down.
PWB_4,PWB,The demands of everyday life often get me down.,The demands of everyday life often get me down.
PWB_4,PWB,The demands of everyday life often get me down.,The demands of everyday life often get me down.
PWB_4,PWB,The demands of everyday life often get me down.,I don't like everyday life.
PWB_4,PWB,The demands of everyday life often get me down.,The demands of everyday life are often getting me down.
PWB_4,PWB,The demands of everyday life often get me down.,The demands of everyday life often get me down.
PWB_4,PWB,The demands of everyday life often get me down.,The demands of everyday life often get me down.
PWB_5,PWB,In many ways I feel disappointed about my achievements in life.,In many ways I feel disappointed about my achievements in life.
PWB_5,PWB,In many ways I feel disappointed about my achievements in life.,I feel disappointed because I have no accomplishments in life.
PWB_5,PWB,In many ways I feel disappointed about my achievements in life.,In many ways I feel disappointed about my achievements in life.
PWB_5,PWB,In many ways I feel disappointed about my achievements in life.,In many ways I feel disappointed about my achievements in life.
PWB_5,PWB,In many ways I feel disappointed about my achievements in life.,In many ways I feel disappointed about my achievements in life.
PWB_5,PWB,In many ways I feel disappointed about my achievements in life.,In many ways I feel disappointed about my achievements in life.
PWB_5,PWB,In many ways I feel disappointed about my achievements in life.,I feel sad about my achievements in life.
PWB_5,PWB,In many ways I feel disappointed about my achievements in life.,I feel disappointed about my achievements in life.
PWB_5,PWB,In many ways I feel disappointed about my achievements in life.,In many ways I feel disappointed about my achievements in life.
PWB_5,PWB,In many ways I feel disappointed about my achievements in life.,In many ways I feel disappointed about my achievements in life.
PWB_6,PWB,Maintaining close relationships has been difficult and frustrating for me.,Maintaining close relationships has been difficult and frustrating for me.
PWB_6,PWB,Maintaining close relationships has been difficult and frustrating for me.,Maintaining close relationships has been difficult and frustrating for me.
PWB_6,PWB,Maintaining close relationships has been difficult and frustrating for me.,The relationship that I have had with my friends is difficult and frustrating.
PWB_6,PWB,Maintaining close relationships has been difficult and frustrating for me.,I have had the urge to keep close relationships.
PWB_6,PWB,Maintaining close relationships has been difficult and frustrating for me.,Maintaining close relationships has been difficult and frustrating for me.
PWB_6,PWB,Maintaining close relationships has been difficult and frustrating for me.,I still feel a lot of stress.
PWB_6,PWB,Maintaining close relationships has been difficult and frustrating for me.,My relationship with a close friend has been difficult and frustrating for me.
PWB_6,PWB,Maintaining close relationships has been difficult and frustrating for me.,Maintaining close relationships has been difficult and frustrating for me.
PWB_6,PWB,Maintaining close relationships has been difficult and frustrating for me.,I have been struggling with my relationships.
PWB_6,PWB,Maintaining close relationships has been difficult and frustrating for me.,Maintaining close relationships has been difficult and frustrating for me.
PWB_7,PWB,I live life one day at a time and don't really think about the future.,I live life one day at a time and don't really think about the future.
PWB_7,PWB,I live life one day at a time and don't really think about the future.,I live life one day at a time and don't really think about the future.
PWB_7,PWB,I live life one day at a time and don't really think about the future.,I live life one day at a time and don't really think about the future.
PWB_7,PWB,I live life one day at a time and don't really think about the future.,I live life one day at a time and don't think about the future.
PWB_7,PWB,I live life one day at a time and don't really think about the future.,I live life one day at a time and don't really think about the future.
PWB_7,PWB,I live life one day at a time and don't really think about the future.,I live life one day at a time and don't really think about the future.
PWB_7,PWB,I live life one day at a time and don't really think about the future.,I live life one day at a time and don't really think about the future.
PWB_7,PWB,I live life one day at a time and don't really think about the future.,I live life one day at a time and don't really think about the future.
PWB_7,PWB,I live life one day at a time and don't really think about the future.,I live life one day at a time and don't really think about the future.
PWB_7,PWB,I live life one day at a time and don't really think about the future.,I live life one day at a time and don't really think about the future.
PWB_8,PWB,"In general, I feel I am in charge of the situation in which I live.",I feel I am in charge of the situation in which I live.
PWB_8,PWB,"In general, I feel I am in charge of the situation in which I live.","In general, I feel I am in charge of the situation."
PWB_8,PWB,"In general, I feel I am in charge of the situation in which I live.","In general, I feel I am in charge of the situation in which I live."
PWB_8,PWB,"In general, I feel I am in charge of the situation in which I live.",I feel I am in charge of the situation in which I live.
PWB_8,PWB,"In general, I feel I am in charge of the situation in which I live.",I feel I am in charge of the situation in which I live.
PWB_8,PWB,"In general, I feel I am in charge of the situation in which I live.",I feel I am in charge of the situation in which I live.
PWB_8,PWB,"In general, I feel I am in charge of the situation in which I live.",I feel I am in charge of the situation in which I live.
PWB_8,PWB,"In general, I feel I am in charge of the situation in which I live.",I feel I am in charge of the situation in which I live.
PWB_8,PWB,"In general, I feel I am in charge of the situation in which I live.",I feel I am in charge of the situation in which I live.
PWB_8,PWB,"In general, I feel I am in charge of the situation in which I live.",I feel I am in charge of the situation in which I live.
PWB_9,PWB,I am good at managing the responsibilities of daily life.,I am good at managing the responsibilities of daily life.
PWB_9,PWB,I am good at managing the responsibilities of daily life.,I am good at managing the responsibilities of daily life.
PWB_9,PWB,I am good at managing the responsibilities of daily life.,I am good at managing the responsibilities of daily life.
PWB_9,PWB,I am good at managing the responsibilities of daily life.,I am good at managing the responsibilities of daily life.
PWB_9,PWB,I am good at managing the responsibilities of daily life.,I am good at managing the responsibilities of daily life.
PWB_9,PWB,I am good at managing the responsibilities of daily life.,I am well at managing the responsibilities of daily life.
PWB_9,PWB,I am good at managing the responsibilities of daily life.,I am good at managing the responsibilities of daily life.
PWB_9,PWB,I am good at managing the responsibilities of daily life.,I am good at managing the responsibilities of daily life.
PWB_9,PWB,I am good at managing the responsibilities of daily life.,I am good at managing the responsibilities of daily life.
PWB_9,PWB,I am good at managing the responsibilities of daily life.,I am good at managing the responsibilities of daily life.
PWB_10,PWB,I sometimes feel as if I've done all there is to do in life.,I feel like I've done all there is to do in life.
PWB_10,PWB,I sometimes feel as if I've done all there is to do in life.,I often feel like I've done all there is to do in life.
PWB_10,PWB,I sometimes feel as if I've done all there is to do in life.,I sometimes feel like I've done everything that's to do in life.
PWB_10,PWB,I sometimes feel as if I've done all there is to do in life.,I sometimes feel as if I've done everything there is to do in life.
PWB_10,PWB,I sometimes feel as if I've done all there is to do in life.,I sometimes feel as if I've done everything there is to do in life.
PWB_10,PWB,I sometimes feel as if I've done all there is to do in life.,I feel like I have done all there is to do in life.
PWB_10,PWB,I sometimes feel as if I've done all there is to do in life.,I sometimes feel like I've done everything there is to do in life.
PWB_10,PWB,I sometimes feel as if I've done all there is to do in life.,I sometimes feel as if I've done all there is to do in life.
PWB_10,PWB,I sometimes feel as if I've done all there is to do in life.,I sometimes feel like I've done all there is to do in life.
PWB_10,PWB,I sometimes feel as if I've done all there is to do in life.,I feel as if I've done everything there is to do in life.
PWB_11,PWB,"For me, life has been a continuous process of learning, changing, and growth.","For me, life has been a continuous process of learning, changing, and growth."
PWB_11,PWB,"For me, life has been a continuous process of learning, changing, and growth.","For me, life has been a continuous process of learning, changing, and growth."
PWB_11,PWB,"For me, life has been a continuous process of learning, changing, and growth.","For me, life has been a continuous process of learning, changing, and growth."
PWB_11,PWB,"For me, life has been a continuous process of learning, changing, and growth.","For me, life has been a continuous process of learning, changing, and growth."
PWB_11,PWB,"For me, life has been a continuous process of learning, changing, and growth.","For me, life has been a continuous process of learning, changing, and growth."
PWB_11,PWB,"For me, life has been a continuous process of learning, changing, and growth.","For me, life has been a continuous process of learning, changing, and growth."
PWB_11,PWB,"For me, life has been a continuous process of learning, changing, and growth.","For me, life has been a continuous process of learning, changing, and growth."
PWB_11,PWB,"For me, life has been a continuous process of learning, changing, and growth.","For me, life has been a continuous process of learning, changing, and growth."
PWB_11,PWB,"For me, life has been a continuous process of learning, changing, and growth.","For me, life has been a continuous process of learning, changing, and growth."
PWB_11,PWB,"For me, life has been a continuous process of learning, changing, and growth.","For me, life has been a continuous process of learning, changing, and growth."
PWB_12,PWB,I think it is important to have new experiences that challenge how I think about myself and the world.,I think it is important to have new experiences that challenge how I think about myself and the world.
PWB_12,PWB,I think it is important to have new experiences that challenge how I think about myself and the world.,I think it is important to have new experiences that challenge how I think about myself and the world.
PWB_12,PWB,I think it is important to have new experiences that challenge how I think about myself and the world.,I think it is important to have new experiences that challenge how I think about myself and the world.
PWB_12,PWB,I think it is important to have new experiences that challenge how I think about myself and the world.,I think it is important to have new experiences that challenge how I think about myself and the world.
PWB_12,PWB,I think it is important to have new experiences that challenge how I think about myself and the world.,I think it is important to have new experiences that challenge how I think about myself and the world.
PWB_12,PWB,I think it is important to have new experiences that challenge how I think about myself and the world.,I think it is important to have new experiences that challenge how I think about myself and the world.
PWB_12,PWB,I think it is important to have new experiences that challenge how I think about myself and the world.,I think it is important to have new experiences that challenge how I think about myself and the world.
PWB_12,PWB,I think it is important to have new experiences that challenge how I think about myself and the world.,I think it is important to have new experiences that challenge how I think about myself and the world.
PWB_12,PWB,I think it is important to have new experiences that challenge how I think about myself and the world.,I think it is important to have new experiences that challenge how I think about myself and the world.
PWB_12,PWB,I think it is important to have new experiences that challenge how I think about myself and the world.,I think it is important to have new experiences that challenge how I think about myself and the world.
PWB_13,PWB,"People would describe me as a giving person, willing to share my time with others.","People would describe me as a giving person, willing to share my time with others."
PWB_13,PWB,"People would describe me as a giving person, willing to share my time with others.","People would describe me as a giving person, willing to share my time with others."
PWB_13,PWB,"People would describe me as a giving person, willing to share my time with others.","People would describe me as a giving person, willing to share my time with others."
PWB_13,PWB,"People would describe me as a giving person, willing to share my time with others.","I would describe myself as a giving person, willing to share my time with others."
PWB_13,PWB,"People would describe me as a giving person, willing to share my time with others.","People would describe me as a gimmick, willing to share my time with others."
PWB_13,PWB,"People would describe me as a giving person, willing to share my time with others.","People would describe me as a loving person, willing to share my time with others."
PWB_13,PWB,"People would describe me as a giving person, willing to share my time with others.","People would describe me as a giving person, willing to share my time with others."
PWB_13,PWB,"People would describe me as a giving person, willing to share my time with others.","People would describe me as a giving person, willing to share my time with others."
PWB_13,PWB,"People would describe me as a giving person, willing to share my time with others.","I would describe myself as a given person, willing to share my time with others."
PWB_13,PWB,"People would describe me as a giving person, willing to share my time with others.","People would describe me as a giving person, willing to share my time with others."
PWB_14,PWB,I gave up trying to make big improvements or changes in my life a long time ago.,I gave up trying to make big improvements or changes in my life a long time ago.
PWB_14,PWB,I gave up trying to make big improvements or changes in my life a long time ago.,I gave up trying to make big improvements or changes in my life a long time ago.
PWB_14,PWB,I gave up trying to make big improvements or changes in my life a long time ago.,I did not try to make major improvements or changes in my life a long time ago.
PWB_14,PWB,I gave up trying to make big improvements or changes in my life a long time ago.,I was trying to make a good slack for the upcoming year.
PWB_14,PWB,I gave up trying to make big improvements or changes in my life a long time ago.,I did not want to make big changes or changes in my life a long time ago.
PWB_14,PWB,I gave up trying to make big improvements or changes in my life a long time ago.,I gave up trying to make big improvements or changes in my life a long time ago.
PWB_14,PWB,I gave up trying to make big improvements or changes in my life a long time ago.,I hoped to make big improvements or changes in my life a long time ago.
PWB_14,PWB,I gave up trying to make big improvements or changes in my life a long time ago.,I was hoping to make many improvements or changes in my life a long time ago.
PWB_14,PWB,I gave up trying to make big improvements or changes in my life a long time ago.,I gave up trying to make big improvements or changes in my life a long time ago.
PWB_14,PWB,I gave up trying to make big improvements or changes in my life a long time ago.,I gave up trying to make big improvements or changes in my life a long time ago.
PWB_15,PWB,I tend to be influenced by people with strong opinions.,I tend to be influenced by people with strong opinions.
PWB_15,PWB,I tend to be influenced by people with strong opinions.,I tend to be influenced by people with strong opinions.
PWB_15,PWB,I tend to be influenced by people with strong opinions.,I tend to be influenced by people with strong opinions.
PWB_15,PWB,I tend to be influenced by people with strong opinions.,I tend to be influenced by people with strong opinions.
PWB_15,PWB,I tend to be influenced by people with strong opinions.,I tend to be influenced by people with strong opinions.
PWB_15,PWB,I tend to be influenced by people with strong opinions.,I tend to be influenced by people with strong opinions.
PWB_15,PWB,I tend to be influenced by people with strong opinions.,I tend to be influenced by people with strong opinions.
PWB_15,PWB,I tend to be influenced by people with strong opinions.,I tend to be influenced by people with strong opinions.
PWB_15,PWB,I tend to be influenced by people with strong opinions.,I tend to be influenced by people with strong opinions.
PWB_15,PWB,I tend to be influenced by people with strong opinions.,I tend to be influenced by people with strong opinions.
PWB_16,PWB,I have not experienced many warm and trusting relationships with others.,I have experienced many warm and trusting relationships with others.
PWB_16,PWB,I have not experienced many warm and trusting relationships with others.,I have experienced many warm and trusting relationships with others.
PWB_16,PWB,I have not experienced many warm and trusting relationships with others.,I have not experienced many warm and trusting relationships with others.
PWB_16,PWB,I have not experienced many warm and trusting relationships with others.,I have experienced many warm and trusting relationships with others.
PWB_16,PWB,I have not experienced many warm and trusting relationships with others.,I have never experienced many warm and trusting relationships with others.
PWB_16,PWB,I have not experienced many warm and trusting relationships with others.,I have experienced many warm and trusting relationships with others.
PWB_16,PWB,I have not experienced many warm and trusting relationships with others.,I have not experienced many warm and trusting relationships with others.
PWB_16,PWB,I have not experienced many warm and trusting relationships with others.,I have not experienced many warm and trusting relationships with others.
PWB_16,PWB,I have not experienced many warm and trusting relationships with others.,I have never experienced many warm and trusting relationships with others.
PWB_16,PWB,I have not experienced many warm and trusting relationships with others.,I have not experienced many warm and trusting relationships with others.
PWB_17,PWB,"I have confidence in my own opinions, even if they are different from the way most other people think.","I have confidence in my opinions, even if they are different from the way most other people think."
PWB_17,PWB,"I have confidence in my own opinions, even if they are different from the way most other people think.","I have confidence in my own opinions, even if they are different from the way most other people think."
PWB_17,PWB,"I have confidence in my own opinions, even if they are different from the way most other people think.","I have confidence in my own opinions, even if they are different from the way most other people think."
PWB_17,PWB,"I have confidence in my own opinions, even if they are different from the way most other people think.","I have confidence in my opinions, even if they are different from the way most other people think."
PWB_17,PWB,"I have confidence in my own opinions, even if they are different from the way most other people think.","I have confidence in my own opinions, even if they are different from the way most other people think."
PWB_17,PWB,"I have confidence in my own opinions, even if they are different from the way most other people think.","I have confidence in my own opinions, even if they are different from the way most other people think."
PWB_17,PWB,"I have confidence in my own opinions, even if they are different from the way most other people think.","I have confidence in my opinions, even if they are different from the way most other people think."
PWB_17,PWB,"I have confidence in my own opinions, even if they are different from the way most other people think.","I have confidence in my own opinions, even if they are different from the way most other people think."
PWB_17,PWB,"I have confidence in my own opinions, even if they are different from the way most other people think.","I have confidence in my own opinions, even if they are different from the way most other people think."
PWB_17,PWB,"I have confidence in my own opinions, even if they are different from the way most other people think.","I have confidence in my own opinions, even if they are different from the way most other people think."
PWB_18,PWB,"I judge myself by what I think is important, not by the values of what others think is important.","I judge myself by what I think is important, not by the values of what others think is important."
PWB_18,PWB,"I judge myself by what I think is important, not by the values of what others think is important.","I judge myself by what I think is important, not by the values of what others think is important."
PWB_18,PWB,"I judge myself by what I think is important, not by the values of what others think is important.","I judge myself by what I think is important, not by the values of what others think is important."
PWB_18,PWB,"I judge myself by what I think is important, not by the values of what others think is important.","I judge myself by what I think is important, not by the values of what others think is important."
PWB_18,PWB,"I judge myself by what I think is important, not by the values of what others think is important.","I judge myself by what I think is important, not by what others think is important."
PWB_18,PWB,"I judge myself by what I think is important, not by the values of what others think is important.","I judge myself by what I think is important, not by the values of what others think is important."
PWB_18,PWB,"I judge myself by what I think is important, not by the values of what others think is important.","I judge myself by what I think is important, not by what others think is important."
PWB_18,PWB,"I judge myself by what I think is important, not by the values of what others think is important.","I judge myself by what I think is important, not by the values of what others think is important."
PWB_18,PWB,"I judge myself by what I think is important, not by the values of what others think is important.","I judge myself by what I think is important, not by what others think is important."
PWB_18,PWB,"I judge myself by what I think is important, not by the values of what others think is important.","I judge myself by what I think is important, not by the values of what others think is important."
PWS_1,PWS,I am always optimistic about my future.,I am always optimistic about my future.
PWS_1,PWS,I am always optimistic about my future.,I am always optimistic about my future.
PWS_1,PWS,I am always optimistic about my future.,I am always optimistic about my future.
PWS_1,PWS,I am always optimistic about my future.,I am always optimistic about my future.
PWS_1,PWS,I am always optimistic about my future.,I am always optimistic about my future.
PWS_1,PWS,I am always optimistic about my future.,I am always optimistic about my future.
PWS_1,PWS,I am always optimistic about my future.,I am always optimistic about my future.
PWS_1,PWS,I am always optimistic about my future.,I am always optimistic about my future.
PWS_1,PWS,I am always optimistic about my future.,I am always optimistic about my future.
PWS_1,PWS,I am always optimistic about my future.,I am always optimistic about my future.
PWS_2,PWS,There have been times when I felt inferior to most of the people I knew.,There have been times when I felt inferior to most of the people I knew.
PWS_2,PWS,There have been times when I felt inferior to most of the people I knew.,There have been times when I felt inferior to most of the people I knew.
PWS_2,PWS,There have been times when I felt inferior to most of the people I knew.,I have been the subject of many times when I felt superior to most of the people I knew.
PWS_2,PWS,There have been times when I felt inferior to most of the people I knew.,I have been a runner for more than a few years.
PWS_2,PWS,There have been times when I felt inferior to most of the people I knew.,There have been times when I felt inferior to most of the people I knew.
PWS_2,PWS,There have been times when I felt inferior to most of the people I knew.,There have been times when I felt inferior to most of the people I knew.
PWS_2,PWS,There have been times when I felt inferior to most of the people I knew.,There have been times when I felt inferior to most of the people I knew.
PWS_2,PWS,There have been times when I felt inferior to most of the people I knew.,There have been times when I felt superior to most of the people I knew.
PWS_2,PWS,There have been times when I felt inferior to most of the people I knew.,I felt better than most of the people I knew.
PWS_2,PWS,There have been times when I felt inferior to most of the people I knew.,There have been times when I felt inferior to most of the people I knew.
PWS_3,PWS,Members of my family come to me for support.,Members of my family come to me for support.
PWS_3,PWS,Members of my family come to me for support.,Members of my family come to me for support.
PWS_3,PWS,Members of my family come to me for support.,Members of my family come to me for support.
PWS_3,PWS,Members of my family come to me for support.,Members of my family come to me for support.
PWS_3,PWS,Members of my family come to me for support.,Members of my family come to me for support.
PWS_3,PWS,Members of my family come to me for support.,Members of my family come to me for support.
PWS_3,PWS,Members of my family come to me for support.,Members of my family come to me for support.
PWS_3,PWS,Members of my family come to me for support.,Members of my family come to me for support.
PWS_3,PWS,Members of my family come to me for support.,Members of my family come to me for support.
PWS_3,PWS,Members of my family come to me for support.,Members of my family come to me for support.
PWS_4,PWS,My physical health has restricted me in the past.,My physical health has restricted me in the past.
PWS_4,PWS,My physical health has restricted me in the past.,My physical health has restricted me in the past.
PWS_4,PWS,My physical health has restricted me in the past.,My physical health has restricted me in the past.
PWS_4,PWS,My physical health has restricted me in the past.,My physical health has restricted me.
PWS_4,PWS,My physical health has restricted me in the past.,My physical health has restricted me in the past.
PWS_4,PWS,My physical health has restricted me in the past.,My physical health has restricted me in the past.
PWS_4,PWS,My physical health has restricted me in the past.,My physical health has restricted me from having a migraine.
PWS_4,PWS,My physical health has restricted me in the past.,My physical health has restricted me in the past.
PWS_4,PWS,My physical health has restricted me in the past.,My physical health has restricted me in the past.
PWS_4,PWS,My physical health has restricted me in the past.,My physical health has restricted me in the past.
PWS_5,PWS,I believe there is a real purpose for my life.,I believe that there is a real purpose for my life.
PWS_5,PWS,I believe there is a real purpose for my life.,I believe there is a real purpose for my life.
PWS_5,PWS,I believe there is a real purpose for my life.,I believe there is a real purpose for my life.
PWS_5,PWS,I believe there is a real purpose for my life.,I believe there is a real purpose for my life.
PWS_5,PWS,I believe there is a real purpose for my life.,I believe there is a real purpose for my life.
PWS_5,PWS,I believe there is a real purpose for my life.,I believe there is a real purpose for my life.
PWS_5,PWS,I believe there is a real purpose for my life.,I believe there is a real purpose for my life.
PWS_5,PWS,I believe there is a real purpose for my life.,I believe there is a real purpose for my life.
PWS_5,PWS,I believe there is a real purpose for my life.,I believe there is a real purpose for my life.
PWS_5,PWS,I believe there is a real purpose for my life.,I believe that there is a real purpose for my life.
PWS_6,PWS,I will always seek out activities that challenge me to think and reason.,I will always seek out activities that challenge me to think and reason.
PWS_6,PWS,I will always seek out activities that challenge me to think and reason.,I will always seek out activities that challenge me to think and reason.
PWS_6,PWS,I will always seek out activities that challenge me to think and reason.,I will always seek out activities that challenge me to think and reason.
PWS_6,PWS,I will always seek out activities that challenge me to think and reason.,I will always seek out activities that challenge me to think and reason.
PWS_6,PWS,I will always seek out activities that challenge me to think and reason.,I will always seek out activities that challenge me to think and reason.
PWS_6,PWS,I will always seek out activities that challenge me to think and reason.,I will always seek out activities that challenge me to think and reason.
PWS_6,PWS,I will always seek out activities that challenge me to think and reason.,I will always seek out activities that challenge me to think and reason.
PWS_6,PWS,I will always seek out activities that challenge me to think and reason.,I will always seek out activities that challenge me to think and reason.
PWS_6,PWS,I will always seek out activities that challenge me to think and reason.,I will always seek out activities that challenge me to think and reason.
PWS_6,PWS,I will always seek out activities that challenge me to think and reason.,I will always seek out activities that challenge me to think and reason.
PWS_7,PWS,I rarely count on good things happening to me.,I often count on good things happening to me.
PWS_7,PWS,I rarely count on good things happening to me.,I rarely count on good things happening to me.
PWS_7,PWS,I rarely count on good things happening to me.,I often count on good things happening to me.
PWS_7,PWS,I rarely count on good things happening to me.,I often count on good things happening to me.
PWS_7,PWS,I rarely count on good things happening to me.,I rarely count on good things happening to me.
PWS_7,PWS,I rarely count on good things happening to me.,I rarely count on good things happening to me.
PWS_7,PWS,I rarely count on good things happening to me.,I rarely count on good things happening to me.
PWS_7,PWS,I rarely count on good things happening to me.,I rarely count on good things happening to me.
PWS_7,PWS,I rarely count on good things happening to me.,I often count on good things happening to me.
PWS_7,PWS,I rarely count on good things happening to me.,I rarely count on good things happening to me.
PWS_8,PWS,"In general, I feel confident about my abilities.","In general, I feel confident about my abilities."
PWS_8,PWS,"In general, I feel confident about my abilities.",I am confident that my abilities will not be limited.
PWS_8,PWS,"In general, I feel confident about my abilities.","In general, I feel confident about my abilities."
PWS_8,PWS,"In general, I feel confident about my abilities.","In general, I feel confident about my abilities."
PWS_8,PWS,"In general, I feel confident about my abilities.","In general, I feel confident about my abilities."
PWS_8,PWS,"In general, I feel confident about my abilities.","In general, I feel confident about my abilities."
PWS_8,PWS,"In general, I feel confident about my abilities.",I feel confident about my abilities.
PWS_8,PWS,"In general, I feel confident about my abilities.","In general, I feel confident about my abilities."
PWS_8,PWS,"In general, I feel confident about my abilities.",I feel confident about my abilities.
PWS_8,PWS,"In general, I feel confident about my abilities.","In general, I feel confident about my abilities."
PWS_9,PWS,Sometimes I wonder if my family will really be there for me when I am in need.,Sometimes I wonder if my family will be there for me when I am in need.
PWS_9,PWS,Sometimes I wonder if my family will really be there for me when I am in need.,Sometimes I wonder if my family will really be there for me when I am in need.
PWS_9,PWS,Sometimes I wonder if my family will really be there for me when I am in need.,Sometimes I wonder if my family will actually be there for me when I am in need.
PWS_9,PWS,Sometimes I wonder if my family will really be there for me when I am in need.,I sometimes wonder if my family will really be there for me when I am in need.
PWS_9,PWS,Sometimes I wonder if my family will really be there for me when I am in need.,Sometimes I wonder if my family will really be there for me when I am in need.
PWS_9,PWS,Sometimes I wonder if my family will really be there for me when I am in need.,I wonder if my family will really be there for me when I am in need.
PWS_9,PWS,Sometimes I wonder if my family will really be there for me when I am in need.,Sometimes I wonder if my family will really be there for me when I am in need.
PWS_9,PWS,Sometimes I wonder if my family will really be there for me when I am in need.,Sometimes I wonder if my family will really be there for me when I am in need.
PWS_9,PWS,Sometimes I wonder if my family will really be there for me when I am in need.,Sometimes I wonder if my family will be there for me when I am in need.
PWS_9,PWS,Sometimes I wonder if my family will really be there for me when I am in need.,Sometimes I wonder if my family will actually be there for me when I am in need.
PWS_10,PWS,My body seems to resist physical illness very well.,My body seems to resist physical illness very well.
PWS_10,PWS,My body seems to resist physical illness very well.,My body seems to resist physical illness very well.
PWS_10,PWS,My body seems to resist physical illness very well.,My body seems to resist physical illness very well.
PWS_10,PWS,My body seems to resist physical illness very well.,My body seems to resist physical illness very well.
PWS_10,PWS,My body seems to resist physical illness very well.,My body seems to resist physical illness very well.
PWS_10,PWS,My body seems to resist physical illness very well.,My body seems to be a strong stronghold.
PWS_10,PWS,My body seems to resist physical illness very well.,My body seems to be resistant to physical illness very well.
PWS_10,PWS,My body seems to resist physical illness very well.,My body seems to resist physical illness very well.
PWS_10,PWS,My body seems to resist physical illness very well.,My body seems to resist physical illness very well.
PWS_10,PWS,My body seems to resist physical illness very well.,My body seems to resist physical illness very well.
PWS_11,PWS,Life does not hold much future promise for me.,Life does not hold much future promise for me.
PWS_11,PWS,Life does not hold much future promise for me.,Life does not hold much future promise for me.
PWS_11,PWS,Life does not hold much future promise for me.,Life does not hold much future promise for me.
PWS_11,PWS,Life does not hold much future promise for me.,Life does not hold much future promise for me.
PWS_11,PWS,Life does not hold much future promise for me.,Life does not hold much future promise for me.
PWS_11,PWS,Life does not hold much future promise for me.,Life does not hold much future promise for me.
PWS_11,PWS,Life does not hold much future promise for me.,Life does not hold much future promise for me.
PWS_11,PWS,Life does not hold much future promise for me.,Life does not hold much future promise for me.
PWS_11,PWS,Life does not hold much future promise for me.,Life does not hold much future promise for me.
PWS_11,PWS,Life does not hold much future promise for me.,Life does not hold much future promise for me.
PWS_12,PWS,I avoid activities which require me to concentrate.,I avoid activities which require me to concentrate.
PWS_12,PWS,I avoid activities which require me to concentrate.,I avoid activities that require me to concentrate.
PWS_12,PWS,I avoid activities which require me to concentrate.,I avoid activities which require me to concentrate.
PWS_12,PWS,I avoid activities which require me to concentrate.,I avoid activities which require me to concentrate.
PWS_12,PWS,I avoid activities which require me to concentrate.,I avoid activities which require me to concentrate.
PWS_12,PWS,I avoid activities which require me to concentrate.,I avoid activities which require me to concentrate.
PWS_12,PWS,I avoid activities which require me to concentrate.,I avoid activities which require me to concentrate.
PWS_12,PWS,I avoid activities which require me to concentrate.,I do not exercise which requires me to focus.
PWS_12,PWS,I avoid activities which require me to concentrate.,I avoid activities that require me to concentrate.
PWS_12,PWS,I avoid activities which require me to concentrate.,I avoid activities which require me to concentrate.
PWS_13,PWS,I always look on the bright side of things.,I always look on the bright side of things.
PWS_13,PWS,I always look on the bright side of things.,I always look on the bright side of things.
PWS_13,PWS,I always look on the bright side of things.,I always look on the bright side of things.
PWS_13,PWS,I always look on the bright side of things.,I always look on the bright side of things.
PWS_13,PWS,I always look on the bright side of things.,I always look on the bright side of things.
PWS_13,PWS,I always look on the bright side of things.,I always look on the bright side of things.
PWS_13,PWS,I always look on the bright side of things.,I always look on the bright side of things.
PWS_13,PWS,I always look on the bright side of things.,I always look on the bright side of things.
PWS_13,PWS,I always look on the bright side of things.,I always look on the bright side of things.
PWS_13,PWS,I always look on the bright side of things.,I always look on the bright side of things.
PWS_14,PWS,I sometimes think I am a worthless individual.,I sometimes think I am a worthless individual.
PWS_14,PWS,I sometimes think I am a worthless individual.,I sometimes think I am a worthless individual.
PWS_14,PWS,I sometimes think I am a worthless individual.,I sometimes think I am a worthless individual.
PWS_14,PWS,I sometimes think I am a worthless individual.,I often think I am a worthless individual.
PWS_14,PWS,I sometimes think I am a worthless individual.,I sometimes think I am worthless.
PWS_14,PWS,I sometimes think I am a worthless individual.,I sometimes think I am a worthless individual.
PWS_14,PWS,I sometimes think I am a worthless individual.,I sometimes think I am a worthless individual.
PWS_14,PWS,I sometimes think I am a worthless individual.,I sometimes think I am a worthless individual.
PWS_14,PWS,I sometimes think I am a worthless individual.,I sometimes think I am a worthy individual.
PWS_14,PWS,I sometimes think I am a worthless individual.,I sometimes think I am a valueless individual.
PWS_15,PWS,My friends know they can always confide in me and ask me for advice.,My friends know that they can always confide in me and ask me for advice.
PWS_15,PWS,My friends know they can always confide in me and ask me for advice.,My friends know that they can always trust me and ask me for advice.
PWS_15,PWS,My friends know they can always confide in me and ask me for advice.,My friends know they can always trust me and ask me for advice.
PWS_15,PWS,My friends know they can always confide in me and ask me for advice.,My friends know that they can always trust me and ask me for advice.
PWS_15,PWS,My friends know they can always confide in me and ask me for advice.,My friends know they can always trust me and ask me for advice.
PWS_15,PWS,My friends know they can always confide in me and ask me for advice.,My friends know they can always trust me and ask me for advice.
PWS_15,PWS,My friends know they can always confide in me and ask me for advice.,My friends know they can always trust me and ask me for advice.
PWS_15,PWS,My friends know they can always confide in me and ask me for advice.,My friends know they can always confide in me and ask me for advice.
PWS_15,PWS,My friends know they can always confide in me and ask me for advice.,My friends know they can always confide in me and ask me for advice.
PWS_15,PWS,My friends know they can always confide in me and ask me for advice.,My friends know they can always trust me and ask me for advice.
PWS_16,PWS,My physical health is excellent.,My physical health is excellent.
PWS_16,PWS,My physical health is excellent.,My physical health is excellent.
PWS_16,PWS,My physical health is excellent.,My physical health is excellent.
PWS_16,PWS,My physical health is excellent.,My physical health is excellent.
PWS_16,PWS,My physical health is excellent.,My physical health is great.
PWS_16,PWS,My physical health is excellent.,My physical health is excellent.
PWS_16,PWS,My physical health is excellent.,My physical health is great.
PWS_16,PWS,My physical health is excellent.,My physical health is excellent.
PWS_16,PWS,My physical health is excellent.,My physical health is great.
PWS_16,PWS,My physical health is excellent.,My physical health is excellent.
PWS_17,PWS,Sometimes I don't understand what life is all about.,Sometimes I don't understand what life is all about.
PWS_17,PWS,Sometimes I don't understand what life is all about.,Sometimes I don't understand what life is all about.
PWS_17,PWS,Sometimes I don't understand what life is all about.,Sometimes I don't understand what life is all about.
PWS_17,PWS,Sometimes I don't understand what life is all about.,Sometimes I don't understand what life is all about.
PWS_17,PWS,Sometimes I don't understand what life is all about.,Sometimes I don't understand what life is all about.
PWS_17,PWS,Sometimes I don't understand what life is all about.,Sometimes I don't understand what life is all about.
PWS_17,PWS,Sometimes I don't understand what life is all about.,Sometimes I don't understand what life is all about.
PWS_17,PWS,Sometimes I don't understand what life is all about.,Sometimes I don't understand what life is all about.
PWS_17,PWS,Sometimes I don't understand what life is all about.,Sometimes I don't understand what life is all about.
PWS_17,PWS,Sometimes I don't understand what life is all about.,Sometimes I don't understand what life is all about.
PWS_18,PWS,"Generally, I feel pleased with the amount of intellectual stimulation I receive in my daily life.",I feel pleased with the amount of intellectual stimulation I receive in my daily life.
PWS_18,PWS,"Generally, I feel pleased with the amount of intellectual stimulation I receive in my daily life.",I feel happy with the amount of intellectual stimulation I receive in my daily life.
PWS_18,PWS,"Generally, I feel pleased with the amount of intellectual stimulation I receive in my daily life.",I feel happy with the amount of intellectual stimulation I receive in my daily life.
PWS_18,PWS,"Generally, I feel pleased with the amount of intellectual stimulation I receive in my daily life.",I feel happy with the amount of intellectual stimulation I receive in my daily life.
PWS_18,PWS,"Generally, I feel pleased with the amount of intellectual stimulation I receive in my daily life.",I appreciate the amount of intellectual stimulation I receive in my daily life.
PWS_18,PWS,"Generally, I feel pleased with the amount of intellectual stimulation I receive in my daily life.",I feel happy with the amount of intellectual stimulation I receive.
PWS_18,PWS,"Generally, I feel pleased with the amount of intellectual stimulation I receive in my daily life.",I feel pleased with the amount of intellectual stimulation I receive in my daily life.
PWS_18,PWS,"Generally, I feel pleased with the amount of intellectual stimulation I receive in my daily life.",I feel pleased with the amount of intellectual stimulation I receive in my daily life.
PWS_18,PWS,"Generally, I feel pleased with the amount of intellectual stimulation I receive in my daily life.",I feel happy with the amount of intellectual stimulation I receive in my daily life.
PWS_18,PWS,"Generally, I feel pleased with the amount of intellectual stimulation I receive in my daily life.",I feel pleased with the amount of intellectual stimulation I receive in my daily life.
PWS_19,PWS,"In the past, I have expected the best.","In the past, I have expected the best."
PWS_19,PWS,"In the past, I have expected the best.","In the past, I have expected the best."
PWS_19,PWS,"In the past, I have expected the best.","In the past, I have expected the best."
PWS_19,PWS,"In the past, I have expected the best.",I have seen the best in the past.
PWS_19,PWS,"In the past, I have expected the best.",I have been worried about my health for the past few years.
PWS_19,PWS,"In the past, I have expected the best.","In the past, I have expected the best."
PWS_19,PWS,"In the past, I have expected the best.","In the past, I have expected the best."
PWS_19,PWS,"In the past, I have expected the best.",I have predicted the best.
PWS_19,PWS,"In the past, I have expected the best.","In the past, I have predicted the best."
PWS_19,PWS,"In the past, I have expected the best.","In the past, I have expected the best."
PWS_20,PWS,I am uncertain about my ability to do things well in the future.,I am uncertain about my ability to do things well in the future.
PWS_20,PWS,I am uncertain about my ability to do things well in the future.,I am uncertain about my ability to do things well in the future.
PWS_20,PWS,I am uncertain about my ability to do things well in the future.,I am uncertain about my ability to do things well in the future.
PWS_20,PWS,I am uncertain about my ability to do things well in the future.,I am uncertain about my ability to do things well.
PWS_20,PWS,I am uncertain about my ability to do things well in the future.,I am uncertain about my ability to do things well in the future.
PWS_20,PWS,I am uncertain about my ability to do things well in the future.,I am uncertain about my ability to do things well in the future.
PWS_20,PWS,I am uncertain about my ability to do things well in the future.,I am worried about my ability to do things well in the future.
PWS_20,PWS,I am uncertain about my ability to do things well in the future.,I am uncertain about my ability to do things well in the future.
PWS_20,PWS,I am uncertain about my ability to do things well in the future.,I am uncertain about my ability to do things well.
PWS_20,PWS,I am uncertain about my ability to do things well in the future.,I am uncertain about my ability to do things well in the future.
PWS_21,PWS,My family has been available to support me in the past.,My family has been available for support.
PWS_21,PWS,My family has been available to support me in the past.,My family has been available to support me in the past.
PWS_21,PWS,My family has been available to support me in the past.,My family has been available to support me in the past.
PWS_21,PWS,My family has been available to support me in the past.,My family has been available to support me.
PWS_21,PWS,My family has been available to support me in the past.,My family has been available to support me.
PWS_21,PWS,My family has been available to support me in the past.,My family has been available to support me in the past.
PWS_21,PWS,My family has been available to support me in the past.,My family has been available to support me.
PWS_21,PWS,My family has been available to support me in the past.,My family has been available to support me.
PWS_21,PWS,My family has been available to support me in the past.,My family has been available for support me in the past.
PWS_21,PWS,My family has been available to support me in the past.,My family has been available for me in the past.
PWS_22,PWS,"Compared to people I know, my past physical health has been excellent.","Compared to people I know, my past physical health has been excellent."
PWS_22,PWS,"Compared to people I know, my past physical health has been excellent.",I was a very good physical health person.
PWS_22,PWS,"Compared to people I know, my past physical health has been excellent.","Compared to people I know, my past physical health has been excellent."
PWS_22,PWS,"Compared to people I know, my past physical health has been excellent.","Compared to people I know, my past physical health has been excellent."
PWS_22,PWS,"Compared to people I know, my past physical health has been excellent.","Compared with people I know, my past physical health has been excellent."
PWS_22,PWS,"Compared to people I know, my past physical health has been excellent.",I was in the same physical condition I grew up with.
PWS_22,PWS,"Compared to people I know, my past physical health has been excellent.","Compared to people I know, my past physical health has been excellent."
PWS_22,PWS,"Compared to people I know, my past physical health has been excellent.","Compared to people I know, my past physical health has been excellent."
PWS_22,PWS,"Compared to people I know, my past physical health has been excellent.","Compared to people I know, my past physical health has been excellent."
PWS_22,PWS,"Compared to people I know, my past physical health has been excellent.","Compared to people I know, my past physical health has been excellent."
PWS_23,PWS,I feel a sense of mission about my future.,I feel a sense of purpose about my future.
PWS_23,PWS,I feel a sense of mission about my future.,I feel a sense of mission about my future.
PWS_23,PWS,I feel a sense of mission about my future.,I feel a sense of failure about my future.
PWS_23,PWS,I feel a sense of mission about my future.,I feel a sense of mission about my future.
PWS_23,PWS,I feel a sense of mission about my future.,I feel a sense of mission about my future.
PWS_23,PWS,I feel a sense of mission about my future.,I feel a sense of surprise about my future.
PWS_23,PWS,I feel a sense of mission about my future.,I feel a sense of mission about my future.
PWS_23,PWS,I feel a sense of mission about my future.,I feel a sense of mission about my future.
PWS_23,PWS,I feel a sense of mission about my future.,I feel a sense of responsibility about my future.
PWS_23,PWS,I feel a sense of mission about my future.,I feel a sense of mission about my future.
PWS_24,PWS,The amount of information that I process in a typical day is just about right for me (i.e. not too much and not too little).,The amount of information I process in a typical day is just about right for me (i.e. not too much and not too little).
PWS_24,PWS,The amount of information that I process in a typical day is just about right for me (i.e. not too much and not too little).,I understand a lot of information that I process in a normal day.
PWS_24,PWS,The amount of information that I process in a typical day is just about right for me (i.e. not too much and not too little).,The amount of information that I process in a typical day is just about right for me (i.e. not too much and not too little
PWS_24,PWS,The amount of information that I process in a typical day is just about right for me (i.e. not too much and not too little).,The amount of information I process in a typical day is just about right for me.
PWS_24,PWS,The amount of information that I process in a typical day is just about right for me (i.e. not too much and not too little).,The amount of information that I process in a typical day is just about right for me (i.e. not too much and not too little
PWS_24,PWS,The amount of information that I process in a typical day is just about right for me (i.e. not too much and not too little).,The amount of information that I process in a typical day is just about right for me.
PWS_24,PWS,The amount of information that I process in a typical day is just about right for me (i.e. not too much and not too little).,The amount of information that I process in a typical day is just about right for me (i.e. not too much and not too little
PWS_24,PWS,The amount of information that I process in a typical day is just about right for me (i.e. not too much and not too little).,The amount of information that I process in a typical day is just about right for me (i.e. not too much and not too little
PWS_24,PWS,The amount of information that I process in a typical day is just about right for me (i.e. not too much and not too little).,The amount of information I process in a typical day is just about right for me.
PWS_24,PWS,The amount of information that I process in a typical day is just about right for me (i.e. not too much and not too little).,The amount of information that I process in a typical day is just about right for me (i.e. not too much and not too little
PWS_25,PWS,"In the past, I hardly ever expected things to go my way.",I have never expected things to go my way.
PWS_25,PWS,"In the past, I hardly ever expected things to go my way.","In the past, I hardly ever expected things to go my way."
PWS_25,PWS,"In the past, I hardly ever expected things to go my way.",I hardly ever expected things to go my way.
PWS_25,PWS,"In the past, I hardly ever expected things to go my way.","In the past, I hardly ever expected things to go my way."
PWS_25,PWS,"In the past, I hardly ever expected things to go my way.","In the past, I hardly ever expected things to go my way."
PWS_25,PWS,"In the past, I hardly ever expected things to go my way.",I hardly ever expected things to go my way.
PWS_25,PWS,"In the past, I hardly ever expected things to go my way.",I hardly ever expected things to go my way.
PWS_25,PWS,"In the past, I hardly ever expected things to go my way.",I thought it was a little too much to expect things to go my way.
PWS_25,PWS,"In the past, I hardly ever expected things to go my way.",I hardly ever expected things to go my way.
PWS_25,PWS,"In the past, I hardly ever expected things to go my way.","In the past, I hardly ever expected things to go my way."
PWS_26,PWS,I will always be secure with who I am.,I will always be safe with who I am.
PWS_26,PWS,I will always be secure with who I am.,I will always be secure with who I am.
PWS_26,PWS,I will always be secure with who I am.,I will always be secure with who I am.
PWS_26,PWS,I will always be secure with who I am.,I will always be safe with who I am.
PWS_26,PWS,I will always be secure with who I am.,I will always be secure with whom I am.
PWS_26,PWS,I will always be secure with who I am.,I will always be secure with whom I am.
PWS_26,PWS,I will always be secure with who I am.,I will always be secure with who I am.
PWS_26,PWS,I will always be secure with who I am.,I will always be secure with who I am.
PWS_26,PWS,I will always be secure with who I am.,I will always be secure with who I am.
PWS_26,PWS,I will always be secure with who I am.,I will always be secure with who I am.
PWS_27,PWS,"In the past, I have not always had friends with whom I could share my joys and sorrows.","In the past, I have never had friends with whom I could share my joys and sorrows."
PWS_27,PWS,"In the past, I have not always had friends with whom I could share my joys and sorrows.","In the past, I have not always had friends with whom I could share my joys and sorrows."
PWS_27,PWS,"In the past, I have not always had friends with whom I could share my joys and sorrows.","In the past, I have always had friends with whom I could share my joys and sorrows."
PWS_27,PWS,"In the past, I have not always had friends with whom I could share my joys and sorrows.",I have never had friends with whom I could share my joys and sorrows.
PWS_27,PWS,"In the past, I have not always had friends with whom I could share my joys and sorrows.","In the past, I have not always had friends with whom I could share my joys and sorrows."
PWS_27,PWS,"In the past, I have not always had friends with whom I could share my joys and sorrows.","In the past, I have never had friends with whom I could share my joys and sorrows."
PWS_27,PWS,"In the past, I have not always had friends with whom I could share my joys and sorrows.","In the past, I have never had friends with whom I could share my joys and sorrows."
PWS_27,PWS,"In the past, I have not always had friends with whom I could share my joys and sorrows.","In the past, I have not always had friends with whom I could share my joys and sorrows."
PWS_27,PWS,"In the past, I have not always had friends with whom I could share my joys and sorrows.","In the past, I have never had friends with whom I could share my joys and sorrows."
PWS_27,PWS,"In the past, I have not always had friends with whom I could share my joys and sorrows.","In the past, I have not always had friends with whom I could share my joys and sorrows."
PWS_28,PWS,I expect to always be physically healthy.,I expect to always be physically healthy.
PWS_28,PWS,I expect to always be physically healthy.,I expect to always be physically healthy.
PWS_28,PWS,I expect to always be physically healthy.,I expect to always be physically healthy.
PWS_28,PWS,I expect to always be physically healthy.,I expect to always be physically healthy.
PWS_28,PWS,I expect to always be physically healthy.,I expect to always be physically healthy.
PWS_28,PWS,I expect to always be physically healthy.,I expect to always be physically healthy.
PWS_28,PWS,I expect to always be physically healthy.,I expect to always be physically healthy.
PWS_28,PWS,I expect to always be physically healthy.,I expect to always be physically healthy.
PWS_28,PWS,I expect to always be physically healthy.,I expect to be physically healthy.
PWS_28,PWS,I expect to always be physically healthy.,I expect to be physically healthy.
PWS_29,PWS,I have felt in the past that my life was meaningless.,I feel that I feel a lot more emotional.
PWS_29,PWS,I have felt in the past that my life was meaningless.,I have felt in the past that my life was meaningless.
PWS_29,PWS,I have felt in the past that my life was meaningless.,I have felt in the past that my life was meaningless.
PWS_29,PWS,I have felt in the past that my life was meaningless.,I have felt in the past that my life was meaningless.
PWS_29,PWS,I have felt in the past that my life was meaningless.,I have felt in the past that my life was meaningless.
PWS_29,PWS,I have felt in the past that my life was meaningless.,I have felt in the past that my life was meaningless.
PWS_29,PWS,I have felt in the past that my life was meaningless.,I have felt in the past that my life was meaningless.
PWS_29,PWS,I have felt in the past that my life was meaningless.,I have felt in the past that my life was meaningless.
PWS_29,PWS,I have felt in the past that my life was meaningless.,I have felt in the past that my life was meaningless.
PWS_29,PWS,I have felt in the past that my life was meaningless.,I have felt in the past that my life was meaningless.
PWS_30,PWS,"In the past, I have generally found intellectual challenges to be vital to my overall well-being.","In the past, I have found intellectual challenges to be vital to my overall well-being."
PWS_30,PWS,"In the past, I have generally found intellectual challenges to be vital to my overall well-being.","In the past, I have generally found intellectual challenges to be vital to my overall well-being."
PWS_30,PWS,"In the past, I have generally found intellectual challenges to be vital to my overall well-being.","In the past, I have generally found intellectual challenges to be vital to my overall well-being."
PWS_30,PWS,"In the past, I have generally found intellectual challenges to be vital to my overall well-being.","In the past, I have found intellectual challenges to be vital to my overall well-being."
PWS_30,PWS,"In the past, I have generally found intellectual challenges to be vital to my overall well-being.",I have generally found intellectual challenges to be vital to my overall well-being.
PWS_30,PWS,"In the past, I have generally found intellectual challenges to be vital to my overall well-being.","In the past, I have generally found intellectual challenges to be vital to my overall well-being."
PWS_30,PWS,"In the past, I have generally found intellectual challenges to be vital to my overall well-being.","In the past, I have found intellectual challenges to be vital to my overall well-being."
PWS_30,PWS,"In the past, I have generally found intellectual challenges to be vital to my overall well-being.","In the past, I have generally found intellectual challenges to be vital to my overall well-being."
PWS_30,PWS,"In the past, I have generally found intellectual challenges to be vital to my overall well-being.","In the past, I have generally found intellectual challenges to be vital to my overall well-being."
PWS_30,PWS,"In the past, I have generally found intellectual challenges to be vital to my overall well-being.",I have generally found intellectual challenges to be vital to my overall well-being.
PWS_31,PWS,Things will not work out the way I want them to in the future.,Something will not work out the way I want them to in the future.
PWS_31,PWS,Things will not work out the way I want them to in the future.,I will not work out the way I want them to in the future.
PWS_31,PWS,Things will not work out the way I want them to in the future.,I have a lot of good things to do.
PWS_31,PWS,Things will not work out the way I want them to in the future.,The things will not work out the way I want them to in the future.
PWS_31,PWS,Things will not work out the way I want them to in the future.,I want them to be able to work out in the future.
PWS_31,PWS,Things will not work out the way I want them to in the future.,I will not do anything that they will do.
PWS_31,PWS,Things will not work out the way I want them to in the future.,I will not do anything.
PWS_31,PWS,Things will not work out the way I want them to in the future.,Things will not work out the way I want them to in the future.
PWS_31,PWS,Things will not work out the way I want them to in the future.,I will not get a chance to take them.
PWS_31,PWS,Things will not work out the way I want them to in the future.,Things will not work out the way I want them to in the future.
PWS_32,PWS,"In the past, I have felt sure of myself among strangers.","In the past, I have felt sure of myself among strangers."
PWS_32,PWS,"In the past, I have felt sure of myself among strangers.",I have felt sure of myself among strangers.
PWS_32,PWS,"In the past, I have felt sure of myself among strangers.","In the past, I have felt confident of myself among strangers."
PWS_32,PWS,"In the past, I have felt sure of myself among strangers.",I have been feeling certain of myself among strangers.
PWS_32,PWS,"In the past, I have felt sure of myself among strangers.",I have been so much idling among strangers.
PWS_32,PWS,"In the past, I have felt sure of myself among strangers.","In the past, I have felt sure of myself among strangers."
PWS_32,PWS,"In the past, I have felt sure of myself among strangers.","In the past, I have felt sure of myself among strangers."
PWS_32,PWS,"In the past, I have felt sure of myself among strangers.","In the past, I have felt sure of myself among strangers."
PWS_32,PWS,"In the past, I have felt sure of myself among strangers.","In the past, I have felt sure of myself among strangers."
PWS_32,PWS,"In the past, I have felt sure of myself among strangers.","In the past, I have felt sure of myself among strangers."
PWS_33,PWS,My friends will be there for me when I need help.,My friends will be there for me when I need help.
PWS_33,PWS,My friends will be there for me when I need help.,My friends will help me when I need help.
PWS_33,PWS,My friends will be there for me when I need help.,My friends will be there for me when I need help.
PWS_33,PWS,My friends will be there for me when I need help.,My friends will be there for me when I need help.
PWS_33,PWS,My friends will be there for me when I need help.,My friends will be there for me when I need help.
PWS_33,PWS,My friends will be there for me when I need help.,My friends will be there for me when I need help.
PWS_33,PWS,My friends will be there for me when I need help.,My friends will be there for me when I need help.
PWS_33,PWS,My friends will be there for me when I need help.,My friends will be there for me when I need help.
PWS_33,PWS,My friends will be there for me when I need help.,My friends will be there for me when I need help.
PWS_33,PWS,My friends will be there for me when I need help.,My friends will be there for me when I need help.
PWS_34,PWS,I expect my physical health to get worse.,I expect my physical health to get worse.
PWS_34,PWS,I expect my physical health to get worse.,I expect my physical health to get worse.
PWS_34,PWS,I expect my physical health to get worse.,I expect my physical health to be worse.
PWS_34,PWS,I expect my physical health to get worse.,I expect my physical health to be worse.
PWS_34,PWS,I expect my physical health to get worse.,I expect my physical health to get worse.
PWS_34,PWS,I expect my physical health to get worse.,I expect my physical health to get worse.
PWS_34,PWS,I expect my physical health to get worse.,I expect my physical health to get worse.
PWS_34,PWS,I expect my physical health to get worse.,I expect my physical health to get worse.
PWS_34,PWS,I expect my physical health to get worse.,I expect my physical health to get worse.
PWS_34,PWS,I expect my physical health to get worse.,I expect my physical health to get worse.
PWS_35,PWS,It seems that my life has always had purpose.,It seems that my life has always had purpose.
PWS_35,PWS,It seems that my life has always had purpose.,It seems that my life has always had purpose.
PWS_35,PWS,It seems that my life has always had purpose.,It seems that my life has always had purpose.
PWS_35,PWS,It seems that my life has always had purpose.,It seems that my life has always had purpose.
PWS_35,PWS,It seems that my life has always had purpose.,It seems that my life has always had purpose.
PWS_35,PWS,It seems that my life has always had purpose.,It seems that my life has always had purpose.
PWS_35,PWS,It seems that my life has always had purpose.,It seems that my life has always had purpose.
PWS_35,PWS,It seems that my life has always had purpose.,It seems that my life has always had purpose.
PWS_35,PWS,It seems that my life has always had purpose.,It seems that my life has always had purpose.
PWS_35,PWS,It seems that my life has always had purpose.,It seems that my life has always had purpose.
PWS_36,PWS,My life has often seemed void of positive mental stimulation.,My life has often seemed void of positive mental stimulation.
PWS_36,PWS,My life has often seemed void of positive mental stimulation.,My life has often seemed void of positive mental stimulation.
PWS_36,PWS,My life has often seemed void of positive mental stimulation.,My life has often seemed void of positive mental stimulation.
PWS_36,PWS,My life has often seemed void of positive mental stimulation.,My life has often seemed void of positive mental stimulation.
PWS_36,PWS,My life has often seemed void of positive mental stimulation.,My life has often seemed void of positive mental stimulation.
PWS_36,PWS,My life has often seemed void of positive mental stimulation.,My life has often seemed void of positive mental stimulation.
PWS_36,PWS,My life has often seemed void of positive mental stimulation.,My life has often seemed void of positive mental stimulation.
PWS_36,PWS,My life has often seemed void of positive mental stimulation.,My life has often seemed void of positive mental stimulation.
PWS_36,PWS,My life has often seemed void of positive mental stimulation.,My life has often seemed void of positive mental stimulation.
PWS_36,PWS,My life has often seemed void of positive mental stimulation.,My life has often seemed void of positive mental stimulation.
UCLA_1,UCLA,I am unhappy doing so many things alone,I am unhappy doing so many things alone.
UCLA_1,UCLA,I am unhappy doing so many things alone,I am unhappy doing so many things alone.
UCLA_1,UCLA,I am unhappy doing so many things alone,I am unhappy doing so many things alone.
UCLA_1,UCLA,I am unhappy doing so many things alone,I am feeling miserable doing so many things alone.
UCLA_1,UCLA,I am unhappy doing so many things alone,I am happy doing so many things alone.
UCLA_1,UCLA,I am unhappy doing so many things alone,I am unhappy doing so many things alone.
UCLA_1,UCLA,I am unhappy doing so many things alone,I am sad doing so many things alone.
UCLA_1,UCLA,I am unhappy doing so many things alone,I am angry doing so many things alone.
UCLA_1,UCLA,I am unhappy doing so many things alone,I am unhappy doing so many things alone.
UCLA_1,UCLA,I am unhappy doing so many things alone,I am unhappy doing so many things alone.
UCLA_2,UCLA,I have nobody to talk to,I have no power to talk to.
UCLA_2,UCLA,I have nobody to talk to,I have no pity to talk to.
UCLA_2,UCLA,I have nobody to talk to,I have nobody to talk to.
UCLA_2,UCLA,I have nobody to talk to,I have nothing to talk to.
UCLA_2,UCLA,I have nobody to talk to,I have no power to talk to.
UCLA_2,UCLA,I have nobody to talk to,I have no power to talk to.
UCLA_2,UCLA,I have nobody to talk to,I have no idea who I am.
UCLA_2,UCLA,I have nobody to talk to,I have no bosses to talk to.
UCLA_2,UCLA,I have nobody to talk to,I have no one to talk to.
UCLA_2,UCLA,I have nobody to talk to,I have no idea what I want to do.
UCLA_3,UCLA,I cannot tolerate being so alone,I cannot tolerate being alone.
UCLA_3,UCLA,I cannot tolerate being so alone,I cannot tolerate being so alone.
UCLA_3,UCLA,I cannot tolerate being so alone,I can tolerate being so alone.
UCLA_3,UCLA,I cannot tolerate being so alone,I cannot tolerate being alone.
UCLA_3,UCLA,I cannot tolerate being so alone,I cannot tolerate being so alone.
UCLA_3,UCLA,I cannot tolerate being so alone,I cannot tolerate being alone.
UCLA_3,UCLA,I cannot tolerate being so alone,I cannot tolerate being so alone.
UCLA_3,UCLA,I cannot tolerate being so alone,I cannot tolerate being so alone.
UCLA_3,UCLA,I cannot tolerate being so alone,I cannot tolerate being alone.
UCLA_3,UCLA,I cannot tolerate being so alone,I cannot tolerate being so alone.
UCLA_4,UCLA,I lack companionship,I don't have companionship.
UCLA_4,UCLA,I lack companionship,I have a desire to be companionship.
UCLA_4,UCLA,I lack companionship,I don't have companionship.
UCLA_4,UCLA,I lack companionship,I am an honest person.
UCLA_4,UCLA,I lack companionship,I lack companionship.
UCLA_4,UCLA,I lack companionship,I do not love companionship.
UCLA_4,UCLA,I lack companionship,I do not enjoy companionship.
UCLA_4,UCLA,I lack companionship,I do not have companionship.
UCLA_4,UCLA,I lack companionship,I lack companionship because I am a doctor.
UCLA_4,UCLA,I lack companionship,I do not love companionship.
UCLA_5,UCLA,I feel as if nobody really understands me,I feel as if nobody really understands me.
UCLA_5,UCLA,I feel as if nobody really understands me,I feel as if nobody really understands me.
UCLA_5,UCLA,I feel as if nobody really understands me,I feel as if nobody really understands me.
UCLA_5,UCLA,I feel as if nobody really understands me,I feel as if nobody really understands me.
UCLA_5,UCLA,I feel as if nobody really understands me,I feel like nobody really understands me.
UCLA_5,UCLA,I feel as if nobody really understands me,I feel like nobody really understands me.
UCLA_5,UCLA,I feel as if nobody really understands me,I feel like nobody really understands me.
UCLA_5,UCLA,I feel as if nobody really understands me,I feel as if nobody really understands me.
UCLA_5,UCLA,I feel as if nobody really understands me,I feel as if nobody really understands me.
UCLA_5,UCLA,I feel as if nobody really understands me,I feel as if nobody really understands me.
UCLA_6,UCLA,I find myself waiting for people to call or write,I find myself waiting for people to call or write.
UCLA_6,UCLA,I find myself waiting for people to call or write,I find myself waiting for people to call or write.
UCLA_6,UCLA,I find myself waiting for people to call or write,I find myself waiting for people to call or write.
UCLA_6,UCLA,I find myself waiting for people to call or write,I find myself waiting for people to call or write.
UCLA_6,UCLA,I find myself waiting for people to call or write,I find myself waiting for people to call or write.
UCLA_6,UCLA,I find myself waiting for people to call or write,I find myself waiting for people to call or write.
UCLA_6,UCLA,I find myself waiting for people to call or write,I find myself waiting for people to call or write.
UCLA_6,UCLA,I find myself waiting for people to call or write,I find myself waiting for people to call or write.
UCLA_6,UCLA,I find myself waiting for people to call or write,I find myself waiting for people to call or write.
UCLA_6,UCLA,I find myself waiting for people to call or write,I find myself waiting for people to call or write.
UCLA_7,UCLA,There is no one I can turn to,There is no one I can turn to.
UCLA_7,UCLA,There is no one I can turn to,There is no one I can turn to.
UCLA_7,UCLA,There is no one I can turn to,There is no one I can turn to.
UCLA_7,UCLA,There is no one I can turn to,There is no one I can turn to.
UCLA_7,UCLA,There is no one I can turn to,There is no one I can turn to.
UCLA_7,UCLA,There is no one I can turn to,There is no one I can turn to.
UCLA_7,UCLA,There is no one I can turn to,There is no one I can turn to.
UCLA_7,UCLA,There is no one I can turn to,There is no one I can turn to.
UCLA_7,UCLA,There is no one I can turn to,There is no one I can turn to.
UCLA_7,UCLA,There is no one I can turn to,There is no one I can turn to.
UCLA_8,UCLA,I am no longer close to anyone,I am no longer close to anyone.
UCLA_8,UCLA,I am no longer close to anyone,I am no longer close to anyone.
UCLA_8,UCLA,I am no longer close to anyone,I am not close to anyone.
UCLA_8,UCLA,I am no longer close to anyone,I am not close to anyone.
UCLA_8,UCLA,I am no longer close to anyone,I am no longer close to anyone.
UCLA_8,UCLA,I am no longer close to anyone,I am no longer close to anyone.
UCLA_8,UCLA,I am no longer close to anyone,I am not close to anyone.
UCLA_8,UCLA,I am no longer close to anyone,I am not close to anyone.
UCLA_8,UCLA,I am no longer close to anyone,I am no longer close to anyone.
UCLA_8,UCLA,I am no longer close to anyone,I am not close to anyone.
UCLA_9,UCLA,My interests and ideas are not shared by those around me,My interests and ideas are not shared by those around me.
UCLA_9,UCLA,My interests and ideas are not shared by those around me,My interests and ideas are not shared by those around me.
UCLA_9,UCLA,My interests and ideas are not shared by those around me,My interests and ideas are not shared by those around me.
UCLA_9,UCLA,My interests and ideas are not shared by those around me,My interests and ideas are not shared by those around me.
UCLA_9,UCLA,My interests and ideas are not shared by those around me,My interests and ideas are not shared by those around me.
UCLA_9,UCLA,My interests and ideas are not shared by those around me,My interests and ideas are not shared by those around me.
UCLA_9,UCLA,My interests and ideas are not shared by those around me,My interests and ideas are not shared by those around me.
UCLA_9,UCLA,My interests and ideas are not shared by those around me,My interests and ideas are not shared by those around me.
UCLA_9,UCLA,My interests and ideas are not shared by those around me,My interests and ideas are not shared by those around me.
UCLA_9,UCLA,My interests and ideas are not shared by those around me,My interests and ideas are not shared by those around me.
UCLA_10,UCLA,I feel left out,I feel right out of the way.
UCLA_10,UCLA,I feel left out,I feel left out.
UCLA_10,UCLA,I feel left out,I feel left out.
UCLA_10,UCLA,I feel left out,I feel like I have a lot to do with my health.
UCLA_10,UCLA,I feel left out,I feel like I feel like I need to change.
UCLA_10,UCLA,I feel left out,I feel ill.
UCLA_10,UCLA,I feel left out,I feel lost out.
UCLA_10,UCLA,I feel left out,I feel very sorry for myself.
UCLA_10,UCLA,I feel left out,I feel ill.
UCLA_10,UCLA,I feel left out,I feel sick.
UCLA_11,UCLA,I feel completely alone,I feel alone.
UCLA_11,UCLA,I feel completely alone,I feel completely alone.
UCLA_11,UCLA,I feel completely alone,I feel alone.
UCLA_11,UCLA,I feel completely alone,I feel complete alone.
UCLA_11,UCLA,I feel completely alone,I feel lonely.
UCLA_11,UCLA,I feel completely alone,I feel completely alone.
UCLA_11,UCLA,I feel completely alone,I feel like I'm in a deep depression.
UCLA_11,UCLA,I feel completely alone,I feel cheated.
UCLA_11,UCLA,I feel completely alone,I feel very lonely.
UCLA_11,UCLA,I feel completely alone,I feel lonely.
UCLA_12,UCLA,I am unable to reach out and communicate with those around me,I am unable to reach out and communicate with those around me.
UCLA_12,UCLA,I am unable to reach out and communicate with those around me,I am unable to reach out and communicate with those around me.
UCLA_12,UCLA,I am unable to reach out and communicate with those around me,I am unable to reach out and communicate with those around me.
UCLA_12,UCLA,I am unable to reach out and communicate with those around me,I am unable to reach out and communicate with those around me.
UCLA_12,UCLA,I am unable to reach out and communicate with those around me,I am unable to reach out and communicate with those around me.
UCLA_12,UCLA,I am unable to reach out and communicate with those around me,I am unable to reach out and communicate with those around me.
UCLA_12,UCLA,I am unable to reach out and communicate with those around me,I am unable to reach out and communicate with those around me.
UCLA_12,UCLA,I am unable to reach out and communicate with those around me,I am unable to reach out and communicate with those around me.
UCLA_12,UCLA,I am unable to reach out and communicate with those around me,I am unable to reach out and communicate with those around me.
UCLA_12,UCLA,I am unable to reach out and communicate with those around me,I am unable to reach out and communicate with those around me.
UCLA_13,UCLA,My social relationships are superficial,My social relationships are a false one.
UCLA_13,UCLA,My social relationships are superficial,My social relationships are superficial.
UCLA_13,UCLA,My social relationships are superficial,My social relationships are superficial.
UCLA_13,UCLA,My social relationships are superficial,My social relationships are superficial.
UCLA_13,UCLA,My social relationships are superficial,My social relationships are superficial.
UCLA_13,UCLA,My social relationships are superficial,My social relationships are superficial.
UCLA_13,UCLA,My social relationships are superficial,My social relationships are superficial.
UCLA_13,UCLA,My social relationships are superficial,My social relationships are superficial.
UCLA_13,UCLA,My social relationships are superficial,My social relationships are superficial.
UCLA_13,UCLA,My social relationships are superficial,My social relationships are superficial.
UCLA_14,UCLA,I feel starved for company,I feel disappointed for the company.
UCLA_14,UCLA,I feel starved for company,I feel enraged for the company.
UCLA_14,UCLA,I feel starved for company,I feel happy for the company.
UCLA_14,UCLA,I feel starved for company,I feel starved for company.
UCLA_14,UCLA,I feel starved for company,I feel starved for company.
UCLA_14,UCLA,I feel starved for company,I feel disappointed for company.
UCLA_14,UCLA,I feel starved for company,I feel starved for company.
UCLA_14,UCLA,I feel starved for company,I feel starved for company.
UCLA_14,UCLA,I feel starved for company,I feel sick for company.
UCLA_14,UCLA,I feel starved for company,I feel starved for company.
UCLA_15,UCLA,No one really knows me well,No one really knows me well.
UCLA_15,UCLA,No one really knows me well,No one really knows me well.
UCLA_15,UCLA,No one really knows me well,I'm not alone.
UCLA_15,UCLA,No one really knows me well,I don't know how to get in my mind.
UCLA_15,UCLA,No one really knows me well,There is no one who knows me well.
UCLA_15,UCLA,No one really knows me well,No one really knows me well.
UCLA_15,UCLA,No one really knows me well,No one really knows me well.
UCLA_15,UCLA,No one really knows me well,No one really knows me well.
UCLA_15,UCLA,No one really knows me well,It's not my personal knowledge.
UCLA_15,UCLA,No one really knows me well,No one knows me well.
UCLA_16,UCLA,I feel isolated from others,I feel isolated from others.
UCLA_16,UCLA,I feel isolated from others,I feel isolated from others.
UCLA_16,UCLA,I feel isolated from others,I feel isolated from others.
UCLA_16,UCLA,I feel isolated from others,I feel isolated from others.
UCLA_16,UCLA,I feel isolated from others,I feel isolated from others.
UCLA_16,UCLA,I feel isolated from others,I feel isolated from others.
UCLA_16,UCLA,I feel isolated from others,I feel isolated from others.
UCLA_16,UCLA,I feel isolated from others,I feel isolated from others.
UCLA_16,UCLA,I feel isolated from others,I feel isolated from others.
UCLA_16,UCLA,I feel isolated from others,I feel isolated from others.
UCLA_17,UCLA,I am unhappy being so withdrawn,I am sad.
UCLA_17,UCLA,I am unhappy being so withdrawn,I am unhappy being so withdrawn.
UCLA_17,UCLA,I am unhappy being so withdrawn,I am unhappy being so withdrawn.
UCLA_17,UCLA,I am unhappy being so withdrawn,I am unhappy being so withdrawn.
UCLA_17,UCLA,I am unhappy being so withdrawn,I am unhappy being so withdrawn.
UCLA_17,UCLA,I am unhappy being so withdrawn,I am unhappy being so withdrawn.
UCLA_17,UCLA,I am unhappy being so withdrawn,I am unhappy being so withdrawn.
UCLA_17,UCLA,I am unhappy being so withdrawn,I am astonished to be so withdrawn.
UCLA_17,UCLA,I am unhappy being so withdrawn,I am unhappy being so withdrawn.
UCLA_17,UCLA,I am unhappy being so withdrawn,I am disappointed being so withdrawn.
UCLA_18,UCLA,It is difficult for me to make friends,It is difficult to make friends.
UCLA_18,UCLA,It is difficult for me to make friends,It is difficult for me to make friends.
UCLA_18,UCLA,It is difficult for me to make friends,It is difficult for me to make friends.
UCLA_18,UCLA,It is difficult for me to make friends,It is hard to make friends.
UCLA_18,UCLA,It is difficult for me to make friends,It is difficult for me to make friends.
UCLA_18,UCLA,It is difficult for me to make friends,It is difficult for me to make friends.
UCLA_18,UCLA,It is difficult for me to make friends,It is difficult to make friends for me.
UCLA_18,UCLA,It is difficult for me to make friends,It is difficult to make friends.
UCLA_18,UCLA,It is difficult for me to make friends,It is difficult for me to make friends.
UCLA_18,UCLA,It is difficult for me to make friends,It is hard for me to make friends.
UCLA_19,UCLA,I feel shut out and excluded by others,I feel trapped and excluded by others.
UCLA_19,UCLA,I feel shut out and excluded by others,I feel shut out and excluded by others.
UCLA_19,UCLA,I feel shut out and excluded by others,I feel scared out of others.
UCLA_19,UCLA,I feel shut out and excluded by others,I feel shut out and excluded by others.
UCLA_19,UCLA,I feel shut out and excluded by others,I feel shut out and excluded by others.
UCLA_19,UCLA,I feel shut out and excluded by others,I feel shut out and excluded by others.
UCLA_19,UCLA,I feel shut out and excluded by others,I feel depressed and excluded from others.
UCLA_19,UCLA,I feel shut out and excluded by others,I feel embarrassed and excluded by others.
UCLA_19,UCLA,I feel shut out and excluded by others,I feel closed out and excluded by others.
UCLA_19,UCLA,I feel shut out and excluded by others,I feel shut out and excluded by others.
UCLA_20,UCLA,People are around me but not with me,People are around me but not with me.
UCLA_20,UCLA,People are around me but not with me,People are around me but not with me.
UCLA_20,UCLA,People are around me but not with me,People are around me but not with me.
UCLA_20,UCLA,People are around me but not with me,People are around me but not with me.
UCLA_20,UCLA,People are around me but not with me,People are around me but not with me.
UCLA_20,UCLA,People are around me but not with me,People are around me but not with me.
UCLA_20,UCLA,People are around me but not with me,People are around me but not with me.
UCLA_20,UCLA,People are around me but not with me,"People are around me, but not with me."
UCLA_20,UCLA,People are around me but not with me,People are around me but not with me.
UCLA_20,UCLA,People are around me but not with me,People are around me but not with me.
