qid,text,answer,source,text_norm
CD_RISC_1,I am able to adapt when changes occur.,Emotional,Human01,I am able to adapt when changes occur
CD_RISC_1,I am able to adapt when changes occur.,Emotional,Human02,I am able to adapt when changes occur
CD_RISC_1,I am able to adapt when changes occur.,Social,Human03,I am able to adapt when changes occur
CD_RISC_1,I am able to adapt when changes occur.,Emotional,Human04,I am able to adapt when changes occur
CD_RISC_1,I am able to adapt when changes occur.,Environmental,Human05,I am able to adapt when changes occur
CD_RISC_1,I am able to adapt when changes occur.,Intellectual,Human06,I am able to adapt when changes occur
CD_RISC_1,I am able to adapt when changes occur.,Intellectual,Human07,I am able to adapt when changes occur
CD_RISC_1,I am able to adapt when changes occur.,Environmental,Human08,I am able to adapt when changes occur
CD_RISC_1,I am able to adapt when changes occur.,Emotional,Human09,I am able to adapt when changes occur
CD_RISC_1,I am able to adapt when changes occur.,Intellectual,Human10,I am able to adapt when changes occur
CD_RISC_1,I am able to adapt when changes occur.,Emotional,Human11,I am able to adapt when changes occur
CD_RISC_1,I am able to adapt when changes occur.,Emotional,Human12,I am able to adapt when changes occur
CD_RISC_1,I am able to adapt when changes occur.,Emotional,Human13,I am able to adapt when changes occur
CD_RISC_1,I am able to adapt when changes occur.,Intellectual,Human14,I am able to adapt when changes occur
CD_RISC_1,I am able to adapt when changes occur.,Environmental,Human15,I am able to adapt when changes occur
CD_RISC_1,I am able to adapt when changes occur.,Emotional,Human16,I am able to adapt when changes occur
CD_RISC_1,I am able to adapt when changes occur.,Environmental,Human17,I am able to adapt when changes occur
CD_RISC_1,I am able to adapt when changes occur.,Emotional,Human18,I am able to adapt when changes occur
CD_RISC_1,I am able to adapt when changes occur.,Social,Human19,I am able to adapt when changes occur
CD_RISC_1,I am able to adapt when changes occur.,Intellectual,Human20,I am able to adapt when changes occur
CD_RISC_1,I am able to adapt when changes occur.,Emotional,Human21,I am able to adapt when changes occur
CD_RISC_1,I am able to adapt when changes occur.,Emotional,Human22,I am able to adapt when changes occur
CD_RISC_1,I am able to adapt when changes occur.,Emotional,Human23,I am able to adapt when changes occur
CD_RISC_1,I am able to adapt when changes occur.,Intellectual,Human24,I am able to adapt when changes occur
CD_RISC_1,I am able to adapt when changes occur.,Intellectual,Human25,I am able to adapt when changes occur
CD_RISC_1,I am able to adapt when changes occur.,Emotional,Human26,I am able to adapt when changes occur
CD_RISC_1,I am able to adapt when changes occur.,Emotional,Human27,I am able to adapt when changes occur
CD_RISC_1,I am able to adapt when changes occur.,Emotional,Human28,I am able to adapt when changes occur
CD_RISC_10,"I make my best effort, no matter what.",Emotional,Human01,"I make my best effort, no matter what"
CD_RISC_10,"I make my best effort, no matter what.",Emotional,Human02,"I make my best effort, no matter what"
CD_RISC_10,"I make my best effort, no matter what.",Emotional,Human03,"I make my best effort, no matter what"
CD_RISC_10,"I make my best effort, no matter what.",Emotional,Human04,"I make my best effort, no matter what"
CD_RISC_10,"I make my best effort, no matter what.",Emotional,Human05,"I make my best effort, no matter what"
CD_RISC_10,"I make my best effort, no matter what.",Emotional,Human06,"I make my best effort, no matter what"
CD_RISC_10,"I make my best effort, no matter what.",Intellectual,Human07,"I make my best effort, no matter what"
CD_RISC_10,"I make my best effort, no matter what.",Spiritual,Human08,"I make my best effort, no matter what"
CD_RISC_10,"I make my best effort, no matter what.",Occupational,Human09,"I make my best effort, no matter what"
CD_RISC_10,"I make my best effort, no matter what.",Emotional,Human10,"I make my best effort, no matter what"
CD_RISC_10,"I make my best effort, no matter what.",Emotional,Human11,"I make my best effort, no matter what"
CD_RISC_10,"I make my best effort, no matter what.",Intellectual,Human12,"I make my best effort, no matter what"
CD_RISC_10,"I make my best effort, no matter what.",Intellectual,Human13,"I make my best effort, no matter what"
CD_RISC_10,"I make my best effort, no matter what.",Intellectual,Human14,"I make my best effort, no matter what"
CD_RISC_10,"I make my best effort, no matter what.",Emotional,Human15,"I make my best effort, no matter what"
CD_RISC_10,"I make my best effort, no matter what.",Intellectual,Human16,"I make my best effort, no matter what"
CD_RISC_10,"I make my best effort, no matter what.",Occupational,Human17,"I make my best effort, no matter what"
CD_RISC_10,"I make my best effort, no matter what.",Emotional,Human18,"I make my best effort, no matter what"
CD_RISC_10,"I make my best effort, no matter what.",Intellectual,Human19,"I make my best effort, no matter what"
CD_RISC_10,"I make my best effort, no matter what.",Emotional,Human20,"I make my best effort, no matter what"
CD_RISC_10,"I make my best effort, no matter what.",Emotional,Human21,"I make my best effort, no matter what"
CD_RISC_10,"I make my best effort, no matter what.",Occupational,Human22,"I make my best effort, no matter what"
CD_RISC_10,"I make my best effort, no matter what.",Occupational,Human23,"I make my best effort, no matter what"
CD_RISC_10,"I make my best effort, no matter what.",Intellectual,Human24,"I make my best effort, no matter what"
CD_RISC_10,"I make my best effort, no matter what.",Intellectual,Human25,"I make my best effort, no matter what"
CD_RISC_10,"I make my best effort, no matter what.",Intellectual,Human26,"I make my best effort, no matter what"
CD_RISC_10,"I make my best effort, no matter what.",Occupational,Human27,"I make my best effort, no matter what"
CD_RISC_10,"I make my best effort, no matter what.",Emotional,Human28,"I make my best effort, no matter what"
CD_RISC_11,"I believe I can achieve my goals, even if there are obstacles.",Emotional,Human01,"I believe I can achieve my goals, even if there are obstacles"
CD_RISC_11,"I believe I can achieve my goals, even if there are obstacles.",Emotional,Human02,"I believe I can achieve my goals, even if there are obstacles"
CD_RISC_11,"I believe I can achieve my goals, even if there are obstacles.",Emotional,Human03,"I believe I can achieve my goals, even if there are obstacles"
CD_RISC_11,"I believe I can achieve my goals, even if there are obstacles.",Emotional,Human04,"I believe I can achieve my goals, even if there are obstacles"
CD_RISC_11,"I believe I can achieve my goals, even if there are obstacles.",Emotional,Human05,"I believe I can achieve my goals, even if there are obstacles"
CD_RISC_11,"I believe I can achieve my goals, even if there are obstacles.",Occupational,Human06,"I believe I can achieve my goals, even if there are obstacles"
CD_RISC_11,"I believe I can achieve my goals, even if there are obstacles.",Spiritual,Human07,"I believe I can achieve my goals, even if there are obstacles"
CD_RISC_11,"I believe I can achieve my goals, even if there are obstacles.",Occupational,Human08,"I believe I can achieve my goals, even if there are obstacles"
CD_RISC_11,"I believe I can achieve my goals, even if there are obstacles.",Occupational,Human09,"I believe I can achieve my goals, even if there are obstacles"
CD_RISC_11,"I believe I can achieve my goals, even if there are obstacles.",Emotional,Human10,"I believe I can achieve my goals, even if there are obstacles"
CD_RISC_11,"I believe I can achieve my goals, even if there are obstacles.",Emotional,Human11,"I believe I can achieve my goals, even if there are obstacles"
CD_RISC_11,"I believe I can achieve my goals, even if there are obstacles.",Occupational,Human12,"I believe I can achieve my goals, even if there are obstacles"
CD_RISC_11,"I believe I can achieve my goals, even if there are obstacles.",Intellectual,Human13,"I believe I can achieve my goals, even if there are obstacles"
CD_RISC_11,"I believe I can achieve my goals, even if there are obstacles.",Intellectual,Human14,"I believe I can achieve my goals, even if there are obstacles"
CD_RISC_11,"I believe I can achieve my goals, even if there are obstacles.",Intellectual,Human15,"I believe I can achieve my goals, even if there are obstacles"
CD_RISC_11,"I believe I can achieve my goals, even if there are obstacles.",Emotional,Human16,"I believe I can achieve my goals, even if there are obstacles"
CD_RISC_11,"I believe I can achieve my goals, even if there are obstacles.",Emotional,Human17,"I believe I can achieve my goals, even if there are obstacles"
CD_RISC_11,"I believe I can achieve my goals, even if there are obstacles.",Emotional,Human18,"I believe I can achieve my goals, even if there are obstacles"
CD_RISC_11,"I believe I can achieve my goals, even if there are obstacles.",Environmental,Human19,"I believe I can achieve my goals, even if there are obstacles"
CD_RISC_11,"I believe I can achieve my goals, even if there are obstacles.",Emotional,Human20,"I believe I can achieve my goals, even if there are obstacles"
CD_RISC_11,"I believe I can achieve my goals, even if there are obstacles.",Intellectual,Human21,"I believe I can achieve my goals, even if there are obstacles"
CD_RISC_11,"I believe I can achieve my goals, even if there are obstacles.",Occupational,Human22,"I believe I can achieve my goals, even if there are obstacles"
CD_RISC_11,"I believe I can achieve my goals, even if there are obstacles.",Occupational,Human23,"I believe I can achieve my goals, even if there are obstacles"
CD_RISC_11,"I believe I can achieve my goals, even if there are obstacles.",Intellectual,Human24,"I believe I can achieve my goals, even if there are obstacles"
CD_RISC_11,"I believe I can achieve my goals, even if there are obstacles.",Occupational,Human25,"I believe I can achieve my goals, even if there are obstacles"
CD_RISC_11,"I believe I can achieve my goals, even if there are obstacles.",Emotional,Human26,"I believe I can achieve my goals, even if there are obstacles"
CD_RISC_11,"I believe I can achieve my goals, even if there are obstacles.",Occupational,Human27,"I believe I can achieve my goals, even if there are obstacles"
CD_RISC_11,"I believe I can achieve my goals, even if there are obstacles.",Emotional,Human28,"I believe I can achieve my goals, even if there are obstacles"
CD_RISC_12,"Even when hopeless, I do not give up.",Emotional,Human01,"Even when hopeless, I do not give up"
CD_RISC_12,"Even when hopeless, I do not give up.",Emotional,Human02,"Even when hopeless, I do not give up"
CD_RISC_12,"Even when hopeless, I do not give up.",Spiritual,Human03,"Even when hopeless, I do not give up"
CD_RISC_12,"Even when hopeless, I do not give up.",Emotional,Human04,"Even when hopeless, I do not give up"
CD_RISC_12,"Even when hopeless, I do not give up.",Emotional,Human05,"Even when hopeless, I do not give up"
CD_RISC_12,"Even when hopeless, I do not give up.",Emotional,Human06,"Even when hopeless, I do not give up"
CD_RISC_12,"Even when hopeless, I do not give up.",Intellectual,Human07,"Even when hopeless, I do not give up"
CD_RISC_12,"Even when hopeless, I do not give up.",Emotional,Human08,"Even when hopeless, I do not give up"
CD_RISC_12,"Even when hopeless, I do not give up.",Emotional,Human09,"Even when hopeless, I do not give up"
CD_RISC_12,"Even when hopeless, I do not give up.",Emotional,Human10,"Even when hopeless, I do not give up"
CD_RISC_12,"Even when hopeless, I do not give up.",Emotional,Human11,"Even when hopeless, I do not give up"
CD_RISC_12,"Even when hopeless, I do not give up.",Spiritual,Human12,"Even when hopeless, I do not give up"
CD_RISC_12,"Even when hopeless, I do not give up.",Emotional,Human13,"Even when hopeless, I do not give up"
CD_RISC_12,"Even when hopeless, I do not give up.",Emotional,Human14,"Even when hopeless, I do not give up"
CD_RISC_12,"Even when hopeless, I do not give up.",Emotional,Human15,"Even when hopeless, I do not give up"
CD_RISC_12,"Even when hopeless, I do not give up.",Emotional,Human16,"Even when hopeless, I do not give up"
CD_RISC_12,"Even when hopeless, I do not give up.",Emotional,Human17,"Even when hopeless, I do not give up"
CD_RISC_12,"Even when hopeless, I do not give up.",Social,Human18,"Even when hopeless, I do not give up"
CD_RISC_12,"Even when hopeless, I do not give up.",Intellectual,Human19,"Even when hopeless, I do not give up"
CD_RISC_12,"Even when hopeless, I do not give up.",Emotional,Human20,"Even when hopeless, I do not give up"
CD_RISC_12,"Even when hopeless, I do not give up.",Emotional,Human21,"Even when hopeless, I do not give up"
CD_RISC_12,"Even when hopeless, I do not give up.",Emotional,Human22,"Even when hopeless, I do not give up"
CD_RISC_12,"Even when hopeless, I do not give up.",Spiritual,Human23,"Even when hopeless, I do not give up"
CD_RISC_12,"Even when hopeless, I do not give up.",Emotional,Human24,"Even when hopeless, I do not give up"
CD_RISC_12,"Even when hopeless, I do not give up.",Emotional,Human25,"Even when hopeless, I do not give up"
CD_RISC_12,"Even when hopeless, I do not give up.",Spiritual,Human26,"Even when hopeless, I do not give up"
CD_RISC_12,"Even when hopeless, I do not give up.",Emotional,Human27,"Even when hopeless, I do not give up"
CD_RISC_12,"Even when hopeless, I do not give up.",Emotional,Human28,"Even when hopeless, I do not give up"
CD_RISC_13,"In times of stress, I know where to find help.",Emotional,Human01,"In times of stress, I know where to find help"
CD_RISC_13,"In times of stress, I know where to find help.",Emotional,Human02,"In times of stress, I know where to find help"
CD_RISC_13,"In times of stress, I know where to find help.",Emotional,Human03,"In times of stress, I know where to find help"
CD_RISC_13,"In times of stress, I know where to find help.",Emotional,Human04,"In times of stress, I know where to find help"
CD_RISC_13,"In times of stress, I know where to find help.",Social,Human05,"In times of stress, I know where to find help"
CD_RISC_13,"In times of stress, I know where to find help.",Emotional,Human06,"In times of stress, I know where to find help"
CD_RISC_13,"In times of stress, I know where to find help.",Social,Human07,"In times of stress, I know where to find help"
CD_RISC_13,"In times of stress, I know where to find help.",Social,Human08,"In times of stress, I know where to find help"
CD_RISC_13,"In times of stress, I know where to find help.",Social,Human09,"In times of stress, I know where to find help"
CD_RISC_13,"In times of stress, I know where to find help.",Social,Human10,"In times of stress, I know where to find help"
CD_RISC_13,"In times of stress, I know where to find help.",Social,Human11,"In times of stress, I know where to find help"
CD_RISC_13,"In times of stress, I know where to find help.",Environmental,Human12,"In times of stress, I know where to find help"
CD_RISC_13,"In times of stress, I know where to find help.",Social,Human13,"In times of stress, I know where to find help"
CD_RISC_13,"In times of stress, I know where to find help.",Emotional,Human14,"In times of stress, I know where to find help"
CD_RISC_13,"In times of stress, I know where to find help.",Emotional,Human15,"In times of stress, I know where to find help"
CD_RISC_13,"In times of stress, I know where to find help.",Environmental,Human16,"In times of stress, I know where to find help"
CD_RISC_13,"In times of stress, I know where to find help.",Environmental,Human17,"In times of stress, I know where to find help"
CD_RISC_13,"In times of stress, I know where to find help.",Emotional,Human18,"In times of stress, I know where to find help"
CD_RISC_13,"In times of stress, I know where to find help.",Emotional,Human19,"In times of stress, I know where to find help"
CD_RISC_13,"In times of stress, I know where to find help.",Emotional,Human20,"In times of stress, I know where to find help"
CD_RISC_13,"In times of stress, I know where to find help.",Emotional,Human21,"In times of stress, I know where to find help"
CD_RISC_13,"In times of stress, I know where to find help.",Emotional,Human22,"In times of stress, I know where to find help"
CD_RISC_13,"In times of stress, I know where to find help.",Social,Human23,"In times of stress, I know where to find help"
CD_RISC_13,"In times of stress, I know where to find help.",Emotional,Human24,"In times of stress, I know where to find help"
CD_RISC_13,"In times of stress, I know where to find help.",Intellectual,Human25,"In times of stress, I know where to find help"
CD_RISC_13,"In times of stress, I know where to find help.",Social,Human26,"In times of stress, I know where to find help"
CD_RISC_13,"In times of stress, I know where to find help.",Social,Human27,"In times of stress, I know where to find help"
CD_RISC_13,"In times of stress, I know where to find help.",Social,Human28,"In times of stress, I know where to find help"
CD_RISC_14,"Under pressure, I stay focused and think clearly.",Emotional,Human01,"Under pressure, I stay focused and think clearly"
CD_RISC_14,"Under pressure, I stay focused and think clearly.",Emotional,Human02,"Under pressure, I stay focused and think clearly"
CD_RISC_14,"Under pressure, I stay focused and think clearly.",Intellectual,Human03,"Under pressure, I stay focused and think clearly"
CD_RISC_14,"Under pressure, I stay focused and think clearly.",Emotional,Human04,"Under pressure, I stay focused and think clearly"
CD_RISC_14,"Under pressure, I stay focused and think clearly.",Emotional,Human05,"Under pressure, I stay focused and think clearly"
CD_RISC_14,"Under pressure, I stay focused and think clearly.",Intellectual,Human06,"Under pressure, I stay focused and think clearly"
CD_RISC_14,"Under pressure, I stay focused and think clearly.",Intellectual,Human07,"Under pressure, I stay focused and think clearly"
CD_RISC_14,"Under pressure, I stay focused and think clearly.",Emotional,Human08,"Under pressure, I stay focused and think clearly"
CD_RISC_14,"Under pressure, I stay focused and think clearly.",Occupational,Human09,"Under pressure, I stay focused and think clearly"
CD_RISC_14,"Under pressure, I stay focused and think clearly.",Emotional,Human10,"Under pressure, I stay focused and think clearly"
CD_RISC_14,"Under pressure, I stay focused and think clearly.",Emotional,Human11,"Under pressure, I stay focused and think clearly"
CD_RISC_14,"Under pressure, I stay focused and think clearly.",Emotional,Human12,"Under pressure, I stay focused and think clearly"
CD_RISC_14,"Under pressure, I stay focused and think clearly.",Intellectual,Human13,"Under pressure, I stay focused and think clearly"
CD_RISC_14,"Under pressure, I stay focused and think clearly.",Intellectual,Human14,"Under pressure, I stay focused and think clearly"
CD_RISC_14,"Under pressure, I stay focused and think clearly.",Emotional,Human15,"Under pressure, I stay focused and think clearly"
CD_RISC_14,"Under pressure, I stay focused and think clearly.",Emotional,Human16,"Under pressure, I stay focused and think clearly"
CD_RISC_14,"Under pressure, I stay focused and think clearly.",Emotional,Human17,"Under pressure, I stay focused and think clearly"
CD_RISC_14,"Under pressure, I stay focused and think clearly.",Intellectual,Human18,"Under pressure, I stay focused and think clearly"
CD_RISC_14,"Under pressure, I stay focused and think clearly.",Emotional,Human19,"Under pressure, I stay focused and think clearly"
CD_RISC_14,"Under pressure, I stay focused and think clearly.",Intellectual,Human20,"Under pressure, I stay focused and think clearly"
CD_RISC_14,"Under pressure, I stay focused and think clearly.",Intellectual,Human21,"Under pressure, I stay focused and think clearly"
CD_RISC_14,"Under pressure, I stay focused and think clearly.",Intellectual,Human22,"Under pressure, I stay focused and think clearly"
CD_RISC_14,"Under pressure, I stay focused and think clearly.",Environmental,Human23,"Under pressure, I stay focused and think clearly"
CD_RISC_14,"Under pressure, I stay focused and think clearly.",Intellectual,Human24,"Under pressure, I stay focused and think clearly"
CD_RISC_14,"Under pressure, I stay focused and think clearly.",Intellectual,Human25,"Under pressure, I stay focused and think clearly"
CD_RISC_14,"Under pressure, I stay focused and think clearly.",Emotional,Human26,"Under pressure, I stay focused and think clearly"
CD_RISC_14,"Under pressure, I stay focused and think clearly.",Intellectual,Human27,"Under pressure, I stay focused and think clearly"
CD_RISC_14,"Under pressure, I stay focused and think clearly.",Emotional,Human28,"Under pressure, I stay focused and think clearly"
CD_RISC_15,I prefer to take the lead in problem-solving.,Emotional,Human01,I prefer to take the lead in problem-solving
CD_RISC_15,I prefer to take the lead in problem-solving.,Intellectual,Human02,I prefer to take the lead in problem-solving
CD_RISC_15,I prefer to take the lead in problem-solving.,Intellectual,Human03,I prefer to take the lead in problem-solving
CD_RISC_15,I prefer to take the lead in problem-solving.,Social,Human04,I prefer to take the lead in problem-solving
CD_RISC_15,I prefer to take the lead in problem-solving.,Intellectual,Human05,I prefer to take the lead in problem-solving
CD_RISC_15,I prefer to take the lead in problem-solving.,Occupational,Human06,I prefer to take the lead in problem-solving
CD_RISC_15,I prefer to take the lead in problem-solving.,Intellectual,Human07,I prefer to take the lead in problem-solving
CD_RISC_15,I prefer to take the lead in problem-solving.,Intellectual,Human08,I prefer to take the lead in problem-solving
CD_RISC_15,I prefer to take the lead in problem-solving.,Intellectual,Human09,I prefer to take the lead in problem-solving
CD_RISC_15,I prefer to take the lead in problem-solving.,Intellectual,Human10,I prefer to take the lead in problem-solving
CD_RISC_15,I prefer to take the lead in problem-solving.,Intellectual,Human11,I prefer to take the lead in problem-solving
CD_RISC_15,I prefer to take the lead in problem-solving.,Intellectual,Human12,I prefer to take the lead in problem-solving
CD_RISC_15,I prefer to take the lead in problem-solving.,Intellectual,Human13,I prefer to take the lead in problem-solving
CD_RISC_15,I prefer to take the lead in problem-solving.,Intellectual,Human14,I prefer to take the lead in problem-solving
CD_RISC_15,I prefer to take the lead in problem-solving.,Intellectual,Human15,I prefer to take the lead in problem-solving
CD_RISC_15,I prefer to take the lead in problem-solving.,Social,Human16,I prefer to take the lead in problem-solving
CD_RISC_15,I prefer to take the lead in problem-solving.,Occupational,Human17,I prefer to take the lead in problem-solving
CD_RISC_15,I prefer to take the lead in problem-solving.,Emotional,Human18,I prefer to take the lead in problem-solving
CD_RISC_15,I prefer to take the lead in problem-solving.,Intellectual,Human19,I prefer to take the lead in problem-solving
CD_RISC_15,I prefer to take the lead in problem-solving.,Intellectual,Human20,I prefer to take the lead in problem-solving
CD_RISC_15,I prefer to take the lead in problem-solving.,Intellectual,Human21,I prefer to take the lead in problem-solving
CD_RISC_15,I prefer to take the lead in problem-solving.,Intellectual,Human22,I prefer to take the lead in problem-solving
CD_RISC_15,I prefer to take the lead in problem-solving.,Intellectual,Human23,I prefer to take the lead in problem-solving
CD_RISC_15,I prefer to take the lead in problem-solving.,Intellectual,Human24,I prefer to take the lead in problem-solving
CD_RISC_15,I prefer to take the lead in problem-solving.,Intellectual,Human25,I prefer to take the lead in problem-solving
CD_RISC_15,I prefer to take the lead in problem-solving.,Occupational,Human26,I prefer to take the lead in problem-solving
CD_RISC_15,I prefer to take the lead in problem-solving.,Intellectual,Human27,I prefer to take the lead in problem-solving
CD_RISC_15,I prefer to take the lead in problem-solving.,Intellectual,Human28,I prefer to take the lead in problem-solving
CD_RISC_16,I am not easily discouraged by failure.,Emotional,Human01,I am not easily discouraged by failure
CD_RISC_16,I am not easily discouraged by failure.,Emotional,Human02,I am not easily discouraged by failure
CD_RISC_16,I am not easily discouraged by failure.,Intellectual,Human03,I am not easily discouraged by failure
CD_RISC_16,I am not easily discouraged by failure.,Intellectual,Human04,I am not easily discouraged by failure
CD_RISC_16,I am not easily discouraged by failure.,Intellectual,Human05,I am not easily discouraged by failure
CD_RISC_16,I am not easily discouraged by failure.,Emotional,Human06,I am not easily discouraged by failure
CD_RISC_16,I am not easily discouraged by failure.,Emotional,Human07,I am not easily discouraged by failure
CD_RISC_16,I am not easily discouraged by failure.,Occupational,Human08,I am not easily discouraged by failure
CD_RISC_16,I am not easily discouraged by failure.,Emotional,Human09,I am not easily discouraged by failure
CD_RISC_16,I am not easily discouraged by failure.,Emotional,Human10,I am not easily discouraged by failure
CD_RISC_16,I am not easily discouraged by failure.,Emotional,Human11,I am not easily discouraged by failure
CD_RISC_16,I am not easily discouraged by failure.,Intellectual,Human12,I am not easily discouraged by failure
CD_RISC_16,I am not easily discouraged by failure.,Intellectual,Human13,I am not easily discouraged by failure
CD_RISC_16,I am not easily discouraged by failure.,Emotional,Human14,I am not easily discouraged by failure
CD_RISC_16,I am not easily discouraged by failure.,Intellectual,Human15,I am not easily discouraged by failure
CD_RISC_16,I am not easily discouraged by failure.,Emotional,Human16,I am not easily discouraged by failure
CD_RISC_16,I am not easily discouraged by failure.,Emotional,Human17,I am not easily discouraged by failure
CD_RISC_16,I am not easily discouraged by failure.,Social,Human18,I am not easily discouraged by failure
CD_RISC_16,I am not easily discouraged by failure.,Emotional,Human19,I am not easily discouraged by failure
CD_RISC_16,I am not easily discouraged by failure.,Emotional,Human20,I am not easily discouraged by failure
CD_RISC_16,I am not easily discouraged by failure.,Emotional,Human21,I am not easily discouraged by failure
CD_RISC_16,I am not easily discouraged by failure.,Emotional,Human22,I am not easily discouraged by failure
CD_RISC_16,I am not easily discouraged by failure.,Spiritual,Human23,I am not easily discouraged by failure
CD_RISC_16,I am not easily discouraged by failure.,Intellectual,Human24,I am not easily discouraged by failure
CD_RISC_16,I am not easily discouraged by failure.,Emotional,Human25,I am not easily discouraged by failure
CD_RISC_16,I am not easily discouraged by failure.,Emotional,Human26,I am not easily discouraged by failure
CD_RISC_16,I am not easily discouraged by failure.,Emotional,Human27,I am not easily discouraged by failure
CD_RISC_16,I am not easily discouraged by failure.,Emotional,Human28,I am not easily discouraged by failure
CD_RISC_17,I think of myself as a strong person when dealing with life's challenges and difficulties.,Emotional,Human01,I think of myself as a strong person when dealing with life's challenges and difficulties
CD_RISC_17,I think of myself as a strong person when dealing with life's challenges and difficulties.,Emotional,Human02,I think of myself as a strong person when dealing with life's challenges and difficulties
CD_RISC_17,I think of myself as a strong person when dealing with life's challenges and difficulties.,Emotional,Human03,I think of myself as a strong person when dealing with life's challenges and difficulties
CD_RISC_17,I think of myself as a strong person when dealing with life's challenges and difficulties.,Emotional,Human04,I think of myself as a strong person when dealing with life's challenges and difficulties
CD_RISC_17,I think of myself as a strong person when dealing with life's challenges and difficulties.,Emotional,Human05,I think of myself as a strong person when dealing with life's challenges and difficulties
CD_RISC_17,I think of myself as a strong person when dealing with life's challenges and difficulties.,Emotional,Human06,I think of myself as a strong person when dealing with life's challenges and difficulties
CD_RISC_17,I think of myself as a strong person when dealing with life's challenges and difficulties.,Intellectual,Human07,I think of myself as a strong person when dealing with life's challenges and difficulties
CD_RISC_17,I think of myself as a strong person when dealing with life's challenges and difficulties.,Spiritual,Human08,I think of myself as a strong person when dealing with life's challenges and difficulties
CD_RISC_17,I think of myself as a strong person when dealing with life's challenges and difficulties.,Emotional,Human09,I think of myself as a strong person when dealing with life's challenges and difficulties
CD_RISC_17,I think of myself as a strong person when dealing with life's challenges and difficulties.,Emotional,Human10,I think of myself as a strong person when dealing with life's challenges and difficulties
CD_RISC_17,I think of myself as a strong person when dealing with life's challenges and difficulties.,Emotional,Human11,I think of myself as a strong person when dealing with life's challenges and difficulties
CD_RISC_17,I think of myself as a strong person when dealing with life's challenges and difficulties.,Spiritual,Human12,I think of myself as a strong person when dealing with life's challenges and difficulties
CD_RISC_17,I think of myself as a strong person when dealing with life's challenges and difficulties.,Emotional,Human13,I think of myself as a strong person when dealing with life's challenges and difficulties
CD_RISC_17,I think of myself as a strong person when dealing with life's challenges and difficulties.,Occupational,Human14,I think of myself as a strong person when dealing with life's challenges and difficulties
CD_RISC_17,I think of myself as a strong person when dealing with life's challenges and difficulties.,Emotional,Human15,I think of myself as a strong person when dealing with life's challenges and difficulties
CD_RISC_17,I think of myself as a strong person when dealing with life's challenges and difficulties.,Emotional,Human16,I think of myself as a strong person when dealing with life's challenges and difficulties
CD_RISC_17,I think of myself as a strong person when dealing with life's challenges and difficulties.,Emotional,Human17,I think of myself as a strong person when dealing with life's challenges and difficulties
CD_RISC_17,I think of myself as a strong person when dealing with life's challenges and difficulties.,Emotional,Human18,I think of myself as a strong person when dealing with life's challenges and difficulties
CD_RISC_17,I think of myself as a strong person when dealing with life's challenges and difficulties.,Emotional,Human19,I think of myself as a strong person when dealing with life's challenges and difficulties
CD_RISC_17,I think of myself as a strong person when dealing with life's challenges and difficulties.,Emotional,Human20,I think of myself as a strong person when dealing with life's challenges and difficulties
CD_RISC_17,I think of myself as a strong person when dealing with life's challenges and difficulties.,Emotional,Human21,I think of myself as a strong person when dealing with life's challenges and difficulties
CD_RISC_17,I think of myself as a strong person when dealing with life's challenges and difficulties.,Emotional,Human22,I think of myself as a strong person when dealing with life's challenges and difficulties
CD_RISC_17,I think of myself as a strong person when dealing with life's challenges and difficulties.,Emotional,Human23,I think of myself as a strong person when dealing with life's challenges and difficulties
CD_RISC_17,I think of myself as a strong person when dealing with life's challenges and difficulties.,Emotional,Human24,I think of myself as a strong person when dealing with life's challenges and difficulties
CD_RISC_17,I think of myself as a strong person when dealing with life's challenges and difficulties.,Physical,Human25,I think of myself as a strong person when dealing with life's challenges and difficulties
CD_RISC_17,I think of myself as a strong person when dealing with life's challenges and difficulties.,Emotional,Human26,I think of myself as a strong person when dealing with life's challenges and difficulties
CD_RISC_17,I think of myself as a strong person when dealing with life's challenges and difficulties.,Emotional,Human27,I think of myself as a strong person when dealing with life's challenges and difficulties
CD_RISC_17,I think of myself as a strong person when dealing with life's challenges and difficulties.,Emotional,Human28,I think of myself as a strong person when dealing with life's challenges and difficulties
CD_RISC_18,I make unpopular or difficult decisions.,Emotional,Human01,I make unpopular or difficult decisions
CD_RISC_18,I make unpopular or difficult decisions.,Emotional,Human02,I make unpopular or difficult decisions
CD_RISC_18,I make unpopular or difficult decisions.,Emotional,Human03,I make unpopular or difficult decisions
CD_RISC_18,I make unpopular or difficult decisions.,Intellectual,Human04,I make unpopular or difficult decisions
CD_RISC_18,I make unpopular or difficult decisions.,Intellectual,Human05,I make unpopular or difficult decisions
CD_RISC_18,I make unpopular or difficult decisions.,Occupational,Human06,I make unpopular or difficult decisions
CD_RISC_18,I make unpopular or difficult decisions.,Intellectual,Human07,I make unpopular or difficult decisions
CD_RISC_18,I make unpopular or difficult decisions.,Intellectual,Human08,I make unpopular or difficult decisions
CD_RISC_18,I make unpopular or difficult decisions.,Occupational,Human09,I make unpopular or difficult decisions
CD_RISC_18,I make unpopular or difficult decisions.,Intellectual,Human10,I make unpopular or difficult decisions
CD_RISC_18,I make unpopular or difficult decisions.,Social,Human11,I make unpopular or difficult decisions
CD_RISC_18,I make unpopular or difficult decisions.,Occupational,Human12,I make unpopular or difficult decisions
CD_RISC_18,I make unpopular or difficult decisions.,Emotional,Human13,I make unpopular or difficult decisions
CD_RISC_18,I make unpopular or difficult decisions.,Intellectual,Human14,I make unpopular or difficult decisions
CD_RISC_18,I make unpopular or difficult decisions.,Environmental,Human15,I make unpopular or difficult decisions
CD_RISC_18,I make unpopular or difficult decisions.,Intellectual,Human16,I make unpopular or difficult decisions
CD_RISC_18,I make unpopular or difficult decisions.,Emotional,Human17,I make unpopular or difficult decisions
CD_RISC_18,I make unpopular or difficult decisions.,Intellectual,Human18,I make unpopular or difficult decisions
CD_RISC_18,I make unpopular or difficult decisions.,Social,Human19,I make unpopular or difficult decisions
CD_RISC_18,I make unpopular or difficult decisions.,Intellectual,Human20,I make unpopular or difficult decisions
CD_RISC_18,I make unpopular or difficult decisions.,Emotional,Human21,I make unpopular or difficult decisions
CD_RISC_18,I make unpopular or difficult decisions.,Intellectual,Human22,I make unpopular or difficult decisions
CD_RISC_18,I make unpopular or difficult decisions.,Intellectual,Human23,I make unpopular or difficult decisions
CD_RISC_18,I make unpopular or difficult decisions.,Emotional,Human24,I make unpopular or difficult decisions
CD_RISC_18,I make unpopular or difficult decisions.,Intellectual,Human25,I make unpopular or difficult decisions
CD_RISC_18,I make unpopular or difficult decisions.,Intellectual,Human26,I make unpopular or difficult decisions
CD_RISC_18,I make unpopular or difficult decisions.,Social,Human27,I make unpopular or difficult decisions
CD_RISC_18,I make unpopular or difficult decisions.,Environmental,Human28,I make unpopular or difficult decisions
CD_RISC_19,"I am able to handle unpleasant or painful feelings like sadness, fear, and anger.",Emotional,Human01,"I am able to handle unpleasant or painful feelings like sadness, fear, and anger"
CD_RISC_19,"I am able to handle unpleasant or painful feelings like sadness, fear, and anger.",Emotional,Human02,"I am able to handle unpleasant or painful feelings like sadness, fear, and anger"
CD_RISC_19,"I am able to handle unpleasant or painful feelings like sadness, fear, and anger.",Emotional,Human03,"I am able to handle unpleasant or painful feelings like sadness, fear, and anger"
CD_RISC_19,"I am able to handle unpleasant or painful feelings like sadness, fear, and anger.",Emotional,Human04,"I am able to handle unpleasant or painful feelings like sadness, fear, and anger"
CD_RISC_19,"I am able to handle unpleasant or painful feelings like sadness, fear, and anger.",Emotional,Human05,"I am able to handle unpleasant or painful feelings like sadness, fear, and anger"
CD_RISC_19,"I am able to handle unpleasant or painful feelings like sadness, fear, and anger.",Emotional,Human06,"I am able to handle unpleasant or painful feelings like sadness, fear, and anger"
CD_RISC_19,"I am able to handle unpleasant or painful feelings like sadness, fear, and anger.",Emotional,Human07,"I am able to handle unpleasant or painful feelings like sadness, fear, and anger"
CD_RISC_19,"I am able to handle unpleasant or painful feelings like sadness, fear, and anger.",Emotional,Human08,"I am able to handle unpleasant or painful feelings like sadness, fear, and anger"
CD_RISC_19,"I am able to handle unpleasant or painful feelings like sadness, fear, and anger.",Emotional,Human09,"I am able to handle unpleasant or painful feelings like sadness, fear, and anger"
CD_RISC_19,"I am able to handle unpleasant or painful feelings like sadness, fear, and anger.",Emotional,Human10,"I am able to handle unpleasant or painful feelings like sadness, fear, and anger"
CD_RISC_19,"I am able to handle unpleasant or painful feelings like sadness, fear, and anger.",Emotional,Human11,"I am able to handle unpleasant or painful feelings like sadness, fear, and anger"
CD_RISC_19,"I am able to handle unpleasant or painful feelings like sadness, fear, and anger.",Emotional,Human12,"I am able to handle unpleasant or painful feelings like sadness, fear, and anger"
CD_RISC_19,"I am able to handle unpleasant or painful feelings like sadness, fear, and anger.",Emotional,Human13,"I am able to handle unpleasant or painful feelings like sadness, fear, and anger"
CD_RISC_19,"I am able to handle unpleasant or painful feelings like sadness, fear, and anger.",Emotional,Human14,"I am able to handle unpleasant or painful feelings like sadness, fear, and anger"
CD_RISC_19,"I am able to handle unpleasant or painful feelings like sadness, fear, and anger.",Emotional,Human15,"I am able to handle unpleasant or painful feelings like sadness, fear, and anger"
CD_RISC_19,"I am able to handle unpleasant or painful feelings like sadness, fear, and anger.",Emotional,Human16,"I am able to handle unpleasant or painful feelings like sadness, fear, and anger"
CD_RISC_19,"I am able to handle unpleasant or painful feelings like sadness, fear, and anger.",Emotional,Human17,"I am able to handle unpleasant or painful feelings like sadness, fear, and anger"
CD_RISC_19,"I am able to handle unpleasant or painful feelings like sadness, fear, and anger.",Emotional,Human18,"I am able to handle unpleasant or painful feelings like sadness, fear, and anger"
CD_RISC_19,"I am able to handle unpleasant or painful feelings like sadness, fear, and anger.",Environmental,Human19,"I am able to handle unpleasant or painful feelings like sadness, fear, and anger"
CD_RISC_19,"I am able to handle unpleasant or painful feelings like sadness, fear, and anger.",Emotional,Human20,"I am able to handle unpleasant or painful feelings like sadness, fear, and anger"
CD_RISC_19,"I am able to handle unpleasant or painful feelings like sadness, fear, and anger.",Intellectual,Human21,"I am able to handle unpleasant or painful feelings like sadness, fear, and anger"
CD_RISC_19,"I am able to handle unpleasant or painful feelings like sadness, fear, and anger.",Emotional,Human22,"I am able to handle unpleasant or painful feelings like sadness, fear, and anger"
CD_RISC_19,"I am able to handle unpleasant or painful feelings like sadness, fear, and anger.",Emotional,Human23,"I am able to handle unpleasant or painful feelings like sadness, fear, and anger"
CD_RISC_19,"I am able to handle unpleasant or painful feelings like sadness, fear, and anger.",Emotional,Human24,"I am able to handle unpleasant or painful feelings like sadness, fear, and anger"
CD_RISC_19,"I am able to handle unpleasant or painful feelings like sadness, fear, and anger.",Emotional,Human25,"I am able to handle unpleasant or painful feelings like sadness, fear, and anger"
CD_RISC_19,"I am able to handle unpleasant or painful feelings like sadness, fear, and anger.",Emotional,Human26,"I am able to handle unpleasant or painful feelings like sadness, fear, and anger"
CD_RISC_19,"I am able to handle unpleasant or painful feelings like sadness, fear, and anger.",Emotional,Human27,"I am able to handle unpleasant or painful feelings like sadness, fear, and anger"
CD_RISC_19,"I am able to handle unpleasant or painful feelings like sadness, fear, and anger.",Emotional,Human28,"I am able to handle unpleasant or painful feelings like sadness, fear, and anger"
CD_RISC_2,I have one close and secure relationship.,Social,Human01,I have one close and secure relationship
CD_RISC_2,I have one close and secure relationship.,Social,Human02,I have one close and secure relationship
CD_RISC_2,I have one close and secure relationship.,Emotional,Human03,I have one close and secure relationship
CD_RISC_2,I have one close and secure relationship.,Social,Human04,I have one close and secure relationship
CD_RISC_2,I have one close and secure relationship.,Social,Human05,I have one close and secure relationship
CD_RISC_2,I have one close and secure relationship.,Emotional,Human06,I have one close and secure relationship
CD_RISC_2,I have one close and secure relationship.,Social,Human07,I have one close and secure relationship
CD_RISC_2,I have one close and secure relationship.,Social,Human08,I have one close and secure relationship
CD_RISC_2,I have one close and secure relationship.,Social,Human09,I have one close and secure relationship
CD_RISC_2,I have one close and secure relationship.,Social,Human10,I have one close and secure relationship
CD_RISC_2,I have one close and secure relationship.,Social,Human11,I have one close and secure relationship
CD_RISC_2,I have one close and secure relationship.,Social,Human12,I have one close and secure relationship
CD_RISC_2,I have one close and secure relationship.,Social,Human13,I have one close and secure relationship
CD_RISC_2,I have one close and secure relationship.,Social,Human14,I have one close and secure relationship
CD_RISC_2,I have one close and secure relationship.,Social,Human15,I have one close and secure relationship
CD_RISC_2,I have one close and secure relationship.,Social,Human16,I have one close and secure relationship
CD_RISC_2,I have one close and secure relationship.,Social,Human17,I have one close and secure relationship
CD_RISC_2,I have one close and secure relationship.,Social,Human18,I have one close and secure relationship
CD_RISC_2,I have one close and secure relationship.,Emotional,Human19,I have one close and secure relationship
CD_RISC_2,I have one close and secure relationship.,Social,Human20,I have one close and secure relationship
CD_RISC_2,I have one close and secure relationship.,Social,Human21,I have one close and secure relationship
CD_RISC_2,I have one close and secure relationship.,Social,Human22,I have one close and secure relationship
CD_RISC_2,I have one close and secure relationship.,Social,Human23,I have one close and secure relationship
CD_RISC_2,I have one close and secure relationship.,Social,Human24,I have one close and secure relationship
CD_RISC_2,I have one close and secure relationship.,Social,Human25,I have one close and secure relationship
CD_RISC_2,I have one close and secure relationship.,Social,Human26,I have one close and secure relationship
CD_RISC_2,I have one close and secure relationship.,Social,Human27,I have one close and secure relationship
CD_RISC_2,I have one close and secure relationship.,Social,Human28,I have one close and secure relationship
CD_RISC_20,I have to act on a hunch.,Emotional,Human01,I have to act on a hunch
CD_RISC_20,I have to act on a hunch.,Emotional,Human02,I have to act on a hunch
CD_RISC_20,I have to act on a hunch.,Intellectual,Human03,I have to act on a hunch
CD_RISC_20,I have to act on a hunch.,Intellectual,Human04,I have to act on a hunch
CD_RISC_20,I have to act on a hunch.,Intellectual,Human05,I have to act on a hunch
CD_RISC_20,I have to act on a hunch.,Emotional,Human06,I have to act on a hunch
CD_RISC_20,I have to act on a hunch.,Emotional,Human07,I have to act on a hunch
CD_RISC_20,I have to act on a hunch.,Intellectual,Human08,I have to act on a hunch
CD_RISC_20,I have to act on a hunch.,Spiritual,Human09,I have to act on a hunch
CD_RISC_20,I have to act on a hunch.,Emotional,Human10,I have to act on a hunch
CD_RISC_20,I have to act on a hunch.,Emotional,Human11,I have to act on a hunch
CD_RISC_20,I have to act on a hunch.,Intellectual,Human12,I have to act on a hunch
CD_RISC_20,I have to act on a hunch.,Emotional,Human13,I have to act on a hunch
CD_RISC_20,I have to act on a hunch.,Emotional,Human14,I have to act on a hunch
CD_RISC_20,I have to act on a hunch.,Emotional,Human15,I have to act on a hunch
CD_RISC_20,I have to act on a hunch.,Emotional,Human16,I have to act on a hunch
CD_RISC_20,I have to act on a hunch.,Emotional,Human17,I have to act on a hunch
CD_RISC_20,I have to act on a hunch.,Intellectual,Human18,I have to act on a hunch
CD_RISC_20,I have to act on a hunch.,Social,Human19,I have to act on a hunch
CD_RISC_20,I have to act on a hunch.,Emotional,Human20,I have to act on a hunch
CD_RISC_20,I have to act on a hunch.,Intellectual,Human21,I have to act on a hunch
CD_RISC_20,I have to act on a hunch.,Intellectual,Human22,I have to act on a hunch
CD_RISC_20,I have to act on a hunch.,Occupational,Human23,I have to act on a hunch
CD_RISC_20,I have to act on a hunch.,Emotional,Human24,I have to act on a hunch
CD_RISC_20,I have to act on a hunch.,Intellectual,Human25,I have to act on a hunch
CD_RISC_20,I have to act on a hunch.,Spiritual,Human26,I have to act on a hunch
CD_RISC_20,I have to act on a hunch.,Spiritual,Human27,I have to act on a hunch
CD_RISC_20,I have to act on a hunch.,Spiritual,Human28,I have to act on a hunch
CD_RISC_25,I take pride in my achievements,Emotional,Human01,I take pride in my achievements
CD_RISC_25,I take pride in my achievements,Emotional,Human02,I take pride in my achievements
CD_RISC_25,I take pride in my achievements,Emotional,Human03,I take pride in my achievements
CD_RISC_25,I take pride in my achievements,Occupational,Human04,I take pride in my achievements
CD_RISC_25,I take pride in my achievements,Emotional,Human05,I take pride in my achievements
CD_RISC_25,I take pride in my achievements,Emotional,Human06,I take pride in my achievements
CD_RISC_25,I take pride in my achievements,Emotional,Human07,I take pride in my achievements
CD_RISC_25,I take pride in my achievements,Occupational,Human08,I take pride in my achievements
CD_RISC_25,I take pride in my achievements,Occupational,Human09,I take pride in my achievements
CD_RISC_25,I take pride in my achievements,Occupational,Human10,I take pride in my achievements
CD_RISC_25,I take pride in my achievements,Occupational,Human11,I take pride in my achievements
CD_RISC_25,I take pride in my achievements,Occupational,Human12,I take pride in my achievements
CD_RISC_25,I take pride in my achievements,Intellectual,Human13,I take pride in my achievements
CD_RISC_25,I take pride in my achievements,Intellectual,Human14,I take pride in my achievements
CD_RISC_25,I take pride in my achievements,Emotional,Human15,I take pride in my achievements
CD_RISC_25,I take pride in my achievements,Emotional,Human16,I take pride in my achievements
CD_RISC_25,I take pride in my achievements,Occupational,Human17,I take pride in my achievements
CD_RISC_25,I take pride in my achievements,Intellectual,Human18,I take pride in my achievements
CD_RISC_25,I take pride in my achievements,Intellectual,Human19,I take pride in my achievements
CD_RISC_25,I take pride in my achievements,Emotional,Human20,I take pride in my achievements
CD_RISC_25,I take pride in my achievements,Intellectual,Human21,I take pride in my achievements
CD_RISC_25,I take pride in my achievements,Occupational,Human22,I take pride in my achievements
CD_RISC_25,I take pride in my achievements,Intellectual,Human23,I take pride in my achievements
CD_RISC_25,I take pride in my achievements,Intellectual,Human24,I take pride in my achievements
CD_RISC_25,I take pride in my achievements,Emotional,Human25,I take pride in my achievements
CD_RISC_25,I take pride in my achievements,Occupational,Human26,I take pride in my achievements
CD_RISC_25,I take pride in my achievements,Occupational,Human27,I take pride in my achievements
CD_RISC_25,I take pride in my achievements,Occupational,Human28,I take pride in my achievements
CD_RISC_3,Sometimes fate or God helps me.,Spiritual,Human01,Sometimes fate or God helps me
CD_RISC_3,Sometimes fate or God helps me.,Spiritual,Human02,Sometimes fate or God helps me
CD_RISC_3,Sometimes fate or God helps me.,Spiritual,Human03,Sometimes fate or God helps me
CD_RISC_3,Sometimes fate or God helps me.,Spiritual,Human04,Sometimes fate or God helps me
CD_RISC_3,Sometimes fate or God helps me.,Spiritual,Human05,Sometimes fate or God helps me
CD_RISC_3,Sometimes fate or God helps me.,Spiritual,Human06,Sometimes fate or God helps me
CD_RISC_3,Sometimes fate or God helps me.,Spiritual,Human07,Sometimes fate or God helps me
CD_RISC_3,Sometimes fate or God helps me.,Spiritual,Human08,Sometimes fate or God helps me
CD_RISC_3,Sometimes fate or God helps me.,Spiritual,Human09,Sometimes fate or God helps me
CD_RISC_3,Sometimes fate or God helps me.,Spiritual,Human10,Sometimes fate or God helps me
CD_RISC_3,Sometimes fate or God helps me.,Spiritual,Human11,Sometimes fate or God helps me
CD_RISC_3,Sometimes fate or God helps me.,Spiritual,Human12,Sometimes fate or God helps me
CD_RISC_3,Sometimes fate or God helps me.,Spiritual,Human13,Sometimes fate or God helps me
CD_RISC_3,Sometimes fate or God helps me.,Spiritual,Human14,Sometimes fate or God helps me
CD_RISC_3,Sometimes fate or God helps me.,Spiritual,Human15,Sometimes fate or God helps me
CD_RISC_3,Sometimes fate or God helps me.,Spiritual,Human16,Sometimes fate or God helps me
CD_RISC_3,Sometimes fate or God helps me.,Spiritual,Human17,Sometimes fate or God helps me
CD_RISC_3,Sometimes fate or God helps me.,Spiritual,Human18,Sometimes fate or God helps me
CD_RISC_3,Sometimes fate or God helps me.,Spiritual,Human19,Sometimes fate or God helps me
CD_RISC_3,Sometimes fate or God helps me.,Spiritual,Human20,Sometimes fate or God helps me
CD_RISC_3,Sometimes fate or God helps me.,Spiritual,Human21,Sometimes fate or God helps me
CD_RISC_3,Sometimes fate or God helps me.,Spiritual,Human22,Sometimes fate or God helps me
CD_RISC_3,Sometimes fate or God helps me.,Spiritual,Human23,Sometimes fate or God helps me
CD_RISC_3,Sometimes fate or God helps me.,Spiritual,Human24,Sometimes fate or God helps me
CD_RISC_3,Sometimes fate or God helps me.,Spiritual,Human25,Sometimes fate or God helps me
CD_RISC_3,Sometimes fate or God helps me.,Spiritual,Human26,Sometimes fate or God helps me
CD_RISC_3,Sometimes fate or God helps me.,Spiritual,Human27,Sometimes fate or God helps me
CD_RISC_3,Sometimes fate or God helps me.,Spiritual,Human28,Sometimes fate or God helps me
CD_RISC_4,I can deal with whatever comes my way.,Emotional,Human01,I can deal with whatever comes my way
CD_RISC_4,I can deal with whatever comes my way.,Emotional,Human02,I can deal with whatever comes my way
CD_RISC_4,I can deal with whatever comes my way.,Emotional,Human03,I can deal with whatever comes my way
CD_RISC_4,I can deal with whatever comes my way.,Emotional,Human04,I can deal with whatever comes my way
CD_RISC_4,I can deal with whatever comes my way.,Emotional,Human05,I can deal with whatever comes my way
CD_RISC_4,I can deal with whatever comes my way.,Emotional,Human06,I can deal with whatever comes my way
CD_RISC_4,I can deal with whatever comes my way.,Spiritual,Human07,I can deal with whatever comes my way
CD_RISC_4,I can deal with whatever comes my way.,Intellectual,Human08,I can deal with whatever comes my way
CD_RISC_4,I can deal with whatever comes my way.,Emotional,Human09,I can deal with whatever comes my way
CD_RISC_4,I can deal with whatever comes my way.,Intellectual,Human10,I can deal with whatever comes my way
CD_RISC_4,I can deal with whatever comes my way.,Emotional,Human11,I can deal with whatever comes my way
CD_RISC_4,I can deal with whatever comes my way.,Occupational,Human12,I can deal with whatever comes my way
CD_RISC_4,I can deal with whatever comes my way.,Emotional,Human13,I can deal with whatever comes my way
CD_RISC_4,I can deal with whatever comes my way.,Emotional,Human14,I can deal with whatever comes my way
CD_RISC_4,I can deal with whatever comes my way.,Environmental,Human15,I can deal with whatever comes my way
CD_RISC_4,I can deal with whatever comes my way.,Intellectual,Human16,I can deal with whatever comes my way
CD_RISC_4,I can deal with whatever comes my way.,Emotional,Human17,I can deal with whatever comes my way
CD_RISC_4,I can deal with whatever comes my way.,Emotional,Human18,I can deal with whatever comes my way
CD_RISC_4,I can deal with whatever comes my way.,Environmental,Human19,I can deal with whatever comes my way
CD_RISC_4,I can deal with whatever comes my way.,Emotional,Human20,I can deal with whatever comes my way
CD_RISC_4,I can deal with whatever comes my way.,Emotional,Human21,I can deal with whatever comes my way
CD_RISC_4,I can deal with whatever comes my way.,Emotional,Human22,I can deal with whatever comes my way
CD_RISC_4,I can deal with whatever comes my way.,Environmental,Human23,I can deal with whatever comes my way
CD_RISC_4,I can deal with whatever comes my way.,Emotional,Human24,I can deal with whatever comes my way
CD_RISC_4,I can deal with whatever comes my way.,Emotional,Human25,I can deal with whatever comes my way
CD_RISC_4,I can deal with whatever comes my way.,Emotional,Human26,I can deal with whatever comes my way
CD_RISC_4,I can deal with whatever comes my way.,Emotional,Human27,I can deal with whatever comes my way
CD_RISC_4,I can deal with whatever comes my way.,Emotional,Human28,I can deal with whatever comes my way
CD_RISC_5,Past successes give me confidence.,Emotional,Human01,Past successes give me confidence
CD_RISC_5,Past successes give me confidence.,Emotional,Human02,Past successes give me confidence
CD_RISC_5,Past successes give me confidence.,Intellectual,Human03,Past successes give me confidence
CD_RISC_5,Past successes give me confidence.,Emotional,Human04,Past successes give me confidence
CD_RISC_5,Past successes give me confidence.,Emotional,Human05,Past successes give me confidence
CD_RISC_5,Past successes give me confidence.,Occupational,Human06,Past successes give me confidence
CD_RISC_5,Past successes give me confidence.,Emotional,Human07,Past successes give me confidence
CD_RISC_5,Past successes give me confidence.,Occupational,Human08,Past successes give me confidence
CD_RISC_5,Past successes give me confidence.,Emotional,Human09,Past successes give me confidence
CD_RISC_5,Past successes give me confidence.,Emotional,Human10,Past successes give me confidence
CD_RISC_5,Past successes give me confidence.,Emotional,Human11,Past successes give me confidence
CD_RISC_5,Past successes give me confidence.,Environmental,Human12,Past successes give me confidence
CD_RISC_5,Past successes give me confidence.,Intellectual,Human13,Past successes give me confidence
CD_RISC_5,Past successes give me confidence.,Emotional,Human14,Past successes give me confidence
CD_RISC_5,Past successes give me confidence.,Intellectual,Human15,Past successes give me confidence
CD_RISC_5,Past successes give me confidence.,Emotional,Human16,Past successes give me confidence
CD_RISC_5,Past successes give me confidence.,Emotional,Human17,Past successes give me confidence
CD_RISC_5,Past successes give me confidence.,Emotional,Human18,Past successes give me confidence
CD_RISC_5,Past successes give me confidence.,Intellectual,Human19,Past successes give me confidence
CD_RISC_5,Past successes give me confidence.,Emotional,Human20,Past successes give me confidence
CD_RISC_5,Past successes give me confidence.,Emotional,Human21,Past successes give me confidence
CD_RISC_5,Past successes give me confidence.,Emotional,Human22,Past successes give me confidence
CD_RISC_5,Past successes give me confidence.,Emotional,Human23,Past successes give me confidence
CD_RISC_5,Past successes give me confidence.,Intellectual,Human24,Past successes give me confidence
CD_RISC_5,Past successes give me confidence.,Intellectual,Human25,Past successes give me confidence
CD_RISC_5,Past successes give me confidence.,Emotional,Human26,Past successes give me confidence
CD_RISC_5,Past successes give me confidence.,Occupational,Human27,Past successes give me confidence
CD_RISC_5,Past successes give me confidence.,Occupational,Human28,Past successes give me confidence
CD_RISC_6,I try to see the humorous side of things when I am faced with problems.,Emotional,Human01,I try to see the humorous side of things when I am faced with problems
CD_RISC_6,I try to see the humorous side of things when I am faced with problems.,Emotional,Human02,I try to see the humorous side of things when I am faced with problems
CD_RISC_6,I try to see the humorous side of things when I am faced with problems.,Emotional,Human03,I try to see the humorous side of things when I am faced with problems
CD_RISC_6,I try to see the humorous side of things when I am faced with problems.,Emotional,Human04,I try to see the humorous side of things when I am faced with problems
CD_RISC_6,I try to see the humorous side of things when I am faced with problems.,Emotional,Human05,I try to see the humorous side of things when I am faced with problems
CD_RISC_6,I try to see the humorous side of things when I am faced with problems.,Emotional,Human06,I try to see the humorous side of things when I am faced with problems
CD_RISC_6,I try to see the humorous side of things when I am faced with problems.,Intellectual,Human07,I try to see the humorous side of things when I am faced with problems
CD_RISC_6,I try to see the humorous side of things when I am faced with problems.,Emotional,Human08,I try to see the humorous side of things when I am faced with problems
CD_RISC_6,I try to see the humorous side of things when I am faced with problems.,Emotional,Human09,I try to see the humorous side of things when I am faced with problems
CD_RISC_6,I try to see the humorous side of things when I am faced with problems.,Emotional,Human10,I try to see the humorous side of things when I am faced with problems
CD_RISC_6,I try to see the humorous side of things when I am faced with problems.,Emotional,Human11,I try to see the humorous side of things when I am faced with problems
CD_RISC_6,I try to see the humorous side of things when I am faced with problems.,Emotional,Human12,I try to see the humorous side of things when I am faced with problems
CD_RISC_6,I try to see the humorous side of things when I am faced with problems.,Emotional,Human13,I try to see the humorous side of things when I am faced with problems
CD_RISC_6,I try to see the humorous side of things when I am faced with problems.,Intellectual,Human14,I try to see the humorous side of things when I am faced with problems
CD_RISC_6,I try to see the humorous side of things when I am faced with problems.,Emotional,Human15,I try to see the humorous side of things when I am faced with problems
CD_RISC_6,I try to see the humorous side of things when I am faced with problems.,Emotional,Human16,I try to see the humorous side of things when I am faced with problems
CD_RISC_6,I try to see the humorous side of things when I am faced with problems.,Emotional,Human17,I try to see the humorous side of things when I am faced with problems
CD_RISC_6,I try to see the humorous side of things when I am faced with problems.,Emotional,Human18,I try to see the humorous side of things when I am faced with problems
CD_RISC_6,I try to see the humorous side of things when I am faced with problems.,Emotional,Human19,I try to see the humorous side of things when I am faced with problems
CD_RISC_6,I try to see the humorous side of things when I am faced with problems.,Emotional,Human20,I try to see the humorous side of things when I am faced with problems
CD_RISC_6,I try to see the humorous side of things when I am faced with problems.,Intellectual,Human21,I try to see the humorous side of things when I am faced with problems
CD_RISC_6,I try to see the humorous side of things when I am faced with problems.,Emotional,Human22,I try to see the humorous side of things when I am faced with problems
CD_RISC_6,I try to see the humorous side of things when I am faced with problems.,Spiritual,Human23,I try to see the humorous side of things when I am faced with problems
CD_RISC_6,I try to see the humorous side of things when I am faced with problems.,Emotional,Human24,I try to see the humorous side of things when I am faced with problems
CD_RISC_6,I try to see the humorous side of things when I am faced with problems.,Emotional,Human25,I try to see the humorous side of things when I am faced with problems
CD_RISC_6,I try to see the humorous side of things when I am faced with problems.,Emotional,Human26,I try to see the humorous side of things when I am faced with problems
CD_RISC_6,I try to see the humorous side of things when I am faced with problems.,Emotional,Human27,I try to see the humorous side of things when I am faced with problems
CD_RISC_6,I try to see the humorous side of things when I am faced with problems.,Emotional,Human28,I try to see the humorous side of things when I am faced with problems
CD_RISC_7,Having to cope with stress can make me stronger.,Emotional,Human01,Having to cope with stress can make me stronger
CD_RISC_7,Having to cope with stress can make me stronger.,Emotional,Human02,Having to cope with stress can make me stronger
CD_RISC_7,Having to cope with stress can make me stronger.,Emotional,Human03,Having to cope with stress can make me stronger
CD_RISC_7,Having to cope with stress can make me stronger.,Emotional,Human04,Having to cope with stress can make me stronger
CD_RISC_7,Having to cope with stress can make me stronger.,Emotional,Human05,Having to cope with stress can make me stronger
CD_RISC_7,Having to cope with stress can make me stronger.,Emotional,Human06,Having to cope with stress can make me stronger
CD_RISC_7,Having to cope with stress can make me stronger.,Emotional,Human07,Having to cope with stress can make me stronger
CD_RISC_7,Having to cope with stress can make me stronger.,Emotional,Human08,Having to cope with stress can make me stronger
CD_RISC_7,Having to cope with stress can make me stronger.,Emotional,Human09,Having to cope with stress can make me stronger
CD_RISC_7,Having to cope with stress can make me stronger.,Emotional,Human10,Having to cope with stress can make me stronger
CD_RISC_7,Having to cope with stress can make me stronger.,Emotional,Human11,Having to cope with stress can make me stronger
CD_RISC_7,Having to cope with stress can make me stronger.,Emotional,Human12,Having to cope with stress can make me stronger
CD_RISC_7,Having to cope with stress can make me stronger.,Emotional,Human13,Having to cope with stress can make me stronger
CD_RISC_7,Having to cope with stress can make me stronger.,Emotional,Human14,Having to cope with stress can make me stronger
CD_RISC_7,Having to cope with stress can make me stronger.,Emotional,Human15,Having to cope with stress can make me stronger
CD_RISC_7,Having to cope with stress can make me stronger.,Emotional,Human16,Having to cope with stress can make me stronger
CD_RISC_7,Having to cope with stress can make me stronger.,Emotional,Human17,Having to cope with stress can make me stronger
CD_RISC_7,Having to cope with stress can make me stronger.,Emotional,Human18,Having to cope with stress can make me stronger
CD_RISC_7,Having to cope with stress can make me stronger.,Emotional,Human19,Having to cope with stress can make me stronger
CD_RISC_7,Having to cope with stress can make me stronger.,Emotional,Human20,Having to cope with stress can make me stronger
CD_RISC_7,Having to cope with stress can make me stronger.,Emotional,Human21,Having to cope with stress can make me stronger
CD_RISC_7,Having to cope with stress can make me stronger.,Emotional,Human22,Having to cope with stress can make me stronger
CD_RISC_7,Having to cope with stress can make me stronger.,Intellectual,Human23,Having to cope with stress can make me stronger
CD_RISC_7,Having to cope with stress can make me stronger.,Emotional,Human24,Having to cope with stress can make me stronger
CD_RISC_7,Having to cope with stress can make me stronger.,Emotional,Human25,Having to cope with stress can make me stronger
CD_RISC_7,Having to cope with stress can make me stronger.,Emotional,Human26,Having to cope with stress can make me stronger
CD_RISC_7,Having to cope with stress can make me stronger.,Emotional,Human27,Having to cope with stress can make me stronger
CD_RISC_7,Having to cope with stress can make me stronger.,Emotional,Human28,Having to cope with stress can make me stronger
CD_RISC_8,"I tend to bounce back after illness, injury, or other hardships.",Emotional,Human01,"I tend to bounce back after illness, injury, or other hardships"
CD_RISC_8,"I tend to bounce back after illness, injury, or other hardships.",Physical,Human02,"I tend to bounce back after illness, injury, or other hardships"
CD_RISC_8,"I tend to bounce back after illness, injury, or other hardships.",Physical,Human03,"I tend to bounce back after illness, injury, or other hardships"
CD_RISC_8,"I tend to bounce back after illness, injury, or other hardships.",Physical,Human04,"I tend to bounce back after illness, injury, or other hardships"
CD_RISC_8,"I tend to bounce back after illness, injury, or other hardships.",Emotional,Human05,"I tend to bounce back after illness, injury, or other hardships"
CD_RISC_8,"I tend to bounce back after illness, injury, or other hardships.",Physical,Human06,"I tend to bounce back after illness, injury, or other hardships"
CD_RISC_8,"I tend to bounce back after illness, injury, or other hardships.",Physical,Human07,"I tend to bounce back after illness, injury, or other hardships"
CD_RISC_8,"I tend to bounce back after illness, injury, or other hardships.",Physical,Human08,"I tend to bounce back after illness, injury, or other hardships"
CD_RISC_8,"I tend to bounce back after illness, injury, or other hardships.",Physical,Human09,"I tend to bounce back after illness, injury, or other hardships"
CD_RISC_8,"I tend to bounce back after illness, injury, or other hardships.",Physical,Human10,"I tend to bounce back after illness, injury, or other hardships"
CD_RISC_8,"I tend to bounce back after illness, injury, or other hardships.",Physical,Human11,"I tend to bounce back after illness, injury, or other hardships"
CD_RISC_8,"I tend to bounce back after illness, injury, or other hardships.",Physical,Human12,"I tend to bounce back after illness, injury, or other hardships"
CD_RISC_8,"I tend to bounce back after illness, injury, or other hardships.",Physical,Human13,"I tend to bounce back after illness, injury, or other hardships"
CD_RISC_8,"I tend to bounce back after illness, injury, or other hardships.",Emotional,Human14,"I tend to bounce back after illness, injury, or other hardships"
CD_RISC_8,"I tend to bounce back after illness, injury, or other hardships.",Physical,Human15,"I tend to bounce back after illness, injury, or other hardships"
CD_RISC_8,"I tend to bounce back after illness, injury, or other hardships.",Emotional,Human16,"I tend to bounce back after illness, injury, or other hardships"
CD_RISC_8,"I tend to bounce back after illness, injury, or other hardships.",Physical,Human17,"I tend to bounce back after illness, injury, or other hardships"
CD_RISC_8,"I tend to bounce back after illness, injury, or other hardships.",Physical,Human18,"I tend to bounce back after illness, injury, or other hardships"
CD_RISC_8,"I tend to bounce back after illness, injury, or other hardships.",Physical,Human19,"I tend to bounce back after illness, injury, or other hardships"
CD_RISC_8,"I tend to bounce back after illness, injury, or other hardships.",Physical,Human20,"I tend to bounce back after illness, injury, or other hardships"
CD_RISC_8,"I tend to bounce back after illness, injury, or other hardships.",Emotional,Human21,"I tend to bounce back after illness, injury, or other hardships"
CD_RISC_8,"I tend to bounce back after illness, injury, or other hardships.",Physical,Human22,"I tend to bounce back after illness, injury, or other hardships"
CD_RISC_8,"I tend to bounce back after illness, injury, or other hardships.",Physical,Human23,"I tend to bounce back after illness, injury, or other hardships"
CD_RISC_8,"I tend to bounce back after illness, injury, or other hardships.",Physical,Human24,"I tend to bounce back after illness, injury, or other hardships"
CD_RISC_8,"I tend to bounce back after illness, injury, or other hardships.",Physical,Human25,"I tend to bounce back after illness, injury, or other hardships"
CD_RISC_8,"I tend to bounce back after illness, injury, or other hardships.",Emotional,Human26,"I tend to bounce back after illness, injury, or other hardships"
CD_RISC_8,"I tend to bounce back after illness, injury, or other hardships.",Physical,Human27,"I tend to bounce back after illness, injury, or other hardships"
CD_RISC_8,"I tend to bounce back after illness, injury, or other hardships.",Physical,Human28,"I tend to bounce back after illness, injury, or other hardships"
CD_RISC_9,I believe most things happen for a reason.,Emotional,Human01,I believe most things happen for a reason
CD_RISC_9,I believe most things happen for a reason.,Spiritual,Human02,I believe most things happen for a reason
CD_RISC_9,I believe most things happen for a reason.,Spiritual,Human03,I believe most things happen for a reason
CD_RISC_9,I believe most things happen for a reason.,Spiritual,Human04,I believe most things happen for a reason
CD_RISC_9,I believe most things happen for a reason.,Spiritual,Human05,I believe most things happen for a reason
CD_RISC_9,I believe most things happen for a reason.,Spiritual,Human06,I believe most things happen for a reason
CD_RISC_9,I believe most things happen for a reason.,Spiritual,Human07,I believe most things happen for a reason
CD_RISC_9,I believe most things happen for a reason.,Spiritual,Human08,I believe most things happen for a reason
CD_RISC_9,I believe most things happen for a reason.,Spiritual,Human09,I believe most things happen for a reason
CD_RISC_9,I believe most things happen for a reason.,Spiritual,Human10,I believe most things happen for a reason
CD_RISC_9,I believe most things happen for a reason.,Spiritual,Human11,I believe most things happen for a reason
CD_RISC_9,I believe most things happen for a reason.,Spiritual,Human12,I believe most things happen for a reason
CD_RISC_9,I believe most things happen for a reason.,Spiritual,Human13,I believe most things happen for a reason
CD_RISC_9,I believe most things happen for a reason.,Spiritual,Human14,I believe most things happen for a reason
CD_RISC_9,I believe most things happen for a reason.,Spiritual,Human15,I believe most things happen for a reason
CD_RISC_9,I believe most things happen for a reason.,Spiritual,Human16,I believe most things happen for a reason
CD_RISC_9,I believe most things happen for a reason.,Spiritual,Human17,I believe most things happen for a reason
CD_RISC_9,I believe most things happen for a reason.,Intellectual,Human18,I believe most things happen for a reason
CD_RISC_9,I believe most things happen for a reason.,Environmental,Human19,I believe most things happen for a reason
CD_RISC_9,I believe most things happen for a reason.,Spiritual,Human20,I believe most things happen for a reason
CD_RISC_9,I believe most things happen for a reason.,Spiritual,Human21,I believe most things happen for a reason
CD_RISC_9,I believe most things happen for a reason.,Spiritual,Human22,I believe most things happen for a reason
CD_RISC_9,I believe most things happen for a reason.,Spiritual,Human23,I believe most things happen for a reason
CD_RISC_9,I believe most things happen for a reason.,Spiritual,Human24,I believe most things happen for a reason
CD_RISC_9,I believe most things happen for a reason.,Spiritual,Human25,I believe most things happen for a reason
CD_RISC_9,I believe most things happen for a reason.,Spiritual,Human26,I believe most things happen for a reason
CD_RISC_9,I believe most things happen for a reason.,Spiritual,Human27,I believe most things happen for a reason
CD_RISC_9,I believe most things happen for a reason.,Spiritual,Human28,I believe most things happen for a reason
PERMA1_1,How much of the time do you feel you are making progress towards accomplishing your goals?,Intellectual,Human01,How much of the time do you feel you are making progress towards accomplishing your goals
PERMA1_1,How much of the time do you feel you are making progress towards accomplishing your goals?,Emotional,Human02,How much of the time do you feel you are making progress towards accomplishing your goals
PERMA1_1,How much of the time do you feel you are making progress towards accomplishing your goals?,Emotional,Human03,How much of the time do you feel you are making progress towards accomplishing your goals
PERMA1_1,How much of the time do you feel you are making progress towards accomplishing your goals?,Occupational,Human04,How much of the time do you feel you are making progress towards accomplishing your goals
PERMA1_1,How much of the time do you feel you are making progress towards accomplishing your goals?,Intellectual,Human05,How much of the time do you feel you are making progress towards accomplishing your goals
PERMA1_1,How much of the time do you feel you are making progress towards accomplishing your goals?,Occupational,Human06,How much of the time do you feel you are making progress towards accomplishing your goals
PERMA1_1,How much of the time do you feel you are making progress towards accomplishing your goals?,Intellectual,Human07,How much of the time do you feel you are making progress towards accomplishing your goals
PERMA1_1,How much of the time do you feel you are making progress towards accomplishing your goals?,Occupational,Human08,How much of the time do you feel you are making progress towards accomplishing your goals
PERMA1_1,How much of the time do you feel you are making progress towards accomplishing your goals?,Occupational,Human09,How much of the time do you feel you are making progress towards accomplishing your goals
PERMA1_1,How much of the time do you feel you are making progress towards accomplishing your goals?,Occupational,Human10,How much of the time do you feel you are making progress towards accomplishing your goals
PERMA1_1,How much of the time do you feel you are making progress towards accomplishing your goals?,Occupational,Human11,How much of the time do you feel you are making progress towards accomplishing your goals
PERMA1_1,How much of the time do you feel you are making progress towards accomplishing your goals?,Occupational,Human12,How much of the time do you feel you are making progress towards accomplishing your goals
PERMA1_1,How much of the time do you feel you are making progress towards accomplishing your goals?,Intellectual,Human13,How much of the time do you feel you are making progress towards accomplishing your goals
PERMA1_1,How much of the time do you feel you are making progress towards accomplishing your goals?,Occupational,Human14,How much of the time do you feel you are making progress towards accomplishing your goals
PERMA1_1,How much of the time do you feel you are making progress towards accomplishing your goals?,Environmental,Human15,How much of the time do you feel you are making progress towards accomplishing your goals
PERMA1_1,How much of the time do you feel you are making progress towards accomplishing your goals?,Occupational,Human16,How much of the time do you feel you are making progress towards accomplishing your goals
PERMA1_1,How much of the time do you feel you are making progress towards accomplishing your goals?,Occupational,Human17,How much of the time do you feel you are making progress towards accomplishing your goals
PERMA1_1,How much of the time do you feel you are making progress towards accomplishing your goals?,Emotional,Human18,How much of the time do you feel you are making progress towards accomplishing your goals
PERMA1_1,How much of the time do you feel you are making progress towards accomplishing your goals?,Intellectual,Human19,How much of the time do you feel you are making progress towards accomplishing your goals
PERMA1_1,How much of the time do you feel you are making progress towards accomplishing your goals?,Occupational,Human20,How much of the time do you feel you are making progress towards accomplishing your goals
PERMA1_1,How much of the time do you feel you are making progress towards accomplishing your goals?,Intellectual,Human21,How much of the time do you feel you are making progress towards accomplishing your goals
PERMA1_1,How much of the time do you feel you are making progress towards accomplishing your goals?,Occupational,Human22,How much of the time do you feel you are making progress towards accomplishing your goals
PERMA1_1,How much of the time do you feel you are making progress towards accomplishing your goals?,Occupational,Human23,How much of the time do you feel you are making progress towards accomplishing your goals
PERMA1_1,How much of the time do you feel you are making progress towards accomplishing your goals?,Occupational,Human24,How much of the time do you feel you are making progress towards accomplishing your goals
PERMA1_1,How much of the time do you feel you are making progress towards accomplishing your goals?,Occupational,Human25,How much of the time do you feel you are making progress towards accomplishing your goals
PERMA1_1,How much of the time do you feel you are making progress towards accomplishing your goals?,Occupational,Human26,How much of the time do you feel you are making progress towards accomplishing your goals
PERMA1_1,How much of the time do you feel you are making progress towards accomplishing your goals?,Occupational,Human27,How much of the time do you feel you are making progress towards accomplishing your goals
PERMA1_1,How much of the time do you feel you are making progress towards accomplishing your goals?,Occupational,Human28,How much of the time do you feel you are making progress towards accomplishing your goals
PERMA1_2,How often do you become absorbed in what you are doing?,Emotional,Human01,How often do you become absorbed in what you are doing
PERMA1_2,How often do you become absorbed in what you are doing?,Occupational,Human02,How often do you become absorbed in what you are doing
PERMA1_2,How often do you become absorbed in what you are doing?,Emotional,Human03,How often do you become absorbed in what you are doing
PERMA1_2,How often do you become absorbed in what you are doing?,Intellectual,Human04,How often do you become absorbed in what you are doing
PERMA1_2,How often do you become absorbed in what you are doing?,Intellectual,Human05,How often do you become absorbed in what you are doing
PERMA1_2,How often do you become absorbed in what you are doing?,Intellectual,Human06,How often do you become absorbed in what you are doing
PERMA1_2,How often do you become absorbed in what you are doing?,Emotional,Human07,How often do you become absorbed in what you are doing
PERMA1_2,How often do you become absorbed in what you are doing?,Spiritual,Human08,How often do you become absorbed in what you are doing
PERMA1_2,How often do you become absorbed in what you are doing?,Occupational,Human09,How often do you become absorbed in what you are doing
PERMA1_2,How often do you become absorbed in what you are doing?,Occupational,Human10,How often do you become absorbed in what you are doing
PERMA1_2,How often do you become absorbed in what you are doing?,Emotional,Human11,How often do you become absorbed in what you are doing
PERMA1_2,How often do you become absorbed in what you are doing?,Intellectual,Human12,How often do you become absorbed in what you are doing
PERMA1_2,How often do you become absorbed in what you are doing?,Intellectual,Human13,How often do you become absorbed in what you are doing
PERMA1_2,How often do you become absorbed in what you are doing?,Occupational,Human14,How often do you become absorbed in what you are doing
PERMA1_2,How often do you become absorbed in what you are doing?,Environmental,Human15,How often do you become absorbed in what you are doing
PERMA1_2,How often do you become absorbed in what you are doing?,Occupational,Human16,How often do you become absorbed in what you are doing
PERMA1_2,How often do you become absorbed in what you are doing?,Emotional,Human17,How often do you become absorbed in what you are doing
PERMA1_2,How often do you become absorbed in what you are doing?,Emotional,Human18,How often do you become absorbed in what you are doing
PERMA1_2,How often do you become absorbed in what you are doing?,Intellectual,Human19,How often do you become absorbed in what you are doing
PERMA1_2,How often do you become absorbed in what you are doing?,Emotional,Human20,How often do you become absorbed in what you are doing
PERMA1_2,How often do you become absorbed in what you are doing?,Intellectual,Human21,How often do you become absorbed in what you are doing
PERMA1_2,How often do you become absorbed in what you are doing?,Occupational,Human22,How often do you become absorbed in what you are doing
PERMA1_2,How often do you become absorbed in what you are doing?,Occupational,Human23,How often do you become absorbed in what you are doing
PERMA1_2,How often do you become absorbed in what you are doing?,Intellectual,Human24,How often do you become absorbed in what you are doing
PERMA1_2,How often do you become absorbed in what you are doing?,Intellectual,Human25,How often do you become absorbed in what you are doing
PERMA1_2,How often do you become absorbed in what you are doing?,Occupational,Human26,How often do you become absorbed in what you are doing
PERMA1_2,How often do you become absorbed in what you are doing?,Environmental,Human27,How often do you become absorbed in what you are doing
PERMA1_2,How often do you become absorbed in what you are doing?,Occupational,Human28,How often do you become absorbed in what you are doing
PERMA1_3,How often do you feel joyful?,Emotional,Human01,How often do you feel joyful
PERMA1_3,How often do you feel joyful?,Emotional,Human02,How often do you feel joyful
PERMA1_3,How often do you feel joyful?,Emotional,Human03,How often do you feel joyful
PERMA1_3,How often do you feel joyful?,Emotional,Human04,How often do you feel joyful
PERMA1_3,How often do you feel joyful?,Emotional,Human05,How often do you feel joyful
PERMA1_3,How often do you feel joyful?,Emotional,Human06,How often do you feel joyful
PERMA1_3,How often do you feel joyful?,Emotional,Human07,How often do you feel joyful
PERMA1_3,How often do you feel joyful?,Emotional,Human08,How often do you feel joyful
PERMA1_3,How often do you feel joyful?,Emotional,Human09,How often do you feel joyful
PERMA1_3,How often do you feel joyful?,Emotional,Human10,How often do you feel joyful
PERMA1_3,How often do you feel joyful?,Emotional,Human11,How often do you feel joyful
PERMA1_3,How often do you feel joyful?,Emotional,Human12,How often do you feel joyful
PERMA1_3,How often do you feel joyful?,Emotional,Human13,How often do you feel joyful
PERMA1_3,How often do you feel joyful?,Emotional,Human14,How often do you feel joyful
PERMA1_3,How often do you feel joyful?,Emotional,Human15,How often do you feel joyful
PERMA1_3,How often do you feel joyful?,Emotional,Human16,How often do you feel joyful
PERMA1_3,How often do you feel joyful?,Emotional,Human17,How often do you feel joyful
PERMA1_3,How often do you feel joyful?,Environmental,Human18,How often do you feel joyful
PERMA1_3,How often do you feel joyful?,Emotional,Human19,How often do you feel joyful
PERMA1_3,How often do you feel joyful?,Emotional,Human20,How often do you feel joyful
PERMA1_3,How often do you feel joyful?,Emotional,Human21,How often do you feel joyful
PERMA1_3,How often do you feel joyful?,Emotional,Human22,How often do you feel joyful
PERMA1_3,How often do you feel joyful?,Emotional,Human23,How often do you feel joyful
PERMA1_3,How often do you feel joyful?,Emotional,Human24,How often do you feel joyful
PERMA1_3,How often do you feel joyful?,Emotional,Human25,How often do you feel joyful
PERMA1_3,How often do you feel joyful?,Spiritual,Human26,How often do you feel joyful
PERMA1_3,How often do you feel joyful?,Emotional,Human27,How often do you feel joyful
PERMA1_3,How often do you feel joyful?,Emotional,Human28,How often do you feel joyful
PERMA1_4,How often do you feel anxious?,Emotional,Human01,How often do you feel anxious
PERMA1_4,How often do you feel anxious?,Emotional,Human02,How often do you feel anxious
PERMA1_4,How often do you feel anxious?,Emotional,Human03,How often do you feel anxious
PERMA1_4,How often do you feel anxious?,Emotional,Human04,How often do you feel anxious
PERMA1_4,How often do you feel anxious?,Emotional,Human05,How often do you feel anxious
PERMA1_4,How often do you feel anxious?,Emotional,Human06,How often do you feel anxious
PERMA1_4,How often do you feel anxious?,Emotional,Human07,How often do you feel anxious
PERMA1_4,How often do you feel anxious?,Emotional,Human08,How often do you feel anxious
PERMA1_4,How often do you feel anxious?,Emotional,Human09,How often do you feel anxious
PERMA1_4,How often do you feel anxious?,Emotional,Human10,How often do you feel anxious
PERMA1_4,How often do you feel anxious?,Emotional,Human11,How often do you feel anxious
PERMA1_4,How often do you feel anxious?,Emotional,Human12,How often do you feel anxious
PERMA1_4,How often do you feel anxious?,Emotional,Human13,How often do you feel anxious
PERMA1_4,How often do you feel anxious?,Emotional,Human14,How often do you feel anxious
PERMA1_4,How often do you feel anxious?,Emotional,Human15,How often do you feel anxious
PERMA1_4,How often do you feel anxious?,Emotional,Human16,How often do you feel anxious
PERMA1_4,How often do you feel anxious?,Emotional,Human17,How often do you feel anxious
PERMA1_4,How often do you feel anxious?,Social,Human18,How often do you feel anxious
PERMA1_4,How often do you feel anxious?,Emotional,Human19,How often do you feel anxious
PERMA1_4,How often do you feel anxious?,Emotional,Human20,How often do you feel anxious
PERMA1_4,How often do you feel anxious?,Emotional,Human21,How often do you feel anxious
PERMA1_4,How often do you feel anxious?,Emotional,Human22,How often do you feel anxious
PERMA1_4,How often do you feel anxious?,Emotional,Human23,How often do you feel anxious
PERMA1_4,How often do you feel anxious?,Emotional,Human24,How often do you feel anxious
PERMA1_4,How often do you feel anxious?,Emotional,Human25,How often do you feel anxious
PERMA1_4,How often do you feel anxious?,Emotional,Human26,How often do you feel anxious
PERMA1_4,How often do you feel anxious?,Emotional,Human27,How often do you feel anxious
PERMA1_4,How often do you feel anxious?,Emotional,Human28,How often do you feel anxious
PERMA1_5,How often do you achieve the important goals you have set for yourself?,Emotional,Human01,How often do you achieve the important goals you have set for yourself
PERMA1_5,How often do you achieve the important goals you have set for yourself?,Occupational,Human02,How often do you achieve the important goals you have set for yourself
PERMA1_5,How often do you achieve the important goals you have set for yourself?,Intellectual,Human03,How often do you achieve the important goals you have set for yourself
PERMA1_5,How often do you achieve the important goals you have set for yourself?,Occupational,Human04,How often do you achieve the important goals you have set for yourself
PERMA1_5,How often do you achieve the important goals you have set for yourself?,Spiritual,Human05,How often do you achieve the important goals you have set for yourself
PERMA1_5,How often do you achieve the important goals you have set for yourself?,Occupational,Human06,How often do you achieve the important goals you have set for yourself
PERMA1_5,How often do you achieve the important goals you have set for yourself?,Intellectual,Human07,How often do you achieve the important goals you have set for yourself
PERMA1_5,How often do you achieve the important goals you have set for yourself?,Occupational,Human08,How often do you achieve the important goals you have set for yourself
PERMA1_5,How often do you achieve the important goals you have set for yourself?,Occupational,Human09,How often do you achieve the important goals you have set for yourself
PERMA1_5,How often do you achieve the important goals you have set for yourself?,Occupational,Human10,How often do you achieve the important goals you have set for yourself
PERMA1_5,How often do you achieve the important goals you have set for yourself?,Occupational,Human11,How often do you achieve the important goals you have set for yourself
PERMA1_5,How often do you achieve the important goals you have set for yourself?,Intellectual,Human12,How often do you achieve the important goals you have set for yourself
PERMA1_5,How often do you achieve the important goals you have set for yourself?,Intellectual,Human13,How often do you achieve the important goals you have set for yourself
PERMA1_5,How often do you achieve the important goals you have set for yourself?,Intellectual,Human14,How often do you achieve the important goals you have set for yourself
PERMA1_5,How often do you achieve the important goals you have set for yourself?,Intellectual,Human15,How often do you achieve the important goals you have set for yourself
PERMA1_5,How often do you achieve the important goals you have set for yourself?,Occupational,Human16,How often do you achieve the important goals you have set for yourself
PERMA1_5,How often do you achieve the important goals you have set for yourself?,Occupational,Human17,How often do you achieve the important goals you have set for yourself
PERMA1_5,How often do you achieve the important goals you have set for yourself?,Environmental,Human18,How often do you achieve the important goals you have set for yourself
PERMA1_5,How often do you achieve the important goals you have set for yourself?,Occupational,Human19,How often do you achieve the important goals you have set for yourself
PERMA1_5,How often do you achieve the important goals you have set for yourself?,Occupational,Human20,How often do you achieve the important goals you have set for yourself
PERMA1_5,How often do you achieve the important goals you have set for yourself?,Intellectual,Human21,How often do you achieve the important goals you have set for yourself
PERMA1_5,How often do you achieve the important goals you have set for yourself?,Occupational,Human22,How often do you achieve the important goals you have set for yourself
PERMA1_5,How often do you achieve the important goals you have set for yourself?,Occupational,Human23,How often do you achieve the important goals you have set for yourself
PERMA1_5,How often do you achieve the important goals you have set for yourself?,Occupational,Human24,How often do you achieve the important goals you have set for yourself
PERMA1_5,How often do you achieve the important goals you have set for yourself?,Occupational,Human25,How often do you achieve the important goals you have set for yourself
PERMA1_5,How often do you achieve the important goals you have set for yourself?,Occupational,Human26,How often do you achieve the important goals you have set for yourself
PERMA1_5,How often do you achieve the important goals you have set for yourself?,Occupational,Human27,How often do you achieve the important goals you have set for yourself
PERMA1_5,How often do you achieve the important goals you have set for yourself?,Occupational,Human28,How often do you achieve the important goals you have set for yourself
PERMA2_1,How would you say your health is?,Physical,Human01,How would you say your health is
PERMA2_1,How would you say your health is?,Physical,Human02,How would you say your health is
PERMA2_1,How would you say your health is?,Physical,Human03,How would you say your health is
PERMA2_1,How would you say your health is?,Physical,Human04,How would you say your health is
PERMA2_1,How would you say your health is?,Physical,Human05,How would you say your health is
PERMA2_1,How would you say your health is?,Physical,Human06,How would you say your health is
PERMA2_1,How would you say your health is?,Physical,Human07,How would you say your health is
PERMA2_1,How would you say your health is?,Physical,Human08,How would you say your health is
PERMA2_1,How would you say your health is?,Physical,Human09,How would you say your health is
PERMA2_1,How would you say your health is?,Physical,Human10,How would you say your health is
PERMA2_1,How would you say your health is?,Physical,Human11,How would you say your health is
PERMA2_1,How would you say your health is?,Physical,Human12,How would you say your health is
PERMA2_1,How would you say your health is?,Physical,Human13,How would you say your health is
PERMA2_1,How would you say your health is?,Physical,Human14,How would you say your health is
PERMA2_1,How would you say your health is?,Physical,Human15,How would you say your health is
PERMA2_1,How would you say your health is?,Physical,Human16,How would you say your health is
PERMA2_1,How would you say your health is?,Physical,Human17,How would you say your health is
PERMA2_1,How would you say your health is?,Social,Human18,How would you say your health is
PERMA2_1,How would you say your health is?,Physical,Human19,How would you say your health is
PERMA2_1,How would you say your health is?,Physical,Human20,How would you say your health is
PERMA2_1,How would you say your health is?,Physical,Human21,How would you say your health is
PERMA2_1,How would you say your health is?,Physical,Human22,How would you say your health is
PERMA2_1,How would you say your health is?,Physical,Human23,How would you say your health is
PERMA2_1,How would you say your health is?,Physical,Human24,How would you say your health is
PERMA2_1,How would you say your health is?,Physical,Human25,How would you say your health is
PERMA2_1,How would you say your health is?,Physical,Human26,How would you say your health is
PERMA2_1,How would you say your health is?,Physical,Human27,How would you say your health is
PERMA2_1,How would you say your health is?,Physical,Human28,How would you say your health is
PERMA3_1,To what extent do you lead a purposeful and meaningful life?,Spiritual,Human01,To what extent do you lead a purposeful and meaningful life
PERMA3_1,To what extent do you lead a purposeful and meaningful life?,Spiritual,Human02,To what extent do you lead a purposeful and meaningful life
PERMA3_1,To what extent do you lead a purposeful and meaningful life?,Emotional,Human03,To what extent do you lead a purposeful and meaningful life
PERMA3_1,To what extent do you lead a purposeful and meaningful life?,Spiritual,Human04,To what extent do you lead a purposeful and meaningful life
PERMA3_1,To what extent do you lead a purposeful and meaningful life?,Spiritual,Human05,To what extent do you lead a purposeful and meaningful life
PERMA3_1,To what extent do you lead a purposeful and meaningful life?,Spiritual,Human06,To what extent do you lead a purposeful and meaningful life
PERMA3_1,To what extent do you lead a purposeful and meaningful life?,Spiritual,Human07,To what extent do you lead a purposeful and meaningful life
PERMA3_1,To what extent do you lead a purposeful and meaningful life?,Spiritual,Human08,To what extent do you lead a purposeful and meaningful life
PERMA3_1,To what extent do you lead a purposeful and meaningful life?,Spiritual,Human09,To what extent do you lead a purposeful and meaningful life
PERMA3_1,To what extent do you lead a purposeful and meaningful life?,Spiritual,Human10,To what extent do you lead a purposeful and meaningful life
PERMA3_1,To what extent do you lead a purposeful and meaningful life?,Spiritual,Human11,To what extent do you lead a purposeful and meaningful life
PERMA3_1,To what extent do you lead a purposeful and meaningful life?,Spiritual,Human12,To what extent do you lead a purposeful and meaningful life
PERMA3_1,To what extent do you lead a purposeful and meaningful life?,Spiritual,Human13,To what extent do you lead a purposeful and meaningful life
PERMA3_1,To what extent do you lead a purposeful and meaningful life?,Spiritual,Human14,To what extent do you lead a purposeful and meaningful life
PERMA3_1,To what extent do you lead a purposeful and meaningful life?,Spiritual,Human15,To what extent do you lead a purposeful and meaningful life
PERMA3_1,To what extent do you lead a purposeful and meaningful life?,Emotional,Human16,To what extent do you lead a purposeful and meaningful life
PERMA3_1,To what extent do you lead a purposeful and meaningful life?,Spiritual,Human17,To what extent do you lead a purposeful and meaningful life
PERMA3_1,To what extent do you lead a purposeful and meaningful life?,Social,Human18,To what extent do you lead a purposeful and meaningful life
PERMA3_1,To what extent do you lead a purposeful and meaningful life?,Spiritual,Human19,To what extent do you lead a purposeful and meaningful life
PERMA3_1,To what extent do you lead a purposeful and meaningful life?,Spiritual,Human20,To what extent do you lead a purposeful and meaningful life
PERMA3_1,To what extent do you lead a purposeful and meaningful life?,Spiritual,Human21,To what extent do you lead a purposeful and meaningful life
PERMA3_1,To what extent do you lead a purposeful and meaningful life?,Spiritual,Human22,To what extent do you lead a purposeful and meaningful life
PERMA3_1,To what extent do you lead a purposeful and meaningful life?,Spiritual,Human23,To what extent do you lead a purposeful and meaningful life
PERMA3_1,To what extent do you lead a purposeful and meaningful life?,Spiritual,Human24,To what extent do you lead a purposeful and meaningful life
PERMA3_1,To what extent do you lead a purposeful and meaningful life?,Occupational,Human25,To what extent do you lead a purposeful and meaningful life
PERMA3_1,To what extent do you lead a purposeful and meaningful life?,Spiritual,Human26,To what extent do you lead a purposeful and meaningful life
PERMA3_1,To what extent do you lead a purposeful and meaningful life?,Spiritual,Human27,To what extent do you lead a purposeful and meaningful life
PERMA3_1,To what extent do you lead a purposeful and meaningful life?,Spiritual,Human28,To what extent do you lead a purposeful and meaningful life
PERMA3_2,To what extent do you receive help and support from others when you need it?,Social,Human01,To what extent do you receive help and support from others when you need it
PERMA3_2,To what extent do you receive help and support from others when you need it?,Social,Human02,To what extent do you receive help and support from others when you need it
PERMA3_2,To what extent do you receive help and support from others when you need it?,Emotional,Human03,To what extent do you receive help and support from others when you need it
PERMA3_2,To what extent do you receive help and support from others when you need it?,Social,Human04,To what extent do you receive help and support from others when you need it
PERMA3_2,To what extent do you receive help and support from others when you need it?,Social,Human05,To what extent do you receive help and support from others when you need it
PERMA3_2,To what extent do you receive help and support from others when you need it?,Social,Human06,To what extent do you receive help and support from others when you need it
PERMA3_2,To what extent do you receive help and support from others when you need it?,Social,Human07,To what extent do you receive help and support from others when you need it
PERMA3_2,To what extent do you receive help and support from others when you need it?,Social,Human08,To what extent do you receive help and support from others when you need it
PERMA3_2,To what extent do you receive help and support from others when you need it?,Social,Human09,To what extent do you receive help and support from others when you need it
PERMA3_2,To what extent do you receive help and support from others when you need it?,Social,Human10,To what extent do you receive help and support from others when you need it
PERMA3_2,To what extent do you receive help and support from others when you need it?,Social,Human11,To what extent do you receive help and support from others when you need it
PERMA3_2,To what extent do you receive help and support from others when you need it?,Social,Human12,To what extent do you receive help and support from others when you need it
PERMA3_2,To what extent do you receive help and support from others when you need it?,Social,Human13,To what extent do you receive help and support from others when you need it
PERMA3_2,To what extent do you receive help and support from others when you need it?,Social,Human14,To what extent do you receive help and support from others when you need it
PERMA3_2,To what extent do you receive help and support from others when you need it?,Social,Human15,To what extent do you receive help and support from others when you need it
PERMA3_2,To what extent do you receive help and support from others when you need it?,Social,Human16,To what extent do you receive help and support from others when you need it
PERMA3_2,To what extent do you receive help and support from others when you need it?,Social,Human17,To what extent do you receive help and support from others when you need it
PERMA3_2,To what extent do you receive help and support from others when you need it?,Emotional,Human18,To what extent do you receive help and support from others when you need it
PERMA3_2,To what extent do you receive help and support from others when you need it?,Social,Human19,To what extent do you receive help and support from others when you need it
PERMA3_2,To what extent do you receive help and support from others when you need it?,Social,Human20,To what extent do you receive help and support from others when you need it
PERMA3_2,To what extent do you receive help and support from others when you need it?,Environmental,Human21,To what extent do you receive help and support from others when you need it
PERMA3_2,To what extent do you receive help and support from others when you need it?,Social,Human22,To what extent do you receive help and support from others when you need it
PERMA3_2,To what extent do you receive help and support from others when you need it?,Social,Human23,To what extent do you receive help and support from others when you need it
PERMA3_2,To what extent do you receive help and support from others when you need it?,Social,Human24,To what extent do you receive help and support from others when you need it
PERMA3_2,To what extent do you receive help and support from others when you need it?,Social,Human25,To what extent do you receive help and support from others when you need it
PERMA3_2,To what extent do you receive help and support from others when you need it?,Social,Human26,To what extent do you receive help and support from others when you need it
PERMA3_2,To what extent do you receive help and support from others when you need it?,Social,Human27,To what extent do you receive help and support from others when you need it
PERMA3_2,To what extent do you receive help and support from others when you need it?,Social,Human28,To what extent do you receive help and support from others when you need it
PERMA3_3,To what extent do you feel that what you do in your life is valuable and worthwhile?,Spiritual,Human01,To what extent do you feel that what you do in your life is valuable and worthwhile
PERMA3_3,To what extent do you feel that what you do in your life is valuable and worthwhile?,Emotional,Human02,To what extent do you feel that what you do in your life is valuable and worthwhile
PERMA3_3,To what extent do you feel that what you do in your life is valuable and worthwhile?,Emotional,Human03,To what extent do you feel that what you do in your life is valuable and worthwhile
PERMA3_3,To what extent do you feel that what you do in your life is valuable and worthwhile?,Spiritual,Human04,To what extent do you feel that what you do in your life is valuable and worthwhile
PERMA3_3,To what extent do you feel that what you do in your life is valuable and worthwhile?,Spiritual,Human05,To what extent do you feel that what you do in your life is valuable and worthwhile
PERMA3_3,To what extent do you feel that what you do in your life is valuable and worthwhile?,Emotional,Human06,To what extent do you feel that what you do in your life is valuable and worthwhile
PERMA3_3,To what extent do you feel that what you do in your life is valuable and worthwhile?,Spiritual,Human07,To what extent do you feel that what you do in your life is valuable and worthwhile
PERMA3_3,To what extent do you feel that what you do in your life is valuable and worthwhile?,Spiritual,Human08,To what extent do you feel that what you do in your life is valuable and worthwhile
PERMA3_3,To what extent do you feel that what you do in your life is valuable and worthwhile?,Spiritual,Human09,To what extent do you feel that what you do in your life is valuable and worthwhile
PERMA3_3,To what extent do you feel that what you do in your life is valuable and worthwhile?,Spiritual,Human10,To what extent do you feel that what you do in your life is valuable and worthwhile
PERMA3_3,To what extent do you feel that what you do in your life is valuable and worthwhile?,Spiritual,Human11,To what extent do you feel that what you do in your life is valuable and worthwhile
PERMA3_3,To what extent do you feel that what you do in your life is valuable and worthwhile?,Emotional,Human12,To what extent do you feel that what you do in your life is valuable and worthwhile
PERMA3_3,To what extent do you feel that what you do in your life is valuable and worthwhile?,Spiritual,Human13,To what extent do you feel that what you do in your life is valuable and worthwhile
PERMA3_3,To what extent do you feel that what you do in your life is valuable and worthwhile?,Intellectual,Human14,To what extent do you feel that what you do in your life is valuable and worthwhile
PERMA3_3,To what extent do you feel that what you do in your life is valuable and worthwhile?,Occupational,Human15,To what extent do you feel that what you do in your life is valuable and worthwhile
PERMA3_3,To what extent do you feel that what you do in your life is valuable and worthwhile?,Emotional,Human16,To what extent do you feel that what you do in your life is valuable and worthwhile
PERMA3_3,To what extent do you feel that what you do in your life is valuable and worthwhile?,Emotional,Human17,To what extent do you feel that what you do in your life is valuable and worthwhile
PERMA3_3,To what extent do you feel that what you do in your life is valuable and worthwhile?,Occupational,Human18,To what extent do you feel that what you do in your life is valuable and worthwhile
PERMA3_3,To what extent do you feel that what you do in your life is valuable and worthwhile?,Occupational,Human19,To what extent do you feel that what you do in your life is valuable and worthwhile
PERMA3_3,To what extent do you feel that what you do in your life is valuable and worthwhile?,Spiritual,Human20,To what extent do you feel that what you do in your life is valuable and worthwhile
PERMA3_3,To what extent do you feel that what you do in your life is valuable and worthwhile?,Social,Human21,To what extent do you feel that what you do in your life is valuable and worthwhile
PERMA3_3,To what extent do you feel that what you do in your life is valuable and worthwhile?,Spiritual,Human22,To what extent do you feel that what you do in your life is valuable and worthwhile
PERMA3_3,To what extent do you feel that what you do in your life is valuable and worthwhile?,Spiritual,Human23,To what extent do you feel that what you do in your life is valuable and worthwhile
PERMA3_3,To what extent do you feel that what you do in your life is valuable and worthwhile?,Spiritual,Human24,To what extent do you feel that what you do in your life is valuable and worthwhile
PERMA3_3,To what extent do you feel that what you do in your life is valuable and worthwhile?,Intellectual,Human25,To what extent do you feel that what you do in your life is valuable and worthwhile
PERMA3_3,To what extent do you feel that what you do in your life is valuable and worthwhile?,Occupational,Human26,To what extent do you feel that what you do in your life is valuable and worthwhile
PERMA3_3,To what extent do you feel that what you do in your life is valuable and worthwhile?,Occupational,Human27,To what extent do you feel that what you do in your life is valuable and worthwhile
PERMA3_3,To what extent do you feel that what you do in your life is valuable and worthwhile?,Emotional,Human28,To what extent do you feel that what you do in your life is valuable and worthwhile
PERMA3_4,To what extent do you feel excited and interested in things?,Emotional,Human01,To what extent do you feel excited and interested in things
PERMA3_4,To what extent do you feel excited and interested in things?,Emotional,Human02,To what extent do you feel excited and interested in things
PERMA3_4,To what extent do you feel excited and interested in things?,Emotional,Human03,To what extent do you feel excited and interested in things
PERMA3_4,To what extent do you feel excited and interested in things?,Emotional,Human04,To what extent do you feel excited and interested in things
PERMA3_4,To what extent do you feel excited and interested in things?,Emotional,Human05,To what extent do you feel excited and interested in things
PERMA3_4,To what extent do you feel excited and interested in things?,Emotional,Human06,To what extent do you feel excited and interested in things
PERMA3_4,To what extent do you feel excited and interested in things?,Emotional,Human07,To what extent do you feel excited and interested in things
PERMA3_4,To what extent do you feel excited and interested in things?,Intellectual,Human08,To what extent do you feel excited and interested in things
PERMA3_4,To what extent do you feel excited and interested in things?,Intellectual,Human09,To what extent do you feel excited and interested in things
PERMA3_4,To what extent do you feel excited and interested in things?,Emotional,Human10,To what extent do you feel excited and interested in things
PERMA3_4,To what extent do you feel excited and interested in things?,Emotional,Human11,To what extent do you feel excited and interested in things
PERMA3_4,To what extent do you feel excited and interested in things?,Intellectual,Human12,To what extent do you feel excited and interested in things
PERMA3_4,To what extent do you feel excited and interested in things?,Emotional,Human13,To what extent do you feel excited and interested in things
PERMA3_4,To what extent do you feel excited and interested in things?,Occupational,Human14,To what extent do you feel excited and interested in things
PERMA3_4,To what extent do you feel excited and interested in things?,Emotional,Human15,To what extent do you feel excited and interested in things
PERMA3_4,To what extent do you feel excited and interested in things?,Environmental,Human16,To what extent do you feel excited and interested in things
PERMA3_4,To what extent do you feel excited and interested in things?,Emotional,Human17,To what extent do you feel excited and interested in things
PERMA3_4,To what extent do you feel excited and interested in things?,Intellectual,Human18,To what extent do you feel excited and interested in things
PERMA3_4,To what extent do you feel excited and interested in things?,Occupational,Human19,To what extent do you feel excited and interested in things
PERMA3_4,To what extent do you feel excited and interested in things?,Spiritual,Human20,To what extent do you feel excited and interested in things
PERMA3_4,To what extent do you feel excited and interested in things?,Emotional,Human21,To what extent do you feel excited and interested in things
PERMA3_4,To what extent do you feel excited and interested in things?,Spiritual,Human22,To what extent do you feel excited and interested in things
PERMA3_4,To what extent do you feel excited and interested in things?,Emotional,Human23,To what extent do you feel excited and interested in things
PERMA3_4,To what extent do you feel excited and interested in things?,Emotional,Human24,To what extent do you feel excited and interested in things
PERMA3_4,To what extent do you feel excited and interested in things?,Emotional,Human25,To what extent do you feel excited and interested in things
PERMA3_4,To what extent do you feel excited and interested in things?,Emotional,Human26,To what extent do you feel excited and interested in things
PERMA3_4,To what extent do you feel excited and interested in things?,Emotional,Human27,To what extent do you feel excited and interested in things
PERMA3_4,To what extent do you feel excited and interested in things?,Emotional,Human28,To what extent do you feel excited and interested in things
PERMA3_5,How lonely do you feel in your daily life?,Emotional,Human01,How lonely do you feel in your daily life
PERMA3_5,How lonely do you feel in your daily life?,Social,Human02,How lonely do you feel in your daily life
PERMA3_5,How lonely do you feel in your daily life?,Social,Human03,How lonely do you feel in your daily life
PERMA3_5,How lonely do you feel in your daily life?,Social,Human04,How lonely do you feel in your daily life
PERMA3_5,How lonely do you feel in your daily life?,Emotional,Human05,How lonely do you feel in your daily life
PERMA3_5,How lonely do you feel in your daily life?,Social,Human06,How lonely do you feel in your daily life
PERMA3_5,How lonely do you feel in your daily life?,Emotional,Human07,How lonely do you feel in your daily life
PERMA3_5,How lonely do you feel in your daily life?,Social,Human08,How lonely do you feel in your daily life
PERMA3_5,How lonely do you feel in your daily life?,Social,Human09,How lonely do you feel in your daily life
PERMA3_5,How lonely do you feel in your daily life?,Social,Human10,How lonely do you feel in your daily life
PERMA3_5,How lonely do you feel in your daily life?,Social,Human11,How lonely do you feel in your daily life
PERMA3_5,How lonely do you feel in your daily life?,Social,Human12,How lonely do you feel in your daily life
PERMA3_5,How lonely do you feel in your daily life?,Social,Human13,How lonely do you feel in your daily life
PERMA3_5,How lonely do you feel in your daily life?,Emotional,Human14,How lonely do you feel in your daily life
PERMA3_5,How lonely do you feel in your daily life?,Social,Human15,How lonely do you feel in your daily life
PERMA3_5,How lonely do you feel in your daily life?,Social,Human16,How lonely do you feel in your daily life
PERMA3_5,How lonely do you feel in your daily life?,Social,Human17,How lonely do you feel in your daily life
PERMA3_5,How lonely do you feel in your daily life?,Environmental,Human18,How lonely do you feel in your daily life
PERMA3_5,How lonely do you feel in your daily life?,Social,Human19,How lonely do you feel in your daily life
PERMA3_5,How lonely do you feel in your daily life?,Emotional,Human20,How lonely do you feel in your daily life
PERMA3_5,How lonely do you feel in your daily life?,Emotional,Human21,How lonely do you feel in your daily life
PERMA3_5,How lonely do you feel in your daily life?,Social,Human22,How lonely do you feel in your daily life
PERMA3_5,How lonely do you feel in your daily life?,Social,Human23,How lonely do you feel in your daily life
PERMA3_5,How lonely do you feel in your daily life?,Emotional,Human24,How lonely do you feel in your daily life
PERMA3_5,How lonely do you feel in your daily life?,Social,Human25,How lonely do you feel in your daily life
PERMA3_5,How lonely do you feel in your daily life?,Social,Human26,How lonely do you feel in your daily life
PERMA3_5,How lonely do you feel in your daily life?,Emotional,Human27,How lonely do you feel in your daily life
PERMA3_5,How lonely do you feel in your daily life?,Social,Human28,How lonely do you feel in your daily life
PERMA4_1,How satisfied are you with your current physical health?,Physical,Human01,How satisfied are you with your current physical health
PERMA4_1,How satisfied are you with your current physical health?,Physical,Human02,How satisfied are you with your current physical health
PERMA4_1,How satisfied are you with your current physical health?,Physical,Human03,How satisfied are you with your current physical health
PERMA4_1,How satisfied are you with your current physical health?,Physical,Human04,How satisfied are you with your current physical health
PERMA4_1,How satisfied are you with your current physical health?,Physical,Human05,How satisfied are you with your current physical health
PERMA4_1,How satisfied are you with your current physical health?,Physical,Human06,How satisfied are you with your current physical health
PERMA4_1,How satisfied are you with your current physical health?,Physical,Human07,How satisfied are you with your current physical health
PERMA4_1,How satisfied are you with your current physical health?,Physical,Human08,How satisfied are you with your current physical health
PERMA4_1,How satisfied are you with your current physical health?,Physical,Human09,How satisfied are you with your current physical health
PERMA4_1,How satisfied are you with your current physical health?,Physical,Human10,How satisfied are you with your current physical health
PERMA4_1,How satisfied are you with your current physical health?,Physical,Human11,How satisfied are you with your current physical health
PERMA4_1,How satisfied are you with your current physical health?,Physical,Human12,How satisfied are you with your current physical health
PERMA4_1,How satisfied are you with your current physical health?,Physical,Human13,How satisfied are you with your current physical health
PERMA4_1,How satisfied are you with your current physical health?,Physical,Human14,How satisfied are you with your current physical health
PERMA4_1,How satisfied are you with your current physical health?,Physical,Human15,How satisfied are you with your current physical health
PERMA4_1,How satisfied are you with your current physical health?,Physical,Human16,How satisfied are you with your current physical health
PERMA4_1,How satisfied are you with your current physical health?,Physical,Human17,How satisfied are you with your current physical health
PERMA4_1,How satisfied are you with your current physical health?,Intellectual,Human18,How satisfied are you with your current physical health
PERMA4_1,How satisfied are you with your current physical health?,Physical,Human19,How satisfied are you with your current physical health
PERMA4_1,How satisfied are you with your current physical health?,Physical,Human20,How satisfied are you with your current physical health
PERMA4_1,How satisfied are you with your current physical health?,Physical,Human21,How satisfied are you with your current physical health
PERMA4_1,How satisfied are you with your current physical health?,Physical,Human22,How satisfied are you with your current physical health
PERMA4_1,How satisfied are you with your current physical health?,Physical,Human23,How satisfied are you with your current physical health
PERMA4_1,How satisfied are you with your current physical health?,Physical,Human24,How satisfied are you with your current physical health
PERMA4_1,How satisfied are you with your current physical health?,Physical,Human25,How satisfied are you with your current physical health
PERMA4_1,How satisfied are you with your current physical health?,Physical,Human26,How satisfied are you with your current physical health
PERMA4_1,How satisfied are you with your current physical health?,Physical,Human27,How satisfied are you with your current physical health
PERMA4_1,How satisfied are you with your current physical health?,Physical,Human28,How satisfied are you with your current physical health
PERMA5_1,How often do you feel positive?,Emotional,Human01,How often do you feel positive
PERMA5_1,How often do you feel positive?,Emotional,Human02,How often do you feel positive
PERMA5_1,How often do you feel positive?,Emotional,Human03,How often do you feel positive
PERMA5_1,How often do you feel positive?,Emotional,Human04,How often do you feel positive
PERMA5_1,How often do you feel positive?,Emotional,Human05,How often do you feel positive
PERMA5_1,How often do you feel positive?,Emotional,Human06,How often do you feel positive
PERMA5_1,How often do you feel positive?,Emotional,Human07,How often do you feel positive
PERMA5_1,How often do you feel positive?,Emotional,Human08,How often do you feel positive
PERMA5_1,How often do you feel positive?,Emotional,Human09,How often do you feel positive
PERMA5_1,How often do you feel positive?,Emotional,Human10,How often do you feel positive
PERMA5_1,How often do you feel positive?,Emotional,Human11,How often do you feel positive
PERMA5_1,How often do you feel positive?,Emotional,Human12,How often do you feel positive
PERMA5_1,How often do you feel positive?,Emotional,Human13,How often do you feel positive
PERMA5_1,How often do you feel positive?,Emotional,Human14,How often do you feel positive
PERMA5_1,How often do you feel positive?,Emotional,Human15,How often do you feel positive
PERMA5_1,How often do you feel positive?,Emotional,Human16,How often do you feel positive
PERMA5_1,How often do you feel positive?,Emotional,Human17,How often do you feel positive
PERMA5_1,How often do you feel positive?,Environmental,Human18,How often do you feel positive
PERMA5_1,How often do you feel positive?,Emotional,Human19,How often do you feel positive
PERMA5_1,How often do you feel positive?,Emotional,Human20,How often do you feel positive
PERMA5_1,How often do you feel positive?,Emotional,Human21,How often do you feel positive
PERMA5_1,How often do you feel positive?,Emotional,Human22,How often do you feel positive
PERMA5_1,How often do you feel positive?,Emotional,Human23,How often do you feel positive
PERMA5_1,How often do you feel positive?,Emotional,Human24,How often do you feel positive
PERMA5_1,How often do you feel positive?,Emotional,Human25,How often do you feel positive
PERMA5_1,How often do you feel positive?,Emotional,Human26,How often do you feel positive
PERMA5_1,How often do you feel positive?,Emotional,Human27,How often do you feel positive
PERMA5_1,How often do you feel positive?,Emotional,Human28,How often do you feel positive
PERMA5_2,How often do you feel angry?,Emotional,Human01,How often do you feel angry
PERMA5_2,How often do you feel angry?,Emotional,Human02,How often do you feel angry
PERMA5_2,How often do you feel angry?,Emotional,Human03,How often do you feel angry
PERMA5_2,How often do you feel angry?,Emotional,Human04,How often do you feel angry
PERMA5_2,How often do you feel angry?,Emotional,Human05,How often do you feel angry
PERMA5_2,How often do you feel angry?,Emotional,Human06,How often do you feel angry
PERMA5_2,How often do you feel angry?,Emotional,Human07,How often do you feel angry
PERMA5_2,How often do you feel angry?,Emotional,Human08,How often do you feel angry
PERMA5_2,How often do you feel angry?,Emotional,Human09,How often do you feel angry
PERMA5_2,How often do you feel angry?,Emotional,Human10,How often do you feel angry
PERMA5_2,How often do you feel angry?,Emotional,Human11,How often do you feel angry
PERMA5_2,How often do you feel angry?,Emotional,Human12,How often do you feel angry
PERMA5_2,How often do you feel angry?,Emotional,Human13,How often do you feel angry
PERMA5_2,How often do you feel angry?,Emotional,Human14,How often do you feel angry
PERMA5_2,How often do you feel angry?,Emotional,Human15,How often do you feel angry
PERMA5_2,How often do you feel angry?,Emotional,Human16,How often do you feel angry
PERMA5_2,How often do you feel angry?,Emotional,Human17,How often do you feel angry
PERMA5_2,How often do you feel angry?,Intellectual,Human18,How often do you feel angry
PERMA5_2,How often do you feel angry?,Emotional,Human19,How often do you feel angry
PERMA5_2,How often do you feel angry?,Emotional,Human20,How often do you feel angry
PERMA5_2,How often do you feel angry?,Emotional,Human21,How often do you feel angry
PERMA5_2,How often do you feel angry?,Emotional,Human22,How often do you feel angry
PERMA5_2,How often do you feel angry?,Emotional,Human23,How often do you feel angry
PERMA5_2,How often do you feel angry?,Emotional,Human24,How often do you feel angry
PERMA5_2,How often do you feel angry?,Emotional,Human25,How often do you feel angry
PERMA5_2,How often do you feel angry?,Emotional,Human26,How often do you feel angry
PERMA5_2,How often do you feel angry?,Emotional,Human27,How often do you feel angry
PERMA5_2,How often do you feel angry?,Emotional,Human28,How often do you feel angry
PERMA5_3,How often are you able to handle your responsibilities?,Emotional,Human01,How often are you able to handle your responsibilities
PERMA5_3,How often are you able to handle your responsibilities?,Occupational,Human02,How often are you able to handle your responsibilities
PERMA5_3,How often are you able to handle your responsibilities?,Intellectual,Human03,How often are you able to handle your responsibilities
PERMA5_3,How often are you able to handle your responsibilities?,Occupational,Human04,How often are you able to handle your responsibilities
PERMA5_3,How often are you able to handle your responsibilities?,Occupational,Human05,How often are you able to handle your responsibilities
PERMA5_3,How often are you able to handle your responsibilities?,Occupational,Human06,How often are you able to handle your responsibilities
PERMA5_3,How often are you able to handle your responsibilities?,Intellectual,Human07,How often are you able to handle your responsibilities
PERMA5_3,How often are you able to handle your responsibilities?,Occupational,Human08,How often are you able to handle your responsibilities
PERMA5_3,How often are you able to handle your responsibilities?,Occupational,Human09,How often are you able to handle your responsibilities
PERMA5_3,How often are you able to handle your responsibilities?,Occupational,Human10,How often are you able to handle your responsibilities
PERMA5_3,How often are you able to handle your responsibilities?,Emotional,Human11,How often are you able to handle your responsibilities
PERMA5_3,How often are you able to handle your responsibilities?,Occupational,Human12,How often are you able to handle your responsibilities
PERMA5_3,How often are you able to handle your responsibilities?,Occupational,Human13,How often are you able to handle your responsibilities
PERMA5_3,How often are you able to handle your responsibilities?,Intellectual,Human14,How often are you able to handle your responsibilities
PERMA5_3,How often are you able to handle your responsibilities?,Occupational,Human15,How often are you able to handle your responsibilities
PERMA5_3,How often are you able to handle your responsibilities?,Occupational,Human16,How often are you able to handle your responsibilities
PERMA5_3,How often are you able to handle your responsibilities?,Occupational,Human17,How often are you able to handle your responsibilities
PERMA5_3,How often are you able to handle your responsibilities?,Physical,Human18,How often are you able to handle your responsibilities
PERMA5_3,How often are you able to handle your responsibilities?,Intellectual,Human19,How often are you able to handle your responsibilities
PERMA5_3,How often are you able to handle your responsibilities?,Emotional,Human20,How often are you able to handle your responsibilities
PERMA5_3,How often are you able to handle your responsibilities?,Occupational,Human21,How often are you able to handle your responsibilities
PERMA5_3,How often are you able to handle your responsibilities?,Occupational,Human22,How often are you able to handle your responsibilities
PERMA5_3,How often are you able to handle your responsibilities?,Occupational,Human23,How often are you able to handle your responsibilities
PERMA5_3,How often are you able to handle your responsibilities?,Occupational,Human24,How often are you able to handle your responsibilities
PERMA5_3,How often are you able to handle your responsibilities?,Occupational,Human25,How often are you able to handle your responsibilities
PERMA5_3,How often are you able to handle your responsibilities?,Emotional,Human26,How often are you able to handle your responsibilities
PERMA5_3,How often are you able to handle your responsibilities?,Occupational,Human27,How often are you able to handle your responsibilities
PERMA5_3,How often are you able to handle your responsibilities?,Environmental,Human28,How often are you able to handle your responsibilities
PERMA5_4,How often do you feel sad?,Emotional,Human01,How often do you feel sad
PERMA5_4,How often do you feel sad?,Emotional,Human02,How often do you feel sad
PERMA5_4,How often do you feel sad?,Emotional,Human03,How often do you feel sad
PERMA5_4,How often do you feel sad?,Emotional,Human04,How often do you feel sad
PERMA5_4,How often do you feel sad?,Emotional,Human05,How often do you feel sad
PERMA5_4,How often do you feel sad?,Emotional,Human06,How often do you feel sad
PERMA5_4,How often do you feel sad?,Emotional,Human07,How often do you feel sad
PERMA5_4,How often do you feel sad?,Emotional,Human08,How often do you feel sad
PERMA5_4,How often do you feel sad?,Emotional,Human09,How often do you feel sad
PERMA5_4,How often do you feel sad?,Emotional,Human10,How often do you feel sad
PERMA5_4,How often do you feel sad?,Emotional,Human11,How often do you feel sad
PERMA5_4,How often do you feel sad?,Emotional,Human12,How often do you feel sad
PERMA5_4,How often do you feel sad?,Emotional,Human13,How often do you feel sad
PERMA5_4,How often do you feel sad?,Emotional,Human14,How often do you feel sad
PERMA5_4,How often do you feel sad?,Emotional,Human15,How often do you feel sad
PERMA5_4,How often do you feel sad?,Emotional,Human16,How often do you feel sad
PERMA5_4,How often do you feel sad?,Emotional,Human17,How often do you feel sad
PERMA5_4,How often do you feel sad?,Social,Human18,How often do you feel sad
PERMA5_4,How often do you feel sad?,Emotional,Human19,How often do you feel sad
PERMA5_4,How often do you feel sad?,Emotional,Human20,How often do you feel sad
PERMA5_4,How often do you feel sad?,Emotional,Human21,How often do you feel sad
PERMA5_4,How often do you feel sad?,Emotional,Human22,How often do you feel sad
PERMA5_4,How often do you feel sad?,Emotional,Human23,How often do you feel sad
PERMA5_4,How often do you feel sad?,Emotional,Human24,How often do you feel sad
PERMA5_4,How often do you feel sad?,Emotional,Human25,How often do you feel sad
PERMA5_4,How often do you feel sad?,Emotional,Human26,How often do you feel sad
PERMA5_4,How often do you feel sad?,Emotional,Human27,How often do you feel sad
PERMA5_4,How often do you feel sad?,Emotional,Human28,How often do you feel sad
PERMA5_5,How often do you lose track of time while doing something you enjoy?,Emotional,Human01,How often do you lose track of time while doing something you enjoy
PERMA5_5,How often do you lose track of time while doing something you enjoy?,Occupational,Human02,How often do you lose track of time while doing something you enjoy
PERMA5_5,How often do you lose track of time while doing something you enjoy?,Emotional,Human03,How often do you lose track of time while doing something you enjoy
PERMA5_5,How often do you lose track of time while doing something you enjoy?,Emotional,Human04,How often do you lose track of time while doing something you enjoy
PERMA5_5,How often do you lose track of time while doing something you enjoy?,Social,Human05,How often do you lose track of time while doing something you enjoy
PERMA5_5,How often do you lose track of time while doing something you enjoy?,Emotional,Human06,How often do you lose track of time while doing something you enjoy
PERMA5_5,How often do you lose track of time while doing something you enjoy?,Emotional,Human07,How often do you lose track of time while doing something you enjoy
PERMA5_5,How often do you lose track of time while doing something you enjoy?,Spiritual,Human08,How often do you lose track of time while doing something you enjoy
PERMA5_5,How often do you lose track of time while doing something you enjoy?,Intellectual,Human09,How often do you lose track of time while doing something you enjoy
PERMA5_5,How often do you lose track of time while doing something you enjoy?,Occupational,Human10,How often do you lose track of time while doing something you enjoy
PERMA5_5,How often do you lose track of time while doing something you enjoy?,Emotional,Human11,How often do you lose track of time while doing something you enjoy
PERMA5_5,How often do you lose track of time while doing something you enjoy?,Intellectual,Human12,How often do you lose track of time while doing something you enjoy
PERMA5_5,How often do you lose track of time while doing something you enjoy?,Intellectual,Human13,How often do you lose track of time while doing something you enjoy
PERMA5_5,How often do you lose track of time while doing something you enjoy?,Occupational,Human14,How often do you lose track of time while doing something you enjoy
PERMA5_5,How often do you lose track of time while doing something you enjoy?,Social,Human15,How often do you lose track of time while doing something you enjoy
PERMA5_5,How often do you lose track of time while doing something you enjoy?,Social,Human16,How often do you lose track of time while doing something you enjoy
PERMA5_5,How often do you lose track of time while doing something you enjoy?,Occupational,Human17,How often do you lose track of time while doing something you enjoy
PERMA5_5,How often do you lose track of time while doing something you enjoy?,Occupational,Human18,How often do you lose track of time while doing something you enjoy
PERMA5_5,How often do you lose track of time while doing something you enjoy?,Occupational,Human19,How often do you lose track of time while doing something you enjoy
PERMA5_5,How often do you lose track of time while doing something you enjoy?,Intellectual,Human20,How often do you lose track of time while doing something you enjoy
PERMA5_5,How often do you lose track of time while doing something you enjoy?,Emotional,Human21,How often do you lose track of time while doing something you enjoy
PERMA5_5,How often do you lose track of time while doing something you enjoy?,Intellectual,Human22,How often do you lose track of time while doing something you enjoy
PERMA5_5,How often do you lose track of time while doing something you enjoy?,Occupational,Human23,How often do you lose track of time while doing something you enjoy
PERMA5_5,How often do you lose track of time while doing something you enjoy?,Occupational,Human24,How often do you lose track of time while doing something you enjoy
PERMA5_5,How often do you lose track of time while doing something you enjoy?,Emotional,Human25,How often do you lose track of time while doing something you enjoy
PERMA5_5,How often do you lose track of time while doing something you enjoy?,Occupational,Human26,How often do you lose track of time while doing something you enjoy
PERMA5_5,How often do you lose track of time while doing something you enjoy?,Occupational,Human27,How often do you lose track of time while doing something you enjoy
PERMA5_5,How often do you lose track of time while doing something you enjoy?,Emotional,Human28,How often do you lose track of time while doing something you enjoy
PERMA6_1,"Compared to others of your same age and sex, how is your health?",Physical,Human01,"Compared to others of your same age and sex, how is your health"
PERMA6_1,"Compared to others of your same age and sex, how is your health?",Physical,Human02,"Compared to others of your same age and sex, how is your health"
PERMA6_1,"Compared to others of your same age and sex, how is your health?",Physical,Human03,"Compared to others of your same age and sex, how is your health"
PERMA6_1,"Compared to others of your same age and sex, how is your health?",Physical,Human04,"Compared to others of your same age and sex, how is your health"
PERMA6_1,"Compared to others of your same age and sex, how is your health?",Physical,Human05,"Compared to others of your same age and sex, how is your health"
PERMA6_1,"Compared to others of your same age and sex, how is your health?",Physical,Human06,"Compared to others of your same age and sex, how is your health"
PERMA6_1,"Compared to others of your same age and sex, how is your health?",Physical,Human07,"Compared to others of your same age and sex, how is your health"
PERMA6_1,"Compared to others of your same age and sex, how is your health?",Physical,Human08,"Compared to others of your same age and sex, how is your health"
PERMA6_1,"Compared to others of your same age and sex, how is your health?",Physical,Human09,"Compared to others of your same age and sex, how is your health"
PERMA6_1,"Compared to others of your same age and sex, how is your health?",Physical,Human10,"Compared to others of your same age and sex, how is your health"
PERMA6_1,"Compared to others of your same age and sex, how is your health?",Physical,Human11,"Compared to others of your same age and sex, how is your health"
PERMA6_1,"Compared to others of your same age and sex, how is your health?",Physical,Human12,"Compared to others of your same age and sex, how is your health"
PERMA6_1,"Compared to others of your same age and sex, how is your health?",Physical,Human13,"Compared to others of your same age and sex, how is your health"
PERMA6_1,"Compared to others of your same age and sex, how is your health?",Physical,Human14,"Compared to others of your same age and sex, how is your health"
PERMA6_1,"Compared to others of your same age and sex, how is your health?",Physical,Human15,"Compared to others of your same age and sex, how is your health"
PERMA6_1,"Compared to others of your same age and sex, how is your health?",Physical,Human16,"Compared to others of your same age and sex, how is your health"
PERMA6_1,"Compared to others of your same age and sex, how is your health?",Physical,Human17,"Compared to others of your same age and sex, how is your health"
PERMA6_1,"Compared to others of your same age and sex, how is your health?",Physical,Human18,"Compared to others of your same age and sex, how is your health"
PERMA6_1,"Compared to others of your same age and sex, how is your health?",Physical,Human19,"Compared to others of your same age and sex, how is your health"
PERMA6_1,"Compared to others of your same age and sex, how is your health?",Physical,Human20,"Compared to others of your same age and sex, how is your health"
PERMA6_1,"Compared to others of your same age and sex, how is your health?",Physical,Human21,"Compared to others of your same age and sex, how is your health"
PERMA6_1,"Compared to others of your same age and sex, how is your health?",Physical,Human22,"Compared to others of your same age and sex, how is your health"
PERMA6_1,"Compared to others of your same age and sex, how is your health?",Physical,Human23,"Compared to others of your same age and sex, how is your health"
PERMA6_1,"Compared to others of your same age and sex, how is your health?",Physical,Human24,"Compared to others of your same age and sex, how is your health"
PERMA6_1,"Compared to others of your same age and sex, how is your health?",Physical,Human25,"Compared to others of your same age and sex, how is your health"
PERMA6_1,"Compared to others of your same age and sex, how is your health?",Physical,Human26,"Compared to others of your same age and sex, how is your health"
PERMA6_1,"Compared to others of your same age and sex, how is your health?",Physical,Human27,"Compared to others of your same age and sex, how is your health"
PERMA6_1,"Compared to others of your same age and sex, how is your health?",Physical,Human28,"Compared to others of your same age and sex, how is your health"
PERMA7_1,To what extent do you feel you have a sense of direction in your life?,Spiritual,Human01,To what extent do you feel you have a sense of direction in your life
PERMA7_1,To what extent do you feel you have a sense of direction in your life?,Spiritual,Human02,To what extent do you feel you have a sense of direction in your life
PERMA7_1,To what extent do you feel you have a sense of direction in your life?,Occupational,Human03,To what extent do you feel you have a sense of direction in your life
PERMA7_1,To what extent do you feel you have a sense of direction in your life?,Spiritual,Human04,To what extent do you feel you have a sense of direction in your life
PERMA7_1,To what extent do you feel you have a sense of direction in your life?,Spiritual,Human05,To what extent do you feel you have a sense of direction in your life
PERMA7_1,To what extent do you feel you have a sense of direction in your life?,Spiritual,Human06,To what extent do you feel you have a sense of direction in your life
PERMA7_1,To what extent do you feel you have a sense of direction in your life?,Spiritual,Human07,To what extent do you feel you have a sense of direction in your life
PERMA7_1,To what extent do you feel you have a sense of direction in your life?,Spiritual,Human08,To what extent do you feel you have a sense of direction in your life
PERMA7_1,To what extent do you feel you have a sense of direction in your life?,Occupational,Human09,To what extent do you feel you have a sense of direction in your life
PERMA7_1,To what extent do you feel you have a sense of direction in your life?,Spiritual,Human10,To what extent do you feel you have a sense of direction in your life
PERMA7_1,To what extent do you feel you have a sense of direction in your life?,Spiritual,Human11,To what extent do you feel you have a sense of direction in your life
PERMA7_1,To what extent do you feel you have a sense of direction in your life?,Spiritual,Human12,To what extent do you feel you have a sense of direction in your life
PERMA7_1,To what extent do you feel you have a sense of direction in your life?,Spiritual,Human13,To what extent do you feel you have a sense of direction in your life
PERMA7_1,To what extent do you feel you have a sense of direction in your life?,Spiritual,Human14,To what extent do you feel you have a sense of direction in your life
PERMA7_1,To what extent do you feel you have a sense of direction in your life?,Spiritual,Human15,To what extent do you feel you have a sense of direction in your life
PERMA7_1,To what extent do you feel you have a sense of direction in your life?,Intellectual,Human16,To what extent do you feel you have a sense of direction in your life
PERMA7_1,To what extent do you feel you have a sense of direction in your life?,Spiritual,Human17,To what extent do you feel you have a sense of direction in your life
PERMA7_1,To what extent do you feel you have a sense of direction in your life?,Environmental,Human18,To what extent do you feel you have a sense of direction in your life
PERMA7_1,To what extent do you feel you have a sense of direction in your life?,Social,Human19,To what extent do you feel you have a sense of direction in your life
PERMA7_1,To what extent do you feel you have a sense of direction in your life?,Spiritual,Human20,To what extent do you feel you have a sense of direction in your life
PERMA7_1,To what extent do you feel you have a sense of direction in your life?,Spiritual,Human21,To what extent do you feel you have a sense of direction in your life
PERMA7_1,To what extent do you feel you have a sense of direction in your life?,Spiritual,Human22,To what extent do you feel you have a sense of direction in your life
PERMA7_1,To what extent do you feel you have a sense of direction in your life?,Spiritual,Human23,To what extent do you feel you have a sense of direction in your life
PERMA7_1,To what extent do you feel you have a sense of direction in your life?,Occupational,Human24,To what extent do you feel you have a sense of direction in your life
PERMA7_1,To what extent do you feel you have a sense of direction in your life?,Spiritual,Human25,To what extent do you feel you have a sense of direction in your life
PERMA7_1,To what extent do you feel you have a sense of direction in your life?,Spiritual,Human26,To what extent do you feel you have a sense of direction in your life
PERMA7_1,To what extent do you feel you have a sense of direction in your life?,Spiritual,Human27,To what extent do you feel you have a sense of direction in your life
PERMA7_1,To what extent do you feel you have a sense of direction in your life?,Environmental,Human28,To what extent do you feel you have a sense of direction in your life
PERMA7_2,How satisfied are you with your personal relationships?,Social,Human01,How satisfied are you with your personal relationships
PERMA7_2,How satisfied are you with your personal relationships?,Social,Human02,How satisfied are you with your personal relationships
PERMA7_2,How satisfied are you with your personal relationships?,Emotional,Human03,How satisfied are you with your personal relationships
PERMA7_2,How satisfied are you with your personal relationships?,Social,Human04,How satisfied are you with your personal relationships
PERMA7_2,How satisfied are you with your personal relationships?,Social,Human05,How satisfied are you with your personal relationships
PERMA7_2,How satisfied are you with your personal relationships?,Social,Human06,How satisfied are you with your personal relationships
PERMA7_2,How satisfied are you with your personal relationships?,Social,Human07,How satisfied are you with your personal relationships
PERMA7_2,How satisfied are you with your personal relationships?,Social,Human08,How satisfied are you with your personal relationships
PERMA7_2,How satisfied are you with your personal relationships?,Social,Human09,How satisfied are you with your personal relationships
PERMA7_2,How satisfied are you with your personal relationships?,Social,Human10,How satisfied are you with your personal relationships
PERMA7_2,How satisfied are you with your personal relationships?,Social,Human11,How satisfied are you with your personal relationships
PERMA7_2,How satisfied are you with your personal relationships?,Social,Human12,How satisfied are you with your personal relationships
PERMA7_2,How satisfied are you with your personal relationships?,Social,Human13,How satisfied are you with your personal relationships
PERMA7_2,How satisfied are you with your personal relationships?,Social,Human14,How satisfied are you with your personal relationships
PERMA7_2,How satisfied are you with your personal relationships?,Social,Human15,How satisfied are you with your personal relationships
PERMA7_2,How satisfied are you with your personal relationships?,Social,Human16,How satisfied are you with your personal relationships
PERMA7_2,How satisfied are you with your personal relationships?,Social,Human17,How satisfied are you with your personal relationships
PERMA7_2,How satisfied are you with your personal relationships?,Social,Human18,How satisfied are you with your personal relationships
PERMA7_2,How satisfied are you with your personal relationships?,Social,Human19,How satisfied are you with your personal relationships
PERMA7_2,How satisfied are you with your personal relationships?,Social,Human20,How satisfied are you with your personal relationships
PERMA7_2,How satisfied are you with your personal relationships?,Social,Human21,How satisfied are you with your personal relationships
PERMA7_2,How satisfied are you with your personal relationships?,Social,Human22,How satisfied are you with your personal relationships
PERMA7_2,How satisfied are you with your personal relationships?,Social,Human23,How satisfied are you with your personal relationships
PERMA7_2,How satisfied are you with your personal relationships?,Social,Human24,How satisfied are you with your personal relationships
PERMA7_2,How satisfied are you with your personal relationships?,Social,Human25,How satisfied are you with your personal relationships
PERMA7_2,How satisfied are you with your personal relationships?,Social,Human26,How satisfied are you with your personal relationships
PERMA7_2,How satisfied are you with your personal relationships?,Social,Human27,How satisfied are you with your personal relationships
PERMA7_2,How satisfied are you with your personal relationships?,Social,Human28,How satisfied are you with your personal relationships
PERMA7_3,To what extent do you feel loved?,Emotional,Human01,To what extent do you feel loved
PERMA7_3,To what extent do you feel loved?,Social,Human02,To what extent do you feel loved
PERMA7_3,To what extent do you feel loved?,Emotional,Human03,To what extent do you feel loved
PERMA7_3,To what extent do you feel loved?,Emotional,Human04,To what extent do you feel loved
PERMA7_3,To what extent do you feel loved?,Social,Human05,To what extent do you feel loved
PERMA7_3,To what extent do you feel loved?,Emotional,Human06,To what extent do you feel loved
PERMA7_3,To what extent do you feel loved?,Emotional,Human07,To what extent do you feel loved
PERMA7_3,To what extent do you feel loved?,Emotional,Human08,To what extent do you feel loved
PERMA7_3,To what extent do you feel loved?,Social,Human09,To what extent do you feel loved
PERMA7_3,To what extent do you feel loved?,Social,Human10,To what extent do you feel loved
PERMA7_3,To what extent do you feel loved?,Social,Human11,To what extent do you feel loved
PERMA7_3,To what extent do you feel loved?,Social,Human12,To what extent do you feel loved
PERMA7_3,To what extent do you feel loved?,Social,Human13,To what extent do you feel loved
PERMA7_3,To what extent do you feel loved?,Emotional,Human14,To what extent do you feel loved
PERMA7_3,To what extent do you feel loved?,Social,Human15,To what extent do you feel loved
PERMA7_3,To what extent do you feel loved?,Social,Human16,To what extent do you feel loved
PERMA7_3,To what extent do you feel loved?,Emotional,Human17,To what extent do you feel loved
PERMA7_3,To what extent do you feel loved?,Environmental,Human18,To what extent do you feel loved
PERMA7_3,To what extent do you feel loved?,Emotional,Human19,To what extent do you feel loved
PERMA7_3,To what extent do you feel loved?,Social,Human20,To what extent do you feel loved
PERMA7_3,To what extent do you feel loved?,Social,Human21,To what extent do you feel loved
PERMA7_3,To what extent do you feel loved?,Emotional,Human22,To what extent do you feel loved
PERMA7_3,To what extent do you feel loved?,Social,Human23,To what extent do you feel loved
PERMA7_3,To what extent do you feel loved?,Emotional,Human24,To what extent do you feel loved
PERMA7_3,To what extent do you feel loved?,Emotional,Human25,To what extent do you feel loved
PERMA7_3,To what extent do you feel loved?,Social,Human26,To what extent do you feel loved
PERMA7_3,To what extent do you feel loved?,Social,Human27,To what extent do you feel loved
PERMA7_3,To what extent do you feel loved?,Social,Human28,To what extent do you feel loved
PERMA7_4,To what extent do you feel contented?,Emotional,Human01,To what extent do you feel contented
PERMA7_4,To what extent do you feel contented?,Emotional,Human02,To what extent do you feel contented
PERMA7_4,To what extent do you feel contented?,Emotional,Human03,To what extent do you feel contented
PERMA7_4,To what extent do you feel contented?,Emotional,Human04,To what extent do you feel contented
PERMA7_4,To what extent do you feel contented?,Emotional,Human05,To what extent do you feel contented
PERMA7_4,To what extent do you feel contented?,Intellectual,Human06,To what extent do you feel contented
PERMA7_4,To what extent do you feel contented?,Emotional,Human07,To what extent do you feel contented
PERMA7_4,To what extent do you feel contented?,Emotional,Human08,To what extent do you feel contented
PERMA7_4,To what extent do you feel contented?,Social,Human09,To what extent do you feel contented
PERMA7_4,To what extent do you feel contented?,Emotional,Human10,To what extent do you feel contented
PERMA7_4,To what extent do you feel contented?,Emotional,Human11,To what extent do you feel contented
PERMA7_4,To what extent do you feel contented?,Emotional,Human12,To what extent do you feel contented
PERMA7_4,To what extent do you feel contented?,Emotional,Human13,To what extent do you feel contented
PERMA7_4,To what extent do you feel contented?,Emotional,Human14,To what extent do you feel contented
PERMA7_4,To what extent do you feel contented?,Emotional,Human15,To what extent do you feel contented
PERMA7_4,To what extent do you feel contented?,Emotional,Human16,To what extent do you feel contented
PERMA7_4,To what extent do you feel contented?,Emotional,Human17,To what extent do you feel contented
PERMA7_4,To what extent do you feel contented?,Spiritual,Human18,To what extent do you feel contented
PERMA7_4,To what extent do you feel contented?,Emotional,Human19,To what extent do you feel contented
PERMA7_4,To what extent do you feel contented?,Emotional,Human20,To what extent do you feel contented
PERMA7_4,To what extent do you feel contented?,Emotional,Human21,To what extent do you feel contented
PERMA7_4,To what extent do you feel contented?,Emotional,Human22,To what extent do you feel contented
PERMA7_4,To what extent do you feel contented?,Emotional,Human23,To what extent do you feel contented
PERMA7_4,To what extent do you feel contented?,Emotional,Human24,To what extent do you feel contented
PERMA7_4,To what extent do you feel contented?,Emotional,Human25,To what extent do you feel contented
PERMA7_4,To what extent do you feel contented?,Spiritual,Human26,To what extent do you feel contented
PERMA7_4,To what extent do you feel contented?,Emotional,Human27,To what extent do you feel contented
PERMA7_4,To what extent do you feel contented?,Social,Human28,To what extent do you feel contented
PERMA8_1,"Taking all things together, how happy would you say you are?",Emotional,Human01,"Taking all things together, how happy would you say you are"
PERMA8_1,"Taking all things together, how happy would you say you are?",Emotional,Human02,"Taking all things together, how happy would you say you are"
PERMA8_1,"Taking all things together, how happy would you say you are?",Emotional,Human03,"Taking all things together, how happy would you say you are"
PERMA8_1,"Taking all things together, how happy would you say you are?",Emotional,Human04,"Taking all things together, how happy would you say you are"
PERMA8_1,"Taking all things together, how happy would you say you are?",Emotional,Human05,"Taking all things together, how happy would you say you are"
PERMA8_1,"Taking all things together, how happy would you say you are?",Emotional,Human06,"Taking all things together, how happy would you say you are"
PERMA8_1,"Taking all things together, how happy would you say you are?",Emotional,Human07,"Taking all things together, how happy would you say you are"
PERMA8_1,"Taking all things together, how happy would you say you are?",Emotional,Human08,"Taking all things together, how happy would you say you are"
PERMA8_1,"Taking all things together, how happy would you say you are?",Emotional,Human09,"Taking all things together, how happy would you say you are"
PERMA8_1,"Taking all things together, how happy would you say you are?",Emotional,Human10,"Taking all things together, how happy would you say you are"
PERMA8_1,"Taking all things together, how happy would you say you are?",Emotional,Human11,"Taking all things together, how happy would you say you are"
PERMA8_1,"Taking all things together, how happy would you say you are?",Emotional,Human12,"Taking all things together, how happy would you say you are"
PERMA8_1,"Taking all things together, how happy would you say you are?",Emotional,Human13,"Taking all things together, how happy would you say you are"
PERMA8_1,"Taking all things together, how happy would you say you are?",Emotional,Human14,"Taking all things together, how happy would you say you are"
PERMA8_1,"Taking all things together, how happy would you say you are?",Emotional,Human15,"Taking all things together, how happy would you say you are"
PERMA8_1,"Taking all things together, how happy would you say you are?",Emotional,Human16,"Taking all things together, how happy would you say you are"
PERMA8_1,"Taking all things together, how happy would you say you are?",Emotional,Human17,"Taking all things together, how happy would you say you are"
PERMA8_1,"Taking all things together, how happy would you say you are?",Social,Human18,"Taking all things together, how happy would you say you are"
PERMA8_1,"Taking all things together, how happy would you say you are?",Emotional,Human19,"Taking all things together, how happy would you say you are"
PERMA8_1,"Taking all things together, how happy would you say you are?",Emotional,Human20,"Taking all things together, how happy would you say you are"
PERMA8_1,"Taking all things together, how happy would you say you are?",Emotional,Human21,"Taking all things together, how happy would you say you are"
PERMA8_1,"Taking all things together, how happy would you say you are?",Emotional,Human22,"Taking all things together, how happy would you say you are"
PERMA8_1,"Taking all things together, how happy would you say you are?",Emotional,Human23,"Taking all things together, how happy would you say you are"
PERMA8_1,"Taking all things together, how happy would you say you are?",Emotional,Human24,"Taking all things together, how happy would you say you are"
PERMA8_1,"Taking all things together, how happy would you say you are?",Emotional,Human25,"Taking all things together, how happy would you say you are"
PERMA8_1,"Taking all things together, how happy would you say you are?",Emotional,Human26,"Taking all things together, how happy would you say you are"
PERMA8_1,"Taking all things together, how happy would you say you are?",Emotional,Human27,"Taking all things together, how happy would you say you are"
PERMA8_1,"Taking all things together, how happy would you say you are?",Emotional,Human28,"Taking all things together, how happy would you say you are"
PSS_1,"During the past month, what time have you usually gone to bed at night?",Physical,Human01,"During the past month, what time have you usually gone to bed at night"
PSS_1,"During the past month, what time have you usually gone to bed at night?",Physical,Human02,"During the past month, what time have you usually gone to bed at night"
PSS_1,"During the past month, what time have you usually gone to bed at night?",Physical,Human03,"During the past month, what time have you usually gone to bed at night"
PSS_1,"During the past month, what time have you usually gone to bed at night?",Physical,Human04,"During the past month, what time have you usually gone to bed at night"
PSS_1,"During the past month, what time have you usually gone to bed at night?",Physical,Human05,"During the past month, what time have you usually gone to bed at night"
PSS_1,"During the past month, what time have you usually gone to bed at night?",Physical,Human06,"During the past month, what time have you usually gone to bed at night"
PSS_1,"During the past month, what time have you usually gone to bed at night?",Physical,Human07,"During the past month, what time have you usually gone to bed at night"
PSS_1,"During the past month, what time have you usually gone to bed at night?",Physical,Human08,"During the past month, what time have you usually gone to bed at night"
PSS_1,"During the past month, what time have you usually gone to bed at night?",Physical,Human09,"During the past month, what time have you usually gone to bed at night"
PSS_1,"During the past month, what time have you usually gone to bed at night?",Physical,Human10,"During the past month, what time have you usually gone to bed at night"
PSS_1,"During the past month, what time have you usually gone to bed at night?",Physical,Human11,"During the past month, what time have you usually gone to bed at night"
PSS_1,"During the past month, what time have you usually gone to bed at night?",Physical,Human12,"During the past month, what time have you usually gone to bed at night"
PSS_1,"During the past month, what time have you usually gone to bed at night?",Physical,Human13,"During the past month, what time have you usually gone to bed at night"
PSS_1,"During the past month, what time have you usually gone to bed at night?",Physical,Human14,"During the past month, what time have you usually gone to bed at night"
PSS_1,"During the past month, what time have you usually gone to bed at night?",Physical,Human15,"During the past month, what time have you usually gone to bed at night"
PSS_1,"During the past month, what time have you usually gone to bed at night?",Physical,Human16,"During the past month, what time have you usually gone to bed at night"
PSS_1,"During the past month, what time have you usually gone to bed at night?",Physical,Human17,"During the past month, what time have you usually gone to bed at night"
PSS_1,"During the past month, what time have you usually gone to bed at night?",Spiritual,Human18,"During the past month, what time have you usually gone to bed at night"
PSS_1,"During the past month, what time have you usually gone to bed at night?",Physical,Human19,"During the past month, what time have you usually gone to bed at night"
PSS_1,"During the past month, what time have you usually gone to bed at night?",Physical,Human20,"During the past month, what time have you usually gone to bed at night"
PSS_1,"During the past month, what time have you usually gone to bed at night?",Physical,Human21,"During the past month, what time have you usually gone to bed at night"
PSS_1,"During the past month, what time have you usually gone to bed at night?",Physical,Human22,"During the past month, what time have you usually gone to bed at night"
PSS_1,"During the past month, what time have you usually gone to bed at night?",Physical,Human23,"During the past month, what time have you usually gone to bed at night"
PSS_1,"During the past month, what time have you usually gone to bed at night?",Physical,Human24,"During the past month, what time have you usually gone to bed at night"
PSS_1,"During the past month, what time have you usually gone to bed at night?",Physical,Human25,"During the past month, what time have you usually gone to bed at night"
PSS_1,"During the past month, what time have you usually gone to bed at night?",Physical,Human26,"During the past month, what time have you usually gone to bed at night"
PSS_1,"During the past month, what time have you usually gone to bed at night?",Physical,Human27,"During the past month, what time have you usually gone to bed at night"
PSS_1,"During the past month, what time have you usually gone to bed at night?",Physical,Human28,"During the past month, what time have you usually gone to bed at night"
PSS_10_1,"During the past month, how often has your bed partner or room mate reported loud snoring?",Physical,Human01,"During the past month, how often has your bed partner or room mate reported loud snoring"
PSS_10_1,"During the past month, how often has your bed partner or room mate reported loud snoring?",Physical,Human02,"During the past month, how often has your bed partner or room mate reported loud snoring"
PSS_10_1,"During the past month, how often has your bed partner or room mate reported loud snoring?",Physical,Human03,"During the past month, how often has your bed partner or room mate reported loud snoring"
PSS_10_1,"During the past month, how often has your bed partner or room mate reported loud snoring?",Physical,Human04,"During the past month, how often has your bed partner or room mate reported loud snoring"
PSS_10_1,"During the past month, how often has your bed partner or room mate reported loud snoring?",Physical,Human05,"During the past month, how often has your bed partner or room mate reported loud snoring"
PSS_10_1,"During the past month, how often has your bed partner or room mate reported loud snoring?",Physical,Human06,"During the past month, how often has your bed partner or room mate reported loud snoring"
PSS_10_1,"During the past month, how often has your bed partner or room mate reported loud snoring?",Physical,Human07,"During the past month, how often has your bed partner or room mate reported loud snoring"
PSS_10_1,"During the past month, how often has your bed partner or room mate reported loud snoring?",Environmental,Human08,"During the past month, how often has your bed partner or room mate reported loud snoring"
PSS_10_1,"During the past month, how often has your bed partner or room mate reported loud snoring?",Physical,Human09,"During the past month, how often has your bed partner or room mate reported loud snoring"
PSS_10_1,"During the past month, how often has your bed partner or room mate reported loud snoring?",Physical,Human10,"During the past month, how often has your bed partner or room mate reported loud snoring"
PSS_10_1,"During the past month, how often has your bed partner or room mate reported loud snoring?",Physical,Human11,"During the past month, how often has your bed partner or room mate reported loud snoring"
PSS_10_1,"During the past month, how often has your bed partner or room mate reported loud snoring?",Physical,Human12,"During the past month, how often has your bed partner or room mate reported loud snoring"
PSS_10_1,"During the past month, how often has your bed partner or room mate reported loud snoring?",Physical,Human13,"During the past month, how often has your bed partner or room mate reported loud snoring"
PSS_10_1,"During the past month, how often has your bed partner or room mate reported loud snoring?",Physical,Human14,"During the past month, how often has your bed partner or room mate reported loud snoring"
PSS_10_1,"During the past month, how often has your bed partner or room mate reported loud snoring?",Physical,Human15,"During the past month, how often has your bed partner or room mate reported loud snoring"
PSS_10_1,"During the past month, how often has your bed partner or room mate reported loud snoring?",Environmental,Human16,"During the past month, how often has your bed partner or room mate reported loud snoring"
PSS_10_1,"During the past month, how often has your bed partner or room mate reported loud snoring?",Physical,Human17,"During the past month, how often has your bed partner or room mate reported loud snoring"
PSS_10_1,"During the past month, how often has your bed partner or room mate reported loud snoring?",Environmental,Human18,"During the past month, how often has your bed partner or room mate reported loud snoring"
PSS_10_1,"During the past month, how often has your bed partner or room mate reported loud snoring?",Environmental,Human19,"During the past month, how often has your bed partner or room mate reported loud snoring"
PSS_10_1,"During the past month, how often has your bed partner or room mate reported loud snoring?",Physical,Human20,"During the past month, how often has your bed partner or room mate reported loud snoring"
PSS_10_1,"During the past month, how often has your bed partner or room mate reported loud snoring?",Physical,Human21,"During the past month, how often has your bed partner or room mate reported loud snoring"
PSS_10_1,"During the past month, how often has your bed partner or room mate reported loud snoring?",Physical,Human22,"During the past month, how often has your bed partner or room mate reported loud snoring"
PSS_10_1,"During the past month, how often has your bed partner or room mate reported loud snoring?",Physical,Human23,"During the past month, how often has your bed partner or room mate reported loud snoring"
PSS_10_1,"During the past month, how often has your bed partner or room mate reported loud snoring?",Physical,Human24,"During the past month, how often has your bed partner or room mate reported loud snoring"
PSS_10_1,"During the past month, how often has your bed partner or room mate reported loud snoring?",Physical,Human25,"During the past month, how often has your bed partner or room mate reported loud snoring"
PSS_10_1,"During the past month, how often has your bed partner or room mate reported loud snoring?",Physical,Human26,"During the past month, how often has your bed partner or room mate reported loud snoring"
PSS_10_1,"During the past month, how often has your bed partner or room mate reported loud snoring?",Physical,Human27,"During the past month, how often has your bed partner or room mate reported loud snoring"
PSS_10_1,"During the past month, how often has your bed partner or room mate reported loud snoring?",Physical,Human28,"During the past month, how often has your bed partner or room mate reported loud snoring"
PSS_10_2,"During the past month, how often has your bed partner or room mate reported long pauses between breaths while asleep?",Physical,Human01,"During the past month, how often has your bed partner or room mate reported long pauses between breaths while asleep"
PSS_10_2,"During the past month, how often has your bed partner or room mate reported long pauses between breaths while asleep?",Physical,Human02,"During the past month, how often has your bed partner or room mate reported long pauses between breaths while asleep"
PSS_10_2,"During the past month, how often has your bed partner or room mate reported long pauses between breaths while asleep?",Physical,Human03,"During the past month, how often has your bed partner or room mate reported long pauses between breaths while asleep"
PSS_10_2,"During the past month, how often has your bed partner or room mate reported long pauses between breaths while asleep?",Physical,Human04,"During the past month, how often has your bed partner or room mate reported long pauses between breaths while asleep"
PSS_10_2,"During the past month, how often has your bed partner or room mate reported long pauses between breaths while asleep?",Physical,Human05,"During the past month, how often has your bed partner or room mate reported long pauses between breaths while asleep"
PSS_10_2,"During the past month, how often has your bed partner or room mate reported long pauses between breaths while asleep?",Physical,Human06,"During the past month, how often has your bed partner or room mate reported long pauses between breaths while asleep"
PSS_10_2,"During the past month, how often has your bed partner or room mate reported long pauses between breaths while asleep?",Physical,Human07,"During the past month, how often has your bed partner or room mate reported long pauses between breaths while asleep"
PSS_10_2,"During the past month, how often has your bed partner or room mate reported long pauses between breaths while asleep?",Environmental,Human08,"During the past month, how often has your bed partner or room mate reported long pauses between breaths while asleep"
PSS_10_2,"During the past month, how often has your bed partner or room mate reported long pauses between breaths while asleep?",Physical,Human09,"During the past month, how often has your bed partner or room mate reported long pauses between breaths while asleep"
PSS_10_2,"During the past month, how often has your bed partner or room mate reported long pauses between breaths while asleep?",Physical,Human10,"During the past month, how often has your bed partner or room mate reported long pauses between breaths while asleep"
PSS_10_2,"During the past month, how often has your bed partner or room mate reported long pauses between breaths while asleep?",Physical,Human11,"During the past month, how often has your bed partner or room mate reported long pauses between breaths while asleep"
PSS_10_2,"During the past month, how often has your bed partner or room mate reported long pauses between breaths while asleep?",Physical,Human12,"During the past month, how often has your bed partner or room mate reported long pauses between breaths while asleep"
PSS_10_2,"During the past month, how often has your bed partner or room mate reported long pauses between breaths while asleep?",Physical,Human13,"During the past month, how often has your bed partner or room mate reported long pauses between breaths while asleep"
PSS_10_2,"During the past month, how often has your bed partner or room mate reported long pauses between breaths while asleep?",Physical,Human14,"During the past month, how often has your bed partner or room mate reported long pauses between breaths while asleep"
PSS_10_2,"During the past month, how often has your bed partner or room mate reported long pauses between breaths while asleep?",Physical,Human15,"During the past month, how often has your bed partner or room mate reported long pauses between breaths while asleep"
PSS_10_2,"During the past month, how often has your bed partner or room mate reported long pauses between breaths while asleep?",Physical,Human16,"During the past month, how often has your bed partner or room mate reported long pauses between breaths while asleep"
PSS_10_2,"During the past month, how often has your bed partner or room mate reported long pauses between breaths while asleep?",Physical,Human17,"During the past month, how often has your bed partner or room mate reported long pauses between breaths while asleep"
PSS_10_2,"During the past month, how often has your bed partner or room mate reported long pauses between breaths while asleep?",Emotional,Human18,"During the past month, how often has your bed partner or room mate reported long pauses between breaths while asleep"
PSS_10_2,"During the past month, how often has your bed partner or room mate reported long pauses between breaths while asleep?",Physical,Human19,"During the past month, how often has your bed partner or room mate reported long pauses between breaths while asleep"
PSS_10_2,"During the past month, how often has your bed partner or room mate reported long pauses between breaths while asleep?",Physical,Human20,"During the past month, how often has your bed partner or room mate reported long pauses between breaths while asleep"
PSS_10_2,"During the past month, how often has your bed partner or room mate reported long pauses between breaths while asleep?",Physical,Human21,"During the past month, how often has your bed partner or room mate reported long pauses between breaths while asleep"
PSS_10_2,"During the past month, how often has your bed partner or room mate reported long pauses between breaths while asleep?",Physical,Human22,"During the past month, how often has your bed partner or room mate reported long pauses between breaths while asleep"
PSS_10_2,"During the past month, how often has your bed partner or room mate reported long pauses between breaths while asleep?",Physical,Human23,"During the past month, how often has your bed partner or room mate reported long pauses between breaths while asleep"
PSS_10_2,"During the past month, how often has your bed partner or room mate reported long pauses between breaths while asleep?",Social,Human24,"During the past month, how often has your bed partner or room mate reported long pauses between breaths while asleep"
PSS_10_2,"During the past month, how often has your bed partner or room mate reported long pauses between breaths while asleep?",Physical,Human25,"During the past month, how often has your bed partner or room mate reported long pauses between breaths while asleep"
PSS_10_2,"During the past month, how often has your bed partner or room mate reported long pauses between breaths while asleep?",Physical,Human26,"During the past month, how often has your bed partner or room mate reported long pauses between breaths while asleep"
PSS_10_2,"During the past month, how often has your bed partner or room mate reported long pauses between breaths while asleep?",Physical,Human27,"During the past month, how often has your bed partner or room mate reported long pauses between breaths while asleep"
PSS_10_2,"During the past month, how often has your bed partner or room mate reported long pauses between breaths while asleep?",Physical,Human28,"During the past month, how often has your bed partner or room mate reported long pauses between breaths while asleep"
PSS_10_3,"During the past month, how often has your bed partner or room mate reported legs twitching or jerking while asleep?",Physical,Human01,"During the past month, how often has your bed partner or room mate reported legs twitching or jerking while asleep"
PSS_10_3,"During the past month, how often has your bed partner or room mate reported legs twitching or jerking while asleep?",Physical,Human02,"During the past month, how often has your bed partner or room mate reported legs twitching or jerking while asleep"
PSS_10_3,"During the past month, how often has your bed partner or room mate reported legs twitching or jerking while asleep?",Physical,Human03,"During the past month, how often has your bed partner or room mate reported legs twitching or jerking while asleep"
PSS_10_3,"During the past month, how often has your bed partner or room mate reported legs twitching or jerking while asleep?",Physical,Human04,"During the past month, how often has your bed partner or room mate reported legs twitching or jerking while asleep"
PSS_10_3,"During the past month, how often has your bed partner or room mate reported legs twitching or jerking while asleep?",Physical,Human05,"During the past month, how often has your bed partner or room mate reported legs twitching or jerking while asleep"
PSS_10_3,"During the past month, how often has your bed partner or room mate reported legs twitching or jerking while asleep?",Physical,Human06,"During the past month, how often has your bed partner or room mate reported legs twitching or jerking while asleep"
PSS_10_3,"During the past month, how often has your bed partner or room mate reported legs twitching or jerking while asleep?",Physical,Human07,"During the past month, how often has your bed partner or room mate reported legs twitching or jerking while asleep"
PSS_10_3,"During the past month, how often has your bed partner or room mate reported legs twitching or jerking while asleep?",Environmental,Human08,"During the past month, how often has your bed partner or room mate reported legs twitching or jerking while asleep"
PSS_10_3,"During the past month, how often has your bed partner or room mate reported legs twitching or jerking while asleep?",Physical,Human09,"During the past month, how often has your bed partner or room mate reported legs twitching or jerking while asleep"
PSS_10_3,"During the past month, how often has your bed partner or room mate reported legs twitching or jerking while asleep?",Physical,Human10,"During the past month, how often has your bed partner or room mate reported legs twitching or jerking while asleep"
PSS_10_3,"During the past month, how often has your bed partner or room mate reported legs twitching or jerking while asleep?",Physical,Human11,"During the past month, how often has your bed partner or room mate reported legs twitching or jerking while asleep"
PSS_10_3,"During the past month, how often has your bed partner or room mate reported legs twitching or jerking while asleep?",Physical,Human12,"During the past month, how often has your bed partner or room mate reported legs twitching or jerking while asleep"
PSS_10_3,"During the past month, how often has your bed partner or room mate reported legs twitching or jerking while asleep?",Physical,Human13,"During the past month, how often has your bed partner or room mate reported legs twitching or jerking while asleep"
PSS_10_3,"During the past month, how often has your bed partner or room mate reported legs twitching or jerking while asleep?",Physical,Human14,"During the past month, how often has your bed partner or room mate reported legs twitching or jerking while asleep"
PSS_10_3,"During the past month, how often has your bed partner or room mate reported legs twitching or jerking while asleep?",Physical,Human15,"During the past month, how often has your bed partner or room mate reported legs twitching or jerking while asleep"
PSS_10_3,"During the past month, how often has your bed partner or room mate reported legs twitching or jerking while asleep?",Physical,Human16,"During the past month, how often has your bed partner or room mate reported legs twitching or jerking while asleep"
PSS_10_3,"During the past month, how often has your bed partner or room mate reported legs twitching or jerking while asleep?",Physical,Human17,"During the past month, how often has your bed partner or room mate reported legs twitching or jerking while asleep"
PSS_10_3,"During the past month, how often has your bed partner or room mate reported legs twitching or jerking while asleep?",Emotional,Human18,"During the past month, how often has your bed partner or room mate reported legs twitching or jerking while asleep"
PSS_10_3,"During the past month, how often has your bed partner or room mate reported legs twitching or jerking while asleep?",Environmental,Human19,"During the past month, how often has your bed partner or room mate reported legs twitching or jerking while asleep"
PSS_10_3,"During the past month, how often has your bed partner or room mate reported legs twitching or jerking while asleep?",Physical,Human20,"During the past month, how often has your bed partner or room mate reported legs twitching or jerking while asleep"
PSS_10_3,"During the past month, how often has your bed partner or room mate reported legs twitching or jerking while asleep?",Physical,Human21,"During the past month, how often has your bed partner or room mate reported legs twitching or jerking while asleep"
PSS_10_3,"During the past month, how often has your bed partner or room mate reported legs twitching or jerking while asleep?",Physical,Human22,"During the past month, how often has your bed partner or room mate reported legs twitching or jerking while asleep"
PSS_10_3,"During the past month, how often has your bed partner or room mate reported legs twitching or jerking while asleep?",Emotional,Human23,"During the past month, how often has your bed partner or room mate reported legs twitching or jerking while asleep"
PSS_10_3,"During the past month, how often has your bed partner or room mate reported legs twitching or jerking while asleep?",Physical,Human24,"During the past month, how often has your bed partner or room mate reported legs twitching or jerking while asleep"
PSS_10_3,"During the past month, how often has your bed partner or room mate reported legs twitching or jerking while asleep?",Physical,Human25,"During the past month, how often has your bed partner or room mate reported legs twitching or jerking while asleep"
PSS_10_3,"During the past month, how often has your bed partner or room mate reported legs twitching or jerking while asleep?",Physical,Human26,"During the past month, how often has your bed partner or room mate reported legs twitching or jerking while asleep"
PSS_10_3,"During the past month, how often has your bed partner or room mate reported legs twitching or jerking while asleep?",Physical,Human27,"During the past month, how often has your bed partner or room mate reported legs twitching or jerking while asleep"
PSS_10_3,"During the past month, how often has your bed partner or room mate reported legs twitching or jerking while asleep?",Physical,Human28,"During the past month, how often has your bed partner or room mate reported legs twitching or jerking while asleep"
PSS_10_4,"During the past month, how often has your bed partner or room mate reported episodes of disorientation or confusion during sleep?",Physical,Human01,"During the past month, how often has your bed partner or room mate reported episodes of disorientation or confusion during sleep"
PSS_10_4,"During the past month, how often has your bed partner or room mate reported episodes of disorientation or confusion during sleep?",Physical,Human02,"During the past month, how often has your bed partner or room mate reported episodes of disorientation or confusion during sleep"
PSS_10_4,"During the past month, how often has your bed partner or room mate reported episodes of disorientation or confusion during sleep?",Physical,Human03,"During the past month, how often has your bed partner or room mate reported episodes of disorientation or confusion during sleep"
PSS_10_4,"During the past month, how often has your bed partner or room mate reported episodes of disorientation or confusion during sleep?",Physical,Human04,"During the past month, how often has your bed partner or room mate reported episodes of disorientation or confusion during sleep"
PSS_10_4,"During the past month, how often has your bed partner or room mate reported episodes of disorientation or confusion during sleep?",Physical,Human05,"During the past month, how often has your bed partner or room mate reported episodes of disorientation or confusion during sleep"
PSS_10_4,"During the past month, how often has your bed partner or room mate reported episodes of disorientation or confusion during sleep?",Physical,Human06,"During the past month, how often has your bed partner or room mate reported episodes of disorientation or confusion during sleep"
PSS_10_4,"During the past month, how often has your bed partner or room mate reported episodes of disorientation or confusion during sleep?",Physical,Human07,"During the past month, how often has your bed partner or room mate reported episodes of disorientation or confusion during sleep"
PSS_10_4,"During the past month, how often has your bed partner or room mate reported episodes of disorientation or confusion during sleep?",Environmental,Human08,"During the past month, how often has your bed partner or room mate reported episodes of disorientation or confusion during sleep"
PSS_10_4,"During the past month, how often has your bed partner or room mate reported episodes of disorientation or confusion during sleep?",Physical,Human09,"During the past month, how often has your bed partner or room mate reported episodes of disorientation or confusion during sleep"
PSS_10_4,"During the past month, how often has your bed partner or room mate reported episodes of disorientation or confusion during sleep?",Physical,Human10,"During the past month, how often has your bed partner or room mate reported episodes of disorientation or confusion during sleep"
PSS_10_4,"During the past month, how often has your bed partner or room mate reported episodes of disorientation or confusion during sleep?",Physical,Human11,"During the past month, how often has your bed partner or room mate reported episodes of disorientation or confusion during sleep"
PSS_10_4,"During the past month, how often has your bed partner or room mate reported episodes of disorientation or confusion during sleep?",Intellectual,Human12,"During the past month, how often has your bed partner or room mate reported episodes of disorientation or confusion during sleep"
PSS_10_4,"During the past month, how often has your bed partner or room mate reported episodes of disorientation or confusion during sleep?",Physical,Human13,"During the past month, how often has your bed partner or room mate reported episodes of disorientation or confusion during sleep"
PSS_10_4,"During the past month, how often has your bed partner or room mate reported episodes of disorientation or confusion during sleep?",Physical,Human14,"During the past month, how often has your bed partner or room mate reported episodes of disorientation or confusion during sleep"
PSS_10_4,"During the past month, how often has your bed partner or room mate reported episodes of disorientation or confusion during sleep?",Physical,Human15,"During the past month, how often has your bed partner or room mate reported episodes of disorientation or confusion during sleep"
PSS_10_4,"During the past month, how often has your bed partner or room mate reported episodes of disorientation or confusion during sleep?",Emotional,Human16,"During the past month, how often has your bed partner or room mate reported episodes of disorientation or confusion during sleep"
PSS_10_4,"During the past month, how often has your bed partner or room mate reported episodes of disorientation or confusion during sleep?",Physical,Human17,"During the past month, how often has your bed partner or room mate reported episodes of disorientation or confusion during sleep"
PSS_10_4,"During the past month, how often has your bed partner or room mate reported episodes of disorientation or confusion during sleep?",Spiritual,Human18,"During the past month, how often has your bed partner or room mate reported episodes of disorientation or confusion during sleep"
PSS_10_4,"During the past month, how often has your bed partner or room mate reported episodes of disorientation or confusion during sleep?",Environmental,Human19,"During the past month, how often has your bed partner or room mate reported episodes of disorientation or confusion during sleep"
PSS_10_4,"During the past month, how often has your bed partner or room mate reported episodes of disorientation or confusion during sleep?",Physical,Human20,"During the past month, how often has your bed partner or room mate reported episodes of disorientation or confusion during sleep"
PSS_10_4,"During the past month, how often has your bed partner or room mate reported episodes of disorientation or confusion during sleep?",Physical,Human21,"During the past month, how often has your bed partner or room mate reported episodes of disorientation or confusion during sleep"
PSS_10_4,"During the past month, how often has your bed partner or room mate reported episodes of disorientation or confusion during sleep?",Physical,Human22,"During the past month, how often has your bed partner or room mate reported episodes of disorientation or confusion during sleep"
PSS_10_4,"During the past month, how often has your bed partner or room mate reported episodes of disorientation or confusion during sleep?",Emotional,Human23,"During the past month, how often has your bed partner or room mate reported episodes of disorientation or confusion during sleep"
PSS_10_4,"During the past month, how often has your bed partner or room mate reported episodes of disorientation or confusion during sleep?",Social,Human24,"During the past month, how often has your bed partner or room mate reported episodes of disorientation or confusion during sleep"
PSS_10_4,"During the past month, how often has your bed partner or room mate reported episodes of disorientation or confusion during sleep?",Physical,Human25,"During the past month, how often has your bed partner or room mate reported episodes of disorientation or confusion during sleep"
PSS_10_4,"During the past month, how often has your bed partner or room mate reported episodes of disorientation or confusion during sleep?",Physical,Human26,"During the past month, how often has your bed partner or room mate reported episodes of disorientation or confusion during sleep"
PSS_10_4,"During the past month, how often has your bed partner or room mate reported episodes of disorientation or confusion during sleep?",Emotional,Human27,"During the past month, how often has your bed partner or room mate reported episodes of disorientation or confusion during sleep"
PSS_10_4,"During the past month, how often has your bed partner or room mate reported episodes of disorientation or confusion during sleep?",Physical,Human28,"During the past month, how often has your bed partner or room mate reported episodes of disorientation or confusion during sleep"
PSS_10_5,"During the past month, how often has your bed partner or room mate reported other restlessness while you sleep?",Physical,Human01,"During the past month, how often has your bed partner or room mate reported other restlessness while you sleep"
PSS_10_5,"During the past month, how often has your bed partner or room mate reported other restlessness while you sleep?",Physical,Human02,"During the past month, how often has your bed partner or room mate reported other restlessness while you sleep"
PSS_10_5,"During the past month, how often has your bed partner or room mate reported other restlessness while you sleep?",Physical,Human03,"During the past month, how often has your bed partner or room mate reported other restlessness while you sleep"
PSS_10_5,"During the past month, how often has your bed partner or room mate reported other restlessness while you sleep?",Physical,Human04,"During the past month, how often has your bed partner or room mate reported other restlessness while you sleep"
PSS_10_5,"During the past month, how often has your bed partner or room mate reported other restlessness while you sleep?",Physical,Human05,"During the past month, how often has your bed partner or room mate reported other restlessness while you sleep"
PSS_10_5,"During the past month, how often has your bed partner or room mate reported other restlessness while you sleep?",Physical,Human06,"During the past month, how often has your bed partner or room mate reported other restlessness while you sleep"
PSS_10_5,"During the past month, how often has your bed partner or room mate reported other restlessness while you sleep?",Physical,Human07,"During the past month, how often has your bed partner or room mate reported other restlessness while you sleep"
PSS_10_5,"During the past month, how often has your bed partner or room mate reported other restlessness while you sleep?",Environmental,Human08,"During the past month, how often has your bed partner or room mate reported other restlessness while you sleep"
PSS_10_5,"During the past month, how often has your bed partner or room mate reported other restlessness while you sleep?",Physical,Human09,"During the past month, how often has your bed partner or room mate reported other restlessness while you sleep"
PSS_10_5,"During the past month, how often has your bed partner or room mate reported other restlessness while you sleep?",Physical,Human10,"During the past month, how often has your bed partner or room mate reported other restlessness while you sleep"
PSS_10_5,"During the past month, how often has your bed partner or room mate reported other restlessness while you sleep?",Physical,Human11,"During the past month, how often has your bed partner or room mate reported other restlessness while you sleep"
PSS_10_5,"During the past month, how often has your bed partner or room mate reported other restlessness while you sleep?",Emotional,Human12,"During the past month, how often has your bed partner or room mate reported other restlessness while you sleep"
PSS_10_5,"During the past month, how often has your bed partner or room mate reported other restlessness while you sleep?",Physical,Human13,"During the past month, how often has your bed partner or room mate reported other restlessness while you sleep"
PSS_10_5,"During the past month, how often has your bed partner or room mate reported other restlessness while you sleep?",Physical,Human14,"During the past month, how often has your bed partner or room mate reported other restlessness while you sleep"
PSS_10_5,"During the past month, how often has your bed partner or room mate reported other restlessness while you sleep?",Physical,Human15,"During the past month, how often has your bed partner or room mate reported other restlessness while you sleep"
PSS_10_5,"During the past month, how often has your bed partner or room mate reported other restlessness while you sleep?",Emotional,Human16,"During the past month, how often has your bed partner or room mate reported other restlessness while you sleep"
PSS_10_5,"During the past month, how often has your bed partner or room mate reported other restlessness while you sleep?",Physical,Human17,"During the past month, how often has your bed partner or room mate reported other restlessness while you sleep"
PSS_10_5,"During the past month, how often has your bed partner or room mate reported other restlessness while you sleep?",Social,Human18,"During the past month, how often has your bed partner or room mate reported other restlessness while you sleep"
PSS_10_5,"During the past month, how often has your bed partner or room mate reported other restlessness while you sleep?",Environmental,Human19,"During the past month, how often has your bed partner or room mate reported other restlessness while you sleep"
PSS_10_5,"During the past month, how often has your bed partner or room mate reported other restlessness while you sleep?",Physical,Human20,"During the past month, how often has your bed partner or room mate reported other restlessness while you sleep"
PSS_10_5,"During the past month, how often has your bed partner or room mate reported other restlessness while you sleep?",Physical,Human21,"During the past month, how often has your bed partner or room mate reported other restlessness while you sleep"
PSS_10_5,"During the past month, how often has your bed partner or room mate reported other restlessness while you sleep?",Physical,Human22,"During the past month, how often has your bed partner or room mate reported other restlessness while you sleep"
PSS_10_5,"During the past month, how often has your bed partner or room mate reported other restlessness while you sleep?",Physical,Human23,"During the past month, how often has your bed partner or room mate reported other restlessness while you sleep"
PSS_10_5,"During the past month, how often has your bed partner or room mate reported other restlessness while you sleep?",Social,Human24,"During the past month, how often has your bed partner or room mate reported other restlessness while you sleep"
PSS_10_5,"During the past month, how often has your bed partner or room mate reported other restlessness while you sleep?",Physical,Human25,"During the past month, how often has your bed partner or room mate reported other restlessness while you sleep"
PSS_10_5,"During the past month, how often has your bed partner or room mate reported other restlessness while you sleep?",Physical,Human26,"During the past month, how often has your bed partner or room mate reported other restlessness while you sleep"
PSS_10_5,"During the past month, how often has your bed partner or room mate reported other restlessness while you sleep?",Physical,Human27,"During the past month, how often has your bed partner or room mate reported other restlessness while you sleep"
PSS_10_5,"During the past month, how often has your bed partner or room mate reported other restlessness while you sleep?",Physical,Human28,"During the past month, how often has your bed partner or room mate reported other restlessness while you sleep"
PSS_2,"During the past month, how long (in minutes) has it usually taken you to fall asleep each night?",Physical,Human01,"During the past month, how long (in minutes) has it usually taken you to fall asleep each night"
PSS_2,"During the past month, how long (in minutes) has it usually taken you to fall asleep each night?",Physical,Human02,"During the past month, how long (in minutes) has it usually taken you to fall asleep each night"
PSS_2,"During the past month, how long (in minutes) has it usually taken you to fall asleep each night?",Physical,Human03,"During the past month, how long (in minutes) has it usually taken you to fall asleep each night"
PSS_2,"During the past month, how long (in minutes) has it usually taken you to fall asleep each night?",Physical,Human04,"During the past month, how long (in minutes) has it usually taken you to fall asleep each night"
PSS_2,"During the past month, how long (in minutes) has it usually taken you to fall asleep each night?",Physical,Human05,"During the past month, how long (in minutes) has it usually taken you to fall asleep each night"
PSS_2,"During the past month, how long (in minutes) has it usually taken you to fall asleep each night?",Physical,Human06,"During the past month, how long (in minutes) has it usually taken you to fall asleep each night"
PSS_2,"During the past month, how long (in minutes) has it usually taken you to fall asleep each night?",Physical,Human07,"During the past month, how long (in minutes) has it usually taken you to fall asleep each night"
PSS_2,"During the past month, how long (in minutes) has it usually taken you to fall asleep each night?",Physical,Human08,"During the past month, how long (in minutes) has it usually taken you to fall asleep each night"
PSS_2,"During the past month, how long (in minutes) has it usually taken you to fall asleep each night?",Physical,Human09,"During the past month, how long (in minutes) has it usually taken you to fall asleep each night"
PSS_2,"During the past month, how long (in minutes) has it usually taken you to fall asleep each night?",Physical,Human10,"During the past month, how long (in minutes) has it usually taken you to fall asleep each night"
PSS_2,"During the past month, how long (in minutes) has it usually taken you to fall asleep each night?",Physical,Human11,"During the past month, how long (in minutes) has it usually taken you to fall asleep each night"
PSS_2,"During the past month, how long (in minutes) has it usually taken you to fall asleep each night?",Physical,Human13,"During the past month, how long (in minutes) has it usually taken you to fall asleep each night"
PSS_2,"During the past month, how long (in minutes) has it usually taken you to fall asleep each night?",Physical,Human14,"During the past month, how long (in minutes) has it usually taken you to fall asleep each night"
PSS_2,"During the past month, how long (in minutes) has it usually taken you to fall asleep each night?",Physical,Human15,"During the past month, how long (in minutes) has it usually taken you to fall asleep each night"
PSS_2,"During the past month, how long (in minutes) has it usually taken you to fall asleep each night?",Physical,Human16,"During the past month, how long (in minutes) has it usually taken you to fall asleep each night"
PSS_2,"During the past month, how long (in minutes) has it usually taken you to fall asleep each night?",Physical,Human17,"During the past month, how long (in minutes) has it usually taken you to fall asleep each night"
PSS_2,"During the past month, how long (in minutes) has it usually taken you to fall asleep each night?",Spiritual,Human18,"During the past month, how long (in minutes) has it usually taken you to fall asleep each night"
PSS_2,"During the past month, how long (in minutes) has it usually taken you to fall asleep each night?",Physical,Human19,"During the past month, how long (in minutes) has it usually taken you to fall asleep each night"
PSS_2,"During the past month, how long (in minutes) has it usually taken you to fall asleep each night?",Physical,Human20,"During the past month, how long (in minutes) has it usually taken you to fall asleep each night"
PSS_2,"During the past month, how long (in minutes) has it usually taken you to fall asleep each night?",Physical,Human21,"During the past month, how long (in minutes) has it usually taken you to fall asleep each night"
PSS_2,"During the past month, how long (in minutes) has it usually taken you to fall asleep each night?",Physical,Human22,"During the past month, how long (in minutes) has it usually taken you to fall asleep each night"
PSS_2,"During the past month, how long (in minutes) has it usually taken you to fall asleep each night?",Physical,Human23,"During the past month, how long (in minutes) has it usually taken you to fall asleep each night"
PSS_2,"During the past month, how long (in minutes) has it usually taken you to fall asleep each night?",Physical,Human24,"During the past month, how long (in minutes) has it usually taken you to fall asleep each night"
PSS_2,"During the past month, how long (in minutes) has it usually taken you to fall asleep each night?",Physical,Human25,"During the past month, how long (in minutes) has it usually taken you to fall asleep each night"
PSS_2,"During the past month, how long (in minutes) has it usually taken you to fall asleep each night?",Physical,Human26,"During the past month, how long (in minutes) has it usually taken you to fall asleep each night"
PSS_2,"During the past month, how long (in minutes) has it usually taken you to fall asleep each night?",Physical,Human27,"During the past month, how long (in minutes) has it usually taken you to fall asleep each night"
PSS_2,"During the past month, how long (in minutes) has it usually taken you to fall asleep each night?",Physical,Human28,"During the past month, how long (in minutes) has it usually taken you to fall asleep each night"
PSS_3,"During the past month, what time have you usually gotten up in the morning?",Physical,Human01,"During the past month, what time have you usually gotten up in the morning"
PSS_3,"During the past month, what time have you usually gotten up in the morning?",Physical,Human02,"During the past month, what time have you usually gotten up in the morning"
PSS_3,"During the past month, what time have you usually gotten up in the morning?",Physical,Human03,"During the past month, what time have you usually gotten up in the morning"
PSS_3,"During the past month, what time have you usually gotten up in the morning?",Physical,Human04,"During the past month, what time have you usually gotten up in the morning"
PSS_3,"During the past month, what time have you usually gotten up in the morning?",Physical,Human05,"During the past month, what time have you usually gotten up in the morning"
PSS_3,"During the past month, what time have you usually gotten up in the morning?",Physical,Human06,"During the past month, what time have you usually gotten up in the morning"
PSS_3,"During the past month, what time have you usually gotten up in the morning?",Physical,Human07,"During the past month, what time have you usually gotten up in the morning"
PSS_3,"During the past month, what time have you usually gotten up in the morning?",Physical,Human08,"During the past month, what time have you usually gotten up in the morning"
PSS_3,"During the past month, what time have you usually gotten up in the morning?",Physical,Human09,"During the past month, what time have you usually gotten up in the morning"
PSS_3,"During the past month, what time have you usually gotten up in the morning?",Physical,Human10,"During the past month, what time have you usually gotten up in the morning"
PSS_3,"During the past month, what time have you usually gotten up in the morning?",Physical,Human11,"During the past month, what time have you usually gotten up in the morning"
PSS_3,"During the past month, what time have you usually gotten up in the morning?",Environmental,Human12,"During the past month, what time have you usually gotten up in the morning"
PSS_3,"During the past month, what time have you usually gotten up in the morning?",Physical,Human13,"During the past month, what time have you usually gotten up in the morning"
PSS_3,"During the past month, what time have you usually gotten up in the morning?",Physical,Human14,"During the past month, what time have you usually gotten up in the morning"
PSS_3,"During the past month, what time have you usually gotten up in the morning?",Physical,Human15,"During the past month, what time have you usually gotten up in the morning"
PSS_3,"During the past month, what time have you usually gotten up in the morning?",Environmental,Human16,"During the past month, what time have you usually gotten up in the morning"
PSS_3,"During the past month, what time have you usually gotten up in the morning?",Physical,Human17,"During the past month, what time have you usually gotten up in the morning"
PSS_3,"During the past month, what time have you usually gotten up in the morning?",Spiritual,Human18,"During the past month, what time have you usually gotten up in the morning"
PSS_3,"During the past month, what time have you usually gotten up in the morning?",Physical,Human19,"During the past month, what time have you usually gotten up in the morning"
PSS_3,"During the past month, what time have you usually gotten up in the morning?",Physical,Human20,"During the past month, what time have you usually gotten up in the morning"
PSS_3,"During the past month, what time have you usually gotten up in the morning?",Physical,Human21,"During the past month, what time have you usually gotten up in the morning"
PSS_3,"During the past month, what time have you usually gotten up in the morning?",Physical,Human22,"During the past month, what time have you usually gotten up in the morning"
PSS_3,"During the past month, what time have you usually gotten up in the morning?",Environmental,Human23,"During the past month, what time have you usually gotten up in the morning"
PSS_3,"During the past month, what time have you usually gotten up in the morning?",Physical,Human24,"During the past month, what time have you usually gotten up in the morning"
PSS_3,"During the past month, what time have you usually gotten up in the morning?",Physical,Human25,"During the past month, what time have you usually gotten up in the morning"
PSS_3,"During the past month, what time have you usually gotten up in the morning?",Physical,Human26,"During the past month, what time have you usually gotten up in the morning"
PSS_3,"During the past month, what time have you usually gotten up in the morning?",Physical,Human27,"During the past month, what time have you usually gotten up in the morning"
PSS_3,"During the past month, what time have you usually gotten up in the morning?",Physical,Human28,"During the past month, what time have you usually gotten up in the morning"
PSS_4,"During the past month, how many hours of actual sleep did you get at night?",Physical,Human01,"During the past month, how many hours of actual sleep did you get at night"
PSS_4,"During the past month, how many hours of actual sleep did you get at night?",Physical,Human02,"During the past month, how many hours of actual sleep did you get at night"
PSS_4,"During the past month, how many hours of actual sleep did you get at night?",Physical,Human03,"During the past month, how many hours of actual sleep did you get at night"
PSS_4,"During the past month, how many hours of actual sleep did you get at night?",Physical,Human04,"During the past month, how many hours of actual sleep did you get at night"
PSS_4,"During the past month, how many hours of actual sleep did you get at night?",Physical,Human05,"During the past month, how many hours of actual sleep did you get at night"
PSS_4,"During the past month, how many hours of actual sleep did you get at night?",Physical,Human06,"During the past month, how many hours of actual sleep did you get at night"
PSS_4,"During the past month, how many hours of actual sleep did you get at night?",Physical,Human07,"During the past month, how many hours of actual sleep did you get at night"
PSS_4,"During the past month, how many hours of actual sleep did you get at night?",Physical,Human08,"During the past month, how many hours of actual sleep did you get at night"
PSS_4,"During the past month, how many hours of actual sleep did you get at night?",Physical,Human09,"During the past month, how many hours of actual sleep did you get at night"
PSS_4,"During the past month, how many hours of actual sleep did you get at night?",Physical,Human10,"During the past month, how many hours of actual sleep did you get at night"
PSS_4,"During the past month, how many hours of actual sleep did you get at night?",Physical,Human11,"During the past month, how many hours of actual sleep did you get at night"
PSS_4,"During the past month, how many hours of actual sleep did you get at night?",Physical,Human12,"During the past month, how many hours of actual sleep did you get at night"
PSS_4,"During the past month, how many hours of actual sleep did you get at night?",Physical,Human13,"During the past month, how many hours of actual sleep did you get at night"
PSS_4,"During the past month, how many hours of actual sleep did you get at night?",Physical,Human14,"During the past month, how many hours of actual sleep did you get at night"
PSS_4,"During the past month, how many hours of actual sleep did you get at night?",Physical,Human15,"During the past month, how many hours of actual sleep did you get at night"
PSS_4,"During the past month, how many hours of actual sleep did you get at night?",Physical,Human16,"During the past month, how many hours of actual sleep did you get at night"
PSS_4,"During the past month, how many hours of actual sleep did you get at night?",Physical,Human17,"During the past month, how many hours of actual sleep did you get at night"
PSS_4,"During the past month, how many hours of actual sleep did you get at night?",Emotional,Human18,"During the past month, how many hours of actual sleep did you get at night"
PSS_4,"During the past month, how many hours of actual sleep did you get at night?",Physical,Human19,"During the past month, how many hours of actual sleep did you get at night"
PSS_4,"During the past month, how many hours of actual sleep did you get at night?",Physical,Human20,"During the past month, how many hours of actual sleep did you get at night"
PSS_4,"During the past month, how many hours of actual sleep did you get at night?",Physical,Human21,"During the past month, how many hours of actual sleep did you get at night"
PSS_4,"During the past month, how many hours of actual sleep did you get at night?",Physical,Human22,"During the past month, how many hours of actual sleep did you get at night"
PSS_4,"During the past month, how many hours of actual sleep did you get at night?",Spiritual,Human23,"During the past month, how many hours of actual sleep did you get at night"
PSS_4,"During the past month, how many hours of actual sleep did you get at night?",Physical,Human24,"During the past month, how many hours of actual sleep did you get at night"
PSS_4,"During the past month, how many hours of actual sleep did you get at night?",Physical,Human25,"During the past month, how many hours of actual sleep did you get at night"
PSS_4,"During the past month, how many hours of actual sleep did you get at night?",Physical,Human26,"During the past month, how many hours of actual sleep did you get at night"
PSS_4,"During the past month, how many hours of actual sleep did you get at night?",Physical,Human27,"During the past month, how many hours of actual sleep did you get at night"
PSS_4,"During the past month, how many hours of actual sleep did you get at night?",Physical,Human28,"During the past month, how many hours of actual sleep did you get at night"
PSS_5_1,"During the past month, how often have you had trouble sleeping because you cannot get to sleep within 30 minutes?",Physical,Human01,"During the past month, how often have you had trouble sleeping because you cannot get to sleep within 30 minutes"
PSS_5_1,"During the past month, how often have you had trouble sleeping because you cannot get to sleep within 30 minutes?",Physical,Human02,"During the past month, how often have you had trouble sleeping because you cannot get to sleep within 30 minutes"
PSS_5_1,"During the past month, how often have you had trouble sleeping because you cannot get to sleep within 30 minutes?",Physical,Human03,"During the past month, how often have you had trouble sleeping because you cannot get to sleep within 30 minutes"
PSS_5_1,"During the past month, how often have you had trouble sleeping because you cannot get to sleep within 30 minutes?",Physical,Human04,"During the past month, how often have you had trouble sleeping because you cannot get to sleep within 30 minutes"
PSS_5_1,"During the past month, how often have you had trouble sleeping because you cannot get to sleep within 30 minutes?",Physical,Human05,"During the past month, how often have you had trouble sleeping because you cannot get to sleep within 30 minutes"
PSS_5_1,"During the past month, how often have you had trouble sleeping because you cannot get to sleep within 30 minutes?",Emotional,Human06,"During the past month, how often have you had trouble sleeping because you cannot get to sleep within 30 minutes"
PSS_5_1,"During the past month, how often have you had trouble sleeping because you cannot get to sleep within 30 minutes?",Physical,Human07,"During the past month, how often have you had trouble sleeping because you cannot get to sleep within 30 minutes"
PSS_5_1,"During the past month, how often have you had trouble sleeping because you cannot get to sleep within 30 minutes?",Environmental,Human08,"During the past month, how often have you had trouble sleeping because you cannot get to sleep within 30 minutes"
PSS_5_1,"During the past month, how often have you had trouble sleeping because you cannot get to sleep within 30 minutes?",Physical,Human09,"During the past month, how often have you had trouble sleeping because you cannot get to sleep within 30 minutes"
PSS_5_1,"During the past month, how often have you had trouble sleeping because you cannot get to sleep within 30 minutes?",Physical,Human10,"During the past month, how often have you had trouble sleeping because you cannot get to sleep within 30 minutes"
PSS_5_1,"During the past month, how often have you had trouble sleeping because you cannot get to sleep within 30 minutes?",Physical,Human11,"During the past month, how often have you had trouble sleeping because you cannot get to sleep within 30 minutes"
PSS_5_1,"During the past month, how often have you had trouble sleeping because you cannot get to sleep within 30 minutes?",Physical,Human12,"During the past month, how often have you had trouble sleeping because you cannot get to sleep within 30 minutes"
PSS_5_1,"During the past month, how often have you had trouble sleeping because you cannot get to sleep within 30 minutes?",Physical,Human13,"During the past month, how often have you had trouble sleeping because you cannot get to sleep within 30 minutes"
PSS_5_1,"During the past month, how often have you had trouble sleeping because you cannot get to sleep within 30 minutes?",Physical,Human14,"During the past month, how often have you had trouble sleeping because you cannot get to sleep within 30 minutes"
PSS_5_1,"During the past month, how often have you had trouble sleeping because you cannot get to sleep within 30 minutes?",Physical,Human15,"During the past month, how often have you had trouble sleeping because you cannot get to sleep within 30 minutes"
PSS_5_1,"During the past month, how often have you had trouble sleeping because you cannot get to sleep within 30 minutes?",Physical,Human16,"During the past month, how often have you had trouble sleeping because you cannot get to sleep within 30 minutes"
PSS_5_1,"During the past month, how often have you had trouble sleeping because you cannot get to sleep within 30 minutes?",Physical,Human17,"During the past month, how often have you had trouble sleeping because you cannot get to sleep within 30 minutes"
PSS_5_1,"During the past month, how often have you had trouble sleeping because you cannot get to sleep within 30 minutes?",Spiritual,Human18,"During the past month, how often have you had trouble sleeping because you cannot get to sleep within 30 minutes"
PSS_5_1,"During the past month, how often have you had trouble sleeping because you cannot get to sleep within 30 minutes?",Physical,Human19,"During the past month, how often have you had trouble sleeping because you cannot get to sleep within 30 minutes"
PSS_5_1,"During the past month, how often have you had trouble sleeping because you cannot get to sleep within 30 minutes?",Physical,Human20,"During the past month, how often have you had trouble sleeping because you cannot get to sleep within 30 minutes"
PSS_5_1,"During the past month, how often have you had trouble sleeping because you cannot get to sleep within 30 minutes?",Physical,Human21,"During the past month, how often have you had trouble sleeping because you cannot get to sleep within 30 minutes"
PSS_5_1,"During the past month, how often have you had trouble sleeping because you cannot get to sleep within 30 minutes?",Physical,Human22,"During the past month, how often have you had trouble sleeping because you cannot get to sleep within 30 minutes"
PSS_5_1,"During the past month, how often have you had trouble sleeping because you cannot get to sleep within 30 minutes?",Environmental,Human23,"During the past month, how often have you had trouble sleeping because you cannot get to sleep within 30 minutes"
PSS_5_1,"During the past month, how often have you had trouble sleeping because you cannot get to sleep within 30 minutes?",Physical,Human24,"During the past month, how often have you had trouble sleeping because you cannot get to sleep within 30 minutes"
PSS_5_1,"During the past month, how often have you had trouble sleeping because you cannot get to sleep within 30 minutes?",Physical,Human25,"During the past month, how often have you had trouble sleeping because you cannot get to sleep within 30 minutes"
PSS_5_1,"During the past month, how often have you had trouble sleeping because you cannot get to sleep within 30 minutes?",Physical,Human26,"During the past month, how often have you had trouble sleeping because you cannot get to sleep within 30 minutes"
PSS_5_1,"During the past month, how often have you had trouble sleeping because you cannot get to sleep within 30 minutes?",Physical,Human27,"During the past month, how often have you had trouble sleeping because you cannot get to sleep within 30 minutes"
PSS_5_1,"During the past month, how often have you had trouble sleeping because you cannot get to sleep within 30 minutes?",Physical,Human28,"During the past month, how often have you had trouble sleeping because you cannot get to sleep within 30 minutes"
PSS_5_10,"During the past month, how often have you had trouble sleeping because of other reasons?",Physical,Human01,"During the past month, how often have you had trouble sleeping because of other reasons"
PSS_5_10,"During the past month, how often have you had trouble sleeping because of other reasons?",Physical,Human02,"During the past month, how often have you had trouble sleeping because of other reasons"
PSS_5_10,"During the past month, how often have you had trouble sleeping because of other reasons?",Emotional,Human03,"During the past month, how often have you had trouble sleeping because of other reasons"
PSS_5_10,"During the past month, how often have you had trouble sleeping because of other reasons?",Physical,Human04,"During the past month, how often have you had trouble sleeping because of other reasons"
PSS_5_10,"During the past month, how often have you had trouble sleeping because of other reasons?",Physical,Human05,"During the past month, how often have you had trouble sleeping because of other reasons"
PSS_5_10,"During the past month, how often have you had trouble sleeping because of other reasons?",Emotional,Human06,"During the past month, how often have you had trouble sleeping because of other reasons"
PSS_5_10,"During the past month, how often have you had trouble sleeping because of other reasons?",Emotional,Human07,"During the past month, how often have you had trouble sleeping because of other reasons"
PSS_5_10,"During the past month, how often have you had trouble sleeping because of other reasons?",Environmental,Human08,"During the past month, how often have you had trouble sleeping because of other reasons"
PSS_5_10,"During the past month, how often have you had trouble sleeping because of other reasons?",Physical,Human09,"During the past month, how often have you had trouble sleeping because of other reasons"
PSS_5_10,"During the past month, how often have you had trouble sleeping because of other reasons?",Physical,Human10,"During the past month, how often have you had trouble sleeping because of other reasons"
PSS_5_10,"During the past month, how often have you had trouble sleeping because of other reasons?",Physical,Human11,"During the past month, how often have you had trouble sleeping because of other reasons"
PSS_5_10,"During the past month, how often have you had trouble sleeping because of other reasons?",Emotional,Human12,"During the past month, how often have you had trouble sleeping because of other reasons"
PSS_5_10,"During the past month, how often have you had trouble sleeping because of other reasons?",Physical,Human13,"During the past month, how often have you had trouble sleeping because of other reasons"
PSS_5_10,"During the past month, how often have you had trouble sleeping because of other reasons?",Physical,Human14,"During the past month, how often have you had trouble sleeping because of other reasons"
PSS_5_10,"During the past month, how often have you had trouble sleeping because of other reasons?",Physical,Human15,"During the past month, how often have you had trouble sleeping because of other reasons"
PSS_5_10,"During the past month, how often have you had trouble sleeping because of other reasons?",Environmental,Human16,"During the past month, how often have you had trouble sleeping because of other reasons"
PSS_5_10,"During the past month, how often have you had trouble sleeping because of other reasons?",Physical,Human17,"During the past month, how often have you had trouble sleeping because of other reasons"
PSS_5_10,"During the past month, how often have you had trouble sleeping because of other reasons?",Spiritual,Human18,"During the past month, how often have you had trouble sleeping because of other reasons"
PSS_5_10,"During the past month, how often have you had trouble sleeping because of other reasons?",Physical,Human19,"During the past month, how often have you had trouble sleeping because of other reasons"
PSS_5_10,"During the past month, how often have you had trouble sleeping because of other reasons?",Physical,Human20,"During the past month, how often have you had trouble sleeping because of other reasons"
PSS_5_10,"During the past month, how often have you had trouble sleeping because of other reasons?",Physical,Human21,"During the past month, how often have you had trouble sleeping because of other reasons"
PSS_5_10,"During the past month, how often have you had trouble sleeping because of other reasons?",Emotional,Human22,"During the past month, how often have you had trouble sleeping because of other reasons"
PSS_5_10,"During the past month, how often have you had trouble sleeping because of other reasons?",Environmental,Human23,"During the past month, how often have you had trouble sleeping because of other reasons"
PSS_5_10,"During the past month, how often have you had trouble sleeping because of other reasons?",Physical,Human24,"During the past month, how often have you had trouble sleeping because of other reasons"
PSS_5_10,"During the past month, how often have you had trouble sleeping because of other reasons?",Physical,Human25,"During the past month, how often have you had trouble sleeping because of other reasons"
PSS_5_10,"During the past month, how often have you had trouble sleeping because of other reasons?",Physical,Human26,"During the past month, how often have you had trouble sleeping because of other reasons"
PSS_5_10,"During the past month, how often have you had trouble sleeping because of other reasons?",Physical,Human27,"During the past month, how often have you had trouble sleeping because of other reasons"
PSS_5_10,"During the past month, how often have you had trouble sleeping because of other reasons?",Environmental,Human28,"During the past month, how often have you had trouble sleeping because of other reasons"
PSS_5_2,"During the past month, how often have you had trouble sleeping because you wake up in the middle of the night or early morning?",Physical,Human01,"During the past month, how often have you had trouble sleeping because you wake up in the middle of the night or early morning"
PSS_5_2,"During the past month, how often have you had trouble sleeping because you wake up in the middle of the night or early morning?",Physical,Human02,"During the past month, how often have you had trouble sleeping because you wake up in the middle of the night or early morning"
PSS_5_2,"During the past month, how often have you had trouble sleeping because you wake up in the middle of the night or early morning?",Physical,Human03,"During the past month, how often have you had trouble sleeping because you wake up in the middle of the night or early morning"
PSS_5_2,"During the past month, how often have you had trouble sleeping because you wake up in the middle of the night or early morning?",Physical,Human04,"During the past month, how often have you had trouble sleeping because you wake up in the middle of the night or early morning"
PSS_5_2,"During the past month, how often have you had trouble sleeping because you wake up in the middle of the night or early morning?",Physical,Human05,"During the past month, how often have you had trouble sleeping because you wake up in the middle of the night or early morning"
PSS_5_2,"During the past month, how often have you had trouble sleeping because you wake up in the middle of the night or early morning?",Physical,Human06,"During the past month, how often have you had trouble sleeping because you wake up in the middle of the night or early morning"
PSS_5_2,"During the past month, how often have you had trouble sleeping because you wake up in the middle of the night or early morning?",Physical,Human07,"During the past month, how often have you had trouble sleeping because you wake up in the middle of the night or early morning"
PSS_5_2,"During the past month, how often have you had trouble sleeping because you wake up in the middle of the night or early morning?",Environmental,Human08,"During the past month, how often have you had trouble sleeping because you wake up in the middle of the night or early morning"
PSS_5_2,"During the past month, how often have you had trouble sleeping because you wake up in the middle of the night or early morning?",Physical,Human09,"During the past month, how often have you had trouble sleeping because you wake up in the middle of the night or early morning"
PSS_5_2,"During the past month, how often have you had trouble sleeping because you wake up in the middle of the night or early morning?",Physical,Human10,"During the past month, how often have you had trouble sleeping because you wake up in the middle of the night or early morning"
PSS_5_2,"During the past month, how often have you had trouble sleeping because you wake up in the middle of the night or early morning?",Physical,Human11,"During the past month, how often have you had trouble sleeping because you wake up in the middle of the night or early morning"
PSS_5_2,"During the past month, how often have you had trouble sleeping because you wake up in the middle of the night or early morning?",Intellectual,Human12,"During the past month, how often have you had trouble sleeping because you wake up in the middle of the night or early morning"
PSS_5_2,"During the past month, how often have you had trouble sleeping because you wake up in the middle of the night or early morning?",Physical,Human13,"During the past month, how often have you had trouble sleeping because you wake up in the middle of the night or early morning"
PSS_5_2,"During the past month, how often have you had trouble sleeping because you wake up in the middle of the night or early morning?",Physical,Human14,"During the past month, how often have you had trouble sleeping because you wake up in the middle of the night or early morning"
PSS_5_2,"During the past month, how often have you had trouble sleeping because you wake up in the middle of the night or early morning?",Physical,Human15,"During the past month, how often have you had trouble sleeping because you wake up in the middle of the night or early morning"
PSS_5_2,"During the past month, how often have you had trouble sleeping because you wake up in the middle of the night or early morning?",Physical,Human16,"During the past month, how often have you had trouble sleeping because you wake up in the middle of the night or early morning"
PSS_5_2,"During the past month, how often have you had trouble sleeping because you wake up in the middle of the night or early morning?",Physical,Human17,"During the past month, how often have you had trouble sleeping because you wake up in the middle of the night or early morning"
PSS_5_2,"During the past month, how often have you had trouble sleeping because you wake up in the middle of the night or early morning?",Physical,Human18,"During the past month, how often have you had trouble sleeping because you wake up in the middle of the night or early morning"
PSS_5_2,"During the past month, how often have you had trouble sleeping because you wake up in the middle of the night or early morning?",Physical,Human19,"During the past month, how often have you had trouble sleeping because you wake up in the middle of the night or early morning"
PSS_5_2,"During the past month, how often have you had trouble sleeping because you wake up in the middle of the night or early morning?",Physical,Human20,"During the past month, how often have you had trouble sleeping because you wake up in the middle of the night or early morning"
PSS_5_2,"During the past month, how often have you had trouble sleeping because you wake up in the middle of the night or early morning?",Physical,Human21,"During the past month, how often have you had trouble sleeping because you wake up in the middle of the night or early morning"
PSS_5_2,"During the past month, how often have you had trouble sleeping because you wake up in the middle of the night or early morning?",Physical,Human22,"During the past month, how often have you had trouble sleeping because you wake up in the middle of the night or early morning"
PSS_5_2,"During the past month, how often have you had trouble sleeping because you wake up in the middle of the night or early morning?",Environmental,Human23,"During the past month, how often have you had trouble sleeping because you wake up in the middle of the night or early morning"
PSS_5_2,"During the past month, how often have you had trouble sleeping because you wake up in the middle of the night or early morning?",Physical,Human24,"During the past month, how often have you had trouble sleeping because you wake up in the middle of the night or early morning"
PSS_5_2,"During the past month, how often have you had trouble sleeping because you wake up in the middle of the night or early morning?",Physical,Human25,"During the past month, how often have you had trouble sleeping because you wake up in the middle of the night or early morning"
PSS_5_2,"During the past month, how often have you had trouble sleeping because you wake up in the middle of the night or early morning?",Physical,Human26,"During the past month, how often have you had trouble sleeping because you wake up in the middle of the night or early morning"
PSS_5_2,"During the past month, how often have you had trouble sleeping because you wake up in the middle of the night or early morning?",Physical,Human27,"During the past month, how often have you had trouble sleeping because you wake up in the middle of the night or early morning"
PSS_5_2,"During the past month, how often have you had trouble sleeping because you wake up in the middle of the night or early morning?",Emotional,Human28,"During the past month, how often have you had trouble sleeping because you wake up in the middle of the night or early morning"
PSS_5_3,"During the past month, how often have you had trouble sleeping because you have to get up to use the bathroom?",Physical,Human01,"During the past month, how often have you had trouble sleeping because you have to get up to use the bathroom"
PSS_5_3,"During the past month, how often have you had trouble sleeping because you have to get up to use the bathroom?",Physical,Human02,"During the past month, how often have you had trouble sleeping because you have to get up to use the bathroom"
PSS_5_3,"During the past month, how often have you had trouble sleeping because you have to get up to use the bathroom?",Physical,Human03,"During the past month, how often have you had trouble sleeping because you have to get up to use the bathroom"
PSS_5_3,"During the past month, how often have you had trouble sleeping because you have to get up to use the bathroom?",Physical,Human04,"During the past month, how often have you had trouble sleeping because you have to get up to use the bathroom"
PSS_5_3,"During the past month, how often have you had trouble sleeping because you have to get up to use the bathroom?",Physical,Human05,"During the past month, how often have you had trouble sleeping because you have to get up to use the bathroom"
PSS_5_3,"During the past month, how often have you had trouble sleeping because you have to get up to use the bathroom?",Physical,Human06,"During the past month, how often have you had trouble sleeping because you have to get up to use the bathroom"
PSS_5_3,"During the past month, how often have you had trouble sleeping because you have to get up to use the bathroom?",Physical,Human07,"During the past month, how often have you had trouble sleeping because you have to get up to use the bathroom"
PSS_5_3,"During the past month, how often have you had trouble sleeping because you have to get up to use the bathroom?",Environmental,Human08,"During the past month, how often have you had trouble sleeping because you have to get up to use the bathroom"
PSS_5_3,"During the past month, how often have you had trouble sleeping because you have to get up to use the bathroom?",Physical,Human09,"During the past month, how often have you had trouble sleeping because you have to get up to use the bathroom"
PSS_5_3,"During the past month, how often have you had trouble sleeping because you have to get up to use the bathroom?",Physical,Human10,"During the past month, how often have you had trouble sleeping because you have to get up to use the bathroom"
PSS_5_3,"During the past month, how often have you had trouble sleeping because you have to get up to use the bathroom?",Physical,Human11,"During the past month, how often have you had trouble sleeping because you have to get up to use the bathroom"
PSS_5_3,"During the past month, how often have you had trouble sleeping because you have to get up to use the bathroom?",Physical,Human12,"During the past month, how often have you had trouble sleeping because you have to get up to use the bathroom"
PSS_5_3,"During the past month, how often have you had trouble sleeping because you have to get up to use the bathroom?",Physical,Human13,"During the past month, how often have you had trouble sleeping because you have to get up to use the bathroom"
PSS_5_3,"During the past month, how often have you had trouble sleeping because you have to get up to use the bathroom?",Physical,Human14,"During the past month, how often have you had trouble sleeping because you have to get up to use the bathroom"
PSS_5_3,"During the past month, how often have you had trouble sleeping because you have to get up to use the bathroom?",Physical,Human15,"During the past month, how often have you had trouble sleeping because you have to get up to use the bathroom"
PSS_5_3,"During the past month, how often have you had trouble sleeping because you have to get up to use the bathroom?",Physical,Human16,"During the past month, how often have you had trouble sleeping because you have to get up to use the bathroom"
PSS_5_3,"During the past month, how often have you had trouble sleeping because you have to get up to use the bathroom?",Physical,Human17,"During the past month, how often have you had trouble sleeping because you have to get up to use the bathroom"
PSS_5_3,"During the past month, how often have you had trouble sleeping because you have to get up to use the bathroom?",Environmental,Human18,"During the past month, how often have you had trouble sleeping because you have to get up to use the bathroom"
PSS_5_3,"During the past month, how often have you had trouble sleeping because you have to get up to use the bathroom?",Physical,Human19,"During the past month, how often have you had trouble sleeping because you have to get up to use the bathroom"
PSS_5_3,"During the past month, how often have you had trouble sleeping because you have to get up to use the bathroom?",Physical,Human20,"During the past month, how often have you had trouble sleeping because you have to get up to use the bathroom"
PSS_5_3,"During the past month, how often have you had trouble sleeping because you have to get up to use the bathroom?",Physical,Human21,"During the past month, how often have you had trouble sleeping because you have to get up to use the bathroom"
PSS_5_3,"During the past month, how often have you had trouble sleeping because you have to get up to use the bathroom?",Physical,Human22,"During the past month, how often have you had trouble sleeping because you have to get up to use the bathroom"
PSS_5_3,"During the past month, how often have you had trouble sleeping because you have to get up to use the bathroom?",Physical,Human23,"During the past month, how often have you had trouble sleeping because you have to get up to use the bathroom"
PSS_5_3,"During the past month, how often have you had trouble sleeping because you have to get up to use the bathroom?",Physical,Human24,"During the past month, how often have you had trouble sleeping because you have to get up to use the bathroom"
PSS_5_3,"During the past month, how often have you had trouble sleeping because you have to get up to use the bathroom?",Physical,Human25,"During the past month, how often have you had trouble sleeping because you have to get up to use the bathroom"
PSS_5_3,"During the past month, how often have you had trouble sleeping because you have to get up to use the bathroom?",Physical,Human26,"During the past month, how often have you had trouble sleeping because you have to get up to use the bathroom"
PSS_5_3,"During the past month, how often have you had trouble sleeping because you have to get up to use the bathroom?",Physical,Human27,"During the past month, how often have you had trouble sleeping because you have to get up to use the bathroom"
PSS_5_3,"During the past month, how often have you had trouble sleeping because you have to get up to use the bathroom?",Emotional,Human28,"During the past month, how often have you had trouble sleeping because you have to get up to use the bathroom"
PSS_5_4,"During the past month, how often have you had trouble sleeping because you cannot breathe comfortably?",Emotional,Human01,"During the past month, how often have you had trouble sleeping because you cannot breathe comfortably"
PSS_5_4,"During the past month, how often have you had trouble sleeping because you cannot breathe comfortably?",Physical,Human02,"During the past month, how often have you had trouble sleeping because you cannot breathe comfortably"
PSS_5_4,"During the past month, how often have you had trouble sleeping because you cannot breathe comfortably?",Physical,Human03,"During the past month, how often have you had trouble sleeping because you cannot breathe comfortably"
PSS_5_4,"During the past month, how often have you had trouble sleeping because you cannot breathe comfortably?",Physical,Human04,"During the past month, how often have you had trouble sleeping because you cannot breathe comfortably"
PSS_5_4,"During the past month, how often have you had trouble sleeping because you cannot breathe comfortably?",Physical,Human05,"During the past month, how often have you had trouble sleeping because you cannot breathe comfortably"
PSS_5_4,"During the past month, how often have you had trouble sleeping because you cannot breathe comfortably?",Physical,Human06,"During the past month, how often have you had trouble sleeping because you cannot breathe comfortably"
PSS_5_4,"During the past month, how often have you had trouble sleeping because you cannot breathe comfortably?",Physical,Human07,"During the past month, how often have you had trouble sleeping because you cannot breathe comfortably"
PSS_5_4,"During the past month, how often have you had trouble sleeping because you cannot breathe comfortably?",Physical,Human08,"During the past month, how often have you had trouble sleeping because you cannot breathe comfortably"
PSS_5_4,"During the past month, how often have you had trouble sleeping because you cannot breathe comfortably?",Physical,Human09,"During the past month, how often have you had trouble sleeping because you cannot breathe comfortably"
PSS_5_4,"During the past month, how often have you had trouble sleeping because you cannot breathe comfortably?",Physical,Human10,"During the past month, how often have you had trouble sleeping because you cannot breathe comfortably"
PSS_5_4,"During the past month, how often have you had trouble sleeping because you cannot breathe comfortably?",Physical,Human11,"During the past month, how often have you had trouble sleeping because you cannot breathe comfortably"
PSS_5_4,"During the past month, how often have you had trouble sleeping because you cannot breathe comfortably?",Physical,Human12,"During the past month, how often have you had trouble sleeping because you cannot breathe comfortably"
PSS_5_4,"During the past month, how often have you had trouble sleeping because you cannot breathe comfortably?",Physical,Human13,"During the past month, how often have you had trouble sleeping because you cannot breathe comfortably"
PSS_5_4,"During the past month, how often have you had trouble sleeping because you cannot breathe comfortably?",Physical,Human14,"During the past month, how often have you had trouble sleeping because you cannot breathe comfortably"
PSS_5_4,"During the past month, how often have you had trouble sleeping because you cannot breathe comfortably?",Physical,Human15,"During the past month, how often have you had trouble sleeping because you cannot breathe comfortably"
PSS_5_4,"During the past month, how often have you had trouble sleeping because you cannot breathe comfortably?",Physical,Human16,"During the past month, how often have you had trouble sleeping because you cannot breathe comfortably"
PSS_5_4,"During the past month, how often have you had trouble sleeping because you cannot breathe comfortably?",Physical,Human17,"During the past month, how often have you had trouble sleeping because you cannot breathe comfortably"
PSS_5_4,"During the past month, how often have you had trouble sleeping because you cannot breathe comfortably?",Emotional,Human18,"During the past month, how often have you had trouble sleeping because you cannot breathe comfortably"
PSS_5_4,"During the past month, how often have you had trouble sleeping because you cannot breathe comfortably?",Physical,Human19,"During the past month, how often have you had trouble sleeping because you cannot breathe comfortably"
PSS_5_4,"During the past month, how often have you had trouble sleeping because you cannot breathe comfortably?",Physical,Human20,"During the past month, how often have you had trouble sleeping because you cannot breathe comfortably"
PSS_5_4,"During the past month, how often have you had trouble sleeping because you cannot breathe comfortably?",Physical,Human21,"During the past month, how often have you had trouble sleeping because you cannot breathe comfortably"
PSS_5_4,"During the past month, how often have you had trouble sleeping because you cannot breathe comfortably?",Physical,Human22,"During the past month, how often have you had trouble sleeping because you cannot breathe comfortably"
PSS_5_4,"During the past month, how often have you had trouble sleeping because you cannot breathe comfortably?",Physical,Human23,"During the past month, how often have you had trouble sleeping because you cannot breathe comfortably"
PSS_5_4,"During the past month, how often have you had trouble sleeping because you cannot breathe comfortably?",Physical,Human24,"During the past month, how often have you had trouble sleeping because you cannot breathe comfortably"
PSS_5_4,"During the past month, how often have you had trouble sleeping because you cannot breathe comfortably?",Physical,Human25,"During the past month, how often have you had trouble sleeping because you cannot breathe comfortably"
PSS_5_4,"During the past month, how often have you had trouble sleeping because you cannot breathe comfortably?",Physical,Human26,"During the past month, how often have you had trouble sleeping because you cannot breathe comfortably"
PSS_5_4,"During the past month, how often have you had trouble sleeping because you cannot breathe comfortably?",Physical,Human27,"During the past month, how often have you had trouble sleeping because you cannot breathe comfortably"
PSS_5_4,"During the past month, how often have you had trouble sleeping because you cannot breathe comfortably?",Physical,Human28,"During the past month, how often have you had trouble sleeping because you cannot breathe comfortably"
PSS_5_5,"During the past month, how often have you had trouble sleeping because you cough or snore loudly?",Physical,Human01,"During the past month, how often have you had trouble sleeping because you cough or snore loudly"
PSS_5_5,"During the past month, how often have you had trouble sleeping because you cough or snore loudly?",Physical,Human02,"During the past month, how often have you had trouble sleeping because you cough or snore loudly"
PSS_5_5,"During the past month, how often have you had trouble sleeping because you cough or snore loudly?",Physical,Human03,"During the past month, how often have you had trouble sleeping because you cough or snore loudly"
PSS_5_5,"During the past month, how often have you had trouble sleeping because you cough or snore loudly?",Physical,Human04,"During the past month, how often have you had trouble sleeping because you cough or snore loudly"
PSS_5_5,"During the past month, how often have you had trouble sleeping because you cough or snore loudly?",Physical,Human05,"During the past month, how often have you had trouble sleeping because you cough or snore loudly"
PSS_5_5,"During the past month, how often have you had trouble sleeping because you cough or snore loudly?",Physical,Human06,"During the past month, how often have you had trouble sleeping because you cough or snore loudly"
PSS_5_5,"During the past month, how often have you had trouble sleeping because you cough or snore loudly?",Physical,Human07,"During the past month, how often have you had trouble sleeping because you cough or snore loudly"
PSS_5_5,"During the past month, how often have you had trouble sleeping because you cough or snore loudly?",Physical,Human08,"During the past month, how often have you had trouble sleeping because you cough or snore loudly"
PSS_5_5,"During the past month, how often have you had trouble sleeping because you cough or snore loudly?",Physical,Human09,"During the past month, how often have you had trouble sleeping because you cough or snore loudly"
PSS_5_5,"During the past month, how often have you had trouble sleeping because you cough or snore loudly?",Physical,Human10,"During the past month, how often have you had trouble sleeping because you cough or snore loudly"
PSS_5_5,"During the past month, how often have you had trouble sleeping because you cough or snore loudly?",Physical,Human11,"During the past month, how often have you had trouble sleeping because you cough or snore loudly"
PSS_5_5,"During the past month, how often have you had trouble sleeping because you cough or snore loudly?",Physical,Human12,"During the past month, how often have you had trouble sleeping because you cough or snore loudly"
PSS_5_5,"During the past month, how often have you had trouble sleeping because you cough or snore loudly?",Physical,Human13,"During the past month, how often have you had trouble sleeping because you cough or snore loudly"
PSS_5_5,"During the past month, how often have you had trouble sleeping because you cough or snore loudly?",Physical,Human14,"During the past month, how often have you had trouble sleeping because you cough or snore loudly"
PSS_5_5,"During the past month, how often have you had trouble sleeping because you cough or snore loudly?",Physical,Human15,"During the past month, how often have you had trouble sleeping because you cough or snore loudly"
PSS_5_5,"During the past month, how often have you had trouble sleeping because you cough or snore loudly?",Physical,Human16,"During the past month, how often have you had trouble sleeping because you cough or snore loudly"
PSS_5_5,"During the past month, how often have you had trouble sleeping because you cough or snore loudly?",Physical,Human17,"During the past month, how often have you had trouble sleeping because you cough or snore loudly"
PSS_5_5,"During the past month, how often have you had trouble sleeping because you cough or snore loudly?",Environmental,Human18,"During the past month, how often have you had trouble sleeping because you cough or snore loudly"
PSS_5_5,"During the past month, how often have you had trouble sleeping because you cough or snore loudly?",Physical,Human19,"During the past month, how often have you had trouble sleeping because you cough or snore loudly"
PSS_5_5,"During the past month, how often have you had trouble sleeping because you cough or snore loudly?",Physical,Human20,"During the past month, how often have you had trouble sleeping because you cough or snore loudly"
PSS_5_5,"During the past month, how often have you had trouble sleeping because you cough or snore loudly?",Physical,Human21,"During the past month, how often have you had trouble sleeping because you cough or snore loudly"
PSS_5_5,"During the past month, how often have you had trouble sleeping because you cough or snore loudly?",Physical,Human22,"During the past month, how often have you had trouble sleeping because you cough or snore loudly"
PSS_5_5,"During the past month, how often have you had trouble sleeping because you cough or snore loudly?",Physical,Human23,"During the past month, how often have you had trouble sleeping because you cough or snore loudly"
PSS_5_5,"During the past month, how often have you had trouble sleeping because you cough or snore loudly?",Physical,Human24,"During the past month, how often have you had trouble sleeping because you cough or snore loudly"
PSS_5_5,"During the past month, how often have you had trouble sleeping because you cough or snore loudly?",Physical,Human25,"During the past month, how often have you had trouble sleeping because you cough or snore loudly"
PSS_5_5,"During the past month, how often have you had trouble sleeping because you cough or snore loudly?",Physical,Human26,"During the past month, how often have you had trouble sleeping because you cough or snore loudly"
PSS_5_5,"During the past month, how often have you had trouble sleeping because you cough or snore loudly?",Physical,Human27,"During the past month, how often have you had trouble sleeping because you cough or snore loudly"
PSS_5_5,"During the past month, how often have you had trouble sleeping because you cough or snore loudly?",Physical,Human28,"During the past month, how often have you had trouble sleeping because you cough or snore loudly"
PSS_5_6,"During the past month, how often have you had trouble sleeping because you feel too cold?",Physical,Human01,"During the past month, how often have you had trouble sleeping because you feel too cold"
PSS_5_6,"During the past month, how often have you had trouble sleeping because you feel too cold?",Physical,Human02,"During the past month, how often have you had trouble sleeping because you feel too cold"
PSS_5_6,"During the past month, how often have you had trouble sleeping because you feel too cold?",Physical,Human03,"During the past month, how often have you had trouble sleeping because you feel too cold"
PSS_5_6,"During the past month, how often have you had trouble sleeping because you feel too cold?",Physical,Human04,"During the past month, how often have you had trouble sleeping because you feel too cold"
PSS_5_6,"During the past month, how often have you had trouble sleeping because you feel too cold?",Physical,Human05,"During the past month, how often have you had trouble sleeping because you feel too cold"
PSS_5_6,"During the past month, how often have you had trouble sleeping because you feel too cold?",Physical,Human06,"During the past month, how often have you had trouble sleeping because you feel too cold"
PSS_5_6,"During the past month, how often have you had trouble sleeping because you feel too cold?",Physical,Human07,"During the past month, how often have you had trouble sleeping because you feel too cold"
PSS_5_6,"During the past month, how often have you had trouble sleeping because you feel too cold?",Environmental,Human08,"During the past month, how often have you had trouble sleeping because you feel too cold"
PSS_5_6,"During the past month, how often have you had trouble sleeping because you feel too cold?",Physical,Human09,"During the past month, how often have you had trouble sleeping because you feel too cold"
PSS_5_6,"During the past month, how often have you had trouble sleeping because you feel too cold?",Physical,Human10,"During the past month, how often have you had trouble sleeping because you feel too cold"
PSS_5_6,"During the past month, how often have you had trouble sleeping because you feel too cold?",Physical,Human11,"During the past month, how often have you had trouble sleeping because you feel too cold"
PSS_5_6,"During the past month, how often have you had trouble sleeping because you feel too cold?",Environmental,Human12,"During the past month, how often have you had trouble sleeping because you feel too cold"
PSS_5_6,"During the past month, how often have you had trouble sleeping because you feel too cold?",Physical,Human13,"During the past month, how often have you had trouble sleeping because you feel too cold"
PSS_5_6,"During the past month, how often have you had trouble sleeping because you feel too cold?",Physical,Human14,"During the past month, how often have you had trouble sleeping because you feel too cold"
PSS_5_6,"During the past month, how often have you had trouble sleeping because you feel too cold?",Physical,Human15,"During the past month, how often have you had trouble sleeping because you feel too cold"
PSS_5_6,"During the past month, how often have you had trouble sleeping because you feel too cold?",Physical,Human16,"During the past month, how often have you had trouble sleeping because you feel too cold"
PSS_5_6,"During the past month, how often have you had trouble sleeping because you feel too cold?",Physical,Human17,"During the past month, how often have you had trouble sleeping because you feel too cold"
PSS_5_6,"During the past month, how often have you had trouble sleeping because you feel too cold?",Emotional,Human18,"During the past month, how often have you had trouble sleeping because you feel too cold"
PSS_5_6,"During the past month, how often have you had trouble sleeping because you feel too cold?",Physical,Human19,"During the past month, how often have you had trouble sleeping because you feel too cold"
PSS_5_6,"During the past month, how often have you had trouble sleeping because you feel too cold?",Physical,Human20,"During the past month, how often have you had trouble sleeping because you feel too cold"
PSS_5_6,"During the past month, how often have you had trouble sleeping because you feel too cold?",Physical,Human21,"During the past month, how often have you had trouble sleeping because you feel too cold"
PSS_5_6,"During the past month, how often have you had trouble sleeping because you feel too cold?",Physical,Human22,"During the past month, how often have you had trouble sleeping because you feel too cold"
PSS_5_6,"During the past month, how often have you had trouble sleeping because you feel too cold?",Physical,Human23,"During the past month, how often have you had trouble sleeping because you feel too cold"
PSS_5_6,"During the past month, how often have you had trouble sleeping because you feel too cold?",Physical,Human24,"During the past month, how often have you had trouble sleeping because you feel too cold"
PSS_5_6,"During the past month, how often have you had trouble sleeping because you feel too cold?",Physical,Human25,"During the past month, how often have you had trouble sleeping because you feel too cold"
PSS_5_6,"During the past month, how often have you had trouble sleeping because you feel too cold?",Physical,Human26,"During the past month, how often have you had trouble sleeping because you feel too cold"
PSS_5_6,"During the past month, how often have you had trouble sleeping because you feel too cold?",Physical,Human27,"During the past month, how often have you had trouble sleeping because you feel too cold"
PSS_5_6,"During the past month, how often have you had trouble sleeping because you feel too cold?",Physical,Human28,"During the past month, how often have you had trouble sleeping because you feel too cold"
PSS_5_7,"During the past month, how often have you had trouble sleeping because you feel too hot?",Physical,Human01,"During the past month, how often have you had trouble sleeping because you feel too hot"
PSS_5_7,"During the past month, how often have you had trouble sleeping because you feel too hot?",Physical,Human02,"During the past month, how often have you had trouble sleeping because you feel too hot"
PSS_5_7,"During the past month, how often have you had trouble sleeping because you feel too hot?",Physical,Human03,"During the past month, how often have you had trouble sleeping because you feel too hot"
PSS_5_7,"During the past month, how often have you had trouble sleeping because you feel too hot?",Physical,Human04,"During the past month, how often have you had trouble sleeping because you feel too hot"
PSS_5_7,"During the past month, how often have you had trouble sleeping because you feel too hot?",Physical,Human05,"During the past month, how often have you had trouble sleeping because you feel too hot"
PSS_5_7,"During the past month, how often have you had trouble sleeping because you feel too hot?",Physical,Human06,"During the past month, how often have you had trouble sleeping because you feel too hot"
PSS_5_7,"During the past month, how often have you had trouble sleeping because you feel too hot?",Physical,Human07,"During the past month, how often have you had trouble sleeping because you feel too hot"
PSS_5_7,"During the past month, how often have you had trouble sleeping because you feel too hot?",Environmental,Human08,"During the past month, how often have you had trouble sleeping because you feel too hot"
PSS_5_7,"During the past month, how often have you had trouble sleeping because you feel too hot?",Physical,Human09,"During the past month, how often have you had trouble sleeping because you feel too hot"
PSS_5_7,"During the past month, how often have you had trouble sleeping because you feel too hot?",Physical,Human10,"During the past month, how often have you had trouble sleeping because you feel too hot"
PSS_5_7,"During the past month, how often have you had trouble sleeping because you feel too hot?",Physical,Human11,"During the past month, how often have you had trouble sleeping because you feel too hot"
PSS_5_7,"During the past month, how often have you had trouble sleeping because you feel too hot?",Environmental,Human12,"During the past month, how often have you had trouble sleeping because you feel too hot"
PSS_5_7,"During the past month, how often have you had trouble sleeping because you feel too hot?",Physical,Human13,"During the past month, how often have you had trouble sleeping because you feel too hot"
PSS_5_7,"During the past month, how often have you had trouble sleeping because you feel too hot?",Physical,Human14,"During the past month, how often have you had trouble sleeping because you feel too hot"
PSS_5_7,"During the past month, how often have you had trouble sleeping because you feel too hot?",Physical,Human15,"During the past month, how often have you had trouble sleeping because you feel too hot"
PSS_5_7,"During the past month, how often have you had trouble sleeping because you feel too hot?",Physical,Human16,"During the past month, how often have you had trouble sleeping because you feel too hot"
PSS_5_7,"During the past month, how often have you had trouble sleeping because you feel too hot?",Physical,Human17,"During the past month, how often have you had trouble sleeping because you feel too hot"
PSS_5_7,"During the past month, how often have you had trouble sleeping because you feel too hot?",Emotional,Human18,"During the past month, how often have you had trouble sleeping because you feel too hot"
PSS_5_7,"During the past month, how often have you had trouble sleeping because you feel too hot?",Physical,Human19,"During the past month, how often have you had trouble sleeping because you feel too hot"
PSS_5_7,"During the past month, how often have you had trouble sleeping because you feel too hot?",Physical,Human20,"During the past month, how often have you had trouble sleeping because you feel too hot"
PSS_5_7,"During the past month, how often have you had trouble sleeping because you feel too hot?",Physical,Human21,"During the past month, how often have you had trouble sleeping because you feel too hot"
PSS_5_7,"During the past month, how often have you had trouble sleeping because you feel too hot?",Physical,Human22,"During the past month, how often have you had trouble sleeping because you feel too hot"
PSS_5_7,"During the past month, how often have you had trouble sleeping because you feel too hot?",Physical,Human23,"During the past month, how often have you had trouble sleeping because you feel too hot"
PSS_5_7,"During the past month, how often have you had trouble sleeping because you feel too hot?",Physical,Human24,"During the past month, how often have you had trouble sleeping because you feel too hot"
PSS_5_7,"During the past month, how often have you had trouble sleeping because you feel too hot?",Physical,Human25,"During the past month, how often have you had trouble sleeping because you feel too hot"
PSS_5_7,"During the past month, how often have you had trouble sleeping because you feel too hot?",Physical,Human26,"During the past month, how often have you had trouble sleeping because you feel too hot"
PSS_5_7,"During the past month, how often have you had trouble sleeping because you feel too hot?",Physical,Human27,"During the past month, how often have you had trouble sleeping because you feel too hot"
PSS_5_7,"During the past month, how often have you had trouble sleeping because you feel too hot?",Physical,Human28,"During the past month, how often have you had trouble sleeping because you feel too hot"
PSS_5_8,"During the past month, how often have you had trouble sleeping because you have bad dreams?",Physical,Human01,"During the past month, how often have you had trouble sleeping because you have bad dreams"
PSS_5_8,"During the past month, how often have you had trouble sleeping because you have bad dreams?",Physical,Human02,"During the past month, how often have you had trouble sleeping because you have bad dreams"
PSS_5_8,"During the past month, how often have you had trouble sleeping because you have bad dreams?",Emotional,Human03,"During the past month, how often have you had trouble sleeping because you have bad dreams"
PSS_5_8,"During the past month, how often have you had trouble sleeping because you have bad dreams?",Physical,Human04,"During the past month, how often have you had trouble sleeping because you have bad dreams"
PSS_5_8,"During the past month, how often have you had trouble sleeping because you have bad dreams?",Physical,Human05,"During the past month, how often have you had trouble sleeping because you have bad dreams"
PSS_5_8,"During the past month, how often have you had trouble sleeping because you have bad dreams?",Emotional,Human06,"During the past month, how often have you had trouble sleeping because you have bad dreams"
PSS_5_8,"During the past month, how often have you had trouble sleeping because you have bad dreams?",Emotional,Human07,"During the past month, how often have you had trouble sleeping because you have bad dreams"
PSS_5_8,"During the past month, how often have you had trouble sleeping because you have bad dreams?",Emotional,Human08,"During the past month, how often have you had trouble sleeping because you have bad dreams"
PSS_5_8,"During the past month, how often have you had trouble sleeping because you have bad dreams?",Physical,Human09,"During the past month, how often have you had trouble sleeping because you have bad dreams"
PSS_5_8,"During the past month, how often have you had trouble sleeping because you have bad dreams?",Physical,Human10,"During the past month, how often have you had trouble sleeping because you have bad dreams"
PSS_5_8,"During the past month, how often have you had trouble sleeping because you have bad dreams?",Physical,Human11,"During the past month, how often have you had trouble sleeping because you have bad dreams"
PSS_5_8,"During the past month, how often have you had trouble sleeping because you have bad dreams?",Intellectual,Human12,"During the past month, how often have you had trouble sleeping because you have bad dreams"
PSS_5_8,"During the past month, how often have you had trouble sleeping because you have bad dreams?",Emotional,Human13,"During the past month, how often have you had trouble sleeping because you have bad dreams"
PSS_5_8,"During the past month, how often have you had trouble sleeping because you have bad dreams?",Emotional,Human14,"During the past month, how often have you had trouble sleeping because you have bad dreams"
PSS_5_8,"During the past month, how often have you had trouble sleeping because you have bad dreams?",Physical,Human15,"During the past month, how often have you had trouble sleeping because you have bad dreams"
PSS_5_8,"During the past month, how often have you had trouble sleeping because you have bad dreams?",Emotional,Human16,"During the past month, how often have you had trouble sleeping because you have bad dreams"
PSS_5_8,"During the past month, how often have you had trouble sleeping because you have bad dreams?",Physical,Human17,"During the past month, how often have you had trouble sleeping because you have bad dreams"
PSS_5_8,"During the past month, how often have you had trouble sleeping because you have bad dreams?",Environmental,Human18,"During the past month, how often have you had trouble sleeping because you have bad dreams"
PSS_5_8,"During the past month, how often have you had trouble sleeping because you have bad dreams?",Physical,Human19,"During the past month, how often have you had trouble sleeping because you have bad dreams"
PSS_5_8,"During the past month, how often have you had trouble sleeping because you have bad dreams?",Physical,Human20,"During the past month, how often have you had trouble sleeping because you have bad dreams"
PSS_5_8,"During the past month, how often have you had trouble sleeping because you have bad dreams?",Physical,Human21,"During the past month, how often have you had trouble sleeping because you have bad dreams"
PSS_5_8,"During the past month, how often have you had trouble sleeping because you have bad dreams?",Emotional,Human22,"During the past month, how often have you had trouble sleeping because you have bad dreams"
PSS_5_8,"During the past month, how often have you had trouble sleeping because you have bad dreams?",Emotional,Human23,"During the past month, how often have you had trouble sleeping because you have bad dreams"
PSS_5_8,"During the past month, how often have you had trouble sleeping because you have bad dreams?",Physical,Human24,"During the past month, how often have you had trouble sleeping because you have bad dreams"
PSS_5_8,"During the past month, how often have you had trouble sleeping because you have bad dreams?",Physical,Human25,"During the past month, how often have you had trouble sleeping because you have bad dreams"
PSS_5_8,"During the past month, how often have you had trouble sleeping because you have bad dreams?",Physical,Human26,"During the past month, how often have you had trouble sleeping because you have bad dreams"
PSS_5_8,"During the past month, how often have you had trouble sleeping because you have bad dreams?",Emotional,Human27,"During the past month, how often have you had trouble sleeping because you have bad dreams"
PSS_5_8,"During the past month, how often have you had trouble sleeping because you have bad dreams?",Physical,Human28,"During the past month, how often have you had trouble sleeping because you have bad dreams"
PSS_5_9,"During the past month, how often have you had trouble sleeping because you have pain?",Physical,Human01,"During the past month, how often have you had trouble sleeping because you have pain"
PSS_5_9,"During the past month, how often have you had trouble sleeping because you have pain?",Physical,Human02,"During the past month, how often have you had trouble sleeping because you have pain"
PSS_5_9,"During the past month, how often have you had trouble sleeping because you have pain?",Physical,Human03,"During the past month, how often have you had trouble sleeping because you have pain"
PSS_5_9,"During the past month, how often have you had trouble sleeping because you have pain?",Physical,Human04,"During the past month, how often have you had trouble sleeping because you have pain"
PSS_5_9,"During the past month, how often have you had trouble sleeping because you have pain?",Physical,Human05,"During the past month, how often have you had trouble sleeping because you have pain"
PSS_5_9,"During the past month, how often have you had trouble sleeping because you have pain?",Physical,Human06,"During the past month, how often have you had trouble sleeping because you have pain"
PSS_5_9,"During the past month, how often have you had trouble sleeping because you have pain?",Physical,Human07,"During the past month, how often have you had trouble sleeping because you have pain"
PSS_5_9,"During the past month, how often have you had trouble sleeping because you have pain?",Physical,Human08,"During the past month, how often have you had trouble sleeping because you have pain"
PSS_5_9,"During the past month, how often have you had trouble sleeping because you have pain?",Physical,Human09,"During the past month, how often have you had trouble sleeping because you have pain"
PSS_5_9,"During the past month, how often have you had trouble sleeping because you have pain?",Physical,Human10,"During the past month, how often have you had trouble sleeping because you have pain"
PSS_5_9,"During the past month, how often have you had trouble sleeping because you have pain?",Physical,Human11,"During the past month, how often have you had trouble sleeping because you have pain"
PSS_5_9,"During the past month, how often have you had trouble sleeping because you have pain?",Physical,Human12,"During the past month, how often have you had trouble sleeping because you have pain"
PSS_5_9,"During the past month, how often have you had trouble sleeping because you have pain?",Physical,Human13,"During the past month, how often have you had trouble sleeping because you have pain"
PSS_5_9,"During the past month, how often have you had trouble sleeping because you have pain?",Physical,Human14,"During the past month, how often have you had trouble sleeping because you have pain"
PSS_5_9,"During the past month, how often have you had trouble sleeping because you have pain?",Physical,Human15,"During the past month, how often have you had trouble sleeping because you have pain"
PSS_5_9,"During the past month, how often have you had trouble sleeping because you have pain?",Physical,Human16,"During the past month, how often have you had trouble sleeping because you have pain"
PSS_5_9,"During the past month, how often have you had trouble sleeping because you have pain?",Physical,Human17,"During the past month, how often have you had trouble sleeping because you have pain"
PSS_5_9,"During the past month, how often have you had trouble sleeping because you have pain?",Spiritual,Human18,"During the past month, how often have you had trouble sleeping because you have pain"
PSS_5_9,"During the past month, how often have you had trouble sleeping because you have pain?",Physical,Human19,"During the past month, how often have you had trouble sleeping because you have pain"
PSS_5_9,"During the past month, how often have you had trouble sleeping because you have pain?",Physical,Human20,"During the past month, how often have you had trouble sleeping because you have pain"
PSS_5_9,"During the past month, how often have you had trouble sleeping because you have pain?",Physical,Human21,"During the past month, how often have you had trouble sleeping because you have pain"
PSS_5_9,"During the past month, how often have you had trouble sleeping because you have pain?",Physical,Human22,"During the past month, how often have you had trouble sleeping because you have pain"
PSS_5_9,"During the past month, how often have you had trouble sleeping because you have pain?",Physical,Human23,"During the past month, how often have you had trouble sleeping because you have pain"
PSS_5_9,"During the past month, how often have you had trouble sleeping because you have pain?",Physical,Human24,"During the past month, how often have you had trouble sleeping because you have pain"
PSS_5_9,"During the past month, how often have you had trouble sleeping because you have pain?",Physical,Human25,"During the past month, how often have you had trouble sleeping because you have pain"
PSS_5_9,"During the past month, how often have you had trouble sleeping because you have pain?",Physical,Human26,"During the past month, how often have you had trouble sleeping because you have pain"
PSS_5_9,"During the past month, how often have you had trouble sleeping because you have pain?",Physical,Human27,"During the past month, how often have you had trouble sleeping because you have pain"
PSS_5_9,"During the past month, how often have you had trouble sleeping because you have pain?",Physical,Human28,"During the past month, how often have you had trouble sleeping because you have pain"
PSS_6,"During the past month, how would you rate your sleep quality overall?",Physical,Human01,"During the past month, how would you rate your sleep quality overall"
PSS_6,"During the past month, how would you rate your sleep quality overall?",Physical,Human02,"During the past month, how would you rate your sleep quality overall"
PSS_6,"During the past month, how would you rate your sleep quality overall?",Physical,Human03,"During the past month, how would you rate your sleep quality overall"
PSS_6,"During the past month, how would you rate your sleep quality overall?",Physical,Human04,"During the past month, how would you rate your sleep quality overall"
PSS_6,"During the past month, how would you rate your sleep quality overall?",Physical,Human05,"During the past month, how would you rate your sleep quality overall"
PSS_6,"During the past month, how would you rate your sleep quality overall?",Physical,Human06,"During the past month, how would you rate your sleep quality overall"
PSS_6,"During the past month, how would you rate your sleep quality overall?",Physical,Human07,"During the past month, how would you rate your sleep quality overall"
PSS_6,"During the past month, how would you rate your sleep quality overall?",Physical,Human08,"During the past month, how would you rate your sleep quality overall"
PSS_6,"During the past month, how would you rate your sleep quality overall?",Physical,Human09,"During the past month, how would you rate your sleep quality overall"
PSS_6,"During the past month, how would you rate your sleep quality overall?",Physical,Human10,"During the past month, how would you rate your sleep quality overall"
PSS_6,"During the past month, how would you rate your sleep quality overall?",Physical,Human11,"During the past month, how would you rate your sleep quality overall"
PSS_6,"During the past month, how would you rate your sleep quality overall?",Emotional,Human12,"During the past month, how would you rate your sleep quality overall"
PSS_6,"During the past month, how would you rate your sleep quality overall?",Physical,Human13,"During the past month, how would you rate your sleep quality overall"
PSS_6,"During the past month, how would you rate your sleep quality overall?",Physical,Human14,"During the past month, how would you rate your sleep quality overall"
PSS_6,"During the past month, how would you rate your sleep quality overall?",Physical,Human15,"During the past month, how would you rate your sleep quality overall"
PSS_6,"During the past month, how would you rate your sleep quality overall?",Physical,Human16,"During the past month, how would you rate your sleep quality overall"
PSS_6,"During the past month, how would you rate your sleep quality overall?",Physical,Human17,"During the past month, how would you rate your sleep quality overall"
PSS_6,"During the past month, how would you rate your sleep quality overall?",Spiritual,Human18,"During the past month, how would you rate your sleep quality overall"
PSS_6,"During the past month, how would you rate your sleep quality overall?",Physical,Human19,"During the past month, how would you rate your sleep quality overall"
PSS_6,"During the past month, how would you rate your sleep quality overall?",Physical,Human20,"During the past month, how would you rate your sleep quality overall"
PSS_6,"During the past month, how would you rate your sleep quality overall?",Physical,Human21,"During the past month, how would you rate your sleep quality overall"
PSS_6,"During the past month, how would you rate your sleep quality overall?",Physical,Human22,"During the past month, how would you rate your sleep quality overall"
PSS_6,"During the past month, how would you rate your sleep quality overall?",Physical,Human23,"During the past month, how would you rate your sleep quality overall"
PSS_6,"During the past month, how would you rate your sleep quality overall?",Physical,Human24,"During the past month, how would you rate your sleep quality overall"
PSS_6,"During the past month, how would you rate your sleep quality overall?",Physical,Human25,"During the past month, how would you rate your sleep quality overall"
PSS_6,"During the past month, how would you rate your sleep quality overall?",Physical,Human26,"During the past month, how would you rate your sleep quality overall"
PSS_6,"During the past month, how would you rate your sleep quality overall?",Physical,Human27,"During the past month, how would you rate your sleep quality overall"
PSS_6,"During the past month, how would you rate your sleep quality overall?",Physical,Human28,"During the past month, how would you rate your sleep quality overall"
PSS_7,"During the past month, how often have you taken medicine to help you sleep (prescribed or over the counter)?",Physical,Human01,"During the past month, how often have you taken medicine to help you sleep (prescribed or over the counter)"
PSS_7,"During the past month, how often have you taken medicine to help you sleep (prescribed or over the counter)?",Physical,Human02,"During the past month, how often have you taken medicine to help you sleep (prescribed or over the counter)"
PSS_7,"During the past month, how often have you taken medicine to help you sleep (prescribed or over the counter)?",Physical,Human03,"During the past month, how often have you taken medicine to help you sleep (prescribed or over the counter)"
PSS_7,"During the past month, how often have you taken medicine to help you sleep (prescribed or over the counter)?",Physical,Human04,"During the past month, how often have you taken medicine to help you sleep (prescribed or over the counter)"
PSS_7,"During the past month, how often have you taken medicine to help you sleep (prescribed or over the counter)?",Physical,Human05,"During the past month, how often have you taken medicine to help you sleep (prescribed or over the counter)"
PSS_7,"During the past month, how often have you taken medicine to help you sleep (prescribed or over the counter)?",Physical,Human06,"During the past month, how often have you taken medicine to help you sleep (prescribed or over the counter)"
PSS_7,"During the past month, how often have you taken medicine to help you sleep (prescribed or over the counter)?",Physical,Human07,"During the past month, how often have you taken medicine to help you sleep (prescribed or over the counter)"
PSS_7,"During the past month, how often have you taken medicine to help you sleep (prescribed or over the counter)?",Physical,Human08,"During the past month, how often have you taken medicine to help you sleep (prescribed or over the counter)"
PSS_7,"During the past month, how often have you taken medicine to help you sleep (prescribed or over the counter)?",Physical,Human09,"During the past month, how often have you taken medicine to help you sleep (prescribed or over the counter)"
PSS_7,"During the past month, how often have you taken medicine to help you sleep (prescribed or over the counter)?",Physical,Human10,"During the past month, how often have you taken medicine to help you sleep (prescribed or over the counter)"
PSS_7,"During the past month, how often have you taken medicine to help you sleep (prescribed or over the counter)?",Physical,Human11,"During the past month, how often have you taken medicine to help you sleep (prescribed or over the counter)"
PSS_7,"During the past month, how often have you taken medicine to help you sleep (prescribed or over the counter)?",Occupational,Human12,"During the past month, how often have you taken medicine to help you sleep (prescribed or over the counter)"
PSS_7,"During the past month, how often have you taken medicine to help you sleep (prescribed or over the counter)?",Physical,Human13,"During the past month, how often have you taken medicine to help you sleep (prescribed or over the counter)"
PSS_7,"During the past month, how often have you taken medicine to help you sleep (prescribed or over the counter)?",Physical,Human14,"During the past month, how often have you taken medicine to help you sleep (prescribed or over the counter)"
PSS_7,"During the past month, how often have you taken medicine to help you sleep (prescribed or over the counter)?",Physical,Human15,"During the past month, how often have you taken medicine to help you sleep (prescribed or over the counter)"
PSS_7,"During the past month, how often have you taken medicine to help you sleep (prescribed or over the counter)?",Physical,Human16,"During the past month, how often have you taken medicine to help you sleep (prescribed or over the counter)"
PSS_7,"During the past month, how often have you taken medicine to help you sleep (prescribed or over the counter)?",Physical,Human17,"During the past month, how often have you taken medicine to help you sleep (prescribed or over the counter)"
PSS_7,"During the past month, how often have you taken medicine to help you sleep (prescribed or over the counter)?",Social,Human18,"During the past month, how often have you taken medicine to help you sleep (prescribed or over the counter)"
PSS_7,"During the past month, how often have you taken medicine to help you sleep (prescribed or over the counter)?",Physical,Human19,"During the past month, how often have you taken medicine to help you sleep (prescribed or over the counter)"
PSS_7,"During the past month, how often have you taken medicine to help you sleep (prescribed or over the counter)?",Physical,Human20,"During the past month, how often have you taken medicine to help you sleep (prescribed or over the counter)"
PSS_7,"During the past month, how often have you taken medicine to help you sleep (prescribed or over the counter)?",Physical,Human21,"During the past month, how often have you taken medicine to help you sleep (prescribed or over the counter)"
PSS_7,"During the past month, how often have you taken medicine to help you sleep (prescribed or over the counter)?",Physical,Human22,"During the past month, how often have you taken medicine to help you sleep (prescribed or over the counter)"
PSS_7,"During the past month, how often have you taken medicine to help you sleep (prescribed or over the counter)?",Physical,Human23,"During the past month, how often have you taken medicine to help you sleep (prescribed or over the counter)"
PSS_7,"During the past month, how often have you taken medicine to help you sleep (prescribed or over the counter)?",Physical,Human24,"During the past month, how often have you taken medicine to help you sleep (prescribed or over the counter)"
PSS_7,"During the past month, how often have you taken medicine to help you sleep (prescribed or over the counter)?",Physical,Human25,"During the past month, how often have you taken medicine to help you sleep (prescribed or over the counter)"
PSS_7,"During the past month, how often have you taken medicine to help you sleep (prescribed or over the counter)?",Physical,Human26,"During the past month, how often have you taken medicine to help you sleep (prescribed or over the counter)"
PSS_7,"During the past month, how often have you taken medicine to help you sleep (prescribed or over the counter)?",Physical,Human27,"During the past month, how often have you taken medicine to help you sleep (prescribed or over the counter)"
PSS_7,"During the past month, how often have you taken medicine to help you sleep (prescribed or over the counter)?",Physical,Human28,"During the past month, how often have you taken medicine to help you sleep (prescribed or over the counter)"
PSS_8,"During the past month, how often have you had trouble staying awake while driving, eating meals, or engaging in social activity?",Physical,Human01,"During the past month, how often have you had trouble staying awake while driving, eating meals, or engaging in social activity"
PSS_8,"During the past month, how often have you had trouble staying awake while driving, eating meals, or engaging in social activity?",Physical,Human02,"During the past month, how often have you had trouble staying awake while driving, eating meals, or engaging in social activity"
PSS_8,"During the past month, how often have you had trouble staying awake while driving, eating meals, or engaging in social activity?",Physical,Human03,"During the past month, how often have you had trouble staying awake while driving, eating meals, or engaging in social activity"
PSS_8,"During the past month, how often have you had trouble staying awake while driving, eating meals, or engaging in social activity?",Social,Human04,"During the past month, how often have you had trouble staying awake while driving, eating meals, or engaging in social activity"
PSS_8,"During the past month, how often have you had trouble staying awake while driving, eating meals, or engaging in social activity?",Physical,Human05,"During the past month, how often have you had trouble staying awake while driving, eating meals, or engaging in social activity"
PSS_8,"During the past month, how often have you had trouble staying awake while driving, eating meals, or engaging in social activity?",Social,Human06,"During the past month, how often have you had trouble staying awake while driving, eating meals, or engaging in social activity"
PSS_8,"During the past month, how often have you had trouble staying awake while driving, eating meals, or engaging in social activity?",Physical,Human07,"During the past month, how often have you had trouble staying awake while driving, eating meals, or engaging in social activity"
PSS_8,"During the past month, how often have you had trouble staying awake while driving, eating meals, or engaging in social activity?",Physical,Human08,"During the past month, how often have you had trouble staying awake while driving, eating meals, or engaging in social activity"
PSS_8,"During the past month, how often have you had trouble staying awake while driving, eating meals, or engaging in social activity?",Physical,Human09,"During the past month, how often have you had trouble staying awake while driving, eating meals, or engaging in social activity"
PSS_8,"During the past month, how often have you had trouble staying awake while driving, eating meals, or engaging in social activity?",Physical,Human10,"During the past month, how often have you had trouble staying awake while driving, eating meals, or engaging in social activity"
PSS_8,"During the past month, how often have you had trouble staying awake while driving, eating meals, or engaging in social activity?",Physical,Human11,"During the past month, how often have you had trouble staying awake while driving, eating meals, or engaging in social activity"
PSS_8,"During the past month, how often have you had trouble staying awake while driving, eating meals, or engaging in social activity?",Physical,Human12,"During the past month, how often have you had trouble staying awake while driving, eating meals, or engaging in social activity"
PSS_8,"During the past month, how often have you had trouble staying awake while driving, eating meals, or engaging in social activity?",Physical,Human13,"During the past month, how often have you had trouble staying awake while driving, eating meals, or engaging in social activity"
PSS_8,"During the past month, how often have you had trouble staying awake while driving, eating meals, or engaging in social activity?",Physical,Human14,"During the past month, how often have you had trouble staying awake while driving, eating meals, or engaging in social activity"
PSS_8,"During the past month, how often have you had trouble staying awake while driving, eating meals, or engaging in social activity?",Physical,Human15,"During the past month, how often have you had trouble staying awake while driving, eating meals, or engaging in social activity"
PSS_8,"During the past month, how often have you had trouble staying awake while driving, eating meals, or engaging in social activity?",Environmental,Human16,"During the past month, how often have you had trouble staying awake while driving, eating meals, or engaging in social activity"
PSS_8,"During the past month, how often have you had trouble staying awake while driving, eating meals, or engaging in social activity?",Physical,Human17,"During the past month, how often have you had trouble staying awake while driving, eating meals, or engaging in social activity"
PSS_8,"During the past month, how often have you had trouble staying awake while driving, eating meals, or engaging in social activity?",Emotional,Human18,"During the past month, how often have you had trouble staying awake while driving, eating meals, or engaging in social activity"
PSS_8,"During the past month, how often have you had trouble staying awake while driving, eating meals, or engaging in social activity?",Environmental,Human19,"During the past month, how often have you had trouble staying awake while driving, eating meals, or engaging in social activity"
PSS_8,"During the past month, how often have you had trouble staying awake while driving, eating meals, or engaging in social activity?",Physical,Human20,"During the past month, how often have you had trouble staying awake while driving, eating meals, or engaging in social activity"
PSS_8,"During the past month, how often have you had trouble staying awake while driving, eating meals, or engaging in social activity?",Physical,Human21,"During the past month, how often have you had trouble staying awake while driving, eating meals, or engaging in social activity"
PSS_8,"During the past month, how often have you had trouble staying awake while driving, eating meals, or engaging in social activity?",Physical,Human22,"During the past month, how often have you had trouble staying awake while driving, eating meals, or engaging in social activity"
PSS_8,"During the past month, how often have you had trouble staying awake while driving, eating meals, or engaging in social activity?",Physical,Human23,"During the past month, how often have you had trouble staying awake while driving, eating meals, or engaging in social activity"
PSS_8,"During the past month, how often have you had trouble staying awake while driving, eating meals, or engaging in social activity?",Physical,Human24,"During the past month, how often have you had trouble staying awake while driving, eating meals, or engaging in social activity"
PSS_8,"During the past month, how often have you had trouble staying awake while driving, eating meals, or engaging in social activity?",Physical,Human25,"During the past month, how often have you had trouble staying awake while driving, eating meals, or engaging in social activity"
PSS_8,"During the past month, how often have you had trouble staying awake while driving, eating meals, or engaging in social activity?",Physical,Human26,"During the past month, how often have you had trouble staying awake while driving, eating meals, or engaging in social activity"
PSS_8,"During the past month, how often have you had trouble staying awake while driving, eating meals, or engaging in social activity?",Physical,Human27,"During the past month, how often have you had trouble staying awake while driving, eating meals, or engaging in social activity"
PSS_8,"During the past month, how often have you had trouble staying awake while driving, eating meals, or engaging in social activity?",Physical,Human28,"During the past month, how often have you had trouble staying awake while driving, eating meals, or engaging in social activity"
PSS_9,"During the past month, how much of a problem has it been for you to keep up enough enthusiasm to get things done?",Emotional,Human01,"During the past month, how much of a problem has it been for you to keep up enough enthusiasm to get things done"
PSS_9,"During the past month, how much of a problem has it been for you to keep up enough enthusiasm to get things done?",Emotional,Human02,"During the past month, how much of a problem has it been for you to keep up enough enthusiasm to get things done"
PSS_9,"During the past month, how much of a problem has it been for you to keep up enough enthusiasm to get things done?",Emotional,Human03,"During the past month, how much of a problem has it been for you to keep up enough enthusiasm to get things done"
PSS_9,"During the past month, how much of a problem has it been for you to keep up enough enthusiasm to get things done?",Emotional,Human04,"During the past month, how much of a problem has it been for you to keep up enough enthusiasm to get things done"
PSS_9,"During the past month, how much of a problem has it been for you to keep up enough enthusiasm to get things done?",Emotional,Human05,"During the past month, how much of a problem has it been for you to keep up enough enthusiasm to get things done"
PSS_9,"During the past month, how much of a problem has it been for you to keep up enough enthusiasm to get things done?",Emotional,Human06,"During the past month, how much of a problem has it been for you to keep up enough enthusiasm to get things done"
PSS_9,"During the past month, how much of a problem has it been for you to keep up enough enthusiasm to get things done?",Emotional,Human07,"During the past month, how much of a problem has it been for you to keep up enough enthusiasm to get things done"
PSS_9,"During the past month, how much of a problem has it been for you to keep up enough enthusiasm to get things done?",Spiritual,Human08,"During the past month, how much of a problem has it been for you to keep up enough enthusiasm to get things done"
PSS_9,"During the past month, how much of a problem has it been for you to keep up enough enthusiasm to get things done?",Emotional,Human09,"During the past month, how much of a problem has it been for you to keep up enough enthusiasm to get things done"
PSS_9,"During the past month, how much of a problem has it been for you to keep up enough enthusiasm to get things done?",Emotional,Human10,"During the past month, how much of a problem has it been for you to keep up enough enthusiasm to get things done"
PSS_9,"During the past month, how much of a problem has it been for you to keep up enough enthusiasm to get things done?",Physical,Human11,"During the past month, how much of a problem has it been for you to keep up enough enthusiasm to get things done"
PSS_9,"During the past month, how much of a problem has it been for you to keep up enough enthusiasm to get things done?",Emotional,Human12,"During the past month, how much of a problem has it been for you to keep up enough enthusiasm to get things done"
PSS_9,"During the past month, how much of a problem has it been for you to keep up enough enthusiasm to get things done?",Emotional,Human13,"During the past month, how much of a problem has it been for you to keep up enough enthusiasm to get things done"
PSS_9,"During the past month, how much of a problem has it been for you to keep up enough enthusiasm to get things done?",Emotional,Human14,"During the past month, how much of a problem has it been for you to keep up enough enthusiasm to get things done"
PSS_9,"During the past month, how much of a problem has it been for you to keep up enough enthusiasm to get things done?",Emotional,Human15,"During the past month, how much of a problem has it been for you to keep up enough enthusiasm to get things done"
PSS_9,"During the past month, how much of a problem has it been for you to keep up enough enthusiasm to get things done?",Occupational,Human16,"During the past month, how much of a problem has it been for you to keep up enough enthusiasm to get things done"
PSS_9,"During the past month, how much of a problem has it been for you to keep up enough enthusiasm to get things done?",Emotional,Human17,"During the past month, how much of a problem has it been for you to keep up enough enthusiasm to get things done"
PSS_9,"During the past month, how much of a problem has it been for you to keep up enough enthusiasm to get things done?",Spiritual,Human18,"During the past month, how much of a problem has it been for you to keep up enough enthusiasm to get things done"
PSS_9,"During the past month, how much of a problem has it been for you to keep up enough enthusiasm to get things done?",Social,Human19,"During the past month, how much of a problem has it been for you to keep up enough enthusiasm to get things done"
PSS_9,"During the past month, how much of a problem has it been for you to keep up enough enthusiasm to get things done?",Spiritual,Human20,"During the past month, how much of a problem has it been for you to keep up enough enthusiasm to get things done"
PSS_9,"During the past month, how much of a problem has it been for you to keep up enough enthusiasm to get things done?",Physical,Human21,"During the past month, how much of a problem has it been for you to keep up enough enthusiasm to get things done"
PSS_9,"During the past month, how much of a problem has it been for you to keep up enough enthusiasm to get things done?",Emotional,Human22,"During the past month, how much of a problem has it been for you to keep up enough enthusiasm to get things done"
PSS_9,"During the past month, how much of a problem has it been for you to keep up enough enthusiasm to get things done?",Spiritual,Human23,"During the past month, how much of a problem has it been for you to keep up enough enthusiasm to get things done"
PSS_9,"During the past month, how much of a problem has it been for you to keep up enough enthusiasm to get things done?",Physical,Human24,"During the past month, how much of a problem has it been for you to keep up enough enthusiasm to get things done"
PSS_9,"During the past month, how much of a problem has it been for you to keep up enough enthusiasm to get things done?",Emotional,Human25,"During the past month, how much of a problem has it been for you to keep up enough enthusiasm to get things done"
PSS_9,"During the past month, how much of a problem has it been for you to keep up enough enthusiasm to get things done?",Emotional,Human26,"During the past month, how much of a problem has it been for you to keep up enough enthusiasm to get things done"
PSS_9,"During the past month, how much of a problem has it been for you to keep up enough enthusiasm to get things done?",Emotional,Human27,"During the past month, how much of a problem has it been for you to keep up enough enthusiasm to get things done"
PSS_9,"During the past month, how much of a problem has it been for you to keep up enough enthusiasm to get things done?",Emotional,Human28,"During the past month, how much of a problem has it been for you to keep up enough enthusiasm to get things done"
PWB_11,"For me, life has been a continuous process of learning, changing, and growth.",Emotional,Human01,"For me, life has been a continuous process of learning, changing, and growth"
PWB_11,"For me, life has been a continuous process of learning, changing, and growth.",Emotional,Human02,"For me, life has been a continuous process of learning, changing, and growth"
PWB_11,"For me, life has been a continuous process of learning, changing, and growth.",Spiritual,Human03,"For me, life has been a continuous process of learning, changing, and growth"
PWB_11,"For me, life has been a continuous process of learning, changing, and growth.",Emotional,Human04,"For me, life has been a continuous process of learning, changing, and growth"
PWB_11,"For me, life has been a continuous process of learning, changing, and growth.",Spiritual,Human05,"For me, life has been a continuous process of learning, changing, and growth"
PWB_11,"For me, life has been a continuous process of learning, changing, and growth.",Intellectual,Human06,"For me, life has been a continuous process of learning, changing, and growth"
PWB_11,"For me, life has been a continuous process of learning, changing, and growth.",Spiritual,Human07,"For me, life has been a continuous process of learning, changing, and growth"
PWB_11,"For me, life has been a continuous process of learning, changing, and growth.",Spiritual,Human08,"For me, life has been a continuous process of learning, changing, and growth"
PWB_11,"For me, life has been a continuous process of learning, changing, and growth.",Spiritual,Human09,"For me, life has been a continuous process of learning, changing, and growth"
PWB_11,"For me, life has been a continuous process of learning, changing, and growth.",Spiritual,Human10,"For me, life has been a continuous process of learning, changing, and growth"
PWB_11,"For me, life has been a continuous process of learning, changing, and growth.",Spiritual,Human11,"For me, life has been a continuous process of learning, changing, and growth"
PWB_11,"For me, life has been a continuous process of learning, changing, and growth.",Spiritual,Human12,"For me, life has been a continuous process of learning, changing, and growth"
PWB_11,"For me, life has been a continuous process of learning, changing, and growth.",Intellectual,Human13,"For me, life has been a continuous process of learning, changing, and growth"
PWB_11,"For me, life has been a continuous process of learning, changing, and growth.",Intellectual,Human14,"For me, life has been a continuous process of learning, changing, and growth"
PWB_11,"For me, life has been a continuous process of learning, changing, and growth.",Intellectual,Human15,"For me, life has been a continuous process of learning, changing, and growth"
PWB_11,"For me, life has been a continuous process of learning, changing, and growth.",Intellectual,Human16,"For me, life has been a continuous process of learning, changing, and growth"
PWB_11,"For me, life has been a continuous process of learning, changing, and growth.",Spiritual,Human17,"For me, life has been a continuous process of learning, changing, and growth"
PWB_11,"For me, life has been a continuous process of learning, changing, and growth.",Physical,Human18,"For me, life has been a continuous process of learning, changing, and growth"
PWB_11,"For me, life has been a continuous process of learning, changing, and growth.",Occupational,Human19,"For me, life has been a continuous process of learning, changing, and growth"
PWB_11,"For me, life has been a continuous process of learning, changing, and growth.",Intellectual,Human20,"For me, life has been a continuous process of learning, changing, and growth"
PWB_11,"For me, life has been a continuous process of learning, changing, and growth.",Spiritual,Human21,"For me, life has been a continuous process of learning, changing, and growth"
PWB_11,"For me, life has been a continuous process of learning, changing, and growth.",Spiritual,Human22,"For me, life has been a continuous process of learning, changing, and growth"
PWB_11,"For me, life has been a continuous process of learning, changing, and growth.",Spiritual,Human23,"For me, life has been a continuous process of learning, changing, and growth"
PWB_11,"For me, life has been a continuous process of learning, changing, and growth.",Intellectual,Human24,"For me, life has been a continuous process of learning, changing, and growth"
PWB_11,"For me, life has been a continuous process of learning, changing, and growth.",Intellectual,Human25,"For me, life has been a continuous process of learning, changing, and growth"
PWB_11,"For me, life has been a continuous process of learning, changing, and growth.",Intellectual,Human26,"For me, life has been a continuous process of learning, changing, and growth"
PWB_11,"For me, life has been a continuous process of learning, changing, and growth.",Spiritual,Human27,"For me, life has been a continuous process of learning, changing, and growth"
PWB_11,"For me, life has been a continuous process of learning, changing, and growth.",Intellectual,Human28,"For me, life has been a continuous process of learning, changing, and growth"
PWB_12,I think it is important to have new experiences that challenge how I think about myself and the world.,Emotional,Human01,I think it is important to have new experiences that challenge how I think about myself and the world
PWB_12,I think it is important to have new experiences that challenge how I think about myself and the world.,Emotional,Human02,I think it is important to have new experiences that challenge how I think about myself and the world
PWB_12,I think it is important to have new experiences that challenge how I think about myself and the world.,Intellectual,Human03,I think it is important to have new experiences that challenge how I think about myself and the world
PWB_12,I think it is important to have new experiences that challenge how I think about myself and the world.,Emotional,Human04,I think it is important to have new experiences that challenge how I think about myself and the world
PWB_12,I think it is important to have new experiences that challenge how I think about myself and the world.,Spiritual,Human05,I think it is important to have new experiences that challenge how I think about myself and the world
PWB_12,I think it is important to have new experiences that challenge how I think about myself and the world.,Emotional,Human06,I think it is important to have new experiences that challenge how I think about myself and the world
PWB_12,I think it is important to have new experiences that challenge how I think about myself and the world.,Spiritual,Human07,I think it is important to have new experiences that challenge how I think about myself and the world
PWB_12,I think it is important to have new experiences that challenge how I think about myself and the world.,Intellectual,Human08,I think it is important to have new experiences that challenge how I think about myself and the world
PWB_12,I think it is important to have new experiences that challenge how I think about myself and the world.,Spiritual,Human09,I think it is important to have new experiences that challenge how I think about myself and the world
PWB_12,I think it is important to have new experiences that challenge how I think about myself and the world.,Spiritual,Human10,I think it is important to have new experiences that challenge how I think about myself and the world
PWB_12,I think it is important to have new experiences that challenge how I think about myself and the world.,Emotional,Human11,I think it is important to have new experiences that challenge how I think about myself and the world
PWB_12,I think it is important to have new experiences that challenge how I think about myself and the world.,Environmental,Human12,I think it is important to have new experiences that challenge how I think about myself and the world
PWB_12,I think it is important to have new experiences that challenge how I think about myself and the world.,Intellectual,Human13,I think it is important to have new experiences that challenge how I think about myself and the world
PWB_12,I think it is important to have new experiences that challenge how I think about myself and the world.,Intellectual,Human14,I think it is important to have new experiences that challenge how I think about myself and the world
PWB_12,I think it is important to have new experiences that challenge how I think about myself and the world.,Intellectual,Human15,I think it is important to have new experiences that challenge how I think about myself and the world
PWB_12,I think it is important to have new experiences that challenge how I think about myself and the world.,Intellectual,Human16,I think it is important to have new experiences that challenge how I think about myself and the world
PWB_12,I think it is important to have new experiences that challenge how I think about myself and the world.,Environmental,Human17,I think it is important to have new experiences that challenge how I think about myself and the world
PWB_12,I think it is important to have new experiences that challenge how I think about myself and the world.,Environmental,Human18,I think it is important to have new experiences that challenge how I think about myself and the world
PWB_12,I think it is important to have new experiences that challenge how I think about myself and the world.,Occupational,Human19,I think it is important to have new experiences that challenge how I think about myself and the world
PWB_12,I think it is important to have new experiences that challenge how I think about myself and the world.,Intellectual,Human20,I think it is important to have new experiences that challenge how I think about myself and the world
PWB_12,I think it is important to have new experiences that challenge how I think about myself and the world.,Spiritual,Human21,I think it is important to have new experiences that challenge how I think about myself and the world
PWB_12,I think it is important to have new experiences that challenge how I think about myself and the world.,Spiritual,Human22,I think it is important to have new experiences that challenge how I think about myself and the world
PWB_12,I think it is important to have new experiences that challenge how I think about myself and the world.,Intellectual,Human23,I think it is important to have new experiences that challenge how I think about myself and the world
PWB_12,I think it is important to have new experiences that challenge how I think about myself and the world.,Intellectual,Human24,I think it is important to have new experiences that challenge how I think about myself and the world
PWB_12,I think it is important to have new experiences that challenge how I think about myself and the world.,Spiritual,Human25,I think it is important to have new experiences that challenge how I think about myself and the world
PWB_12,I think it is important to have new experiences that challenge how I think about myself and the world.,Intellectual,Human26,I think it is important to have new experiences that challenge how I think about myself and the world
PWB_12,I think it is important to have new experiences that challenge how I think about myself and the world.,Environmental,Human27,I think it is important to have new experiences that challenge how I think about myself and the world
PWB_12,I think it is important to have new experiences that challenge how I think about myself and the world.,Environmental,Human28,I think it is important to have new experiences that challenge how I think about myself and the world
PWB_13,"People would describe me as a giving person, willing to share my time with others.",Emotional,Human01,"People would describe me as a giving person, willing to share my time with others"
PWB_13,"People would describe me as a giving person, willing to share my time with others.",Social,Human02,"People would describe me as a giving person, willing to share my time with others"
PWB_13,"People would describe me as a giving person, willing to share my time with others.",Emotional,Human03,"People would describe me as a giving person, willing to share my time with others"
PWB_13,"People would describe me as a giving person, willing to share my time with others.",Social,Human04,"People would describe me as a giving person, willing to share my time with others"
PWB_13,"People would describe me as a giving person, willing to share my time with others.",Spiritual,Human05,"People would describe me as a giving person, willing to share my time with others"
PWB_13,"People would describe me as a giving person, willing to share my time with others.",Social,Human06,"People would describe me as a giving person, willing to share my time with others"
PWB_13,"People would describe me as a giving person, willing to share my time with others.",Spiritual,Human07,"People would describe me as a giving person, willing to share my time with others"
PWB_13,"People would describe me as a giving person, willing to share my time with others.",Social,Human08,"People would describe me as a giving person, willing to share my time with others"
PWB_13,"People would describe me as a giving person, willing to share my time with others.",Social,Human09,"People would describe me as a giving person, willing to share my time with others"
PWB_13,"People would describe me as a giving person, willing to share my time with others.",Social,Human10,"People would describe me as a giving person, willing to share my time with others"
PWB_13,"People would describe me as a giving person, willing to share my time with others.",Social,Human11,"People would describe me as a giving person, willing to share my time with others"
PWB_13,"People would describe me as a giving person, willing to share my time with others.",Social,Human12,"People would describe me as a giving person, willing to share my time with others"
PWB_13,"People would describe me as a giving person, willing to share my time with others.",Social,Human13,"People would describe me as a giving person, willing to share my time with others"
PWB_13,"People would describe me as a giving person, willing to share my time with others.",Intellectual,Human14,"People would describe me as a giving person, willing to share my time with others"
PWB_13,"People would describe me as a giving person, willing to share my time with others.",Social,Human15,"People would describe me as a giving person, willing to share my time with others"
PWB_13,"People would describe me as a giving person, willing to share my time with others.",Social,Human16,"People would describe me as a giving person, willing to share my time with others"
PWB_13,"People would describe me as a giving person, willing to share my time with others.",Spiritual,Human17,"People would describe me as a giving person, willing to share my time with others"
PWB_13,"People would describe me as a giving person, willing to share my time with others.",Emotional,Human18,"People would describe me as a giving person, willing to share my time with others"
PWB_13,"People would describe me as a giving person, willing to share my time with others.",Social,Human19,"People would describe me as a giving person, willing to share my time with others"
PWB_13,"People would describe me as a giving person, willing to share my time with others.",Spiritual,Human20,"People would describe me as a giving person, willing to share my time with others"
PWB_13,"People would describe me as a giving person, willing to share my time with others.",Social,Human21,"People would describe me as a giving person, willing to share my time with others"
PWB_13,"People would describe me as a giving person, willing to share my time with others.",Social,Human22,"People would describe me as a giving person, willing to share my time with others"
PWB_13,"People would describe me as a giving person, willing to share my time with others.",Social,Human23,"People would describe me as a giving person, willing to share my time with others"
PWB_13,"People would describe me as a giving person, willing to share my time with others.",Social,Human24,"People would describe me as a giving person, willing to share my time with others"
PWB_13,"People would describe me as a giving person, willing to share my time with others.",Social,Human25,"People would describe me as a giving person, willing to share my time with others"
PWB_13,"People would describe me as a giving person, willing to share my time with others.",Spiritual,Human26,"People would describe me as a giving person, willing to share my time with others"
PWB_13,"People would describe me as a giving person, willing to share my time with others.",Environmental,Human27,"People would describe me as a giving person, willing to share my time with others"
PWB_13,"People would describe me as a giving person, willing to share my time with others.",Social,Human28,"People would describe me as a giving person, willing to share my time with others"
PWB_14,I gave up trying to make big improvements or changes in my life a long time ago.,Emotional,Human01,I gave up trying to make big improvements or changes in my life a long time ago
PWB_14,I gave up trying to make big improvements or changes in my life a long time ago.,Emotional,Human02,I gave up trying to make big improvements or changes in my life a long time ago
PWB_14,I gave up trying to make big improvements or changes in my life a long time ago.,Emotional,Human03,I gave up trying to make big improvements or changes in my life a long time ago
PWB_14,I gave up trying to make big improvements or changes in my life a long time ago.,Occupational,Human04,I gave up trying to make big improvements or changes in my life a long time ago
PWB_14,I gave up trying to make big improvements or changes in my life a long time ago.,Spiritual,Human05,I gave up trying to make big improvements or changes in my life a long time ago
PWB_14,I gave up trying to make big improvements or changes in my life a long time ago.,Emotional,Human06,I gave up trying to make big improvements or changes in my life a long time ago
PWB_14,I gave up trying to make big improvements or changes in my life a long time ago.,Emotional,Human07,I gave up trying to make big improvements or changes in my life a long time ago
PWB_14,I gave up trying to make big improvements or changes in my life a long time ago.,Spiritual,Human08,I gave up trying to make big improvements or changes in my life a long time ago
PWB_14,I gave up trying to make big improvements or changes in my life a long time ago.,Emotional,Human09,I gave up trying to make big improvements or changes in my life a long time ago
PWB_14,I gave up trying to make big improvements or changes in my life a long time ago.,Emotional,Human10,I gave up trying to make big improvements or changes in my life a long time ago
PWB_14,I gave up trying to make big improvements or changes in my life a long time ago.,Spiritual,Human11,I gave up trying to make big improvements or changes in my life a long time ago
PWB_14,I gave up trying to make big improvements or changes in my life a long time ago.,Emotional,Human12,I gave up trying to make big improvements or changes in my life a long time ago
PWB_14,I gave up trying to make big improvements or changes in my life a long time ago.,Intellectual,Human13,I gave up trying to make big improvements or changes in my life a long time ago
PWB_14,I gave up trying to make big improvements or changes in my life a long time ago.,Intellectual,Human14,I gave up trying to make big improvements or changes in my life a long time ago
PWB_14,I gave up trying to make big improvements or changes in my life a long time ago.,Emotional,Human15,I gave up trying to make big improvements or changes in my life a long time ago
PWB_14,I gave up trying to make big improvements or changes in my life a long time ago.,Occupational,Human16,I gave up trying to make big improvements or changes in my life a long time ago
PWB_14,I gave up trying to make big improvements or changes in my life a long time ago.,Occupational,Human17,I gave up trying to make big improvements or changes in my life a long time ago
PWB_14,I gave up trying to make big improvements or changes in my life a long time ago.,Social,Human18,I gave up trying to make big improvements or changes in my life a long time ago
PWB_14,I gave up trying to make big improvements or changes in my life a long time ago.,Social,Human19,I gave up trying to make big improvements or changes in my life a long time ago
PWB_14,I gave up trying to make big improvements or changes in my life a long time ago.,Spiritual,Human20,I gave up trying to make big improvements or changes in my life a long time ago
PWB_14,I gave up trying to make big improvements or changes in my life a long time ago.,Emotional,Human21,I gave up trying to make big improvements or changes in my life a long time ago
PWB_14,I gave up trying to make big improvements or changes in my life a long time ago.,Spiritual,Human22,I gave up trying to make big improvements or changes in my life a long time ago
PWB_14,I gave up trying to make big improvements or changes in my life a long time ago.,Spiritual,Human23,I gave up trying to make big improvements or changes in my life a long time ago
PWB_14,I gave up trying to make big improvements or changes in my life a long time ago.,Intellectual,Human24,I gave up trying to make big improvements or changes in my life a long time ago
PWB_14,I gave up trying to make big improvements or changes in my life a long time ago.,Spiritual,Human25,I gave up trying to make big improvements or changes in my life a long time ago
PWB_14,I gave up trying to make big improvements or changes in my life a long time ago.,Emotional,Human26,I gave up trying to make big improvements or changes in my life a long time ago
PWB_14,I gave up trying to make big improvements or changes in my life a long time ago.,Emotional,Human27,I gave up trying to make big improvements or changes in my life a long time ago
PWB_14,I gave up trying to make big improvements or changes in my life a long time ago.,Social,Human28,I gave up trying to make big improvements or changes in my life a long time ago
PWB_15,I tend to be influenced by people with strong opinions.,Social,Human01,I tend to be influenced by people with strong opinions
PWB_15,I tend to be influenced by people with strong opinions.,Social,Human02,I tend to be influenced by people with strong opinions
PWB_15,I tend to be influenced by people with strong opinions.,Social,Human03,I tend to be influenced by people with strong opinions
PWB_15,I tend to be influenced by people with strong opinions.,Social,Human04,I tend to be influenced by people with strong opinions
PWB_15,I tend to be influenced by people with strong opinions.,Social,Human05,I tend to be influenced by people with strong opinions
PWB_15,I tend to be influenced by people with strong opinions.,Social,Human06,I tend to be influenced by people with strong opinions
PWB_15,I tend to be influenced by people with strong opinions.,Emotional,Human07,I tend to be influenced by people with strong opinions
PWB_15,I tend to be influenced by people with strong opinions.,Emotional,Human08,I tend to be influenced by people with strong opinions
PWB_15,I tend to be influenced by people with strong opinions.,Emotional,Human09,I tend to be influenced by people with strong opinions
PWB_15,I tend to be influenced by people with strong opinions.,Emotional,Human10,I tend to be influenced by people with strong opinions
PWB_15,I tend to be influenced by people with strong opinions.,Social,Human11,I tend to be influenced by people with strong opinions
PWB_15,I tend to be influenced by people with strong opinions.,Social,Human12,I tend to be influenced by people with strong opinions
PWB_15,I tend to be influenced by people with strong opinions.,Social,Human13,I tend to be influenced by people with strong opinions
PWB_15,I tend to be influenced by people with strong opinions.,Social,Human14,I tend to be influenced by people with strong opinions
PWB_15,I tend to be influenced by people with strong opinions.,Social,Human15,I tend to be influenced by people with strong opinions
PWB_15,I tend to be influenced by people with strong opinions.,Social,Human16,I tend to be influenced by people with strong opinions
PWB_15,I tend to be influenced by people with strong opinions.,Social,Human17,I tend to be influenced by people with strong opinions
PWB_15,I tend to be influenced by people with strong opinions.,Social,Human18,I tend to be influenced by people with strong opinions
PWB_15,I tend to be influenced by people with strong opinions.,Social,Human19,I tend to be influenced by people with strong opinions
PWB_15,I tend to be influenced by people with strong opinions.,Intellectual,Human20,I tend to be influenced by people with strong opinions
PWB_15,I tend to be influenced by people with strong opinions.,Social,Human21,I tend to be influenced by people with strong opinions
PWB_15,I tend to be influenced by people with strong opinions.,Intellectual,Human22,I tend to be influenced by people with strong opinions
PWB_15,I tend to be influenced by people with strong opinions.,Social,Human23,I tend to be influenced by people with strong opinions
PWB_15,I tend to be influenced by people with strong opinions.,Intellectual,Human24,I tend to be influenced by people with strong opinions
PWB_15,I tend to be influenced by people with strong opinions.,Social,Human25,I tend to be influenced by people with strong opinions
PWB_15,I tend to be influenced by people with strong opinions.,Emotional,Human26,I tend to be influenced by people with strong opinions
PWB_15,I tend to be influenced by people with strong opinions.,Social,Human27,I tend to be influenced by people with strong opinions
PWB_15,I tend to be influenced by people with strong opinions.,Social,Human28,I tend to be influenced by people with strong opinions
PWB_16,I have not experienced many warm and trusting relationships with others.,Social,Human01,I have not experienced many warm and trusting relationships with others
PWB_16,I have not experienced many warm and trusting relationships with others.,Social,Human02,I have not experienced many warm and trusting relationships with others
PWB_16,I have not experienced many warm and trusting relationships with others.,Social,Human03,I have not experienced many warm and trusting relationships with others
PWB_16,I have not experienced many warm and trusting relationships with others.,Social,Human04,I have not experienced many warm and trusting relationships with others
PWB_16,I have not experienced many warm and trusting relationships with others.,Social,Human05,I have not experienced many warm and trusting relationships with others
PWB_16,I have not experienced many warm and trusting relationships with others.,Social,Human06,I have not experienced many warm and trusting relationships with others
PWB_16,I have not experienced many warm and trusting relationships with others.,Social,Human07,I have not experienced many warm and trusting relationships with others
PWB_16,I have not experienced many warm and trusting relationships with others.,Social,Human08,I have not experienced many warm and trusting relationships with others
PWB_16,I have not experienced many warm and trusting relationships with others.,Social,Human09,I have not experienced many warm and trusting relationships with others
PWB_16,I have not experienced many warm and trusting relationships with others.,Social,Human10,I have not experienced many warm and trusting relationships with others
PWB_16,I have not experienced many warm and trusting relationships with others.,Social,Human11,I have not experienced many warm and trusting relationships with others
PWB_16,I have not experienced many warm and trusting relationships with others.,Social,Human12,I have not experienced many warm and trusting relationships with others
PWB_16,I have not experienced many warm and trusting relationships with others.,Social,Human13,I have not experienced many warm and trusting relationships with others
PWB_16,I have not experienced many warm and trusting relationships with others.,Social,Human14,I have not experienced many warm and trusting relationships with others
PWB_16,I have not experienced many warm and trusting relationships with others.,Social,Human15,I have not experienced many warm and trusting relationships with others
PWB_16,I have not experienced many warm and trusting relationships with others.,Social,Human16,I have not experienced many warm and trusting relationships with others
PWB_16,I have not experienced many warm and trusting relationships with others.,Emotional,Human17,I have not experienced many warm and trusting relationships with others
PWB_16,I have not experienced many warm and trusting relationships with others.,Environmental,Human18,I have not experienced many warm and trusting relationships with others
PWB_16,I have not experienced many warm and trusting relationships with others.,Social,Human19,I have not experienced many warm and trusting relationships with others
PWB_16,I have not experienced many warm and trusting relationships with others.,Social,Human20,I have not experienced many warm and trusting relationships with others
PWB_16,I have not experienced many warm and trusting relationships with others.,Social,Human21,I have not experienced many warm and trusting relationships with others
PWB_16,I have not experienced many warm and trusting relationships with others.,Social,Human22,I have not experienced many warm and trusting relationships with others
PWB_16,I have not experienced many warm and trusting relationships with others.,Social,Human23,I have not experienced many warm and trusting relationships with others
PWB_16,I have not experienced many warm and trusting relationships with others.,Social,Human24,I have not experienced many warm and trusting relationships with others
PWB_16,I have not experienced many warm and trusting relationships with others.,Social,Human25,I have not experienced many warm and trusting relationships with others
PWB_16,I have not experienced many warm and trusting relationships with others.,Social,Human26,I have not experienced many warm and trusting relationships with others
PWB_16,I have not experienced many warm and trusting relationships with others.,Social,Human27,I have not experienced many warm and trusting relationships with others
PWB_16,I have not experienced many warm and trusting relationships with others.,Social,Human28,I have not experienced many warm and trusting relationships with others
PWB_17,"I have confidence in my own opinions, even if they are different from the way most other people think.",Emotional,Human01,"I have confidence in my own opinions, even if they are different from the way most other people think"
PWB_17,"I have confidence in my own opinions, even if they are different from the way most other people think.",Emotional,Human02,"I have confidence in my own opinions, even if they are different from the way most other people think"
PWB_17,"I have confidence in my own opinions, even if they are different from the way most other people think.",Intellectual,Human03,"I have confidence in my own opinions, even if they are different from the way most other people think"
PWB_17,"I have confidence in my own opinions, even if they are different from the way most other people think.",Intellectual,Human04,"I have confidence in my own opinions, even if they are different from the way most other people think"
PWB_17,"I have confidence in my own opinions, even if they are different from the way most other people think.",Intellectual,Human05,"I have confidence in my own opinions, even if they are different from the way most other people think"
PWB_17,"I have confidence in my own opinions, even if they are different from the way most other people think.",Intellectual,Human06,"I have confidence in my own opinions, even if they are different from the way most other people think"
PWB_17,"I have confidence in my own opinions, even if they are different from the way most other people think.",Spiritual,Human07,"I have confidence in my own opinions, even if they are different from the way most other people think"
PWB_17,"I have confidence in my own opinions, even if they are different from the way most other people think.",Intellectual,Human08,"I have confidence in my own opinions, even if they are different from the way most other people think"
PWB_17,"I have confidence in my own opinions, even if they are different from the way most other people think.",Emotional,Human09,"I have confidence in my own opinions, even if they are different from the way most other people think"
PWB_17,"I have confidence in my own opinions, even if they are different from the way most other people think.",Social,Human10,"I have confidence in my own opinions, even if they are different from the way most other people think"
PWB_17,"I have confidence in my own opinions, even if they are different from the way most other people think.",Social,Human11,"I have confidence in my own opinions, even if they are different from the way most other people think"
PWB_17,"I have confidence in my own opinions, even if they are different from the way most other people think.",Social,Human12,"I have confidence in my own opinions, even if they are different from the way most other people think"
PWB_17,"I have confidence in my own opinions, even if they are different from the way most other people think.",Social,Human13,"I have confidence in my own opinions, even if they are different from the way most other people think"
PWB_17,"I have confidence in my own opinions, even if they are different from the way most other people think.",Emotional,Human14,"I have confidence in my own opinions, even if they are different from the way most other people think"
PWB_17,"I have confidence in my own opinions, even if they are different from the way most other people think.",Social,Human15,"I have confidence in my own opinions, even if they are different from the way most other people think"
PWB_17,"I have confidence in my own opinions, even if they are different from the way most other people think.",Intellectual,Human16,"I have confidence in my own opinions, even if they are different from the way most other people think"
PWB_17,"I have confidence in my own opinions, even if they are different from the way most other people think.",Social,Human17,"I have confidence in my own opinions, even if they are different from the way most other people think"
PWB_17,"I have confidence in my own opinions, even if they are different from the way most other people think.",Intellectual,Human18,"I have confidence in my own opinions, even if they are different from the way most other people think"
PWB_17,"I have confidence in my own opinions, even if they are different from the way most other people think.",Social,Human19,"I have confidence in my own opinions, even if they are different from the way most other people think"
PWB_17,"I have confidence in my own opinions, even if they are different from the way most other people think.",Intellectual,Human20,"I have confidence in my own opinions, even if they are different from the way most other people think"
PWB_17,"I have confidence in my own opinions, even if they are different from the way most other people think.",Intellectual,Human21,"I have confidence in my own opinions, even if they are different from the way most other people think"
PWB_17,"I have confidence in my own opinions, even if they are different from the way most other people think.",Intellectual,Human22,"I have confidence in my own opinions, even if they are different from the way most other people think"
PWB_17,"I have confidence in my own opinions, even if they are different from the way most other people think.",Intellectual,Human23,"I have confidence in my own opinions, even if they are different from the way most other people think"
PWB_17,"I have confidence in my own opinions, even if they are different from the way most other people think.",Intellectual,Human24,"I have confidence in my own opinions, even if they are different from the way most other people think"
PWB_17,"I have confidence in my own opinions, even if they are different from the way most other people think.",Intellectual,Human25,"I have confidence in my own opinions, even if they are different from the way most other people think"
PWB_17,"I have confidence in my own opinions, even if they are different from the way most other people think.",Emotional,Human26,"I have confidence in my own opinions, even if they are different from the way most other people think"
PWB_17,"I have confidence in my own opinions, even if they are different from the way most other people think.",Intellectual,Human27,"I have confidence in my own opinions, even if they are different from the way most other people think"
PWB_17,"I have confidence in my own opinions, even if they are different from the way most other people think.",Social,Human28,"I have confidence in my own opinions, even if they are different from the way most other people think"
PWB_18,"I judge myself by what I think is important, not by the values of what others think is important.",Emotional,Human01,"I judge myself by what I think is important, not by the values of what others think is important"
PWB_18,"I judge myself by what I think is important, not by the values of what others think is important.",Emotional,Human02,"I judge myself by what I think is important, not by the values of what others think is important"
PWB_18,"I judge myself by what I think is important, not by the values of what others think is important.",Intellectual,Human03,"I judge myself by what I think is important, not by the values of what others think is important"
PWB_18,"I judge myself by what I think is important, not by the values of what others think is important.",Emotional,Human04,"I judge myself by what I think is important, not by the values of what others think is important"
PWB_18,"I judge myself by what I think is important, not by the values of what others think is important.",Spiritual,Human05,"I judge myself by what I think is important, not by the values of what others think is important"
PWB_18,"I judge myself by what I think is important, not by the values of what others think is important.",Intellectual,Human06,"I judge myself by what I think is important, not by the values of what others think is important"
PWB_18,"I judge myself by what I think is important, not by the values of what others think is important.",Spiritual,Human07,"I judge myself by what I think is important, not by the values of what others think is important"
PWB_18,"I judge myself by what I think is important, not by the values of what others think is important.",Intellectual,Human08,"I judge myself by what I think is important, not by the values of what others think is important"
PWB_18,"I judge myself by what I think is important, not by the values of what others think is important.",Spiritual,Human09,"I judge myself by what I think is important, not by the values of what others think is important"
PWB_18,"I judge myself by what I think is important, not by the values of what others think is important.",Intellectual,Human10,"I judge myself by what I think is important, not by the values of what others think is important"
PWB_18,"I judge myself by what I think is important, not by the values of what others think is important.",Emotional,Human11,"I judge myself by what I think is important, not by the values of what others think is important"
PWB_18,"I judge myself by what I think is important, not by the values of what others think is important.",Intellectual,Human12,"I judge myself by what I think is important, not by the values of what others think is important"
PWB_18,"I judge myself by what I think is important, not by the values of what others think is important.",Social,Human13,"I judge myself by what I think is important, not by the values of what others think is important"
PWB_18,"I judge myself by what I think is important, not by the values of what others think is important.",Intellectual,Human14,"I judge myself by what I think is important, not by the values of what others think is important"
PWB_18,"I judge myself by what I think is important, not by the values of what others think is important.",Intellectual,Human15,"I judge myself by what I think is important, not by the values of what others think is important"
PWB_18,"I judge myself by what I think is important, not by the values of what others think is important.",Intellectual,Human16,"I judge myself by what I think is important, not by the values of what others think is important"
PWB_18,"I judge myself by what I think is important, not by the values of what others think is important.",Social,Human17,"I judge myself by what I think is important, not by the values of what others think is important"
PWB_18,"I judge myself by what I think is important, not by the values of what others think is important.",Spiritual,Human18,"I judge myself by what I think is important, not by the values of what others think is important"
PWB_18,"I judge myself by what I think is important, not by the values of what others think is important.",Social,Human19,"I judge myself by what I think is important, not by the values of what others think is important"
PWB_18,"I judge myself by what I think is important, not by the values of what others think is important.",Spiritual,Human20,"I judge myself by what I think is important, not by the values of what others think is important"
PWB_18,"I judge myself by what I think is important, not by the values of what others think is important.",Intellectual,Human21,"I judge myself by what I think is important, not by the values of what others think is important"
PWB_18,"I judge myself by what I think is important, not by the values of what others think is important.",Spiritual,Human22,"I judge myself by what I think is important, not by the values of what others think is important"
PWB_18,"I judge myself by what I think is important, not by the values of what others think is important.",Spiritual,Human23,"I judge myself by what I think is important, not by the values of what others think is important"
PWB_18,"I judge myself by what I think is important, not by the values of what others think is important.",Intellectual,Human24,"I judge myself by what I think is important, not by the values of what others think is important"
PWB_18,"I judge myself by what I think is important, not by the values of what others think is important.",Social,Human25,"I judge myself by what I think is important, not by the values of what others think is important"
PWB_18,"I judge myself by what I think is important, not by the values of what others think is important.",Emotional,Human26,"I judge myself by what I think is important, not by the values of what others think is important"
PWB_18,"I judge myself by what I think is important, not by the values of what others think is important.",Environmental,Human27,"I judge myself by what I think is important, not by the values of what others think is important"
PWB_18,"I judge myself by what I think is important, not by the values of what others think is important.",Social,Human28,"I judge myself by what I think is important, not by the values of what others think is important"
PWS_1,I am always optimistic about my future.,Emotional,Human01,I am always optimistic about my future
PWS_1,I am always optimistic about my future.,Emotional,Human02,I am always optimistic about my future
PWS_1,I am always optimistic about my future.,Emotional,Human03,I am always optimistic about my future
PWS_1,I am always optimistic about my future.,Emotional,Human04,I am always optimistic about my future
PWS_1,I am always optimistic about my future.,Spiritual,Human05,I am always optimistic about my future
PWS_1,I am always optimistic about my future.,Emotional,Human06,I am always optimistic about my future
PWS_1,I am always optimistic about my future.,Emotional,Human07,I am always optimistic about my future
PWS_1,I am always optimistic about my future.,Spiritual,Human08,I am always optimistic about my future
PWS_1,I am always optimistic about my future.,Emotional,Human09,I am always optimistic about my future
PWS_1,I am always optimistic about my future.,Spiritual,Human10,I am always optimistic about my future
PWS_1,I am always optimistic about my future.,Emotional,Human11,I am always optimistic about my future
PWS_1,I am always optimistic about my future.,Spiritual,Human12,I am always optimistic about my future
PWS_1,I am always optimistic about my future.,Emotional,Human13,I am always optimistic about my future
PWS_1,I am always optimistic about my future.,Emotional,Human14,I am always optimistic about my future
PWS_1,I am always optimistic about my future.,Emotional,Human15,I am always optimistic about my future
PWS_1,I am always optimistic about my future.,Emotional,Human16,I am always optimistic about my future
PWS_1,I am always optimistic about my future.,Occupational,Human17,I am always optimistic about my future
PWS_1,I am always optimistic about my future.,Emotional,Human18,I am always optimistic about my future
PWS_1,I am always optimistic about my future.,Intellectual,Human19,I am always optimistic about my future
PWS_1,I am always optimistic about my future.,Spiritual,Human20,I am always optimistic about my future
PWS_1,I am always optimistic about my future.,Emotional,Human21,I am always optimistic about my future
PWS_1,I am always optimistic about my future.,Spiritual,Human22,I am always optimistic about my future
PWS_1,I am always optimistic about my future.,Occupational,Human23,I am always optimistic about my future
PWS_1,I am always optimistic about my future.,Emotional,Human24,I am always optimistic about my future
PWS_1,I am always optimistic about my future.,Emotional,Human25,I am always optimistic about my future
PWS_1,I am always optimistic about my future.,Spiritual,Human26,I am always optimistic about my future
PWS_1,I am always optimistic about my future.,Emotional,Human27,I am always optimistic about my future
PWS_1,I am always optimistic about my future.,Emotional,Human28,I am always optimistic about my future
PWS_2,There have been times when I felt inferior to most of the people I knew.,Emotional,Human01,There have been times when I felt inferior to most of the people I knew
PWS_2,There have been times when I felt inferior to most of the people I knew.,Emotional,Human02,There have been times when I felt inferior to most of the people I knew
PWS_2,There have been times when I felt inferior to most of the people I knew.,Emotional,Human03,There have been times when I felt inferior to most of the people I knew
PWS_2,There have been times when I felt inferior to most of the people I knew.,Social,Human04,There have been times when I felt inferior to most of the people I knew
PWS_2,There have been times when I felt inferior to most of the people I knew.,Spiritual,Human05,There have been times when I felt inferior to most of the people I knew
PWS_2,There have been times when I felt inferior to most of the people I knew.,Social,Human06,There have been times when I felt inferior to most of the people I knew
PWS_2,There have been times when I felt inferior to most of the people I knew.,Emotional,Human07,There have been times when I felt inferior to most of the people I knew
PWS_2,There have been times when I felt inferior to most of the people I knew.,Emotional,Human08,There have been times when I felt inferior to most of the people I knew
PWS_2,There have been times when I felt inferior to most of the people I knew.,Social,Human09,There have been times when I felt inferior to most of the people I knew
PWS_2,There have been times when I felt inferior to most of the people I knew.,Social,Human10,There have been times when I felt inferior to most of the people I knew
PWS_2,There have been times when I felt inferior to most of the people I knew.,Social,Human11,There have been times when I felt inferior to most of the people I knew
PWS_2,There have been times when I felt inferior to most of the people I knew.,Social,Human12,There have been times when I felt inferior to most of the people I knew
PWS_2,There have been times when I felt inferior to most of the people I knew.,Social,Human13,There have been times when I felt inferior to most of the people I knew
PWS_2,There have been times when I felt inferior to most of the people I knew.,Social,Human14,There have been times when I felt inferior to most of the people I knew
PWS_2,There have been times when I felt inferior to most of the people I knew.,Social,Human15,There have been times when I felt inferior to most of the people I knew
PWS_2,There have been times when I felt inferior to most of the people I knew.,Social,Human16,There have been times when I felt inferior to most of the people I knew
PWS_2,There have been times when I felt inferior to most of the people I knew.,Social,Human17,There have been times when I felt inferior to most of the people I knew
PWS_2,There have been times when I felt inferior to most of the people I knew.,Social,Human18,There have been times when I felt inferior to most of the people I knew
PWS_2,There have been times when I felt inferior to most of the people I knew.,Social,Human19,There have been times when I felt inferior to most of the people I knew
PWS_2,There have been times when I felt inferior to most of the people I knew.,Social,Human20,There have been times when I felt inferior to most of the people I knew
PWS_2,There have been times when I felt inferior to most of the people I knew.,Emotional,Human21,There have been times when I felt inferior to most of the people I knew
PWS_2,There have been times when I felt inferior to most of the people I knew.,Social,Human22,There have been times when I felt inferior to most of the people I knew
PWS_2,There have been times when I felt inferior to most of the people I knew.,Emotional,Human23,There have been times when I felt inferior to most of the people I knew
PWS_2,There have been times when I felt inferior to most of the people I knew.,Emotional,Human24,There have been times when I felt inferior to most of the people I knew
PWS_2,There have been times when I felt inferior to most of the people I knew.,Social,Human25,There have been times when I felt inferior to most of the people I knew
PWS_2,There have been times when I felt inferior to most of the people I knew.,Emotional,Human26,There have been times when I felt inferior to most of the people I knew
PWS_2,There have been times when I felt inferior to most of the people I knew.,Environmental,Human27,There have been times when I felt inferior to most of the people I knew
PWS_2,There have been times when I felt inferior to most of the people I knew.,Social,Human28,There have been times when I felt inferior to most of the people I knew
PWS_3,Members of my family come to me for support.,Social,Human01,Members of my family come to me for support
PWS_3,Members of my family come to me for support.,Social,Human02,Members of my family come to me for support
PWS_3,Members of my family come to me for support.,Social,Human03,Members of my family come to me for support
PWS_3,Members of my family come to me for support.,Social,Human04,Members of my family come to me for support
PWS_3,Members of my family come to me for support.,Social,Human05,Members of my family come to me for support
PWS_3,Members of my family come to me for support.,Social,Human06,Members of my family come to me for support
PWS_3,Members of my family come to me for support.,Social,Human07,Members of my family come to me for support
PWS_3,Members of my family come to me for support.,Social,Human08,Members of my family come to me for support
PWS_3,Members of my family come to me for support.,Social,Human09,Members of my family come to me for support
PWS_3,Members of my family come to me for support.,Social,Human10,Members of my family come to me for support
PWS_3,Members of my family come to me for support.,Social,Human11,Members of my family come to me for support
PWS_3,Members of my family come to me for support.,Social,Human12,Members of my family come to me for support
PWS_3,Members of my family come to me for support.,Social,Human13,Members of my family come to me for support
PWS_3,Members of my family come to me for support.,Social,Human14,Members of my family come to me for support
PWS_3,Members of my family come to me for support.,Social,Human15,Members of my family come to me for support
PWS_3,Members of my family come to me for support.,Social,Human16,Members of my family come to me for support
PWS_3,Members of my family come to me for support.,Social,Human17,Members of my family come to me for support
PWS_3,Members of my family come to me for support.,Social,Human18,Members of my family come to me for support
PWS_3,Members of my family come to me for support.,Social,Human19,Members of my family come to me for support
PWS_3,Members of my family come to me for support.,Social,Human20,Members of my family come to me for support
PWS_3,Members of my family come to me for support.,Social,Human21,Members of my family come to me for support
PWS_3,Members of my family come to me for support.,Social,Human22,Members of my family come to me for support
PWS_3,Members of my family come to me for support.,Social,Human23,Members of my family come to me for support
PWS_3,Members of my family come to me for support.,Social,Human24,Members of my family come to me for support
PWS_3,Members of my family come to me for support.,Social,Human25,Members of my family come to me for support
PWS_3,Members of my family come to me for support.,Social,Human26,Members of my family come to me for support
PWS_3,Members of my family come to me for support.,Social,Human27,Members of my family come to me for support
PWS_3,Members of my family come to me for support.,Social,Human28,Members of my family come to me for support
,"Compared to others of your same age and sex, how is your health?2",Physical,Human01,"Compared to others of your same age and sex, how is your health?2"
,"Compared to others of your same age and sex, how is your health?2",Physical,Human02,"Compared to others of your same age and sex, how is your health?2"
,"Compared to others of your same age and sex, how is your health?2",Physical,Human03,"Compared to others of your same age and sex, how is your health?2"
,"Compared to others of your same age and sex, how is your health?2",Physical,Human04,"Compared to others of your same age and sex, how is your health?2"
,"Compared to others of your same age and sex, how is your health?2",Physical,Human05,"Compared to others of your same age and sex, how is your health?2"
,"Compared to others of your same age and sex, how is your health?2",Physical,Human06,"Compared to others of your same age and sex, how is your health?2"
,"Compared to others of your same age and sex, how is your health?2",Physical,Human07,"Compared to others of your same age and sex, how is your health?2"
,"Compared to others of your same age and sex, how is your health?2",Physical,Human08,"Compared to others of your same age and sex, how is your health?2"
,"Compared to others of your same age and sex, how is your health?2",Physical,Human09,"Compared to others of your same age and sex, how is your health?2"
,"Compared to others of your same age and sex, how is your health?2",Physical,Human10,"Compared to others of your same age and sex, how is your health?2"
,"Compared to others of your same age and sex, how is your health?2",Physical,Human11,"Compared to others of your same age and sex, how is your health?2"
,"Compared to others of your same age and sex, how is your health?2",Physical,Human12,"Compared to others of your same age and sex, how is your health?2"
,"Compared to others of your same age and sex, how is your health?2",Physical,Human13,"Compared to others of your same age and sex, how is your health?2"
,"Compared to others of your same age and sex, how is your health?2",Physical,Human14,"Compared to others of your same age and sex, how is your health?2"
,"Compared to others of your same age and sex, how is your health?2",Physical,Human15,"Compared to others of your same age and sex, how is your health?2"
,"Compared to others of your same age and sex, how is your health?2",Physical,Human16,"Compared to others of your same age and sex, how is your health?2"
,"Compared to others of your same age and sex, how is your health?2",Physical,Human17,"Compared to others of your same age and sex, how is your health?2"
,"Compared to others of your same age and sex, how is your health?2",Social,Human18,"Compared to others of your same age and sex, how is your health?2"
,"Compared to others of your same age and sex, how is your health?2",Physical,Human19,"Compared to others of your same age and sex, how is your health?2"
,"Compared to others of your same age and sex, how is your health?2",Physical,Human20,"Compared to others of your same age and sex, how is your health?2"
,"Compared to others of your same age and sex, how is your health?2",Physical,Human21,"Compared to others of your same age and sex, how is your health?2"
,"Compared to others of your same age and sex, how is your health?2",Physical,Human22,"Compared to others of your same age and sex, how is your health?2"
,"Compared to others of your same age and sex, how is your health?2",Physical,Human23,"Compared to others of your same age and sex, how is your health?2"
,"Compared to others of your same age and sex, how is your health?2",Physical,Human24,"Compared to others of your same age and sex, how is your health?2"
,"Compared to others of your same age and sex, how is your health?2",Physical,Human25,"Compared to others of your same age and sex, how is your health?2"
,"Compared to others of your same age and sex, how is your health?2",Physical,Human26,"Compared to others of your same age and sex, how is your health?2"
,"Compared to others of your same age and sex, how is your health?2",Physical,Human27,"Compared to others of your same age and sex, how is your health?2"
,"Compared to others of your same age and sex, how is your health?2",Physical,Human28,"Compared to others of your same age and sex, how is your health?2"
,"During the past month, how long (in minutes) has it usually taken you to fall asleep each night?2",Physical,Human01,"During the past month, how long (in minutes) has it usually taken you to fall asleep each night?2"
,"During the past month, how long (in minutes) has it usually taken you to fall asleep each night?2",Physical,Human02,"During the past month, how long (in minutes) has it usually taken you to fall asleep each night?2"
,"During the past month, how long (in minutes) has it usually taken you to fall asleep each night?2",Physical,Human03,"During the past month, how long (in minutes) has it usually taken you to fall asleep each night?2"
,"During the past month, how long (in minutes) has it usually taken you to fall asleep each night?2",Physical,Human04,"During the past month, how long (in minutes) has it usually taken you to fall asleep each night?2"
,"During the past month, how long (in minutes) has it usually taken you to fall asleep each night?2",Physical,Human05,"During the past month, how long (in minutes) has it usually taken you to fall asleep each night?2"
,"During the past month, how long (in minutes) has it usually taken you to fall asleep each night?2",Emotional,Human06,"During the past month, how long (in minutes) has it usually taken you to fall asleep each night?2"
,"During the past month, how long (in minutes) has it usually taken you to fall asleep each night?2",Physical,Human07,"During the past month, how long (in minutes) has it usually taken you to fall asleep each night?2"
,"During the past month, how long (in minutes) has it usually taken you to fall asleep each night?2",Physical,Human08,"During the past month, how long (in minutes) has it usually taken you to fall asleep each night?2"
,"During the past month, how long (in minutes) has it usually taken you to fall asleep each night?2",Physical,Human09,"During the past month, how long (in minutes) has it usually taken you to fall asleep each night?2"
,"During the past month, how long (in minutes) has it usually taken you to fall asleep each night?2",Physical,Human10,"During the past month, how long (in minutes) has it usually taken you to fall asleep each night?2"
,"During the past month, how long (in minutes) has it usually taken you to fall asleep each night?2",Physical,Human11,"During the past month, how long (in minutes) has it usually taken you to fall asleep each night?2"
,"During the past month, how long (in minutes) has it usually taken you to fall asleep each night?2",Physical,Human12,"During the past month, how long (in minutes) has it usually taken you to fall asleep each night?2"
,"During the past month, how long (in minutes) has it usually taken you to fall asleep each night?2",Physical,Human13,"During the past month, how long (in minutes) has it usually taken you to fall asleep each night?2"
,"During the past month, how long (in minutes) has it usually taken you to fall asleep each night?2",Physical,Human14,"During the past month, how long (in minutes) has it usually taken you to fall asleep each night?2"
,"During the past month, how long (in minutes) has it usually taken you to fall asleep each night?2",Physical,Human15,"During the past month, how long (in minutes) has it usually taken you to fall asleep each night?2"
,"During the past month, how long (in minutes) has it usually taken you to fall asleep each night?2",Physical,Human16,"During the past month, how long (in minutes) has it usually taken you to fall asleep each night?2"
,"During the past month, how long (in minutes) has it usually taken you to fall asleep each night?2",Physical,Human17,"During the past month, how long (in minutes) has it usually taken you to fall asleep each night?2"
,"During the past month, how long (in minutes) has it usually taken you to fall asleep each night?2",Environmental,Human18,"During the past month, how long (in minutes) has it usually taken you to fall asleep each night?2"
,"During the past month, how long (in minutes) has it usually taken you to fall asleep each night?2",Physical,Human19,"During the past month, how long (in minutes) has it usually taken you to fall asleep each night?2"
,"During the past month, how long (in minutes) has it usually taken you to fall asleep each night?2",Physical,Human20,"During the past month, how long (in minutes) has it usually taken you to fall asleep each night?2"
,"During the past month, how long (in minutes) has it usually taken you to fall asleep each night?2",Physical,Human21,"During the past month, how long (in minutes) has it usually taken you to fall asleep each night?2"
,"During the past month, how long (in minutes) has it usually taken you to fall asleep each night?2",Physical,Human22,"During the past month, how long (in minutes) has it usually taken you to fall asleep each night?2"
,"During the past month, how long (in minutes) has it usually taken you to fall asleep each night?2",Physical,Human23,"During the past month, how long (in minutes) has it usually taken you to fall asleep each night?2"
,"During the past month, how long (in minutes) has it usually taken you to fall asleep each night?2",Physical,Human24,"During the past month, how long (in minutes) has it usually taken you to fall asleep each night?2"
,"During the past month, how long (in minutes) has it usually taken you to fall asleep each night?2",Physical,Human25,"During the past month, how long (in minutes) has it usually taken you to fall asleep each night?2"
,"During the past month, how long (in minutes) has it usually taken you to fall asleep each night?2",Physical,Human26,"During the past month, how long (in minutes) has it usually taken you to fall asleep each night?2"
,"During the past month, how long (in minutes) has it usually taken you to fall asleep each night?2",Physical,Human27,"During the past month, how long (in minutes) has it usually taken you to fall asleep each night?2"
,"During the past month, how long (in minutes) has it usually taken you to fall asleep each night?2",Physical,Human28,"During the past month, how long (in minutes) has it usually taken you to fall asleep each night?2"
,"During the past month, how many hours of actual sleep did you get at night?2",Physical,Human01,"During the past month, how many hours of actual sleep did you get at night?2"
,"During the past month, how many hours of actual sleep did you get at night?2",Physical,Human02,"During the past month, how many hours of actual sleep did you get at night?2"
,"During the past month, how many hours of actual sleep did you get at night?2",Physical,Human03,"During the past month, how many hours of actual sleep did you get at night?2"
,"During the past month, how many hours of actual sleep did you get at night?2",Physical,Human04,"During the past month, how many hours of actual sleep did you get at night?2"
,"During the past month, how many hours of actual sleep did you get at night?2",Physical,Human05,"During the past month, how many hours of actual sleep did you get at night?2"
,"During the past month, how many hours of actual sleep did you get at night?2",Physical,Human06,"During the past month, how many hours of actual sleep did you get at night?2"
,"During the past month, how many hours of actual sleep did you get at night?2",Physical,Human07,"During the past month, how many hours of actual sleep did you get at night?2"
,"During the past month, how many hours of actual sleep did you get at night?2",Physical,Human08,"During the past month, how many hours of actual sleep did you get at night?2"
,"During the past month, how many hours of actual sleep did you get at night?2",Physical,Human09,"During the past month, how many hours of actual sleep did you get at night?2"
,"During the past month, how many hours of actual sleep did you get at night?2",Physical,Human10,"During the past month, how many hours of actual sleep did you get at night?2"
,"During the past month, how many hours of actual sleep did you get at night?2",Physical,Human11,"During the past month, how many hours of actual sleep did you get at night?2"
,"During the past month, how many hours of actual sleep did you get at night?2",Physical,Human12,"During the past month, how many hours of actual sleep did you get at night?2"
,"During the past month, how many hours of actual sleep did you get at night?2",Physical,Human13,"During the past month, how many hours of actual sleep did you get at night?2"
,"During the past month, how many hours of actual sleep did you get at night?2",Physical,Human14,"During the past month, how many hours of actual sleep did you get at night?2"
,"During the past month, how many hours of actual sleep did you get at night?2",Physical,Human15,"During the past month, how many hours of actual sleep did you get at night?2"
,"During the past month, how many hours of actual sleep did you get at night?2",Physical,Human16,"During the past month, how many hours of actual sleep did you get at night?2"
,"During the past month, how many hours of actual sleep did you get at night?2",Physical,Human17,"During the past month, how many hours of actual sleep did you get at night?2"
,"During the past month, how many hours of actual sleep did you get at night?2",Social,Human18,"During the past month, how many hours of actual sleep did you get at night?2"
,"During the past month, how many hours of actual sleep did you get at night?2",Physical,Human19,"During the past month, how many hours of actual sleep did you get at night?2"
,"During the past month, how many hours of actual sleep did you get at night?2",Physical,Human20,"During the past month, how many hours of actual sleep did you get at night?2"
,"During the past month, how many hours of actual sleep did you get at night?2",Physical,Human21,"During the past month, how many hours of actual sleep did you get at night?2"
,"During the past month, how many hours of actual sleep did you get at night?2",Physical,Human22,"During the past month, how many hours of actual sleep did you get at night?2"
,"During the past month, how many hours of actual sleep did you get at night?2",Physical,Human23,"During the past month, how many hours of actual sleep did you get at night?2"
,"During the past month, how many hours of actual sleep did you get at night?2",Physical,Human24,"During the past month, how many hours of actual sleep did you get at night?2"
,"During the past month, how many hours of actual sleep did you get at night?2",Physical,Human25,"During the past month, how many hours of actual sleep did you get at night?2"
,"During the past month, how many hours of actual sleep did you get at night?2",Physical,Human26,"During the past month, how many hours of actual sleep did you get at night?2"
,"During the past month, how many hours of actual sleep did you get at night?2",Physical,Human27,"During the past month, how many hours of actual sleep did you get at night?2"
,"During the past month, how many hours of actual sleep did you get at night?2",Physical,Human28,"During the past month, how many hours of actual sleep did you get at night?2"
,"During the past month, how much of a problem has it been for you to keep up enough enthusiasm to get things done?2",Emotional,Human01,"During the past month, how much of a problem has it been for you to keep up enough enthusiasm to get things done?2"
,"During the past month, how much of a problem has it been for you to keep up enough enthusiasm to get things done?2",Emotional,Human02,"During the past month, how much of a problem has it been for you to keep up enough enthusiasm to get things done?2"
,"During the past month, how much of a problem has it been for you to keep up enough enthusiasm to get things done?2",Emotional,Human03,"During the past month, how much of a problem has it been for you to keep up enough enthusiasm to get things done?2"
,"During the past month, how much of a problem has it been for you to keep up enough enthusiasm to get things done?2",Physical,Human04,"During the past month, how much of a problem has it been for you to keep up enough enthusiasm to get things done?2"
,"During the past month, how much of a problem has it been for you to keep up enough enthusiasm to get things done?2",Emotional,Human05,"During the past month, how much of a problem has it been for you to keep up enough enthusiasm to get things done?2"
,"During the past month, how much of a problem has it been for you to keep up enough enthusiasm to get things done?2",Emotional,Human06,"During the past month, how much of a problem has it been for you to keep up enough enthusiasm to get things done?2"
,"During the past month, how much of a problem has it been for you to keep up enough enthusiasm to get things done?2",Emotional,Human07,"During the past month, how much of a problem has it been for you to keep up enough enthusiasm to get things done?2"
,"During the past month, how much of a problem has it been for you to keep up enough enthusiasm to get things done?2",Spiritual,Human08,"During the past month, how much of a problem has it been for you to keep up enough enthusiasm to get things done?2"
,"During the past month, how much of a problem has it been for you to keep up enough enthusiasm to get things done?2",Emotional,Human09,"During the past month, how much of a problem has it been for you to keep up enough enthusiasm to get things done?2"
,"During the past month, how much of a problem has it been for you to keep up enough enthusiasm to get things done?2",Physical,Human10,"During the past month, how much of a problem has it been for you to keep up enough enthusiasm to get things done?2"
,"During the past month, how much of a problem has it been for you to keep up enough enthusiasm to get things done?2",Emotional,Human11,"During the past month, how much of a problem has it been for you to keep up enough enthusiasm to get things done?2"
,"During the past month, how much of a problem has it been for you to keep up enough enthusiasm to get things done?2",Social,Human12,"During the past month, how much of a problem has it been for you to keep up enough enthusiasm to get things done?2"
,"During the past month, how much of a problem has it been for you to keep up enough enthusiasm to get things done?2",Emotional,Human13,"During the past month, how much of a problem has it been for you to keep up enough enthusiasm to get things done?2"
,"During the past month, how much of a problem has it been for you to keep up enough enthusiasm to get things done?2",Emotional,Human14,"During the past month, how much of a problem has it been for you to keep up enough enthusiasm to get things done?2"
,"During the past month, how much of a problem has it been for you to keep up enough enthusiasm to get things done?2",Emotional,Human15,"During the past month, how much of a problem has it been for you to keep up enough enthusiasm to get things done?2"
,"During the past month, how much of a problem has it been for you to keep up enough enthusiasm to get things done?2",Occupational,Human16,"During the past month, how much of a problem has it been for you to keep up enough enthusiasm to get things done?2"
,"During the past month, how much of a problem has it been for you to keep up enough enthusiasm to get things done?2",Physical,Human17,"During the past month, how much of a problem has it been for you to keep up enough enthusiasm to get things done?2"
,"During the past month, how much of a problem has it been for you to keep up enough enthusiasm to get things done?2",Intellectual,Human18,"During the past month, how much of a problem has it been for you to keep up enough enthusiasm to get things done?2"
,"During the past month, how much of a problem has it been for you to keep up enough enthusiasm to get things done?2",Emotional,Human19,"During the past month, how much of a problem has it been for you to keep up enough enthusiasm to get things done?2"
,"During the past month, how much of a problem has it been for you to keep up enough enthusiasm to get things done?2",Spiritual,Human20,"During the past month, how much of a problem has it been for you to keep up enough enthusiasm to get things done?2"
,"During the past month, how much of a problem has it been for you to keep up enough enthusiasm to get things done?2",Physical,Human21,"During the past month, how much of a problem has it been for you to keep up enough enthusiasm to get things done?2"
,"During the past month, how much of a problem has it been for you to keep up enough enthusiasm to get things done?2",Emotional,Human22,"During the past month, how much of a problem has it been for you to keep up enough enthusiasm to get things done?2"
,"During the past month, how much of a problem has it been for you to keep up enough enthusiasm to get things done?2",Spiritual,Human23,"During the past month, how much of a problem has it been for you to keep up enough enthusiasm to get things done?2"
,"During the past month, how much of a problem has it been for you to keep up enough enthusiasm to get things done?2",Physical,Human24,"During the past month, how much of a problem has it been for you to keep up enough enthusiasm to get things done?2"
,"During the past month, how much of a problem has it been for you to keep up enough enthusiasm to get things done?2",Emotional,Human25,"During the past month, how much of a problem has it been for you to keep up enough enthusiasm to get things done?2"
,"During the past month, how much of a problem has it been for you to keep up enough enthusiasm to get things done?2",Emotional,Human26,"During the past month, how much of a problem has it been for you to keep up enough enthusiasm to get things done?2"
,"During the past month, how much of a problem has it been for you to keep up enough enthusiasm to get things done?2",Emotional,Human27,"During the past month, how much of a problem has it been for you to keep up enough enthusiasm to get things done?2"
,"During the past month, how much of a problem has it been for you to keep up enough enthusiasm to get things done?2",Physical,Human28,"During the past month, how much of a problem has it been for you to keep up enough enthusiasm to get things done?2"
,"During the past month, how much of a problem has it been for you to keep up enough enthusiasm to get things done?3",Emotional,Human01,"During the past month, how much of a problem has it been for you to keep up enough enthusiasm to get things done?3"
,"During the past month, how much of a problem has it been for you to keep up enough enthusiasm to get things done?3",Emotional,Human02,"During the past month, how much of a problem has it been for you to keep up enough enthusiasm to get things done?3"
,"During the past month, how much of a problem has it been for you to keep up enough enthusiasm to get things done?3",Emotional,Human03,"During the past month, how much of a problem has it been for you to keep up enough enthusiasm to get things done?3"
,"During the past month, how much of a problem has it been for you to keep up enough enthusiasm to get things done?3",Physical,Human04,"During the past month, how much of a problem has it been for you to keep up enough enthusiasm to get things done?3"
,"During the past month, how much of a problem has it been for you to keep up enough enthusiasm to get things done?3",Physical,Human05,"During the past month, how much of a problem has it been for you to keep up enough enthusiasm to get things done?3"
,"During the past month, how much of a problem has it been for you to keep up enough enthusiasm to get things done?3",Emotional,Human06,"During the past month, how much of a problem has it been for you to keep up enough enthusiasm to get things done?3"
,"During the past month, how much of a problem has it been for you to keep up enough enthusiasm to get things done?3",Emotional,Human07,"During the past month, how much of a problem has it been for you to keep up enough enthusiasm to get things done?3"
,"During the past month, how much of a problem has it been for you to keep up enough enthusiasm to get things done?3",Physical,Human08,"During the past month, how much of a problem has it been for you to keep up enough enthusiasm to get things done?3"
,"During the past month, how much of a problem has it been for you to keep up enough enthusiasm to get things done?3",Emotional,Human09,"During the past month, how much of a problem has it been for you to keep up enough enthusiasm to get things done?3"
,"During the past month, how much of a problem has it been for you to keep up enough enthusiasm to get things done?3",Physical,Human10,"During the past month, how much of a problem has it been for you to keep up enough enthusiasm to get things done?3"
,"During the past month, how much of a problem has it been for you to keep up enough enthusiasm to get things done?3",Physical,Human11,"During the past month, how much of a problem has it been for you to keep up enough enthusiasm to get things done?3"
,"During the past month, how much of a problem has it been for you to keep up enough enthusiasm to get things done?3",Social,Human12,"During the past month, how much of a problem has it been for you to keep up enough enthusiasm to get things done?3"
,"During the past month, how much of a problem has it been for you to keep up enough enthusiasm to get things done?3",Physical,Human13,"During the past month, how much of a problem has it been for you to keep up enough enthusiasm to get things done?3"
,"During the past month, how much of a problem has it been for you to keep up enough enthusiasm to get things done?3",Emotional,Human14,"During the past month, how much of a problem has it been for you to keep up enough enthusiasm to get things done?3"
,"During the past month, how much of a problem has it been for you to keep up enough enthusiasm to get things done?3",Physical,Human15,"During the past month, how much of a problem has it been for you to keep up enough enthusiasm to get things done?3"
,"During the past month, how much of a problem has it been for you to keep up enough enthusiasm to get things done?3",Occupational,Human16,"During the past month, how much of a problem has it been for you to keep up enough enthusiasm to get things done?3"
,"During the past month, how much of a problem has it been for you to keep up enough enthusiasm to get things done?3",Physical,Human17,"During the past month, how much of a problem has it been for you to keep up enough enthusiasm to get things done?3"
,"During the past month, how much of a problem has it been for you to keep up enough enthusiasm to get things done?3",Social,Human18,"During the past month, how much of a problem has it been for you to keep up enough enthusiasm to get things done?3"
,"During the past month, how much of a problem has it been for you to keep up enough enthusiasm to get things done?3",Emotional,Human19,"During the past month, how much of a problem has it been for you to keep up enough enthusiasm to get things done?3"
,"During the past month, how much of a problem has it been for you to keep up enough enthusiasm to get things done?3",Spiritual,Human20,"During the past month, how much of a problem has it been for you to keep up enough enthusiasm to get things done?3"
,"During the past month, how much of a problem has it been for you to keep up enough enthusiasm to get things done?3",Physical,Human21,"During the past month, how much of a problem has it been for you to keep up enough enthusiasm to get things done?3"
,"During the past month, how much of a problem has it been for you to keep up enough enthusiasm to get things done?3",Emotional,Human22,"During the past month, how much of a problem has it been for you to keep up enough enthusiasm to get things done?3"
,"During the past month, how much of a problem has it been for you to keep up enough enthusiasm to get things done?3",Spiritual,Human23,"During the past month, how much of a problem has it been for you to keep up enough enthusiasm to get things done?3"
,"During the past month, how much of a problem has it been for you to keep up enough enthusiasm to get things done?3",Physical,Human24,"During the past month, how much of a problem has it been for you to keep up enough enthusiasm to get things done?3"
,"During the past month, how much of a problem has it been for you to keep up enough enthusiasm to get things done?3",Emotional,Human25,"During the past month, how much of a problem has it been for you to keep up enough enthusiasm to get things done?3"
,"During the past month, how much of a problem has it been for you to keep up enough enthusiasm to get things done?3",Emotional,Human26,"During the past month, how much of a problem has it been for you to keep up enough enthusiasm to get things done?3"
,"During the past month, how much of a problem has it been for you to keep up enough enthusiasm to get things done?3",Emotional,Human27,"During the past month, how much of a problem has it been for you to keep up enough enthusiasm to get things done?3"
,"During the past month, how much of a problem has it been for you to keep up enough enthusiasm to get things done?3",Emotional,Human28,"During the past month, how much of a problem has it been for you to keep up enough enthusiasm to get things done?3"
,"During the past month, how much of a problem has it been for you to keep up enough enthusiasm to get things done?4",Emotional,Human01,"During the past month, how much of a problem has it been for you to keep up enough enthusiasm to get things done?4"
,"During the past month, how much of a problem has it been for you to keep up enough enthusiasm to get things done?4",Emotional,Human02,"During the past month, how much of a problem has it been for you to keep up enough enthusiasm to get things done?4"
,"During the past month, how much of a problem has it been for you to keep up enough enthusiasm to get things done?4",Emotional,Human03,"During the past month, how much of a problem has it been for you to keep up enough enthusiasm to get things done?4"
,"During the past month, how much of a problem has it been for you to keep up enough enthusiasm to get things done?4",Physical,Human04,"During the past month, how much of a problem has it been for you to keep up enough enthusiasm to get things done?4"
,"During the past month, how much of a problem has it been for you to keep up enough enthusiasm to get things done?4",Physical,Human05,"During the past month, how much of a problem has it been for you to keep up enough enthusiasm to get things done?4"
,"During the past month, how much of a problem has it been for you to keep up enough enthusiasm to get things done?4",Emotional,Human06,"During the past month, how much of a problem has it been for you to keep up enough enthusiasm to get things done?4"
,"During the past month, how much of a problem has it been for you to keep up enough enthusiasm to get things done?4",Emotional,Human07,"During the past month, how much of a problem has it been for you to keep up enough enthusiasm to get things done?4"
,"During the past month, how much of a problem has it been for you to keep up enough enthusiasm to get things done?4",Physical,Human08,"During the past month, how much of a problem has it been for you to keep up enough enthusiasm to get things done?4"
,"During the past month, how much of a problem has it been for you to keep up enough enthusiasm to get things done?4",Emotional,Human09,"During the past month, how much of a problem has it been for you to keep up enough enthusiasm to get things done?4"
,"During the past month, how much of a problem has it been for you to keep up enough enthusiasm to get things done?4",Emotional,Human10,"During the past month, how much of a problem has it been for you to keep up enough enthusiasm to get things done?4"
,"During the past month, how much of a problem has it been for you to keep up enough enthusiasm to get things done?4",Physical,Human11,"During the past month, how much of a problem has it been for you to keep up enough enthusiasm to get things done?4"
,"During the past month, how much of a problem has it been for you to keep up enough enthusiasm to get things done?4",Emotional,Human12,"During the past month, how much of a problem has it been for you to keep up enough enthusiasm to get things done?4"
,"During the past month, how much of a problem has it been for you to keep up enough enthusiasm to get things done?4",Emotional,Human13,"During the past month, how much of a problem has it been for you to keep up enough enthusiasm to get things done?4"
,"During the past month, how much of a problem has it been for you to keep up enough enthusiasm to get things done?4",Emotional,Human14,"During the past month, how much of a problem has it been for you to keep up enough enthusiasm to get things done?4"
,"During the past month, how much of a problem has it been for you to keep up enough enthusiasm to get things done?4",Emotional,Human15,"During the past month, how much of a problem has it been for you to keep up enough enthusiasm to get things done?4"
,"During the past month, how much of a problem has it been for you to keep up enough enthusiasm to get things done?4",Occupational,Human16,"During the past month, how much of a problem has it been for you to keep up enough enthusiasm to get things done?4"
,"During the past month, how much of a problem has it been for you to keep up enough enthusiasm to get things done?4",Physical,Human17,"During the past month, how much of a problem has it been for you to keep up enough enthusiasm to get things done?4"
,"During the past month, how much of a problem has it been for you to keep up enough enthusiasm to get things done?4",Spiritual,Human18,"During the past month, how much of a problem has it been for you to keep up enough enthusiasm to get things done?4"
,"During the past month, how much of a problem has it been for you to keep up enough enthusiasm to get things done?4",Environmental,Human19,"During the past month, how much of a problem has it been for you to keep up enough enthusiasm to get things done?4"
,"During the past month, how much of a problem has it been for you to keep up enough enthusiasm to get things done?4",Spiritual,Human20,"During the past month, how much of a problem has it been for you to keep up enough enthusiasm to get things done?4"
,"During the past month, how much of a problem has it been for you to keep up enough enthusiasm to get things done?4",Physical,Human21,"During the past month, how much of a problem has it been for you to keep up enough enthusiasm to get things done?4"
,"During the past month, how much of a problem has it been for you to keep up enough enthusiasm to get things done?4",Emotional,Human22,"During the past month, how much of a problem has it been for you to keep up enough enthusiasm to get things done?4"
,"During the past month, how much of a problem has it been for you to keep up enough enthusiasm to get things done?4",Spiritual,Human23,"During the past month, how much of a problem has it been for you to keep up enough enthusiasm to get things done?4"
,"During the past month, how much of a problem has it been for you to keep up enough enthusiasm to get things done?4",Physical,Human24,"During the past month, how much of a problem has it been for you to keep up enough enthusiasm to get things done?4"
,"During the past month, how much of a problem has it been for you to keep up enough enthusiasm to get things done?4",Emotional,Human25,"During the past month, how much of a problem has it been for you to keep up enough enthusiasm to get things done?4"
,"During the past month, how much of a problem has it been for you to keep up enough enthusiasm to get things done?4",Emotional,Human26,"During the past month, how much of a problem has it been for you to keep up enough enthusiasm to get things done?4"
,"During the past month, how much of a problem has it been for you to keep up enough enthusiasm to get things done?4",Emotional,Human27,"During the past month, how much of a problem has it been for you to keep up enough enthusiasm to get things done?4"
,"During the past month, how much of a problem has it been for you to keep up enough enthusiasm to get things done?4",Emotional,Human28,"During the past month, how much of a problem has it been for you to keep up enough enthusiasm to get things done?4"
,"During the past month, how often has your bed partner or room mate reported episodes of disorientation or confusion during sleep?2",Physical,Human01,"During the past month, how often has your bed partner or room mate reported episodes of disorientation or confusion during sleep?2"
,"During the past month, how often has your bed partner or room mate reported episodes of disorientation or confusion during sleep?2",Physical,Human02,"During the past month, how often has your bed partner or room mate reported episodes of disorientation or confusion during sleep?2"
,"During the past month, how often has your bed partner or room mate reported episodes of disorientation or confusion during sleep?2",Physical,Human03,"During the past month, how often has your bed partner or room mate reported episodes of disorientation or confusion during sleep?2"
,"During the past month, how often has your bed partner or room mate reported episodes of disorientation or confusion during sleep?2",Physical,Human04,"During the past month, how often has your bed partner or room mate reported episodes of disorientation or confusion during sleep?2"
,"During the past month, how often has your bed partner or room mate reported episodes of disorientation or confusion during sleep?2",Physical,Human05,"During the past month, how often has your bed partner or room mate reported episodes of disorientation or confusion during sleep?2"
,"During the past month, how often has your bed partner or room mate reported episodes of disorientation or confusion during sleep?2",Physical,Human06,"During the past month, how often has your bed partner or room mate reported episodes of disorientation or confusion during sleep?2"
,"During the past month, how often has your bed partner or room mate reported episodes of disorientation or confusion during sleep?2",Physical,Human07,"During the past month, how often has your bed partner or room mate reported episodes of disorientation or confusion during sleep?2"
,"During the past month, how often has your bed partner or room mate reported episodes of disorientation or confusion during sleep?2",Physical,Human08,"During the past month, how often has your bed partner or room mate reported episodes of disorientation or confusion during sleep?2"
,"During the past month, how often has your bed partner or room mate reported episodes of disorientation or confusion during sleep?2",Physical,Human09,"During the past month, how often has your bed partner or room mate reported episodes of disorientation or confusion during sleep?2"
,"During the past month, how often has your bed partner or room mate reported episodes of disorientation or confusion during sleep?2",Physical,Human10,"During the past month, how often has your bed partner or room mate reported episodes of disorientation or confusion during sleep?2"
,"During the past month, how often has your bed partner or room mate reported episodes of disorientation or confusion during sleep?2",Physical,Human11,"During the past month, how often has your bed partner or room mate reported episodes of disorientation or confusion during sleep?2"
,"During the past month, how often has your bed partner or room mate reported episodes of disorientation or confusion during sleep?2",Intellectual,Human12,"During the past month, how often has your bed partner or room mate reported episodes of disorientation or confusion during sleep?2"
,"During the past month, how often has your bed partner or room mate reported episodes of disorientation or confusion during sleep?2",Physical,Human13,"During the past month, how often has your bed partner or room mate reported episodes of disorientation or confusion during sleep?2"
,"During the past month, how often has your bed partner or room mate reported episodes of disorientation or confusion during sleep?2",Physical,Human14,"During the past month, how often has your bed partner or room mate reported episodes of disorientation or confusion during sleep?2"
,"During the past month, how often has your bed partner or room mate reported episodes of disorientation or confusion during sleep?2",Physical,Human15,"During the past month, how often has your bed partner or room mate reported episodes of disorientation or confusion during sleep?2"
,"During the past month, how often has your bed partner or room mate reported episodes of disorientation or confusion during sleep?2",Physical,Human16,"During the past month, how often has your bed partner or room mate reported episodes of disorientation or confusion during sleep?2"
,"During the past month, how often has your bed partner or room mate reported episodes of disorientation or confusion during sleep?2",Physical,Human17,"During the past month, how often has your bed partner or room mate reported episodes of disorientation or confusion during sleep?2"
,"During the past month, how often has your bed partner or room mate reported episodes of disorientation or confusion during sleep?2",Social,Human18,"During the past month, how often has your bed partner or room mate reported episodes of disorientation or confusion during sleep?2"
,"During the past month, how often has your bed partner or room mate reported episodes of disorientation or confusion during sleep?2",Environmental,Human19,"During the past month, how often has your bed partner or room mate reported episodes of disorientation or confusion during sleep?2"
,"During the past month, how often has your bed partner or room mate reported episodes of disorientation or confusion during sleep?2",Physical,Human20,"During the past month, how often has your bed partner or room mate reported episodes of disorientation or confusion during sleep?2"
,"During the past month, how often has your bed partner or room mate reported episodes of disorientation or confusion during sleep?2",Physical,Human21,"During the past month, how often has your bed partner or room mate reported episodes of disorientation or confusion during sleep?2"
,"During the past month, how often has your bed partner or room mate reported episodes of disorientation or confusion during sleep?2",Physical,Human22,"During the past month, how often has your bed partner or room mate reported episodes of disorientation or confusion during sleep?2"
,"During the past month, how often has your bed partner or room mate reported episodes of disorientation or confusion during sleep?2",Emotional,Human23,"During the past month, how often has your bed partner or room mate reported episodes of disorientation or confusion during sleep?2"
,"During the past month, how often has your bed partner or room mate reported episodes of disorientation or confusion during sleep?2",Physical,Human24,"During the past month, how often has your bed partner or room mate reported episodes of disorientation or confusion during sleep?2"
,"During the past month, how often has your bed partner or room mate reported episodes of disorientation or confusion during sleep?2",Physical,Human25,"During the past month, how often has your bed partner or room mate reported episodes of disorientation or confusion during sleep?2"
,"During the past month, how often has your bed partner or room mate reported episodes of disorientation or confusion during sleep?2",Physical,Human26,"During the past month, how often has your bed partner or room mate reported episodes of disorientation or confusion during sleep?2"
,"During the past month, how often has your bed partner or room mate reported episodes of disorientation or confusion during sleep?2",Physical,Human27,"During the past month, how often has your bed partner or room mate reported episodes of disorientation or confusion during sleep?2"
,"During the past month, how often has your bed partner or room mate reported episodes of disorientation or confusion during sleep?2",Physical,Human28,"During the past month, how often has your bed partner or room mate reported episodes of disorientation or confusion during sleep?2"
,"During the past month, how often has your bed partner or room mate reported episodes of disorientation or confusion during sleep?3",Physical,Human01,"During the past month, how often has your bed partner or room mate reported episodes of disorientation or confusion during sleep?3"
,"During the past month, how often has your bed partner or room mate reported episodes of disorientation or confusion during sleep?3",Physical,Human02,"During the past month, how often has your bed partner or room mate reported episodes of disorientation or confusion during sleep?3"
,"During the past month, how often has your bed partner or room mate reported episodes of disorientation or confusion during sleep?3",Physical,Human03,"During the past month, how often has your bed partner or room mate reported episodes of disorientation or confusion during sleep?3"
,"During the past month, how often has your bed partner or room mate reported episodes of disorientation or confusion during sleep?3",Physical,Human04,"During the past month, how often has your bed partner or room mate reported episodes of disorientation or confusion during sleep?3"
,"During the past month, how often has your bed partner or room mate reported episodes of disorientation or confusion during sleep?3",Physical,Human05,"During the past month, how often has your bed partner or room mate reported episodes of disorientation or confusion during sleep?3"
,"During the past month, how often has your bed partner or room mate reported episodes of disorientation or confusion during sleep?3",Physical,Human06,"During the past month, how often has your bed partner or room mate reported episodes of disorientation or confusion during sleep?3"
,"During the past month, how often has your bed partner or room mate reported episodes of disorientation or confusion during sleep?3",Physical,Human07,"During the past month, how often has your bed partner or room mate reported episodes of disorientation or confusion during sleep?3"
,"During the past month, how often has your bed partner or room mate reported episodes of disorientation or confusion during sleep?3",Physical,Human08,"During the past month, how often has your bed partner or room mate reported episodes of disorientation or confusion during sleep?3"
,"During the past month, how often has your bed partner or room mate reported episodes of disorientation or confusion during sleep?3",Physical,Human09,"During the past month, how often has your bed partner or room mate reported episodes of disorientation or confusion during sleep?3"
,"During the past month, how often has your bed partner or room mate reported episodes of disorientation or confusion during sleep?3",Physical,Human10,"During the past month, how often has your bed partner or room mate reported episodes of disorientation or confusion during sleep?3"
,"During the past month, how often has your bed partner or room mate reported episodes of disorientation or confusion during sleep?3",Physical,Human11,"During the past month, how often has your bed partner or room mate reported episodes of disorientation or confusion during sleep?3"
,"During the past month, how often has your bed partner or room mate reported episodes of disorientation or confusion during sleep?3",Intellectual,Human12,"During the past month, how often has your bed partner or room mate reported episodes of disorientation or confusion during sleep?3"
,"During the past month, how often has your bed partner or room mate reported episodes of disorientation or confusion during sleep?3",Physical,Human13,"During the past month, how often has your bed partner or room mate reported episodes of disorientation or confusion during sleep?3"
,"During the past month, how often has your bed partner or room mate reported episodes of disorientation or confusion during sleep?3",Physical,Human14,"During the past month, how often has your bed partner or room mate reported episodes of disorientation or confusion during sleep?3"
,"During the past month, how often has your bed partner or room mate reported episodes of disorientation or confusion during sleep?3",Physical,Human15,"During the past month, how often has your bed partner or room mate reported episodes of disorientation or confusion during sleep?3"
,"During the past month, how often has your bed partner or room mate reported episodes of disorientation or confusion during sleep?3",Physical,Human16,"During the past month, how often has your bed partner or room mate reported episodes of disorientation or confusion during sleep?3"
,"During the past month, how often has your bed partner or room mate reported episodes of disorientation or confusion during sleep?3",Physical,Human17,"During the past month, how often has your bed partner or room mate reported episodes of disorientation or confusion during sleep?3"
,"During the past month, how often has your bed partner or room mate reported episodes of disorientation or confusion during sleep?3",Social,Human18,"During the past month, how often has your bed partner or room mate reported episodes of disorientation or confusion during sleep?3"
,"During the past month, how often has your bed partner or room mate reported episodes of disorientation or confusion during sleep?3",Environmental,Human19,"During the past month, how often has your bed partner or room mate reported episodes of disorientation or confusion during sleep?3"
,"During the past month, how often has your bed partner or room mate reported episodes of disorientation or confusion during sleep?3",Physical,Human20,"During the past month, how often has your bed partner or room mate reported episodes of disorientation or confusion during sleep?3"
,"During the past month, how often has your bed partner or room mate reported episodes of disorientation or confusion during sleep?3",Physical,Human21,"During the past month, how often has your bed partner or room mate reported episodes of disorientation or confusion during sleep?3"
,"During the past month, how often has your bed partner or room mate reported episodes of disorientation or confusion during sleep?3",Physical,Human22,"During the past month, how often has your bed partner or room mate reported episodes of disorientation or confusion during sleep?3"
,"During the past month, how often has your bed partner or room mate reported episodes of disorientation or confusion during sleep?3",Emotional,Human23,"During the past month, how often has your bed partner or room mate reported episodes of disorientation or confusion during sleep?3"
,"During the past month, how often has your bed partner or room mate reported episodes of disorientation or confusion during sleep?3",Physical,Human24,"During the past month, how often has your bed partner or room mate reported episodes of disorientation or confusion during sleep?3"
,"During the past month, how often has your bed partner or room mate reported episodes of disorientation or confusion during sleep?3",Physical,Human25,"During the past month, how often has your bed partner or room mate reported episodes of disorientation or confusion during sleep?3"
,"During the past month, how often has your bed partner or room mate reported episodes of disorientation or confusion during sleep?3",Physical,Human26,"During the past month, how often has your bed partner or room mate reported episodes of disorientation or confusion during sleep?3"
,"During the past month, how often has your bed partner or room mate reported episodes of disorientation or confusion during sleep?3",Physical,Human27,"During the past month, how often has your bed partner or room mate reported episodes of disorientation or confusion during sleep?3"
,"During the past month, how often has your bed partner or room mate reported episodes of disorientation or confusion during sleep?3",Physical,Human28,"During the past month, how often has your bed partner or room mate reported episodes of disorientation or confusion during sleep?3"
,"During the past month, how often has your bed partner or room mate reported episodes of disorientation or confusion during sleep?4",Physical,Human01,"During the past month, how often has your bed partner or room mate reported episodes of disorientation or confusion during sleep?4"
,"During the past month, how often has your bed partner or room mate reported episodes of disorientation or confusion during sleep?4",Physical,Human02,"During the past month, how often has your bed partner or room mate reported episodes of disorientation or confusion during sleep?4"
,"During the past month, how often has your bed partner or room mate reported episodes of disorientation or confusion during sleep?4",Physical,Human03,"During the past month, how often has your bed partner or room mate reported episodes of disorientation or confusion during sleep?4"
,"During the past month, how often has your bed partner or room mate reported episodes of disorientation or confusion during sleep?4",Physical,Human04,"During the past month, how often has your bed partner or room mate reported episodes of disorientation or confusion during sleep?4"
,"During the past month, how often has your bed partner or room mate reported episodes of disorientation or confusion during sleep?4",Physical,Human05,"During the past month, how often has your bed partner or room mate reported episodes of disorientation or confusion during sleep?4"
,"During the past month, how often has your bed partner or room mate reported episodes of disorientation or confusion during sleep?4",Physical,Human06,"During the past month, how often has your bed partner or room mate reported episodes of disorientation or confusion during sleep?4"
,"During the past month, how often has your bed partner or room mate reported episodes of disorientation or confusion during sleep?4",Physical,Human07,"During the past month, how often has your bed partner or room mate reported episodes of disorientation or confusion during sleep?4"
,"During the past month, how often has your bed partner or room mate reported episodes of disorientation or confusion during sleep?4",Physical,Human08,"During the past month, how often has your bed partner or room mate reported episodes of disorientation or confusion during sleep?4"
,"During the past month, how often has your bed partner or room mate reported episodes of disorientation or confusion during sleep?4",Physical,Human09,"During the past month, how often has your bed partner or room mate reported episodes of disorientation or confusion during sleep?4"
,"During the past month, how often has your bed partner or room mate reported episodes of disorientation or confusion during sleep?4",Physical,Human10,"During the past month, how often has your bed partner or room mate reported episodes of disorientation or confusion during sleep?4"
,"During the past month, how often has your bed partner or room mate reported episodes of disorientation or confusion during sleep?4",Physical,Human11,"During the past month, how often has your bed partner or room mate reported episodes of disorientation or confusion during sleep?4"
,"During the past month, how often has your bed partner or room mate reported episodes of disorientation or confusion during sleep?4",Intellectual,Human12,"During the past month, how often has your bed partner or room mate reported episodes of disorientation or confusion during sleep?4"
,"During the past month, how often has your bed partner or room mate reported episodes of disorientation or confusion during sleep?4",Physical,Human13,"During the past month, how often has your bed partner or room mate reported episodes of disorientation or confusion during sleep?4"
,"During the past month, how often has your bed partner or room mate reported episodes of disorientation or confusion during sleep?4",Physical,Human14,"During the past month, how often has your bed partner or room mate reported episodes of disorientation or confusion during sleep?4"
,"During the past month, how often has your bed partner or room mate reported episodes of disorientation or confusion during sleep?4",Physical,Human15,"During the past month, how often has your bed partner or room mate reported episodes of disorientation or confusion during sleep?4"
,"During the past month, how often has your bed partner or room mate reported episodes of disorientation or confusion during sleep?4",Physical,Human16,"During the past month, how often has your bed partner or room mate reported episodes of disorientation or confusion during sleep?4"
,"During the past month, how often has your bed partner or room mate reported episodes of disorientation or confusion during sleep?4",Physical,Human17,"During the past month, how often has your bed partner or room mate reported episodes of disorientation or confusion during sleep?4"
,"During the past month, how often has your bed partner or room mate reported episodes of disorientation or confusion during sleep?4",Spiritual,Human18,"During the past month, how often has your bed partner or room mate reported episodes of disorientation or confusion during sleep?4"
,"During the past month, how often has your bed partner or room mate reported episodes of disorientation or confusion during sleep?4",Environmental,Human19,"During the past month, how often has your bed partner or room mate reported episodes of disorientation or confusion during sleep?4"
,"During the past month, how often has your bed partner or room mate reported episodes of disorientation or confusion during sleep?4",Physical,Human20,"During the past month, how often has your bed partner or room mate reported episodes of disorientation or confusion during sleep?4"
,"During the past month, how often has your bed partner or room mate reported episodes of disorientation or confusion during sleep?4",Physical,Human21,"During the past month, how often has your bed partner or room mate reported episodes of disorientation or confusion during sleep?4"
,"During the past month, how often has your bed partner or room mate reported episodes of disorientation or confusion during sleep?4",Physical,Human22,"During the past month, how often has your bed partner or room mate reported episodes of disorientation or confusion during sleep?4"
,"During the past month, how often has your bed partner or room mate reported episodes of disorientation or confusion during sleep?4",Emotional,Human23,"During the past month, how often has your bed partner or room mate reported episodes of disorientation or confusion during sleep?4"
,"During the past month, how often has your bed partner or room mate reported episodes of disorientation or confusion during sleep?4",Physical,Human24,"During the past month, how often has your bed partner or room mate reported episodes of disorientation or confusion during sleep?4"
,"During the past month, how often has your bed partner or room mate reported episodes of disorientation or confusion during sleep?4",Physical,Human25,"During the past month, how often has your bed partner or room mate reported episodes of disorientation or confusion during sleep?4"
,"During the past month, how often has your bed partner or room mate reported episodes of disorientation or confusion during sleep?4",Physical,Human26,"During the past month, how often has your bed partner or room mate reported episodes of disorientation or confusion during sleep?4"
,"During the past month, how often has your bed partner or room mate reported episodes of disorientation or confusion during sleep?4",Physical,Human27,"During the past month, how often has your bed partner or room mate reported episodes of disorientation or confusion during sleep?4"
,"During the past month, how often has your bed partner or room mate reported episodes of disorientation or confusion during sleep?4",Physical,Human28,"During the past month, how often has your bed partner or room mate reported episodes of disorientation or confusion during sleep?4"
,"During the past month, how often has your bed partner or room mate reported legs twitching or jerking while asleep?2",Physical,Human01,"During the past month, how often has your bed partner or room mate reported legs twitching or jerking while asleep?2"
,"During the past month, how often has your bed partner or room mate reported legs twitching or jerking while asleep?2",Physical,Human02,"During the past month, how often has your bed partner or room mate reported legs twitching or jerking while asleep?2"
,"During the past month, how often has your bed partner or room mate reported legs twitching or jerking while asleep?2",Physical,Human03,"During the past month, how often has your bed partner or room mate reported legs twitching or jerking while asleep?2"
,"During the past month, how often has your bed partner or room mate reported legs twitching or jerking while asleep?2",Physical,Human04,"During the past month, how often has your bed partner or room mate reported legs twitching or jerking while asleep?2"
,"During the past month, how often has your bed partner or room mate reported legs twitching or jerking while asleep?2",Physical,Human05,"During the past month, how often has your bed partner or room mate reported legs twitching or jerking while asleep?2"
,"During the past month, how often has your bed partner or room mate reported legs twitching or jerking while asleep?2",Physical,Human06,"During the past month, how often has your bed partner or room mate reported legs twitching or jerking while asleep?2"
,"During the past month, how often has your bed partner or room mate reported legs twitching or jerking while asleep?2",Physical,Human07,"During the past month, how often has your bed partner or room mate reported legs twitching or jerking while asleep?2"
,"During the past month, how often has your bed partner or room mate reported legs twitching or jerking while asleep?2",Physical,Human08,"During the past month, how often has your bed partner or room mate reported legs twitching or jerking while asleep?2"
,"During the past month, how often has your bed partner or room mate reported legs twitching or jerking while asleep?2",Physical,Human09,"During the past month, how often has your bed partner or room mate reported legs twitching or jerking while asleep?2"
,"During the past month, how often has your bed partner or room mate reported legs twitching or jerking while asleep?2",Physical,Human10,"During the past month, how often has your bed partner or room mate reported legs twitching or jerking while asleep?2"
,"During the past month, how often has your bed partner or room mate reported legs twitching or jerking while asleep?2",Physical,Human11,"During the past month, how often has your bed partner or room mate reported legs twitching or jerking while asleep?2"
,"During the past month, how often has your bed partner or room mate reported legs twitching or jerking while asleep?2",Physical,Human12,"During the past month, how often has your bed partner or room mate reported legs twitching or jerking while asleep?2"
,"During the past month, how often has your bed partner or room mate reported legs twitching or jerking while asleep?2",Physical,Human13,"During the past month, how often has your bed partner or room mate reported legs twitching or jerking while asleep?2"
,"During the past month, how often has your bed partner or room mate reported legs twitching or jerking while asleep?2",Physical,Human14,"During the past month, how often has your bed partner or room mate reported legs twitching or jerking while asleep?2"
,"During the past month, how often has your bed partner or room mate reported legs twitching or jerking while asleep?2",Physical,Human15,"During the past month, how often has your bed partner or room mate reported legs twitching or jerking while asleep?2"
,"During the past month, how often has your bed partner or room mate reported legs twitching or jerking while asleep?2",Physical,Human16,"During the past month, how often has your bed partner or room mate reported legs twitching or jerking while asleep?2"
,"During the past month, how often has your bed partner or room mate reported legs twitching or jerking while asleep?2",Physical,Human17,"During the past month, how often has your bed partner or room mate reported legs twitching or jerking while asleep?2"
,"During the past month, how often has your bed partner or room mate reported legs twitching or jerking while asleep?2",Spiritual,Human18,"During the past month, how often has your bed partner or room mate reported legs twitching or jerking while asleep?2"
,"During the past month, how often has your bed partner or room mate reported legs twitching or jerking while asleep?2",Environmental,Human19,"During the past month, how often has your bed partner or room mate reported legs twitching or jerking while asleep?2"
,"During the past month, how often has your bed partner or room mate reported legs twitching or jerking while asleep?2",Physical,Human20,"During the past month, how often has your bed partner or room mate reported legs twitching or jerking while asleep?2"
,"During the past month, how often has your bed partner or room mate reported legs twitching or jerking while asleep?2",Physical,Human21,"During the past month, how often has your bed partner or room mate reported legs twitching or jerking while asleep?2"
,"During the past month, how often has your bed partner or room mate reported legs twitching or jerking while asleep?2",Physical,Human22,"During the past month, how often has your bed partner or room mate reported legs twitching or jerking while asleep?2"
,"During the past month, how often has your bed partner or room mate reported legs twitching or jerking while asleep?2",Physical,Human23,"During the past month, how often has your bed partner or room mate reported legs twitching or jerking while asleep?2"
,"During the past month, how often has your bed partner or room mate reported legs twitching or jerking while asleep?2",Physical,Human24,"During the past month, how often has your bed partner or room mate reported legs twitching or jerking while asleep?2"
,"During the past month, how often has your bed partner or room mate reported legs twitching or jerking while asleep?2",Physical,Human25,"During the past month, how often has your bed partner or room mate reported legs twitching or jerking while asleep?2"
,"During the past month, how often has your bed partner or room mate reported legs twitching or jerking while asleep?2",Physical,Human26,"During the past month, how often has your bed partner or room mate reported legs twitching or jerking while asleep?2"
,"During the past month, how often has your bed partner or room mate reported legs twitching or jerking while asleep?2",Physical,Human27,"During the past month, how often has your bed partner or room mate reported legs twitching or jerking while asleep?2"
,"During the past month, how often has your bed partner or room mate reported legs twitching or jerking while asleep?2",Physical,Human28,"During the past month, how often has your bed partner or room mate reported legs twitching or jerking while asleep?2"
,"During the past month, how often has your bed partner or room mate reported legs twitching or jerking while asleep?3",Physical,Human01,"During the past month, how often has your bed partner or room mate reported legs twitching or jerking while asleep?3"
,"During the past month, how often has your bed partner or room mate reported legs twitching or jerking while asleep?3",Physical,Human02,"During the past month, how often has your bed partner or room mate reported legs twitching or jerking while asleep?3"
,"During the past month, how often has your bed partner or room mate reported legs twitching or jerking while asleep?3",Physical,Human03,"During the past month, how often has your bed partner or room mate reported legs twitching or jerking while asleep?3"
,"During the past month, how often has your bed partner or room mate reported legs twitching or jerking while asleep?3",Physical,Human04,"During the past month, how often has your bed partner or room mate reported legs twitching or jerking while asleep?3"
,"During the past month, how often has your bed partner or room mate reported legs twitching or jerking while asleep?3",Physical,Human05,"During the past month, how often has your bed partner or room mate reported legs twitching or jerking while asleep?3"
,"During the past month, how often has your bed partner or room mate reported legs twitching or jerking while asleep?3",Physical,Human06,"During the past month, how often has your bed partner or room mate reported legs twitching or jerking while asleep?3"
,"During the past month, how often has your bed partner or room mate reported legs twitching or jerking while asleep?3",Physical,Human07,"During the past month, how often has your bed partner or room mate reported legs twitching or jerking while asleep?3"
,"During the past month, how often has your bed partner or room mate reported legs twitching or jerking while asleep?3",Physical,Human08,"During the past month, how often has your bed partner or room mate reported legs twitching or jerking while asleep?3"
,"During the past month, how often has your bed partner or room mate reported legs twitching or jerking while asleep?3",Physical,Human09,"During the past month, how often has your bed partner or room mate reported legs twitching or jerking while asleep?3"
,"During the past month, how often has your bed partner or room mate reported legs twitching or jerking while asleep?3",Physical,Human10,"During the past month, how often has your bed partner or room mate reported legs twitching or jerking while asleep?3"
,"During the past month, how often has your bed partner or room mate reported legs twitching or jerking while asleep?3",Physical,Human11,"During the past month, how often has your bed partner or room mate reported legs twitching or jerking while asleep?3"
,"During the past month, how often has your bed partner or room mate reported legs twitching or jerking while asleep?3",Physical,Human12,"During the past month, how often has your bed partner or room mate reported legs twitching or jerking while asleep?3"
,"During the past month, how often has your bed partner or room mate reported legs twitching or jerking while asleep?3",Physical,Human13,"During the past month, how often has your bed partner or room mate reported legs twitching or jerking while asleep?3"
,"During the past month, how often has your bed partner or room mate reported legs twitching or jerking while asleep?3",Physical,Human14,"During the past month, how often has your bed partner or room mate reported legs twitching or jerking while asleep?3"
,"During the past month, how often has your bed partner or room mate reported legs twitching or jerking while asleep?3",Physical,Human15,"During the past month, how often has your bed partner or room mate reported legs twitching or jerking while asleep?3"
,"During the past month, how often has your bed partner or room mate reported legs twitching or jerking while asleep?3",Physical,Human16,"During the past month, how often has your bed partner or room mate reported legs twitching or jerking while asleep?3"
,"During the past month, how often has your bed partner or room mate reported legs twitching or jerking while asleep?3",Physical,Human17,"During the past month, how often has your bed partner or room mate reported legs twitching or jerking while asleep?3"
,"During the past month, how often has your bed partner or room mate reported legs twitching or jerking while asleep?3",Physical,Human18,"During the past month, how often has your bed partner or room mate reported legs twitching or jerking while asleep?3"
,"During the past month, how often has your bed partner or room mate reported legs twitching or jerking while asleep?3",Environmental,Human19,"During the past month, how often has your bed partner or room mate reported legs twitching or jerking while asleep?3"
,"During the past month, how often has your bed partner or room mate reported legs twitching or jerking while asleep?3",Physical,Human20,"During the past month, how often has your bed partner or room mate reported legs twitching or jerking while asleep?3"
,"During the past month, how often has your bed partner or room mate reported legs twitching or jerking while asleep?3",Physical,Human21,"During the past month, how often has your bed partner or room mate reported legs twitching or jerking while asleep?3"
,"During the past month, how often has your bed partner or room mate reported legs twitching or jerking while asleep?3",Physical,Human22,"During the past month, how often has your bed partner or room mate reported legs twitching or jerking while asleep?3"
,"During the past month, how often has your bed partner or room mate reported legs twitching or jerking while asleep?3",Physical,Human23,"During the past month, how often has your bed partner or room mate reported legs twitching or jerking while asleep?3"
,"During the past month, how often has your bed partner or room mate reported legs twitching or jerking while asleep?3",Physical,Human24,"During the past month, how often has your bed partner or room mate reported legs twitching or jerking while asleep?3"
,"During the past month, how often has your bed partner or room mate reported legs twitching or jerking while asleep?3",Physical,Human25,"During the past month, how often has your bed partner or room mate reported legs twitching or jerking while asleep?3"
,"During the past month, how often has your bed partner or room mate reported legs twitching or jerking while asleep?3",Physical,Human26,"During the past month, how often has your bed partner or room mate reported legs twitching or jerking while asleep?3"
,"During the past month, how often has your bed partner or room mate reported legs twitching or jerking while asleep?3",Physical,Human27,"During the past month, how often has your bed partner or room mate reported legs twitching or jerking while asleep?3"
,"During the past month, how often has your bed partner or room mate reported legs twitching or jerking while asleep?3",Physical,Human28,"During the past month, how often has your bed partner or room mate reported legs twitching or jerking while asleep?3"
,"During the past month, how often has your bed partner or room mate reported legs twitching or jerking while asleep?4",Physical,Human01,"During the past month, how often has your bed partner or room mate reported legs twitching or jerking while asleep?4"
,"During the past month, how often has your bed partner or room mate reported legs twitching or jerking while asleep?4",Physical,Human02,"During the past month, how often has your bed partner or room mate reported legs twitching or jerking while asleep?4"
,"During the past month, how often has your bed partner or room mate reported legs twitching or jerking while asleep?4",Physical,Human03,"During the past month, how often has your bed partner or room mate reported legs twitching or jerking while asleep?4"
,"During the past month, how often has your bed partner or room mate reported legs twitching or jerking while asleep?4",Physical,Human04,"During the past month, how often has your bed partner or room mate reported legs twitching or jerking while asleep?4"
,"During the past month, how often has your bed partner or room mate reported legs twitching or jerking while asleep?4",Physical,Human05,"During the past month, how often has your bed partner or room mate reported legs twitching or jerking while asleep?4"
,"During the past month, how often has your bed partner or room mate reported legs twitching or jerking while asleep?4",Physical,Human06,"During the past month, how often has your bed partner or room mate reported legs twitching or jerking while asleep?4"
,"During the past month, how often has your bed partner or room mate reported legs twitching or jerking while asleep?4",Physical,Human07,"During the past month, how often has your bed partner or room mate reported legs twitching or jerking while asleep?4"
,"During the past month, how often has your bed partner or room mate reported legs twitching or jerking while asleep?4",Physical,Human08,"During the past month, how often has your bed partner or room mate reported legs twitching or jerking while asleep?4"
,"During the past month, how often has your bed partner or room mate reported legs twitching or jerking while asleep?4",Physical,Human09,"During the past month, how often has your bed partner or room mate reported legs twitching or jerking while asleep?4"
,"During the past month, how often has your bed partner or room mate reported legs twitching or jerking while asleep?4",Physical,Human10,"During the past month, how often has your bed partner or room mate reported legs twitching or jerking while asleep?4"
,"During the past month, how often has your bed partner or room mate reported legs twitching or jerking while asleep?4",Physical,Human11,"During the past month, how often has your bed partner or room mate reported legs twitching or jerking while asleep?4"
,"During the past month, how often has your bed partner or room mate reported legs twitching or jerking while asleep?4",Physical,Human12,"During the past month, how often has your bed partner or room mate reported legs twitching or jerking while asleep?4"
,"During the past month, how often has your bed partner or room mate reported legs twitching or jerking while asleep?4",Physical,Human13,"During the past month, how often has your bed partner or room mate reported legs twitching or jerking while asleep?4"
,"During the past month, how often has your bed partner or room mate reported legs twitching or jerking while asleep?4",Physical,Human14,"During the past month, how often has your bed partner or room mate reported legs twitching or jerking while asleep?4"
,"During the past month, how often has your bed partner or room mate reported legs twitching or jerking while asleep?4",Physical,Human15,"During the past month, how often has your bed partner or room mate reported legs twitching or jerking while asleep?4"
,"During the past month, how often has your bed partner or room mate reported legs twitching or jerking while asleep?4",Physical,Human16,"During the past month, how often has your bed partner or room mate reported legs twitching or jerking while asleep?4"
,"During the past month, how often has your bed partner or room mate reported legs twitching or jerking while asleep?4",Physical,Human17,"During the past month, how often has your bed partner or room mate reported legs twitching or jerking while asleep?4"
,"During the past month, how often has your bed partner or room mate reported legs twitching or jerking while asleep?4",Environmental,Human18,"During the past month, how often has your bed partner or room mate reported legs twitching or jerking while asleep?4"
,"During the past month, how often has your bed partner or room mate reported legs twitching or jerking while asleep?4",Environmental,Human19,"During the past month, how often has your bed partner or room mate reported legs twitching or jerking while asleep?4"
,"During the past month, how often has your bed partner or room mate reported legs twitching or jerking while asleep?4",Physical,Human20,"During the past month, how often has your bed partner or room mate reported legs twitching or jerking while asleep?4"
,"During the past month, how often has your bed partner or room mate reported legs twitching or jerking while asleep?4",Physical,Human21,"During the past month, how often has your bed partner or room mate reported legs twitching or jerking while asleep?4"
,"During the past month, how often has your bed partner or room mate reported legs twitching or jerking while asleep?4",Physical,Human22,"During the past month, how often has your bed partner or room mate reported legs twitching or jerking while asleep?4"
,"During the past month, how often has your bed partner or room mate reported legs twitching or jerking while asleep?4",Physical,Human23,"During the past month, how often has your bed partner or room mate reported legs twitching or jerking while asleep?4"
,"During the past month, how often has your bed partner or room mate reported legs twitching or jerking while asleep?4",Physical,Human24,"During the past month, how often has your bed partner or room mate reported legs twitching or jerking while asleep?4"
,"During the past month, how often has your bed partner or room mate reported legs twitching or jerking while asleep?4",Physical,Human25,"During the past month, how often has your bed partner or room mate reported legs twitching or jerking while asleep?4"
,"During the past month, how often has your bed partner or room mate reported legs twitching or jerking while asleep?4",Physical,Human26,"During the past month, how often has your bed partner or room mate reported legs twitching or jerking while asleep?4"
,"During the past month, how often has your bed partner or room mate reported legs twitching or jerking while asleep?4",Physical,Human27,"During the past month, how often has your bed partner or room mate reported legs twitching or jerking while asleep?4"
,"During the past month, how often has your bed partner or room mate reported legs twitching or jerking while asleep?4",Physical,Human28,"During the past month, how often has your bed partner or room mate reported legs twitching or jerking while asleep?4"
,"During the past month, how often has your bed partner or room mate reported long pauses between breaths while asleep?2",Physical,Human01,"During the past month, how often has your bed partner or room mate reported long pauses between breaths while asleep?2"
,"During the past month, how often has your bed partner or room mate reported long pauses between breaths while asleep?2",Physical,Human02,"During the past month, how often has your bed partner or room mate reported long pauses between breaths while asleep?2"
,"During the past month, how often has your bed partner or room mate reported long pauses between breaths while asleep?2",Physical,Human03,"During the past month, how often has your bed partner or room mate reported long pauses between breaths while asleep?2"
,"During the past month, how often has your bed partner or room mate reported long pauses between breaths while asleep?2",Physical,Human04,"During the past month, how often has your bed partner or room mate reported long pauses between breaths while asleep?2"
,"During the past month, how often has your bed partner or room mate reported long pauses between breaths while asleep?2",Physical,Human05,"During the past month, how often has your bed partner or room mate reported long pauses between breaths while asleep?2"
,"During the past month, how often has your bed partner or room mate reported long pauses between breaths while asleep?2",Physical,Human06,"During the past month, how often has your bed partner or room mate reported long pauses between breaths while asleep?2"
,"During the past month, how often has your bed partner or room mate reported long pauses between breaths while asleep?2",Physical,Human07,"During the past month, how often has your bed partner or room mate reported long pauses between breaths while asleep?2"
,"During the past month, how often has your bed partner or room mate reported long pauses between breaths while asleep?2",Physical,Human08,"During the past month, how often has your bed partner or room mate reported long pauses between breaths while asleep?2"
,"During the past month, how often has your bed partner or room mate reported long pauses between breaths while asleep?2",Physical,Human09,"During the past month, how often has your bed partner or room mate reported long pauses between breaths while asleep?2"
,"During the past month, how often has your bed partner or room mate reported long pauses between breaths while asleep?2",Physical,Human10,"During the past month, how often has your bed partner or room mate reported long pauses between breaths while asleep?2"
,"During the past month, how often has your bed partner or room mate reported long pauses between breaths while asleep?2",Physical,Human11,"During the past month, how often has your bed partner or room mate reported long pauses between breaths while asleep?2"
,"During the past month, how often has your bed partner or room mate reported long pauses between breaths while asleep?2",Physical,Human12,"During the past month, how often has your bed partner or room mate reported long pauses between breaths while asleep?2"
,"During the past month, how often has your bed partner or room mate reported long pauses between breaths while asleep?2",Physical,Human13,"During the past month, how often has your bed partner or room mate reported long pauses between breaths while asleep?2"
,"During the past month, how often has your bed partner or room mate reported long pauses between breaths while asleep?2",Physical,Human14,"During the past month, how often has your bed partner or room mate reported long pauses between breaths while asleep?2"
,"During the past month, how often has your bed partner or room mate reported long pauses between breaths while asleep?2",Physical,Human15,"During the past month, how often has your bed partner or room mate reported long pauses between breaths while asleep?2"
,"During the past month, how often has your bed partner or room mate reported long pauses between breaths while asleep?2",Physical,Human16,"During the past month, how often has your bed partner or room mate reported long pauses between breaths while asleep?2"
,"During the past month, how often has your bed partner or room mate reported long pauses between breaths while asleep?2",Physical,Human17,"During the past month, how often has your bed partner or room mate reported long pauses between breaths while asleep?2"
,"During the past month, how often has your bed partner or room mate reported long pauses between breaths while asleep?2",Environmental,Human18,"During the past month, how often has your bed partner or room mate reported long pauses between breaths while asleep?2"
,"During the past month, how often has your bed partner or room mate reported long pauses between breaths while asleep?2",Environmental,Human19,"During the past month, how often has your bed partner or room mate reported long pauses between breaths while asleep?2"
,"During the past month, how often has your bed partner or room mate reported long pauses between breaths while asleep?2",Physical,Human20,"During the past month, how often has your bed partner or room mate reported long pauses between breaths while asleep?2"
,"During the past month, how often has your bed partner or room mate reported long pauses between breaths while asleep?2",Physical,Human21,"During the past month, how often has your bed partner or room mate reported long pauses between breaths while asleep?2"
,"During the past month, how often has your bed partner or room mate reported long pauses between breaths while asleep?2",Physical,Human22,"During the past month, how often has your bed partner or room mate reported long pauses between breaths while asleep?2"
,"During the past month, how often has your bed partner or room mate reported long pauses between breaths while asleep?2",Physical,Human23,"During the past month, how often has your bed partner or room mate reported long pauses between breaths while asleep?2"
,"During the past month, how often has your bed partner or room mate reported long pauses between breaths while asleep?2",Physical,Human24,"During the past month, how often has your bed partner or room mate reported long pauses between breaths while asleep?2"
,"During the past month, how often has your bed partner or room mate reported long pauses between breaths while asleep?2",Physical,Human25,"During the past month, how often has your bed partner or room mate reported long pauses between breaths while asleep?2"
,"During the past month, how often has your bed partner or room mate reported long pauses between breaths while asleep?2",Physical,Human26,"During the past month, how often has your bed partner or room mate reported long pauses between breaths while asleep?2"
,"During the past month, how often has your bed partner or room mate reported long pauses between breaths while asleep?2",Physical,Human27,"During the past month, how often has your bed partner or room mate reported long pauses between breaths while asleep?2"
,"During the past month, how often has your bed partner or room mate reported long pauses between breaths while asleep?2",Physical,Human28,"During the past month, how often has your bed partner or room mate reported long pauses between breaths while asleep?2"
,"During the past month, how often has your bed partner or room mate reported long pauses between breaths while asleep?3",Physical,Human01,"During the past month, how often has your bed partner or room mate reported long pauses between breaths while asleep?3"
,"During the past month, how often has your bed partner or room mate reported long pauses between breaths while asleep?3",Physical,Human02,"During the past month, how often has your bed partner or room mate reported long pauses between breaths while asleep?3"
,"During the past month, how often has your bed partner or room mate reported long pauses between breaths while asleep?3",Physical,Human03,"During the past month, how often has your bed partner or room mate reported long pauses between breaths while asleep?3"
,"During the past month, how often has your bed partner or room mate reported long pauses between breaths while asleep?3",Physical,Human04,"During the past month, how often has your bed partner or room mate reported long pauses between breaths while asleep?3"
,"During the past month, how often has your bed partner or room mate reported long pauses between breaths while asleep?3",Physical,Human05,"During the past month, how often has your bed partner or room mate reported long pauses between breaths while asleep?3"
,"During the past month, how often has your bed partner or room mate reported long pauses between breaths while asleep?3",Physical,Human06,"During the past month, how often has your bed partner or room mate reported long pauses between breaths while asleep?3"
,"During the past month, how often has your bed partner or room mate reported long pauses between breaths while asleep?3",Physical,Human07,"During the past month, how often has your bed partner or room mate reported long pauses between breaths while asleep?3"
,"During the past month, how often has your bed partner or room mate reported long pauses between breaths while asleep?3",Physical,Human08,"During the past month, how often has your bed partner or room mate reported long pauses between breaths while asleep?3"
,"During the past month, how often has your bed partner or room mate reported long pauses between breaths while asleep?3",Physical,Human09,"During the past month, how often has your bed partner or room mate reported long pauses between breaths while asleep?3"
,"During the past month, how often has your bed partner or room mate reported long pauses between breaths while asleep?3",Physical,Human10,"During the past month, how often has your bed partner or room mate reported long pauses between breaths while asleep?3"
,"During the past month, how often has your bed partner or room mate reported long pauses between breaths while asleep?3",Physical,Human11,"During the past month, how often has your bed partner or room mate reported long pauses between breaths while asleep?3"
,"During the past month, how often has your bed partner or room mate reported long pauses between breaths while asleep?3",Physical,Human12,"During the past month, how often has your bed partner or room mate reported long pauses between breaths while asleep?3"
,"During the past month, how often has your bed partner or room mate reported long pauses between breaths while asleep?3",Physical,Human13,"During the past month, how often has your bed partner or room mate reported long pauses between breaths while asleep?3"
,"During the past month, how often has your bed partner or room mate reported long pauses between breaths while asleep?3",Physical,Human14,"During the past month, how often has your bed partner or room mate reported long pauses between breaths while asleep?3"
,"During the past month, how often has your bed partner or room mate reported long pauses between breaths while asleep?3",Physical,Human15,"During the past month, how often has your bed partner or room mate reported long pauses between breaths while asleep?3"
,"During the past month, how often has your bed partner or room mate reported long pauses between breaths while asleep?3",Physical,Human16,"During the past month, how often has your bed partner or room mate reported long pauses between breaths while asleep?3"
,"During the past month, how often has your bed partner or room mate reported long pauses between breaths while asleep?3",Physical,Human17,"During the past month, how often has your bed partner or room mate reported long pauses between breaths while asleep?3"
,"During the past month, how often has your bed partner or room mate reported long pauses between breaths while asleep?3",Social,Human18,"During the past month, how often has your bed partner or room mate reported long pauses between breaths while asleep?3"
,"During the past month, how often has your bed partner or room mate reported long pauses between breaths while asleep?3",Environmental,Human19,"During the past month, how often has your bed partner or room mate reported long pauses between breaths while asleep?3"
,"During the past month, how often has your bed partner or room mate reported long pauses between breaths while asleep?3",Physical,Human20,"During the past month, how often has your bed partner or room mate reported long pauses between breaths while asleep?3"
,"During the past month, how often has your bed partner or room mate reported long pauses between breaths while asleep?3",Physical,Human21,"During the past month, how often has your bed partner or room mate reported long pauses between breaths while asleep?3"
,"During the past month, how often has your bed partner or room mate reported long pauses between breaths while asleep?3",Physical,Human22,"During the past month, how often has your bed partner or room mate reported long pauses between breaths while asleep?3"
,"During the past month, how often has your bed partner or room mate reported long pauses between breaths while asleep?3",Physical,Human23,"During the past month, how often has your bed partner or room mate reported long pauses between breaths while asleep?3"
,"During the past month, how often has your bed partner or room mate reported long pauses between breaths while asleep?3",Physical,Human24,"During the past month, how often has your bed partner or room mate reported long pauses between breaths while asleep?3"
,"During the past month, how often has your bed partner or room mate reported long pauses between breaths while asleep?3",Physical,Human25,"During the past month, how often has your bed partner or room mate reported long pauses between breaths while asleep?3"
,"During the past month, how often has your bed partner or room mate reported long pauses between breaths while asleep?3",Physical,Human26,"During the past month, how often has your bed partner or room mate reported long pauses between breaths while asleep?3"
,"During the past month, how often has your bed partner or room mate reported long pauses between breaths while asleep?3",Physical,Human27,"During the past month, how often has your bed partner or room mate reported long pauses between breaths while asleep?3"
,"During the past month, how often has your bed partner or room mate reported long pauses between breaths while asleep?3",Physical,Human28,"During the past month, how often has your bed partner or room mate reported long pauses between breaths while asleep?3"
,"During the past month, how often has your bed partner or room mate reported long pauses between breaths while asleep?4",Physical,Human01,"During the past month, how often has your bed partner or room mate reported long pauses between breaths while asleep?4"
,"During the past month, how often has your bed partner or room mate reported long pauses between breaths while asleep?4",Physical,Human02,"During the past month, how often has your bed partner or room mate reported long pauses between breaths while asleep?4"
,"During the past month, how often has your bed partner or room mate reported long pauses between breaths while asleep?4",Physical,Human03,"During the past month, how often has your bed partner or room mate reported long pauses between breaths while asleep?4"
,"During the past month, how often has your bed partner or room mate reported long pauses between breaths while asleep?4",Physical,Human04,"During the past month, how often has your bed partner or room mate reported long pauses between breaths while asleep?4"
,"During the past month, how often has your bed partner or room mate reported long pauses between breaths while asleep?4",Physical,Human05,"During the past month, how often has your bed partner or room mate reported long pauses between breaths while asleep?4"
,"During the past month, how often has your bed partner or room mate reported long pauses between breaths while asleep?4",Physical,Human06,"During the past month, how often has your bed partner or room mate reported long pauses between breaths while asleep?4"
,"During the past month, how often has your bed partner or room mate reported long pauses between breaths while asleep?4",Physical,Human07,"During the past month, how often has your bed partner or room mate reported long pauses between breaths while asleep?4"
,"During the past month, how often has your bed partner or room mate reported long pauses between breaths while asleep?4",Physical,Human08,"During the past month, how often has your bed partner or room mate reported long pauses between breaths while asleep?4"
,"During the past month, how often has your bed partner or room mate reported long pauses between breaths while asleep?4",Physical,Human09,"During the past month, how often has your bed partner or room mate reported long pauses between breaths while asleep?4"
,"During the past month, how often has your bed partner or room mate reported long pauses between breaths while asleep?4",Physical,Human10,"During the past month, how often has your bed partner or room mate reported long pauses between breaths while asleep?4"
,"During the past month, how often has your bed partner or room mate reported long pauses between breaths while asleep?4",Physical,Human11,"During the past month, how often has your bed partner or room mate reported long pauses between breaths while asleep?4"
,"During the past month, how often has your bed partner or room mate reported long pauses between breaths while asleep?4",Physical,Human12,"During the past month, how often has your bed partner or room mate reported long pauses between breaths while asleep?4"
,"During the past month, how often has your bed partner or room mate reported long pauses between breaths while asleep?4",Physical,Human13,"During the past month, how often has your bed partner or room mate reported long pauses between breaths while asleep?4"
,"During the past month, how often has your bed partner or room mate reported long pauses between breaths while asleep?4",Physical,Human14,"During the past month, how often has your bed partner or room mate reported long pauses between breaths while asleep?4"
,"During the past month, how often has your bed partner or room mate reported long pauses between breaths while asleep?4",Physical,Human15,"During the past month, how often has your bed partner or room mate reported long pauses between breaths while asleep?4"
,"During the past month, how often has your bed partner or room mate reported long pauses between breaths while asleep?4",Physical,Human16,"During the past month, how often has your bed partner or room mate reported long pauses between breaths while asleep?4"
,"During the past month, how often has your bed partner or room mate reported long pauses between breaths while asleep?4",Physical,Human17,"During the past month, how often has your bed partner or room mate reported long pauses between breaths while asleep?4"
,"During the past month, how often has your bed partner or room mate reported long pauses between breaths while asleep?4",Physical,Human18,"During the past month, how often has your bed partner or room mate reported long pauses between breaths while asleep?4"
,"During the past month, how often has your bed partner or room mate reported long pauses between breaths while asleep?4",Environmental,Human19,"During the past month, how often has your bed partner or room mate reported long pauses between breaths while asleep?4"
,"During the past month, how often has your bed partner or room mate reported long pauses between breaths while asleep?4",Physical,Human20,"During the past month, how often has your bed partner or room mate reported long pauses between breaths while asleep?4"
,"During the past month, how often has your bed partner or room mate reported long pauses between breaths while asleep?4",Physical,Human21,"During the past month, how often has your bed partner or room mate reported long pauses between breaths while asleep?4"
,"During the past month, how often has your bed partner or room mate reported long pauses between breaths while asleep?4",Physical,Human22,"During the past month, how often has your bed partner or room mate reported long pauses between breaths while asleep?4"
,"During the past month, how often has your bed partner or room mate reported long pauses between breaths while asleep?4",Physical,Human23,"During the past month, how often has your bed partner or room mate reported long pauses between breaths while asleep?4"
,"During the past month, how often has your bed partner or room mate reported long pauses between breaths while asleep?4",Physical,Human24,"During the past month, how often has your bed partner or room mate reported long pauses between breaths while asleep?4"
,"During the past month, how often has your bed partner or room mate reported long pauses between breaths while asleep?4",Physical,Human25,"During the past month, how often has your bed partner or room mate reported long pauses between breaths while asleep?4"
,"During the past month, how often has your bed partner or room mate reported long pauses between breaths while asleep?4",Physical,Human26,"During the past month, how often has your bed partner or room mate reported long pauses between breaths while asleep?4"
,"During the past month, how often has your bed partner or room mate reported long pauses between breaths while asleep?4",Physical,Human27,"During the past month, how often has your bed partner or room mate reported long pauses between breaths while asleep?4"
,"During the past month, how often has your bed partner or room mate reported long pauses between breaths while asleep?4",Physical,Human28,"During the past month, how often has your bed partner or room mate reported long pauses between breaths while asleep?4"
,"During the past month, how often has your bed partner or room mate reported loud snoring?2",Physical,Human01,"During the past month, how often has your bed partner or room mate reported loud snoring?2"
,"During the past month, how often has your bed partner or room mate reported loud snoring?2",Physical,Human02,"During the past month, how often has your bed partner or room mate reported loud snoring?2"
,"During the past month, how often has your bed partner or room mate reported loud snoring?2",Physical,Human03,"During the past month, how often has your bed partner or room mate reported loud snoring?2"
,"During the past month, how often has your bed partner or room mate reported loud snoring?2",Physical,Human04,"During the past month, how often has your bed partner or room mate reported loud snoring?2"
,"During the past month, how often has your bed partner or room mate reported loud snoring?2",Physical,Human05,"During the past month, how often has your bed partner or room mate reported loud snoring?2"
,"During the past month, how often has your bed partner or room mate reported loud snoring?2",Physical,Human06,"During the past month, how often has your bed partner or room mate reported loud snoring?2"
,"During the past month, how often has your bed partner or room mate reported loud snoring?2",Physical,Human07,"During the past month, how often has your bed partner or room mate reported loud snoring?2"
,"During the past month, how often has your bed partner or room mate reported loud snoring?2",Physical,Human08,"During the past month, how often has your bed partner or room mate reported loud snoring?2"
,"During the past month, how often has your bed partner or room mate reported loud snoring?2",Physical,Human09,"During the past month, how often has your bed partner or room mate reported loud snoring?2"
,"During the past month, how often has your bed partner or room mate reported loud snoring?2",Physical,Human10,"During the past month, how often has your bed partner or room mate reported loud snoring?2"
,"During the past month, how often has your bed partner or room mate reported loud snoring?2",Physical,Human11,"During the past month, how often has your bed partner or room mate reported loud snoring?2"
,"During the past month, how often has your bed partner or room mate reported loud snoring?2",Physical,Human12,"During the past month, how often has your bed partner or room mate reported loud snoring?2"
,"During the past month, how often has your bed partner or room mate reported loud snoring?2",Physical,Human13,"During the past month, how often has your bed partner or room mate reported loud snoring?2"
,"During the past month, how often has your bed partner or room mate reported loud snoring?2",Physical,Human14,"During the past month, how often has your bed partner or room mate reported loud snoring?2"
,"During the past month, how often has your bed partner or room mate reported loud snoring?2",Physical,Human15,"During the past month, how often has your bed partner or room mate reported loud snoring?2"
,"During the past month, how often has your bed partner or room mate reported loud snoring?2",Physical,Human16,"During the past month, how often has your bed partner or room mate reported loud snoring?2"
,"During the past month, how often has your bed partner or room mate reported loud snoring?2",Physical,Human17,"During the past month, how often has your bed partner or room mate reported loud snoring?2"
,"During the past month, how often has your bed partner or room mate reported loud snoring?2",Physical,Human18,"During the past month, how often has your bed partner or room mate reported loud snoring?2"
,"During the past month, how often has your bed partner or room mate reported loud snoring?2",Physical,Human19,"During the past month, how often has your bed partner or room mate reported loud snoring?2"
,"During the past month, how often has your bed partner or room mate reported loud snoring?2",Physical,Human20,"During the past month, how often has your bed partner or room mate reported loud snoring?2"
,"During the past month, how often has your bed partner or room mate reported loud snoring?2",Physical,Human21,"During the past month, how often has your bed partner or room mate reported loud snoring?2"
,"During the past month, how often has your bed partner or room mate reported loud snoring?2",Physical,Human22,"During the past month, how often has your bed partner or room mate reported loud snoring?2"
,"During the past month, how often has your bed partner or room mate reported loud snoring?2",Physical,Human23,"During the past month, how often has your bed partner or room mate reported loud snoring?2"
,"During the past month, how often has your bed partner or room mate reported loud snoring?2",Physical,Human24,"During the past month, how often has your bed partner or room mate reported loud snoring?2"
,"During the past month, how often has your bed partner or room mate reported loud snoring?2",Physical,Human25,"During the past month, how often has your bed partner or room mate reported loud snoring?2"
,"During the past month, how often has your bed partner or room mate reported loud snoring?2",Physical,Human26,"During the past month, how often has your bed partner or room mate reported loud snoring?2"
,"During the past month, how often has your bed partner or room mate reported loud snoring?2",Physical,Human27,"During the past month, how often has your bed partner or room mate reported loud snoring?2"
,"During the past month, how often has your bed partner or room mate reported loud snoring?2",Physical,Human28,"During the past month, how often has your bed partner or room mate reported loud snoring?2"
,"During the past month, how often has your bed partner or room mate reported loud snoring?3",Physical,Human01,"During the past month, how often has your bed partner or room mate reported loud snoring?3"
,"During the past month, how often has your bed partner or room mate reported loud snoring?3",Physical,Human02,"During the past month, how often has your bed partner or room mate reported loud snoring?3"
,"During the past month, how often has your bed partner or room mate reported loud snoring?3",Physical,Human03,"During the past month, how often has your bed partner or room mate reported loud snoring?3"
,"During the past month, how often has your bed partner or room mate reported loud snoring?3",Physical,Human04,"During the past month, how often has your bed partner or room mate reported loud snoring?3"
,"During the past month, how often has your bed partner or room mate reported loud snoring?3",Physical,Human05,"During the past month, how often has your bed partner or room mate reported loud snoring?3"
,"During the past month, how often has your bed partner or room mate reported loud snoring?3",Physical,Human06,"During the past month, how often has your bed partner or room mate reported loud snoring?3"
,"During the past month, how often has your bed partner or room mate reported loud snoring?3",Physical,Human07,"During the past month, how often has your bed partner or room mate reported loud snoring?3"
,"During the past month, how often has your bed partner or room mate reported loud snoring?3",Physical,Human08,"During the past month, how often has your bed partner or room mate reported loud snoring?3"
,"During the past month, how often has your bed partner or room mate reported loud snoring?3",Physical,Human09,"During the past month, how often has your bed partner or room mate reported loud snoring?3"
,"During the past month, how often has your bed partner or room mate reported loud snoring?3",Physical,Human10,"During the past month, how often has your bed partner or room mate reported loud snoring?3"
,"During the past month, how often has your bed partner or room mate reported loud snoring?3",Physical,Human11,"During the past month, how often has your bed partner or room mate reported loud snoring?3"
,"During the past month, how often has your bed partner or room mate reported loud snoring?3",Physical,Human12,"During the past month, how often has your bed partner or room mate reported loud snoring?3"
,"During the past month, how often has your bed partner or room mate reported loud snoring?3",Physical,Human13,"During the past month, how often has your bed partner or room mate reported loud snoring?3"
,"During the past month, how often has your bed partner or room mate reported loud snoring?3",Physical,Human14,"During the past month, how often has your bed partner or room mate reported loud snoring?3"
,"During the past month, how often has your bed partner or room mate reported loud snoring?3",Physical,Human15,"During the past month, how often has your bed partner or room mate reported loud snoring?3"
,"During the past month, how often has your bed partner or room mate reported loud snoring?3",Physical,Human16,"During the past month, how often has your bed partner or room mate reported loud snoring?3"
,"During the past month, how often has your bed partner or room mate reported loud snoring?3",Physical,Human17,"During the past month, how often has your bed partner or room mate reported loud snoring?3"
,"During the past month, how often has your bed partner or room mate reported loud snoring?3",Emotional,Human18,"During the past month, how often has your bed partner or room mate reported loud snoring?3"
,"During the past month, how often has your bed partner or room mate reported loud snoring?3",Environmental,Human19,"During the past month, how often has your bed partner or room mate reported loud snoring?3"
,"During the past month, how often has your bed partner or room mate reported loud snoring?3",Physical,Human20,"During the past month, how often has your bed partner or room mate reported loud snoring?3"
,"During the past month, how often has your bed partner or room mate reported loud snoring?3",Physical,Human21,"During the past month, how often has your bed partner or room mate reported loud snoring?3"
,"During the past month, how often has your bed partner or room mate reported loud snoring?3",Physical,Human22,"During the past month, how often has your bed partner or room mate reported loud snoring?3"
,"During the past month, how often has your bed partner or room mate reported loud snoring?3",Physical,Human23,"During the past month, how often has your bed partner or room mate reported loud snoring?3"
,"During the past month, how often has your bed partner or room mate reported loud snoring?3",Physical,Human24,"During the past month, how often has your bed partner or room mate reported loud snoring?3"
,"During the past month, how often has your bed partner or room mate reported loud snoring?3",Physical,Human25,"During the past month, how often has your bed partner or room mate reported loud snoring?3"
,"During the past month, how often has your bed partner or room mate reported loud snoring?3",Physical,Human26,"During the past month, how often has your bed partner or room mate reported loud snoring?3"
,"During the past month, how often has your bed partner or room mate reported loud snoring?3",Physical,Human27,"During the past month, how often has your bed partner or room mate reported loud snoring?3"
,"During the past month, how often has your bed partner or room mate reported loud snoring?3",Physical,Human28,"During the past month, how often has your bed partner or room mate reported loud snoring?3"
,"During the past month, how often has your bed partner or room mate reported loud snoring?4",Physical,Human01,"During the past month, how often has your bed partner or room mate reported loud snoring?4"
,"During the past month, how often has your bed partner or room mate reported loud snoring?4",Physical,Human02,"During the past month, how often has your bed partner or room mate reported loud snoring?4"
,"During the past month, how often has your bed partner or room mate reported loud snoring?4",Physical,Human03,"During the past month, how often has your bed partner or room mate reported loud snoring?4"
,"During the past month, how often has your bed partner or room mate reported loud snoring?4",Physical,Human04,"During the past month, how often has your bed partner or room mate reported loud snoring?4"
,"During the past month, how often has your bed partner or room mate reported loud snoring?4",Physical,Human05,"During the past month, how often has your bed partner or room mate reported loud snoring?4"
,"During the past month, how often has your bed partner or room mate reported loud snoring?4",Physical,Human06,"During the past month, how often has your bed partner or room mate reported loud snoring?4"
,"During the past month, how often has your bed partner or room mate reported loud snoring?4",Physical,Human07,"During the past month, how often has your bed partner or room mate reported loud snoring?4"
,"During the past month, how often has your bed partner or room mate reported loud snoring?4",Physical,Human08,"During the past month, how often has your bed partner or room mate reported loud snoring?4"
,"During the past month, how often has your bed partner or room mate reported loud snoring?4",Physical,Human09,"During the past month, how often has your bed partner or room mate reported loud snoring?4"
,"During the past month, how often has your bed partner or room mate reported loud snoring?4",Physical,Human10,"During the past month, how often has your bed partner or room mate reported loud snoring?4"
,"During the past month, how often has your bed partner or room mate reported loud snoring?4",Physical,Human11,"During the past month, how often has your bed partner or room mate reported loud snoring?4"
,"During the past month, how often has your bed partner or room mate reported loud snoring?4",Physical,Human12,"During the past month, how often has your bed partner or room mate reported loud snoring?4"
,"During the past month, how often has your bed partner or room mate reported loud snoring?4",Physical,Human13,"During the past month, how often has your bed partner or room mate reported loud snoring?4"
,"During the past month, how often has your bed partner or room mate reported loud snoring?4",Physical,Human14,"During the past month, how often has your bed partner or room mate reported loud snoring?4"
,"During the past month, how often has your bed partner or room mate reported loud snoring?4",Physical,Human15,"During the past month, how often has your bed partner or room mate reported loud snoring?4"
,"During the past month, how often has your bed partner or room mate reported loud snoring?4",Physical,Human16,"During the past month, how often has your bed partner or room mate reported loud snoring?4"
,"During the past month, how often has your bed partner or room mate reported loud snoring?4",Physical,Human17,"During the past month, how often has your bed partner or room mate reported loud snoring?4"
,"During the past month, how often has your bed partner or room mate reported loud snoring?4",Spiritual,Human18,"During the past month, how often has your bed partner or room mate reported loud snoring?4"
,"During the past month, how often has your bed partner or room mate reported loud snoring?4",Environmental,Human19,"During the past month, how often has your bed partner or room mate reported loud snoring?4"
,"During the past month, how often has your bed partner or room mate reported loud snoring?4",Physical,Human20,"During the past month, how often has your bed partner or room mate reported loud snoring?4"
,"During the past month, how often has your bed partner or room mate reported loud snoring?4",Physical,Human21,"During the past month, how often has your bed partner or room mate reported loud snoring?4"
,"During the past month, how often has your bed partner or room mate reported loud snoring?4",Physical,Human22,"During the past month, how often has your bed partner or room mate reported loud snoring?4"
,"During the past month, how often has your bed partner or room mate reported loud snoring?4",Physical,Human23,"During the past month, how often has your bed partner or room mate reported loud snoring?4"
,"During the past month, how often has your bed partner or room mate reported loud snoring?4",Physical,Human24,"During the past month, how often has your bed partner or room mate reported loud snoring?4"
,"During the past month, how often has your bed partner or room mate reported loud snoring?4",Physical,Human25,"During the past month, how often has your bed partner or room mate reported loud snoring?4"
,"During the past month, how often has your bed partner or room mate reported loud snoring?4",Physical,Human26,"During the past month, how often has your bed partner or room mate reported loud snoring?4"
,"During the past month, how often has your bed partner or room mate reported loud snoring?4",Physical,Human27,"During the past month, how often has your bed partner or room mate reported loud snoring?4"
,"During the past month, how often has your bed partner or room mate reported loud snoring?4",Physical,Human28,"During the past month, how often has your bed partner or room mate reported loud snoring?4"
,"During the past month, how often has your bed partner or room mate reported other restlessness while you sleep?2",Physical,Human01,"During the past month, how often has your bed partner or room mate reported other restlessness while you sleep?2"
,"During the past month, how often has your bed partner or room mate reported other restlessness while you sleep?2",Physical,Human02,"During the past month, how often has your bed partner or room mate reported other restlessness while you sleep?2"
,"During the past month, how often has your bed partner or room mate reported other restlessness while you sleep?2",Physical,Human03,"During the past month, how often has your bed partner or room mate reported other restlessness while you sleep?2"
,"During the past month, how often has your bed partner or room mate reported other restlessness while you sleep?2",Physical,Human04,"During the past month, how often has your bed partner or room mate reported other restlessness while you sleep?2"
,"During the past month, how often has your bed partner or room mate reported other restlessness while you sleep?2",Physical,Human05,"During the past month, how often has your bed partner or room mate reported other restlessness while you sleep?2"
,"During the past month, how often has your bed partner or room mate reported other restlessness while you sleep?2",Physical,Human06,"During the past month, how often has your bed partner or room mate reported other restlessness while you sleep?2"
,"During the past month, how often has your bed partner or room mate reported other restlessness while you sleep?2",Physical,Human07,"During the past month, how often has your bed partner or room mate reported other restlessness while you sleep?2"
,"During the past month, how often has your bed partner or room mate reported other restlessness while you sleep?2",Physical,Human08,"During the past month, how often has your bed partner or room mate reported other restlessness while you sleep?2"
,"During the past month, how often has your bed partner or room mate reported other restlessness while you sleep?2",Physical,Human09,"During the past month, how often has your bed partner or room mate reported other restlessness while you sleep?2"
,"During the past month, how often has your bed partner or room mate reported other restlessness while you sleep?2",Physical,Human10,"During the past month, how often has your bed partner or room mate reported other restlessness while you sleep?2"
,"During the past month, how often has your bed partner or room mate reported other restlessness while you sleep?2",Physical,Human11,"During the past month, how often has your bed partner or room mate reported other restlessness while you sleep?2"
,"During the past month, how often has your bed partner or room mate reported other restlessness while you sleep?2",Physical,Human12,"During the past month, how often has your bed partner or room mate reported other restlessness while you sleep?2"
,"During the past month, how often has your bed partner or room mate reported other restlessness while you sleep?2",Physical,Human13,"During the past month, how often has your bed partner or room mate reported other restlessness while you sleep?2"
,"During the past month, how often has your bed partner or room mate reported other restlessness while you sleep?2",Physical,Human14,"During the past month, how often has your bed partner or room mate reported other restlessness while you sleep?2"
,"During the past month, how often has your bed partner or room mate reported other restlessness while you sleep?2",Physical,Human15,"During the past month, how often has your bed partner or room mate reported other restlessness while you sleep?2"
,"During the past month, how often has your bed partner or room mate reported other restlessness while you sleep?2",Physical,Human16,"During the past month, how often has your bed partner or room mate reported other restlessness while you sleep?2"
,"During the past month, how often has your bed partner or room mate reported other restlessness while you sleep?2",Physical,Human17,"During the past month, how often has your bed partner or room mate reported other restlessness while you sleep?2"
,"During the past month, how often has your bed partner or room mate reported other restlessness while you sleep?2",Emotional,Human18,"During the past month, how often has your bed partner or room mate reported other restlessness while you sleep?2"
,"During the past month, how often has your bed partner or room mate reported other restlessness while you sleep?2",Environmental,Human19,"During the past month, how often has your bed partner or room mate reported other restlessness while you sleep?2"
,"During the past month, how often has your bed partner or room mate reported other restlessness while you sleep?2",Physical,Human20,"During the past month, how often has your bed partner or room mate reported other restlessness while you sleep?2"
,"During the past month, how often has your bed partner or room mate reported other restlessness while you sleep?2",Physical,Human21,"During the past month, how often has your bed partner or room mate reported other restlessness while you sleep?2"
,"During the past month, how often has your bed partner or room mate reported other restlessness while you sleep?2",Physical,Human22,"During the past month, how often has your bed partner or room mate reported other restlessness while you sleep?2"
,"During the past month, how often has your bed partner or room mate reported other restlessness while you sleep?2",Physical,Human23,"During the past month, how often has your bed partner or room mate reported other restlessness while you sleep?2"
,"During the past month, how often has your bed partner or room mate reported other restlessness while you sleep?2",Physical,Human24,"During the past month, how often has your bed partner or room mate reported other restlessness while you sleep?2"
,"During the past month, how often has your bed partner or room mate reported other restlessness while you sleep?2",Physical,Human25,"During the past month, how often has your bed partner or room mate reported other restlessness while you sleep?2"
,"During the past month, how often has your bed partner or room mate reported other restlessness while you sleep?2",Physical,Human26,"During the past month, how often has your bed partner or room mate reported other restlessness while you sleep?2"
,"During the past month, how often has your bed partner or room mate reported other restlessness while you sleep?2",Physical,Human27,"During the past month, how often has your bed partner or room mate reported other restlessness while you sleep?2"
,"During the past month, how often has your bed partner or room mate reported other restlessness while you sleep?2",Physical,Human28,"During the past month, how often has your bed partner or room mate reported other restlessness while you sleep?2"
,"During the past month, how often has your bed partner or room mate reported other restlessness while you sleep?3",Physical,Human01,"During the past month, how often has your bed partner or room mate reported other restlessness while you sleep?3"
,"During the past month, how often has your bed partner or room mate reported other restlessness while you sleep?3",Physical,Human02,"During the past month, how often has your bed partner or room mate reported other restlessness while you sleep?3"
,"During the past month, how often has your bed partner or room mate reported other restlessness while you sleep?3",Physical,Human03,"During the past month, how often has your bed partner or room mate reported other restlessness while you sleep?3"
,"During the past month, how often has your bed partner or room mate reported other restlessness while you sleep?3",Physical,Human04,"During the past month, how often has your bed partner or room mate reported other restlessness while you sleep?3"
,"During the past month, how often has your bed partner or room mate reported other restlessness while you sleep?3",Physical,Human05,"During the past month, how often has your bed partner or room mate reported other restlessness while you sleep?3"
,"During the past month, how often has your bed partner or room mate reported other restlessness while you sleep?3",Physical,Human06,"During the past month, how often has your bed partner or room mate reported other restlessness while you sleep?3"
,"During the past month, how often has your bed partner or room mate reported other restlessness while you sleep?3",Physical,Human07,"During the past month, how often has your bed partner or room mate reported other restlessness while you sleep?3"
,"During the past month, how often has your bed partner or room mate reported other restlessness while you sleep?3",Physical,Human08,"During the past month, how often has your bed partner or room mate reported other restlessness while you sleep?3"
,"During the past month, how often has your bed partner or room mate reported other restlessness while you sleep?3",Physical,Human09,"During the past month, how often has your bed partner or room mate reported other restlessness while you sleep?3"
,"During the past month, how often has your bed partner or room mate reported other restlessness while you sleep?3",Physical,Human10,"During the past month, how often has your bed partner or room mate reported other restlessness while you sleep?3"
,"During the past month, how often has your bed partner or room mate reported other restlessness while you sleep?3",Physical,Human11,"During the past month, how often has your bed partner or room mate reported other restlessness while you sleep?3"
,"During the past month, how often has your bed partner or room mate reported other restlessness while you sleep?3",Physical,Human12,"During the past month, how often has your bed partner or room mate reported other restlessness while you sleep?3"
,"During the past month, how often has your bed partner or room mate reported other restlessness while you sleep?3",Physical,Human13,"During the past month, how often has your bed partner or room mate reported other restlessness while you sleep?3"
,"During the past month, how often has your bed partner or room mate reported other restlessness while you sleep?3",Physical,Human14,"During the past month, how often has your bed partner or room mate reported other restlessness while you sleep?3"
,"During the past month, how often has your bed partner or room mate reported other restlessness while you sleep?3",Physical,Human15,"During the past month, how often has your bed partner or room mate reported other restlessness while you sleep?3"
,"During the past month, how often has your bed partner or room mate reported other restlessness while you sleep?3",Physical,Human16,"During the past month, how often has your bed partner or room mate reported other restlessness while you sleep?3"
,"During the past month, how often has your bed partner or room mate reported other restlessness while you sleep?3",Physical,Human17,"During the past month, how often has your bed partner or room mate reported other restlessness while you sleep?3"
,"During the past month, how often has your bed partner or room mate reported other restlessness while you sleep?3",Spiritual,Human18,"During the past month, how often has your bed partner or room mate reported other restlessness while you sleep?3"
,"During the past month, how often has your bed partner or room mate reported other restlessness while you sleep?3",Environmental,Human19,"During the past month, how often has your bed partner or room mate reported other restlessness while you sleep?3"
,"During the past month, how often has your bed partner or room mate reported other restlessness while you sleep?3",Physical,Human20,"During the past month, how often has your bed partner or room mate reported other restlessness while you sleep?3"
,"During the past month, how often has your bed partner or room mate reported other restlessness while you sleep?3",Physical,Human21,"During the past month, how often has your bed partner or room mate reported other restlessness while you sleep?3"
,"During the past month, how often has your bed partner or room mate reported other restlessness while you sleep?3",Physical,Human22,"During the past month, how often has your bed partner or room mate reported other restlessness while you sleep?3"
,"During the past month, how often has your bed partner or room mate reported other restlessness while you sleep?3",Physical,Human23,"During the past month, how often has your bed partner or room mate reported other restlessness while you sleep?3"
,"During the past month, how often has your bed partner or room mate reported other restlessness while you sleep?3",Physical,Human24,"During the past month, how often has your bed partner or room mate reported other restlessness while you sleep?3"
,"During the past month, how often has your bed partner or room mate reported other restlessness while you sleep?3",Physical,Human25,"During the past month, how often has your bed partner or room mate reported other restlessness while you sleep?3"
,"During the past month, how often has your bed partner or room mate reported other restlessness while you sleep?3",Physical,Human26,"During the past month, how often has your bed partner or room mate reported other restlessness while you sleep?3"
,"During the past month, how often has your bed partner or room mate reported other restlessness while you sleep?3",Physical,Human27,"During the past month, how often has your bed partner or room mate reported other restlessness while you sleep?3"
,"During the past month, how often has your bed partner or room mate reported other restlessness while you sleep?3",Physical,Human28,"During the past month, how often has your bed partner or room mate reported other restlessness while you sleep?3"
,"During the past month, how often has your bed partner or room mate reported other restlessness while you sleep?4",Physical,Human01,"During the past month, how often has your bed partner or room mate reported other restlessness while you sleep?4"
,"During the past month, how often has your bed partner or room mate reported other restlessness while you sleep?4",Physical,Human02,"During the past month, how often has your bed partner or room mate reported other restlessness while you sleep?4"
,"During the past month, how often has your bed partner or room mate reported other restlessness while you sleep?4",Physical,Human03,"During the past month, how often has your bed partner or room mate reported other restlessness while you sleep?4"
,"During the past month, how often has your bed partner or room mate reported other restlessness while you sleep?4",Physical,Human04,"During the past month, how often has your bed partner or room mate reported other restlessness while you sleep?4"
,"During the past month, how often has your bed partner or room mate reported other restlessness while you sleep?4",Physical,Human05,"During the past month, how often has your bed partner or room mate reported other restlessness while you sleep?4"
,"During the past month, how often has your bed partner or room mate reported other restlessness while you sleep?4",Physical,Human06,"During the past month, how often has your bed partner or room mate reported other restlessness while you sleep?4"
,"During the past month, how often has your bed partner or room mate reported other restlessness while you sleep?4",Physical,Human07,"During the past month, how often has your bed partner or room mate reported other restlessness while you sleep?4"
,"During the past month, how often has your bed partner or room mate reported other restlessness while you sleep?4",Physical,Human08,"During the past month, how often has your bed partner or room mate reported other restlessness while you sleep?4"
,"During the past month, how often has your bed partner or room mate reported other restlessness while you sleep?4",Physical,Human09,"During the past month, how often has your bed partner or room mate reported other restlessness while you sleep?4"
,"During the past month, how often has your bed partner or room mate reported other restlessness while you sleep?4",Physical,Human10,"During the past month, how often has your bed partner or room mate reported other restlessness while you sleep?4"
,"During the past month, how often has your bed partner or room mate reported other restlessness while you sleep?4",Physical,Human11,"During the past month, how often has your bed partner or room mate reported other restlessness while you sleep?4"
,"During the past month, how often has your bed partner or room mate reported other restlessness while you sleep?4",Physical,Human12,"During the past month, how often has your bed partner or room mate reported other restlessness while you sleep?4"
,"During the past month, how often has your bed partner or room mate reported other restlessness while you sleep?4",Physical,Human13,"During the past month, how often has your bed partner or room mate reported other restlessness while you sleep?4"
,"During the past month, how often has your bed partner or room mate reported other restlessness while you sleep?4",Physical,Human14,"During the past month, how often has your bed partner or room mate reported other restlessness while you sleep?4"
,"During the past month, how often has your bed partner or room mate reported other restlessness while you sleep?4",Physical,Human15,"During the past month, how often has your bed partner or room mate reported other restlessness while you sleep?4"
,"During the past month, how often has your bed partner or room mate reported other restlessness while you sleep?4",Physical,Human16,"During the past month, how often has your bed partner or room mate reported other restlessness while you sleep?4"
,"During the past month, how often has your bed partner or room mate reported other restlessness while you sleep?4",Physical,Human17,"During the past month, how often has your bed partner or room mate reported other restlessness while you sleep?4"
,"During the past month, how often has your bed partner or room mate reported other restlessness while you sleep?4",Spiritual,Human18,"During the past month, how often has your bed partner or room mate reported other restlessness while you sleep?4"
,"During the past month, how often has your bed partner or room mate reported other restlessness while you sleep?4",Environmental,Human19,"During the past month, how often has your bed partner or room mate reported other restlessness while you sleep?4"
,"During the past month, how often has your bed partner or room mate reported other restlessness while you sleep?4",Physical,Human20,"During the past month, how often has your bed partner or room mate reported other restlessness while you sleep?4"
,"During the past month, how often has your bed partner or room mate reported other restlessness while you sleep?4",Physical,Human21,"During the past month, how often has your bed partner or room mate reported other restlessness while you sleep?4"
,"During the past month, how often has your bed partner or room mate reported other restlessness while you sleep?4",Physical,Human22,"During the past month, how often has your bed partner or room mate reported other restlessness while you sleep?4"
,"During the past month, how often has your bed partner or room mate reported other restlessness while you sleep?4",Physical,Human23,"During the past month, how often has your bed partner or room mate reported other restlessness while you sleep?4"
,"During the past month, how often has your bed partner or room mate reported other restlessness while you sleep?4",Physical,Human24,"During the past month, how often has your bed partner or room mate reported other restlessness while you sleep?4"
,"During the past month, how often has your bed partner or room mate reported other restlessness while you sleep?4",Physical,Human25,"During the past month, how often has your bed partner or room mate reported other restlessness while you sleep?4"
,"During the past month, how often has your bed partner or room mate reported other restlessness while you sleep?4",Physical,Human26,"During the past month, how often has your bed partner or room mate reported other restlessness while you sleep?4"
,"During the past month, how often has your bed partner or room mate reported other restlessness while you sleep?4",Physical,Human27,"During the past month, how often has your bed partner or room mate reported other restlessness while you sleep?4"
,"During the past month, how often has your bed partner or room mate reported other restlessness while you sleep?4",Physical,Human28,"During the past month, how often has your bed partner or room mate reported other restlessness while you sleep?4"
,"During the past month, how often have you had trouble sleeping because of other reasons?2",Physical,Human01,"During the past month, how often have you had trouble sleeping because of other reasons?2"
,"During the past month, how often have you had trouble sleeping because of other reasons?2",Physical,Human02,"During the past month, how often have you had trouble sleeping because of other reasons?2"
,"During the past month, how often have you had trouble sleeping because of other reasons?2",Physical,Human03,"During the past month, how often have you had trouble sleeping because of other reasons?2"
,"During the past month, how often have you had trouble sleeping because of other reasons?2",Physical,Human04,"During the past month, how often have you had trouble sleeping because of other reasons?2"
,"During the past month, how often have you had trouble sleeping because of other reasons?2",Physical,Human05,"During the past month, how often have you had trouble sleeping because of other reasons?2"
,"During the past month, how often have you had trouble sleeping because of other reasons?2",Physical,Human06,"During the past month, how often have you had trouble sleeping because of other reasons?2"
,"During the past month, how often have you had trouble sleeping because of other reasons?2",Physical,Human07,"During the past month, how often have you had trouble sleeping because of other reasons?2"
,"During the past month, how often have you had trouble sleeping because of other reasons?2",Physical,Human08,"During the past month, how often have you had trouble sleeping because of other reasons?2"
,"During the past month, how often have you had trouble sleeping because of other reasons?2",Physical,Human09,"During the past month, how often have you had trouble sleeping because of other reasons?2"
,"During the past month, how often have you had trouble sleeping because of other reasons?2",Physical,Human10,"During the past month, how often have you had trouble sleeping because of other reasons?2"
,"During the past month, how often have you had trouble sleeping because of other reasons?2",Physical,Human11,"During the past month, how often have you had trouble sleeping because of other reasons?2"
,"During the past month, how often have you had trouble sleeping because of other reasons?2",Physical,Human12,"During the past month, how often have you had trouble sleeping because of other reasons?2"
,"During the past month, how often have you had trouble sleeping because of other reasons?2",Physical,Human13,"During the past month, how often have you had trouble sleeping because of other reasons?2"
,"During the past month, how often have you had trouble sleeping because of other reasons?2",Physical,Human14,"During the past month, how often have you had trouble sleeping because of other reasons?2"
,"During the past month, how often have you had trouble sleeping because of other reasons?2",Physical,Human15,"During the past month, how often have you had trouble sleeping because of other reasons?2"
,"During the past month, how often have you had trouble sleeping because of other reasons?2",Environmental,Human16,"During the past month, how often have you had trouble sleeping because of other reasons?2"
,"During the past month, how often have you had trouble sleeping because of other reasons?2",Physical,Human17,"During the past month, how often have you had trouble sleeping because of other reasons?2"
,"During the past month, how often have you had trouble sleeping because of other reasons?2",Intellectual,Human18,"During the past month, how often have you had trouble sleeping because of other reasons?2"
,"During the past month, how often have you had trouble sleeping because of other reasons?2",Physical,Human19,"During the past month, how often have you had trouble sleeping because of other reasons?2"
,"During the past month, how often have you had trouble sleeping because of other reasons?2",Physical,Human20,"During the past month, how often have you had trouble sleeping because of other reasons?2"
,"During the past month, how often have you had trouble sleeping because of other reasons?2",Physical,Human21,"During the past month, how often have you had trouble sleeping because of other reasons?2"
,"During the past month, how often have you had trouble sleeping because of other reasons?2",Physical,Human22,"During the past month, how often have you had trouble sleeping because of other reasons?2"
,"During the past month, how often have you had trouble sleeping because of other reasons?2",Environmental,Human23,"During the past month, how often have you had trouble sleeping because of other reasons?2"
,"During the past month, how often have you had trouble sleeping because of other reasons?2",Physical,Human24,"During the past month, how often have you had trouble sleeping because of other reasons?2"
,"During the past month, how often have you had trouble sleeping because of other reasons?2",Physical,Human25,"During the past month, how often have you had trouble sleeping because of other reasons?2"
,"During the past month, how often have you had trouble sleeping because of other reasons?2",Physical,Human26,"During the past month, how often have you had trouble sleeping because of other reasons?2"
,"During the past month, how often have you had trouble sleeping because of other reasons?2",Physical,Human27,"During the past month, how often have you had trouble sleeping because of other reasons?2"
,"During the past month, how often have you had trouble sleeping because of other reasons?2",Physical,Human28,"During the past month, how often have you had trouble sleeping because of other reasons?2"
,"During the past month, how often have you had trouble sleeping because of other reasons?3",Physical,Human01,"During the past month, how often have you had trouble sleeping because of other reasons?3"
,"During the past month, how often have you had trouble sleeping because of other reasons?3",Physical,Human02,"During the past month, how often have you had trouble sleeping because of other reasons?3"
,"During the past month, how often have you had trouble sleeping because of other reasons?3",Physical,Human03,"During the past month, how often have you had trouble sleeping because of other reasons?3"
,"During the past month, how often have you had trouble sleeping because of other reasons?3",Physical,Human04,"During the past month, how often have you had trouble sleeping because of other reasons?3"
,"During the past month, how often have you had trouble sleeping because of other reasons?3",Physical,Human05,"During the past month, how often have you had trouble sleeping because of other reasons?3"
,"During the past month, how often have you had trouble sleeping because of other reasons?3",Physical,Human06,"During the past month, how often have you had trouble sleeping because of other reasons?3"
,"During the past month, how often have you had trouble sleeping because of other reasons?3",Physical,Human07,"During the past month, how often have you had trouble sleeping because of other reasons?3"
,"During the past month, how often have you had trouble sleeping because of other reasons?3",Physical,Human08,"During the past month, how often have you had trouble sleeping because of other reasons?3"
,"During the past month, how often have you had trouble sleeping because of other reasons?3",Physical,Human09,"During the past month, how often have you had trouble sleeping because of other reasons?3"
,"During the past month, how often have you had trouble sleeping because of other reasons?3",Physical,Human10,"During the past month, how often have you had trouble sleeping because of other reasons?3"
,"During the past month, how often have you had trouble sleeping because of other reasons?3",Physical,Human11,"During the past month, how often have you had trouble sleeping because of other reasons?3"
,"During the past month, how often have you had trouble sleeping because of other reasons?3",Physical,Human12,"During the past month, how often have you had trouble sleeping because of other reasons?3"
,"During the past month, how often have you had trouble sleeping because of other reasons?3",Physical,Human13,"During the past month, how often have you had trouble sleeping because of other reasons?3"
,"During the past month, how often have you had trouble sleeping because of other reasons?3",Physical,Human14,"During the past month, how often have you had trouble sleeping because of other reasons?3"
,"During the past month, how often have you had trouble sleeping because of other reasons?3",Physical,Human15,"During the past month, how often have you had trouble sleeping because of other reasons?3"
,"During the past month, how often have you had trouble sleeping because of other reasons?3",Environmental,Human16,"During the past month, how often have you had trouble sleeping because of other reasons?3"
,"During the past month, how often have you had trouble sleeping because of other reasons?3",Physical,Human17,"During the past month, how often have you had trouble sleeping because of other reasons?3"
,"During the past month, how often have you had trouble sleeping because of other reasons?3",Environmental,Human18,"During the past month, how often have you had trouble sleeping because of other reasons?3"
,"During the past month, how often have you had trouble sleeping because of other reasons?3",Physical,Human19,"During the past month, how often have you had trouble sleeping because of other reasons?3"
,"During the past month, how often have you had trouble sleeping because of other reasons?3",Physical,Human20,"During the past month, how often have you had trouble sleeping because of other reasons?3"
,"During the past month, how often have you had trouble sleeping because of other reasons?3",Physical,Human21,"During the past month, how often have you had trouble sleeping because of other reasons?3"
,"During the past month, how often have you had trouble sleeping because of other reasons?3",Physical,Human22,"During the past month, how often have you had trouble sleeping because of other reasons?3"
,"During the past month, how often have you had trouble sleeping because of other reasons?3",Environmental,Human23,"During the past month, how often have you had trouble sleeping because of other reasons?3"
,"During the past month, how often have you had trouble sleeping because of other reasons?3",Physical,Human24,"During the past month, how often have you had trouble sleeping because of other reasons?3"
,"During the past month, how often have you had trouble sleeping because of other reasons?3",Physical,Human25,"During the past month, how often have you had trouble sleeping because of other reasons?3"
,"During the past month, how often have you had trouble sleeping because of other reasons?3",Physical,Human26,"During the past month, how often have you had trouble sleeping because of other reasons?3"
,"During the past month, how often have you had trouble sleeping because of other reasons?3",Physical,Human27,"During the past month, how often have you had trouble sleeping because of other reasons?3"
,"During the past month, how often have you had trouble sleeping because of other reasons?3",Physical,Human28,"During the past month, how often have you had trouble sleeping because of other reasons?3"
,"During the past month, how often have you had trouble sleeping because of other reasons?4",Physical,Human01,"During the past month, how often have you had trouble sleeping because of other reasons?4"
,"During the past month, how often have you had trouble sleeping because of other reasons?4",Physical,Human02,"During the past month, how often have you had trouble sleeping because of other reasons?4"
,"During the past month, how often have you had trouble sleeping because of other reasons?4",Physical,Human03,"During the past month, how often have you had trouble sleeping because of other reasons?4"
,"During the past month, how often have you had trouble sleeping because of other reasons?4",Physical,Human04,"During the past month, how often have you had trouble sleeping because of other reasons?4"
,"During the past month, how often have you had trouble sleeping because of other reasons?4",Physical,Human05,"During the past month, how often have you had trouble sleeping because of other reasons?4"
,"During the past month, how often have you had trouble sleeping because of other reasons?4",Physical,Human06,"During the past month, how often have you had trouble sleeping because of other reasons?4"
,"During the past month, how often have you had trouble sleeping because of other reasons?4",Physical,Human07,"During the past month, how often have you had trouble sleeping because of other reasons?4"
,"During the past month, how often have you had trouble sleeping because of other reasons?4",Physical,Human08,"During the past month, how often have you had trouble sleeping because of other reasons?4"
,"During the past month, how often have you had trouble sleeping because of other reasons?4",Physical,Human09,"During the past month, how often have you had trouble sleeping because of other reasons?4"
,"During the past month, how often have you had trouble sleeping because of other reasons?4",Physical,Human10,"During the past month, how often have you had trouble sleeping because of other reasons?4"
,"During the past month, how often have you had trouble sleeping because of other reasons?4",Physical,Human11,"During the past month, how often have you had trouble sleeping because of other reasons?4"
,"During the past month, how often have you had trouble sleeping because of other reasons?4",Physical,Human12,"During the past month, how often have you had trouble sleeping because of other reasons?4"
,"During the past month, how often have you had trouble sleeping because of other reasons?4",Physical,Human13,"During the past month, how often have you had trouble sleeping because of other reasons?4"
,"During the past month, how often have you had trouble sleeping because of other reasons?4",Physical,Human14,"During the past month, how often have you had trouble sleeping because of other reasons?4"
,"During the past month, how often have you had trouble sleeping because of other reasons?4",Physical,Human15,"During the past month, how often have you had trouble sleeping because of other reasons?4"
,"During the past month, how often have you had trouble sleeping because of other reasons?4",Environmental,Human16,"During the past month, how often have you had trouble sleeping because of other reasons?4"
,"During the past month, how often have you had trouble sleeping because of other reasons?4",Physical,Human17,"During the past month, how often have you had trouble sleeping because of other reasons?4"
,"During the past month, how often have you had trouble sleeping because of other reasons?4",Occupational,Human18,"During the past month, how often have you had trouble sleeping because of other reasons?4"
,"During the past month, how often have you had trouble sleeping because of other reasons?4",Physical,Human19,"During the past month, how often have you had trouble sleeping because of other reasons?4"
,"During the past month, how often have you had trouble sleeping because of other reasons?4",Physical,Human20,"During the past month, how often have you had trouble sleeping because of other reasons?4"
,"During the past month, how often have you had trouble sleeping because of other reasons?4",Physical,Human21,"During the past month, how often have you had trouble sleeping because of other reasons?4"
,"During the past month, how often have you had trouble sleeping because of other reasons?4",Physical,Human22,"During the past month, how often have you had trouble sleeping because of other reasons?4"
,"During the past month, how often have you had trouble sleeping because of other reasons?4",Environmental,Human23,"During the past month, how often have you had trouble sleeping because of other reasons?4"
,"During the past month, how often have you had trouble sleeping because of other reasons?4",Physical,Human24,"During the past month, how often have you had trouble sleeping because of other reasons?4"
,"During the past month, how often have you had trouble sleeping because of other reasons?4",Physical,Human25,"During the past month, how often have you had trouble sleeping because of other reasons?4"
,"During the past month, how often have you had trouble sleeping because of other reasons?4",Physical,Human26,"During the past month, how often have you had trouble sleeping because of other reasons?4"
,"During the past month, how often have you had trouble sleeping because of other reasons?4",Physical,Human27,"During the past month, how often have you had trouble sleeping because of other reasons?4"
,"During the past month, how often have you had trouble sleeping because of other reasons?4",Physical,Human28,"During the past month, how often have you had trouble sleeping because of other reasons?4"
,"During the past month, how often have you had trouble sleeping because you cannot breathe comfortably?2",Physical,Human01,"During the past month, how often have you had trouble sleeping because you cannot breathe comfortably?2"
,"During the past month, how often have you had trouble sleeping because you cannot breathe comfortably?2",Physical,Human02,"During the past month, how often have you had trouble sleeping because you cannot breathe comfortably?2"
,"During the past month, how often have you had trouble sleeping because you cannot breathe comfortably?2",Physical,Human03,"During the past month, how often have you had trouble sleeping because you cannot breathe comfortably?2"
,"During the past month, how often have you had trouble sleeping because you cannot breathe comfortably?2",Physical,Human04,"During the past month, how often have you had trouble sleeping because you cannot breathe comfortably?2"
,"During the past month, how often have you had trouble sleeping because you cannot breathe comfortably?2",Physical,Human05,"During the past month, how often have you had trouble sleeping because you cannot breathe comfortably?2"
,"During the past month, how often have you had trouble sleeping because you cannot breathe comfortably?2",Physical,Human06,"During the past month, how often have you had trouble sleeping because you cannot breathe comfortably?2"
,"During the past month, how often have you had trouble sleeping because you cannot breathe comfortably?2",Physical,Human07,"During the past month, how often have you had trouble sleeping because you cannot breathe comfortably?2"
,"During the past month, how often have you had trouble sleeping because you cannot breathe comfortably?2",Physical,Human08,"During the past month, how often have you had trouble sleeping because you cannot breathe comfortably?2"
,"During the past month, how often have you had trouble sleeping because you cannot breathe comfortably?2",Physical,Human09,"During the past month, how often have you had trouble sleeping because you cannot breathe comfortably?2"
,"During the past month, how often have you had trouble sleeping because you cannot breathe comfortably?2",Physical,Human10,"During the past month, how often have you had trouble sleeping because you cannot breathe comfortably?2"
,"During the past month, how often have you had trouble sleeping because you cannot breathe comfortably?2",Physical,Human11,"During the past month, how often have you had trouble sleeping because you cannot breathe comfortably?2"
,"During the past month, how often have you had trouble sleeping because you cannot breathe comfortably?2",Physical,Human12,"During the past month, how often have you had trouble sleeping because you cannot breathe comfortably?2"
,"During the past month, how often have you had trouble sleeping because you cannot breathe comfortably?2",Physical,Human13,"During the past month, how often have you had trouble sleeping because you cannot breathe comfortably?2"
,"During the past month, how often have you had trouble sleeping because you cannot breathe comfortably?2",Physical,Human14,"During the past month, how often have you had trouble sleeping because you cannot breathe comfortably?2"
,"During the past month, how often have you had trouble sleeping because you cannot breathe comfortably?2",Physical,Human15,"During the past month, how often have you had trouble sleeping because you cannot breathe comfortably?2"
,"During the past month, how often have you had trouble sleeping because you cannot breathe comfortably?2",Physical,Human16,"During the past month, how often have you had trouble sleeping because you cannot breathe comfortably?2"
,"During the past month, how often have you had trouble sleeping because you cannot breathe comfortably?2",Physical,Human17,"During the past month, how often have you had trouble sleeping because you cannot breathe comfortably?2"
,"During the past month, how often have you had trouble sleeping because you cannot breathe comfortably?2",Spiritual,Human18,"During the past month, how often have you had trouble sleeping because you cannot breathe comfortably?2"
,"During the past month, how often have you had trouble sleeping because you cannot breathe comfortably?2",Physical,Human19,"During the past month, how often have you had trouble sleeping because you cannot breathe comfortably?2"
,"During the past month, how often have you had trouble sleeping because you cannot breathe comfortably?2",Physical,Human20,"During the past month, how often have you had trouble sleeping because you cannot breathe comfortably?2"
,"During the past month, how often have you had trouble sleeping because you cannot breathe comfortably?2",Physical,Human21,"During the past month, how often have you had trouble sleeping because you cannot breathe comfortably?2"
,"During the past month, how often have you had trouble sleeping because you cannot breathe comfortably?2",Physical,Human22,"During the past month, how often have you had trouble sleeping because you cannot breathe comfortably?2"
,"During the past month, how often have you had trouble sleeping because you cannot breathe comfortably?2",Physical,Human23,"During the past month, how often have you had trouble sleeping because you cannot breathe comfortably?2"
,"During the past month, how often have you had trouble sleeping because you cannot breathe comfortably?2",Physical,Human24,"During the past month, how often have you had trouble sleeping because you cannot breathe comfortably?2"
,"During the past month, how often have you had trouble sleeping because you cannot breathe comfortably?2",Physical,Human25,"During the past month, how often have you had trouble sleeping because you cannot breathe comfortably?2"
,"During the past month, how often have you had trouble sleeping because you cannot breathe comfortably?2",Physical,Human26,"During the past month, how often have you had trouble sleeping because you cannot breathe comfortably?2"
,"During the past month, how often have you had trouble sleeping because you cannot breathe comfortably?2",Physical,Human27,"During the past month, how often have you had trouble sleeping because you cannot breathe comfortably?2"
,"During the past month, how often have you had trouble sleeping because you cannot breathe comfortably?2",Physical,Human28,"During the past month, how often have you had trouble sleeping because you cannot breathe comfortably?2"
,"During the past month, how often have you had trouble sleeping because you cannot get to sleep within 30 minutes?2",Physical,Human01,"During the past month, how often have you had trouble sleeping because you cannot get to sleep within 30 minutes?2"
,"During the past month, how often have you had trouble sleeping because you cannot get to sleep within 30 minutes?2",Physical,Human02,"During the past month, how often have you had trouble sleeping because you cannot get to sleep within 30 minutes?2"
,"During the past month, how often have you had trouble sleeping because you cannot get to sleep within 30 minutes?2",Physical,Human03,"During the past month, how often have you had trouble sleeping because you cannot get to sleep within 30 minutes?2"
,"During the past month, how often have you had trouble sleeping because you cannot get to sleep within 30 minutes?2",Physical,Human04,"During the past month, how often have you had trouble sleeping because you cannot get to sleep within 30 minutes?2"
,"During the past month, how often have you had trouble sleeping because you cannot get to sleep within 30 minutes?2",Physical,Human05,"During the past month, how often have you had trouble sleeping because you cannot get to sleep within 30 minutes?2"
,"During the past month, how often have you had trouble sleeping because you cannot get to sleep within 30 minutes?2",Emotional,Human06,"During the past month, how often have you had trouble sleeping because you cannot get to sleep within 30 minutes?2"
,"During the past month, how often have you had trouble sleeping because you cannot get to sleep within 30 minutes?2",Physical,Human07,"During the past month, how often have you had trouble sleeping because you cannot get to sleep within 30 minutes?2"
,"During the past month, how often have you had trouble sleeping because you cannot get to sleep within 30 minutes?2",Environmental,Human08,"During the past month, how often have you had trouble sleeping because you cannot get to sleep within 30 minutes?2"
,"During the past month, how often have you had trouble sleeping because you cannot get to sleep within 30 minutes?2",Physical,Human09,"During the past month, how often have you had trouble sleeping because you cannot get to sleep within 30 minutes?2"
,"During the past month, how often have you had trouble sleeping because you cannot get to sleep within 30 minutes?2",Physical,Human10,"During the past month, how often have you had trouble sleeping because you cannot get to sleep within 30 minutes?2"
,"During the past month, how often have you had trouble sleeping because you cannot get to sleep within 30 minutes?2",Physical,Human11,"During the past month, how often have you had trouble sleeping because you cannot get to sleep within 30 minutes?2"
,"During the past month, how often have you had trouble sleeping because you cannot get to sleep within 30 minutes?2",Intellectual,Human12,"During the past month, how often have you had trouble sleeping because you cannot get to sleep within 30 minutes?2"
,"During the past month, how often have you had trouble sleeping because you cannot get to sleep within 30 minutes?2",Physical,Human13,"During the past month, how often have you had trouble sleeping because you cannot get to sleep within 30 minutes?2"
,"During the past month, how often have you had trouble sleeping because you cannot get to sleep within 30 minutes?2",Physical,Human14,"During the past month, how often have you had trouble sleeping because you cannot get to sleep within 30 minutes?2"
,"During the past month, how often have you had trouble sleeping because you cannot get to sleep within 30 minutes?2",Physical,Human15,"During the past month, how often have you had trouble sleeping because you cannot get to sleep within 30 minutes?2"
,"During the past month, how often have you had trouble sleeping because you cannot get to sleep within 30 minutes?2",Physical,Human16,"During the past month, how often have you had trouble sleeping because you cannot get to sleep within 30 minutes?2"
,"During the past month, how often have you had trouble sleeping because you cannot get to sleep within 30 minutes?2",Physical,Human17,"During the past month, how often have you had trouble sleeping because you cannot get to sleep within 30 minutes?2"
,"During the past month, how often have you had trouble sleeping because you cannot get to sleep within 30 minutes?2",Emotional,Human18,"During the past month, how often have you had trouble sleeping because you cannot get to sleep within 30 minutes?2"
,"During the past month, how often have you had trouble sleeping because you cannot get to sleep within 30 minutes?2",Physical,Human19,"During the past month, how often have you had trouble sleeping because you cannot get to sleep within 30 minutes?2"
,"During the past month, how often have you had trouble sleeping because you cannot get to sleep within 30 minutes?2",Physical,Human20,"During the past month, how often have you had trouble sleeping because you cannot get to sleep within 30 minutes?2"
,"During the past month, how often have you had trouble sleeping because you cannot get to sleep within 30 minutes?2",Physical,Human21,"During the past month, how often have you had trouble sleeping because you cannot get to sleep within 30 minutes?2"
,"During the past month, how often have you had trouble sleeping because you cannot get to sleep within 30 minutes?2",Physical,Human22,"During the past month, how often have you had trouble sleeping because you cannot get to sleep within 30 minutes?2"
,"During the past month, how often have you had trouble sleeping because you cannot get to sleep within 30 minutes?2",Environmental,Human23,"During the past month, how often have you had trouble sleeping because you cannot get to sleep within 30 minutes?2"
,"During the past month, how often have you had trouble sleeping because you cannot get to sleep within 30 minutes?2",Physical,Human24,"During the past month, how often have you had trouble sleeping because you cannot get to sleep within 30 minutes?2"
,"During the past month, how often have you had trouble sleeping because you cannot get to sleep within 30 minutes?2",Physical,Human25,"During the past month, how often have you had trouble sleeping because you cannot get to sleep within 30 minutes?2"
,"During the past month, how often have you had trouble sleeping because you cannot get to sleep within 30 minutes?2",Physical,Human26,"During the past month, how often have you had trouble sleeping because you cannot get to sleep within 30 minutes?2"
,"During the past month, how often have you had trouble sleeping because you cannot get to sleep within 30 minutes?2",Physical,Human27,"During the past month, how often have you had trouble sleeping because you cannot get to sleep within 30 minutes?2"
,"During the past month, how often have you had trouble sleeping because you cannot get to sleep within 30 minutes?2",Physical,Human28,"During the past month, how often have you had trouble sleeping because you cannot get to sleep within 30 minutes?2"
,"During the past month, how often have you had trouble sleeping because you cough or snore loudly?2",Physical,Human01,"During the past month, how often have you had trouble sleeping because you cough or snore loudly?2"
,"During the past month, how often have you had trouble sleeping because you cough or snore loudly?2",Physical,Human02,"During the past month, how often have you had trouble sleeping because you cough or snore loudly?2"
,"During the past month, how often have you had trouble sleeping because you cough or snore loudly?2",Physical,Human03,"During the past month, how often have you had trouble sleeping because you cough or snore loudly?2"
,"During the past month, how often have you had trouble sleeping because you cough or snore loudly?2",Physical,Human04,"During the past month, how often have you had trouble sleeping because you cough or snore loudly?2"
,"During the past month, how often have you had trouble sleeping because you cough or snore loudly?2",Physical,Human05,"During the past month, how often have you had trouble sleeping because you cough or snore loudly?2"
,"During the past month, how often have you had trouble sleeping because you cough or snore loudly?2",Physical,Human06,"During the past month, how often have you had trouble sleeping because you cough or snore loudly?2"
,"During the past month, how often have you had trouble sleeping because you cough or snore loudly?2",Physical,Human07,"During the past month, how often have you had trouble sleeping because you cough or snore loudly?2"
,"During the past month, how often have you had trouble sleeping because you cough or snore loudly?2",Environmental,Human08,"During the past month, how often have you had trouble sleeping because you cough or snore loudly?2"
,"During the past month, how often have you had trouble sleeping because you cough or snore loudly?2",Physical,Human09,"During the past month, how often have you had trouble sleeping because you cough or snore loudly?2"
,"During the past month, how often have you had trouble sleeping because you cough or snore loudly?2",Physical,Human10,"During the past month, how often have you had trouble sleeping because you cough or snore loudly?2"
,"During the past month, how often have you had trouble sleeping because you cough or snore loudly?2",Physical,Human11,"During the past month, how often have you had trouble sleeping because you cough or snore loudly?2"
,"During the past month, how often have you had trouble sleeping because you cough or snore loudly?2",Physical,Human12,"During the past month, how often have you had trouble sleeping because you cough or snore loudly?2"
,"During the past month, how often have you had trouble sleeping because you cough or snore loudly?2",Physical,Human13,"During the past month, how often have you had trouble sleeping because you cough or snore loudly?2"
,"During the past month, how often have you had trouble sleeping because you cough or snore loudly?2",Physical,Human14,"During the past month, how often have you had trouble sleeping because you cough or snore loudly?2"
,"During the past month, how often have you had trouble sleeping because you cough or snore loudly?2",Physical,Human15,"During the past month, how often have you had trouble sleeping because you cough or snore loudly?2"
,"During the past month, how often have you had trouble sleeping because you cough or snore loudly?2",Physical,Human16,"During the past month, how often have you had trouble sleeping because you cough or snore loudly?2"
,"During the past month, how often have you had trouble sleeping because you cough or snore loudly?2",Physical,Human17,"During the past month, how often have you had trouble sleeping because you cough or snore loudly?2"
,"During the past month, how often have you had trouble sleeping because you cough or snore loudly?2",Emotional,Human18,"During the past month, how often have you had trouble sleeping because you cough or snore loudly?2"
,"During the past month, how often have you had trouble sleeping because you cough or snore loudly?2",Physical,Human19,"During the past month, how often have you had trouble sleeping because you cough or snore loudly?2"
,"During the past month, how often have you had trouble sleeping because you cough or snore loudly?2",Physical,Human20,"During the past month, how often have you had trouble sleeping because you cough or snore loudly?2"
,"During the past month, how often have you had trouble sleeping because you cough or snore loudly?2",Physical,Human21,"During the past month, how often have you had trouble sleeping because you cough or snore loudly?2"
,"During the past month, how often have you had trouble sleeping because you cough or snore loudly?2",Physical,Human22,"During the past month, how often have you had trouble sleeping because you cough or snore loudly?2"
,"During the past month, how often have you had trouble sleeping because you cough or snore loudly?2",Physical,Human23,"During the past month, how often have you had trouble sleeping because you cough or snore loudly?2"
,"During the past month, how often have you had trouble sleeping because you cough or snore loudly?2",Physical,Human24,"During the past month, how often have you had trouble sleeping because you cough or snore loudly?2"
,"During the past month, how often have you had trouble sleeping because you cough or snore loudly?2",Physical,Human25,"During the past month, how often have you had trouble sleeping because you cough or snore loudly?2"
,"During the past month, how often have you had trouble sleeping because you cough or snore loudly?2",Physical,Human26,"During the past month, how often have you had trouble sleeping because you cough or snore loudly?2"
,"During the past month, how often have you had trouble sleeping because you cough or snore loudly?2",Physical,Human27,"During the past month, how often have you had trouble sleeping because you cough or snore loudly?2"
,"During the past month, how often have you had trouble sleeping because you cough or snore loudly?2",Physical,Human28,"During the past month, how often have you had trouble sleeping because you cough or snore loudly?2"
,"During the past month, how often have you had trouble sleeping because you feel too cold?2",Physical,Human01,"During the past month, how often have you had trouble sleeping because you feel too cold?2"
,"During the past month, how often have you had trouble sleeping because you feel too cold?2",Physical,Human02,"During the past month, how often have you had trouble sleeping because you feel too cold?2"
,"During the past month, how often have you had trouble sleeping because you feel too cold?2",Physical,Human03,"During the past month, how often have you had trouble sleeping because you feel too cold?2"
,"During the past month, how often have you had trouble sleeping because you feel too cold?2",Physical,Human04,"During the past month, how often have you had trouble sleeping because you feel too cold?2"
,"During the past month, how often have you had trouble sleeping because you feel too cold?2",Physical,Human05,"During the past month, how often have you had trouble sleeping because you feel too cold?2"
,"During the past month, how often have you had trouble sleeping because you feel too cold?2",Physical,Human06,"During the past month, how often have you had trouble sleeping because you feel too cold?2"
,"During the past month, how often have you had trouble sleeping because you feel too cold?2",Physical,Human07,"During the past month, how often have you had trouble sleeping because you feel too cold?2"
,"During the past month, how often have you had trouble sleeping because you feel too cold?2",Environmental,Human08,"During the past month, how often have you had trouble sleeping because you feel too cold?2"
,"During the past month, how often have you had trouble sleeping because you feel too cold?2",Physical,Human09,"During the past month, how often have you had trouble sleeping because you feel too cold?2"
,"During the past month, how often have you had trouble sleeping because you feel too cold?2",Physical,Human10,"During the past month, how often have you had trouble sleeping because you feel too cold?2"
,"During the past month, how often have you had trouble sleeping because you feel too cold?2",Physical,Human11,"During the past month, how often have you had trouble sleeping because you feel too cold?2"
,"During the past month, how often have you had trouble sleeping because you feel too cold?2",Environmental,Human12,"During the past month, how often have you had trouble sleeping because you feel too cold?2"
,"During the past month, how often have you had trouble sleeping because you feel too cold?2",Physical,Human13,"During the past month, how often have you had trouble sleeping because you feel too cold?2"
,"During the past month, how often have you had trouble sleeping because you feel too cold?2",Physical,Human14,"During the past month, how often have you had trouble sleeping because you feel too cold?2"
,"During the past month, how often have you had trouble sleeping because you feel too cold?2",Physical,Human15,"During the past month, how often have you had trouble sleeping because you feel too cold?2"
,"During the past month, how often have you had trouble sleeping because you feel too cold?2",Physical,Human16,"During the past month, how often have you had trouble sleeping because you feel too cold?2"
,"During the past month, how often have you had trouble sleeping because you feel too cold?2",Physical,Human17,"During the past month, how often have you had trouble sleeping because you feel too cold?2"
,"During the past month, how often have you had trouble sleeping because you feel too cold?2",Environmental,Human18,"During the past month, how often have you had trouble sleeping because you feel too cold?2"
,"During the past month, how often have you had trouble sleeping because you feel too cold?2",Physical,Human19,"During the past month, how often have you had trouble sleeping because you feel too cold?2"
,"During the past month, how often have you had trouble sleeping because you feel too cold?2",Physical,Human20,"During the past month, how often have you had trouble sleeping because you feel too cold?2"
,"During the past month, how often have you had trouble sleeping because you feel too cold?2",Physical,Human21,"During the past month, how often have you had trouble sleeping because you feel too cold?2"
,"During the past month, how often have you had trouble sleeping because you feel too cold?2",Physical,Human22,"During the past month, how often have you had trouble sleeping because you feel too cold?2"
,"During the past month, how often have you had trouble sleeping because you feel too cold?2",Physical,Human23,"During the past month, how often have you had trouble sleeping because you feel too cold?2"
,"During the past month, how often have you had trouble sleeping because you feel too cold?2",Physical,Human24,"During the past month, how often have you had trouble sleeping because you feel too cold?2"
,"During the past month, how often have you had trouble sleeping because you feel too cold?2",Physical,Human25,"During the past month, how often have you had trouble sleeping because you feel too cold?2"
,"During the past month, how often have you had trouble sleeping because you feel too cold?2",Physical,Human26,"During the past month, how often have you had trouble sleeping because you feel too cold?2"
,"During the past month, how often have you had trouble sleeping because you feel too cold?2",Physical,Human27,"During the past month, how often have you had trouble sleeping because you feel too cold?2"
,"During the past month, how often have you had trouble sleeping because you feel too cold?2",Physical,Human28,"During the past month, how often have you had trouble sleeping because you feel too cold?2"
,"During the past month, how often have you had trouble sleeping because you feel too hot?2",Physical,Human01,"During the past month, how often have you had trouble sleeping because you feel too hot?2"
,"During the past month, how often have you had trouble sleeping because you feel too hot?2",Physical,Human02,"During the past month, how often have you had trouble sleeping because you feel too hot?2"
,"During the past month, how often have you had trouble sleeping because you feel too hot?2",Physical,Human03,"During the past month, how often have you had trouble sleeping because you feel too hot?2"
,"During the past month, how often have you had trouble sleeping because you feel too hot?2",Physical,Human04,"During the past month, how often have you had trouble sleeping because you feel too hot?2"
,"During the past month, how often have you had trouble sleeping because you feel too hot?2",Physical,Human05,"During the past month, how often have you had trouble sleeping because you feel too hot?2"
,"During the past month, how often have you had trouble sleeping because you feel too hot?2",Physical,Human06,"During the past month, how often have you had trouble sleeping because you feel too hot?2"
,"During the past month, how often have you had trouble sleeping because you feel too hot?2",Physical,Human07,"During the past month, how often have you had trouble sleeping because you feel too hot?2"
,"During the past month, how often have you had trouble sleeping because you feel too hot?2",Environmental,Human08,"During the past month, how often have you had trouble sleeping because you feel too hot?2"
,"During the past month, how often have you had trouble sleeping because you feel too hot?2",Physical,Human09,"During the past month, how often have you had trouble sleeping because you feel too hot?2"
,"During the past month, how often have you had trouble sleeping because you feel too hot?2",Physical,Human10,"During the past month, how often have you had trouble sleeping because you feel too hot?2"
,"During the past month, how often have you had trouble sleeping because you feel too hot?2",Physical,Human11,"During the past month, how often have you had trouble sleeping because you feel too hot?2"
,"During the past month, how often have you had trouble sleeping because you feel too hot?2",Environmental,Human12,"During the past month, how often have you had trouble sleeping because you feel too hot?2"
,"During the past month, how often have you had trouble sleeping because you feel too hot?2",Physical,Human13,"During the past month, how often have you had trouble sleeping because you feel too hot?2"
,"During the past month, how often have you had trouble sleeping because you feel too hot?2",Physical,Human14,"During the past month, how often have you had trouble sleeping because you feel too hot?2"
,"During the past month, how often have you had trouble sleeping because you feel too hot?2",Physical,Human15,"During the past month, how often have you had trouble sleeping because you feel too hot?2"
,"During the past month, how often have you had trouble sleeping because you feel too hot?2",Physical,Human16,"During the past month, how often have you had trouble sleeping because you feel too hot?2"
,"During the past month, how often have you had trouble sleeping because you feel too hot?2",Physical,Human17,"During the past month, how often have you had trouble sleeping because you feel too hot?2"
,"During the past month, how often have you had trouble sleeping because you feel too hot?2",Environmental,Human18,"During the past month, how often have you had trouble sleeping because you feel too hot?2"
,"During the past month, how often have you had trouble sleeping because you feel too hot?2",Physical,Human19,"During the past month, how often have you had trouble sleeping because you feel too hot?2"
,"During the past month, how often have you had trouble sleeping because you feel too hot?2",Physical,Human20,"During the past month, how often have you had trouble sleeping because you feel too hot?2"
,"During the past month, how often have you had trouble sleeping because you feel too hot?2",Physical,Human21,"During the past month, how often have you had trouble sleeping because you feel too hot?2"
,"During the past month, how often have you had trouble sleeping because you feel too hot?2",Physical,Human22,"During the past month, how often have you had trouble sleeping because you feel too hot?2"
,"During the past month, how often have you had trouble sleeping because you feel too hot?2",Physical,Human23,"During the past month, how often have you had trouble sleeping because you feel too hot?2"
,"During the past month, how often have you had trouble sleeping because you feel too hot?2",Physical,Human24,"During the past month, how often have you had trouble sleeping because you feel too hot?2"
,"During the past month, how often have you had trouble sleeping because you feel too hot?2",Physical,Human25,"During the past month, how often have you had trouble sleeping because you feel too hot?2"
,"During the past month, how often have you had trouble sleeping because you feel too hot?2",Physical,Human26,"During the past month, how often have you had trouble sleeping because you feel too hot?2"
,"During the past month, how often have you had trouble sleeping because you feel too hot?2",Physical,Human27,"During the past month, how often have you had trouble sleeping because you feel too hot?2"
,"During the past month, how often have you had trouble sleeping because you feel too hot?2",Physical,Human28,"During the past month, how often have you had trouble sleeping because you feel too hot?2"
,"During the past month, how often have you had trouble sleeping because you have bad dreams?2",Physical,Human01,"During the past month, how often have you had trouble sleeping because you have bad dreams?2"
,"During the past month, how often have you had trouble sleeping because you have bad dreams?2",Physical,Human02,"During the past month, how often have you had trouble sleeping because you have bad dreams?2"
,"During the past month, how often have you had trouble sleeping because you have bad dreams?2",Emotional,Human03,"During the past month, how often have you had trouble sleeping because you have bad dreams?2"
,"During the past month, how often have you had trouble sleeping because you have bad dreams?2",Physical,Human04,"During the past month, how often have you had trouble sleeping because you have bad dreams?2"
,"During the past month, how often have you had trouble sleeping because you have bad dreams?2",Physical,Human05,"During the past month, how often have you had trouble sleeping because you have bad dreams?2"
,"During the past month, how often have you had trouble sleeping because you have bad dreams?2",Emotional,Human06,"During the past month, how often have you had trouble sleeping because you have bad dreams?2"
,"During the past month, how often have you had trouble sleeping because you have bad dreams?2",Emotional,Human07,"During the past month, how often have you had trouble sleeping because you have bad dreams?2"
,"During the past month, how often have you had trouble sleeping because you have bad dreams?2",Emotional,Human08,"During the past month, how often have you had trouble sleeping because you have bad dreams?2"
,"During the past month, how often have you had trouble sleeping because you have bad dreams?2",Physical,Human09,"During the past month, how often have you had trouble sleeping because you have bad dreams?2"
,"During the past month, how often have you had trouble sleeping because you have bad dreams?2",Physical,Human10,"During the past month, how often have you had trouble sleeping because you have bad dreams?2"
,"During the past month, how often have you had trouble sleeping because you have bad dreams?2",Physical,Human11,"During the past month, how often have you had trouble sleeping because you have bad dreams?2"
,"During the past month, how often have you had trouble sleeping because you have bad dreams?2",Intellectual,Human12,"During the past month, how often have you had trouble sleeping because you have bad dreams?2"
,"During the past month, how often have you had trouble sleeping because you have bad dreams?2",Emotional,Human13,"During the past month, how often have you had trouble sleeping because you have bad dreams?2"
,"During the past month, how often have you had trouble sleeping because you have bad dreams?2",Emotional,Human14,"During the past month, how often have you had trouble sleeping because you have bad dreams?2"
,"During the past month, how often have you had trouble sleeping because you have bad dreams?2",Physical,Human15,"During the past month, how often have you had trouble sleeping because you have bad dreams?2"
,"During the past month, how often have you had trouble sleeping because you have bad dreams?2",Emotional,Human16,"During the past month, how often have you had trouble sleeping because you have bad dreams?2"
,"During the past month, how often have you had trouble sleeping because you have bad dreams?2",Physical,Human17,"During the past month, how often have you had trouble sleeping because you have bad dreams?2"
,"During the past month, how often have you had trouble sleeping because you have bad dreams?2",Social,Human18,"During the past month, how often have you had trouble sleeping because you have bad dreams?2"
,"During the past month, how often have you had trouble sleeping because you have bad dreams?2",Physical,Human19,"During the past month, how often have you had trouble sleeping because you have bad dreams?2"
,"During the past month, how often have you had trouble sleeping because you have bad dreams?2",Physical,Human20,"During the past month, how often have you had trouble sleeping because you have bad dreams?2"
,"During the past month, how often have you had trouble sleeping because you have bad dreams?2",Physical,Human21,"During the past month, how often have you had trouble sleeping because you have bad dreams?2"
,"During the past month, how often have you had trouble sleeping because you have bad dreams?2",Emotional,Human22,"During the past month, how often have you had trouble sleeping because you have bad dreams?2"
,"During the past month, how often have you had trouble sleeping because you have bad dreams?2",Emotional,Human23,"During the past month, how often have you had trouble sleeping because you have bad dreams?2"
,"During the past month, how often have you had trouble sleeping because you have bad dreams?2",Physical,Human24,"During the past month, how often have you had trouble sleeping because you have bad dreams?2"
,"During the past month, how often have you had trouble sleeping because you have bad dreams?2",Physical,Human25,"During the past month, how often have you had trouble sleeping because you have bad dreams?2"
,"During the past month, how often have you had trouble sleeping because you have bad dreams?2",Physical,Human26,"During the past month, how often have you had trouble sleeping because you have bad dreams?2"
,"During the past month, how often have you had trouble sleeping because you have bad dreams?2",Emotional,Human27,"During the past month, how often have you had trouble sleeping because you have bad dreams?2"
,"During the past month, how often have you had trouble sleeping because you have bad dreams?2",Emotional,Human28,"During the past month, how often have you had trouble sleeping because you have bad dreams?2"
,"During the past month, how often have you had trouble sleeping because you have pain?2",Physical,Human01,"During the past month, how often have you had trouble sleeping because you have pain?2"
,"During the past month, how often have you had trouble sleeping because you have pain?2",Physical,Human02,"During the past month, how often have you had trouble sleeping because you have pain?2"
,"During the past month, how often have you had trouble sleeping because you have pain?2",Physical,Human03,"During the past month, how often have you had trouble sleeping because you have pain?2"
,"During the past month, how often have you had trouble sleeping because you have pain?2",Physical,Human04,"During the past month, how often have you had trouble sleeping because you have pain?2"
,"During the past month, how often have you had trouble sleeping because you have pain?2",Physical,Human05,"During the past month, how often have you had trouble sleeping because you have pain?2"
,"During the past month, how often have you had trouble sleeping because you have pain?2",Physical,Human06,"During the past month, how often have you had trouble sleeping because you have pain?2"
,"During the past month, how often have you had trouble sleeping because you have pain?2",Physical,Human07,"During the past month, how often have you had trouble sleeping because you have pain?2"
,"During the past month, how often have you had trouble sleeping because you have pain?2",Physical,Human08,"During the past month, how often have you had trouble sleeping because you have pain?2"
,"During the past month, how often have you had trouble sleeping because you have pain?2",Physical,Human09,"During the past month, how often have you had trouble sleeping because you have pain?2"
,"During the past month, how often have you had trouble sleeping because you have pain?2",Physical,Human10,"During the past month, how often have you had trouble sleeping because you have pain?2"
,"During the past month, how often have you had trouble sleeping because you have pain?2",Physical,Human11,"During the past month, how often have you had trouble sleeping because you have pain?2"
,"During the past month, how often have you had trouble sleeping because you have pain?2",Physical,Human12,"During the past month, how often have you had trouble sleeping because you have pain?2"
,"During the past month, how often have you had trouble sleeping because you have pain?2",Physical,Human13,"During the past month, how often have you had trouble sleeping because you have pain?2"
,"During the past month, how often have you had trouble sleeping because you have pain?2",Physical,Human14,"During the past month, how often have you had trouble sleeping because you have pain?2"
,"During the past month, how often have you had trouble sleeping because you have pain?2",Physical,Human15,"During the past month, how often have you had trouble sleeping because you have pain?2"
,"During the past month, how often have you had trouble sleeping because you have pain?2",Physical,Human16,"During the past month, how often have you had trouble sleeping because you have pain?2"
,"During the past month, how often have you had trouble sleeping because you have pain?2",Physical,Human17,"During the past month, how often have you had trouble sleeping because you have pain?2"
,"During the past month, how often have you had trouble sleeping because you have pain?2",Social,Human18,"During the past month, how often have you had trouble sleeping because you have pain?2"
,"During the past month, how often have you had trouble sleeping because you have pain?2",Physical,Human19,"During the past month, how often have you had trouble sleeping because you have pain?2"
,"During the past month, how often have you had trouble sleeping because you have pain?2",Physical,Human20,"During the past month, how often have you had trouble sleeping because you have pain?2"
,"During the past month, how often have you had trouble sleeping because you have pain?2",Physical,Human21,"During the past month, how often have you had trouble sleeping because you have pain?2"
,"During the past month, how often have you had trouble sleeping because you have pain?2",Physical,Human22,"During the past month, how often have you had trouble sleeping because you have pain?2"
,"During the past month, how often have you had trouble sleeping because you have pain?2",Physical,Human23,"During the past month, how often have you had trouble sleeping because you have pain?2"
,"During the past month, how often have you had trouble sleeping because you have pain?2",Physical,Human24,"During the past month, how often have you had trouble sleeping because you have pain?2"
,"During the past month, how often have you had trouble sleeping because you have pain?2",Physical,Human25,"During the past month, how often have you had trouble sleeping because you have pain?2"
,"During the past month, how often have you had trouble sleeping because you have pain?2",Physical,Human26,"During the past month, how often have you had trouble sleeping because you have pain?2"
,"During the past month, how often have you had trouble sleeping because you have pain?2",Physical,Human27,"During the past month, how often have you had trouble sleeping because you have pain?2"
,"During the past month, how often have you had trouble sleeping because you have pain?2",Physical,Human28,"During the past month, how often have you had trouble sleeping because you have pain?2"
,"During the past month, how often have you had trouble sleeping because you have to get up to use the bathroom?2",Physical,Human01,"During the past month, how often have you had trouble sleeping because you have to get up to use the bathroom?2"
,"During the past month, how often have you had trouble sleeping because you have to get up to use the bathroom?2",Physical,Human02,"During the past month, how often have you had trouble sleeping because you have to get up to use the bathroom?2"
,"During the past month, how often have you had trouble sleeping because you have to get up to use the bathroom?2",Physical,Human03,"During the past month, how often have you had trouble sleeping because you have to get up to use the bathroom?2"
,"During the past month, how often have you had trouble sleeping because you have to get up to use the bathroom?2",Physical,Human04,"During the past month, how often have you had trouble sleeping because you have to get up to use the bathroom?2"
,"During the past month, how often have you had trouble sleeping because you have to get up to use the bathroom?2",Physical,Human05,"During the past month, how often have you had trouble sleeping because you have to get up to use the bathroom?2"
,"During the past month, how often have you had trouble sleeping because you have to get up to use the bathroom?2",Physical,Human06,"During the past month, how often have you had trouble sleeping because you have to get up to use the bathroom?2"
,"During the past month, how often have you had trouble sleeping because you have to get up to use the bathroom?2",Physical,Human07,"During the past month, how often have you had trouble sleeping because you have to get up to use the bathroom?2"
,"During the past month, how often have you had trouble sleeping because you have to get up to use the bathroom?2",Physical,Human08,"During the past month, how often have you had trouble sleeping because you have to get up to use the bathroom?2"
,"During the past month, how often have you had trouble sleeping because you have to get up to use the bathroom?2",Physical,Human09,"During the past month, how often have you had trouble sleeping because you have to get up to use the bathroom?2"
,"During the past month, how often have you had trouble sleeping because you have to get up to use the bathroom?2",Physical,Human10,"During the past month, how often have you had trouble sleeping because you have to get up to use the bathroom?2"
,"During the past month, how often have you had trouble sleeping because you have to get up to use the bathroom?2",Physical,Human11,"During the past month, how often have you had trouble sleeping because you have to get up to use the bathroom?2"
,"During the past month, how often have you had trouble sleeping because you have to get up to use the bathroom?2",Physical,Human12,"During the past month, how often have you had trouble sleeping because you have to get up to use the bathroom?2"
,"During the past month, how often have you had trouble sleeping because you have to get up to use the bathroom?2",Physical,Human13,"During the past month, how often have you had trouble sleeping because you have to get up to use the bathroom?2"
,"During the past month, how often have you had trouble sleeping because you have to get up to use the bathroom?2",Physical,Human14,"During the past month, how often have you had trouble sleeping because you have to get up to use the bathroom?2"
,"During the past month, how often have you had trouble sleeping because you have to get up to use the bathroom?2",Physical,Human15,"During the past month, how often have you had trouble sleeping because you have to get up to use the bathroom?2"
,"During the past month, how often have you had trouble sleeping because you have to get up to use the bathroom?2",Physical,Human16,"During the past month, how often have you had trouble sleeping because you have to get up to use the bathroom?2"
,"During the past month, how often have you had trouble sleeping because you have to get up to use the bathroom?2",Physical,Human17,"During the past month, how often have you had trouble sleeping because you have to get up to use the bathroom?2"
,"During the past month, how often have you had trouble sleeping because you have to get up to use the bathroom?2",Social,Human18,"During the past month, how often have you had trouble sleeping because you have to get up to use the bathroom?2"
,"During the past month, how often have you had trouble sleeping because you have to get up to use the bathroom?2",Physical,Human19,"During the past month, how often have you had trouble sleeping because you have to get up to use the bathroom?2"
,"During the past month, how often have you had trouble sleeping because you have to get up to use the bathroom?2",Physical,Human20,"During the past month, how often have you had trouble sleeping because you have to get up to use the bathroom?2"
,"During the past month, how often have you had trouble sleeping because you have to get up to use the bathroom?2",Physical,Human21,"During the past month, how often have you had trouble sleeping because you have to get up to use the bathroom?2"
,"During the past month, how often have you had trouble sleeping because you have to get up to use the bathroom?2",Physical,Human22,"During the past month, how often have you had trouble sleeping because you have to get up to use the bathroom?2"
,"During the past month, how often have you had trouble sleeping because you have to get up to use the bathroom?2",Physical,Human23,"During the past month, how often have you had trouble sleeping because you have to get up to use the bathroom?2"
,"During the past month, how often have you had trouble sleeping because you have to get up to use the bathroom?2",Physical,Human24,"During the past month, how often have you had trouble sleeping because you have to get up to use the bathroom?2"
,"During the past month, how often have you had trouble sleeping because you have to get up to use the bathroom?2",Physical,Human25,"During the past month, how often have you had trouble sleeping because you have to get up to use the bathroom?2"
,"During the past month, how often have you had trouble sleeping because you have to get up to use the bathroom?2",Physical,Human26,"During the past month, how often have you had trouble sleeping because you have to get up to use the bathroom?2"
,"During the past month, how often have you had trouble sleeping because you have to get up to use the bathroom?2",Physical,Human27,"During the past month, how often have you had trouble sleeping because you have to get up to use the bathroom?2"
,"During the past month, how often have you had trouble sleeping because you have to get up to use the bathroom?2",Emotional,Human28,"During the past month, how often have you had trouble sleeping because you have to get up to use the bathroom?2"
,"During the past month, how often have you had trouble sleeping because you wake up in the middle of the night or early morning?2",Physical,Human01,"During the past month, how often have you had trouble sleeping because you wake up in the middle of the night or early morning?2"
,"During the past month, how often have you had trouble sleeping because you wake up in the middle of the night or early morning?2",Physical,Human02,"During the past month, how often have you had trouble sleeping because you wake up in the middle of the night or early morning?2"
,"During the past month, how often have you had trouble sleeping because you wake up in the middle of the night or early morning?2",Physical,Human03,"During the past month, how often have you had trouble sleeping because you wake up in the middle of the night or early morning?2"
,"During the past month, how often have you had trouble sleeping because you wake up in the middle of the night or early morning?2",Physical,Human04,"During the past month, how often have you had trouble sleeping because you wake up in the middle of the night or early morning?2"
,"During the past month, how often have you had trouble sleeping because you wake up in the middle of the night or early morning?2",Physical,Human05,"During the past month, how often have you had trouble sleeping because you wake up in the middle of the night or early morning?2"
,"During the past month, how often have you had trouble sleeping because you wake up in the middle of the night or early morning?2",Physical,Human06,"During the past month, how often have you had trouble sleeping because you wake up in the middle of the night or early morning?2"
,"During the past month, how often have you had trouble sleeping because you wake up in the middle of the night or early morning?2",Physical,Human07,"During the past month, how often have you had trouble sleeping because you wake up in the middle of the night or early morning?2"
,"During the past month, how often have you had trouble sleeping because you wake up in the middle of the night or early morning?2",Environmental,Human08,"During the past month, how often have you had trouble sleeping because you wake up in the middle of the night or early morning?2"
,"During the past month, how often have you had trouble sleeping because you wake up in the middle of the night or early morning?2",Physical,Human09,"During the past month, how often have you had trouble sleeping because you wake up in the middle of the night or early morning?2"
,"During the past month, how often have you had trouble sleeping because you wake up in the middle of the night or early morning?2",Physical,Human10,"During the past month, how often have you had trouble sleeping because you wake up in the middle of the night or early morning?2"
,"During the past month, how often have you had trouble sleeping because you wake up in the middle of the night or early morning?2",Physical,Human11,"During the past month, how often have you had trouble sleeping because you wake up in the middle of the night or early morning?2"
,"During the past month, how often have you had trouble sleeping because you wake up in the middle of the night or early morning?2",Physical,Human12,"During the past month, how often have you had trouble sleeping because you wake up in the middle of the night or early morning?2"
,"During the past month, how often have you had trouble sleeping because you wake up in the middle of the night or early morning?2",Physical,Human13,"During the past month, how often have you had trouble sleeping because you wake up in the middle of the night or early morning?2"
,"During the past month, how often have you had trouble sleeping because you wake up in the middle of the night or early morning?2",Physical,Human14,"During the past month, how often have you had trouble sleeping because you wake up in the middle of the night or early morning?2"
,"During the past month, how often have you had trouble sleeping because you wake up in the middle of the night or early morning?2",Physical,Human15,"During the past month, how often have you had trouble sleeping because you wake up in the middle of the night or early morning?2"
,"During the past month, how often have you had trouble sleeping because you wake up in the middle of the night or early morning?2",Physical,Human16,"During the past month, how often have you had trouble sleeping because you wake up in the middle of the night or early morning?2"
,"During the past month, how often have you had trouble sleeping because you wake up in the middle of the night or early morning?2",Physical,Human17,"During the past month, how often have you had trouble sleeping because you wake up in the middle of the night or early morning?2"
,"During the past month, how often have you had trouble sleeping because you wake up in the middle of the night or early morning?2",Environmental,Human18,"During the past month, how often have you had trouble sleeping because you wake up in the middle of the night or early morning?2"
,"During the past month, how often have you had trouble sleeping because you wake up in the middle of the night or early morning?2",Physical,Human19,"During the past month, how often have you had trouble sleeping because you wake up in the middle of the night or early morning?2"
,"During the past month, how often have you had trouble sleeping because you wake up in the middle of the night or early morning?2",Physical,Human20,"During the past month, how often have you had trouble sleeping because you wake up in the middle of the night or early morning?2"
,"During the past month, how often have you had trouble sleeping because you wake up in the middle of the night or early morning?2",Physical,Human21,"During the past month, how often have you had trouble sleeping because you wake up in the middle of the night or early morning?2"
,"During the past month, how often have you had trouble sleeping because you wake up in the middle of the night or early morning?2",Physical,Human22,"During the past month, how often have you had trouble sleeping because you wake up in the middle of the night or early morning?2"
,"During the past month, how often have you had trouble sleeping because you wake up in the middle of the night or early morning?2",Environmental,Human23,"During the past month, how often have you had trouble sleeping because you wake up in the middle of the night or early morning?2"
,"During the past month, how often have you had trouble sleeping because you wake up in the middle of the night or early morning?2",Physical,Human24,"During the past month, how often have you had trouble sleeping because you wake up in the middle of the night or early morning?2"
,"During the past month, how often have you had trouble sleeping because you wake up in the middle of the night or early morning?2",Physical,Human25,"During the past month, how often have you had trouble sleeping because you wake up in the middle of the night or early morning?2"
,"During the past month, how often have you had trouble sleeping because you wake up in the middle of the night or early morning?2",Physical,Human26,"During the past month, how often have you had trouble sleeping because you wake up in the middle of the night or early morning?2"
,"During the past month, how often have you had trouble sleeping because you wake up in the middle of the night or early morning?2",Physical,Human27,"During the past month, how often have you had trouble sleeping because you wake up in the middle of the night or early morning?2"
,"During the past month, how often have you had trouble sleeping because you wake up in the middle of the night or early morning?2",Physical,Human28,"During the past month, how often have you had trouble sleeping because you wake up in the middle of the night or early morning?2"
,"During the past month, how often have you had trouble staying awake while driving, eating meals, or engaging in social activity?2",Physical,Human01,"During the past month, how often have you had trouble staying awake while driving, eating meals, or engaging in social activity?2"
,"During the past month, how often have you had trouble staying awake while driving, eating meals, or engaging in social activity?2",Physical,Human02,"During the past month, how often have you had trouble staying awake while driving, eating meals, or engaging in social activity?2"
,"During the past month, how often have you had trouble staying awake while driving, eating meals, or engaging in social activity?2",Physical,Human03,"During the past month, how often have you had trouble staying awake while driving, eating meals, or engaging in social activity?2"
,"During the past month, how often have you had trouble staying awake while driving, eating meals, or engaging in social activity?2",Physical,Human04,"During the past month, how often have you had trouble staying awake while driving, eating meals, or engaging in social activity?2"
,"During the past month, how often have you had trouble staying awake while driving, eating meals, or engaging in social activity?2",Physical,Human05,"During the past month, how often have you had trouble staying awake while driving, eating meals, or engaging in social activity?2"
,"During the past month, how often have you had trouble staying awake while driving, eating meals, or engaging in social activity?2",Social,Human06,"During the past month, how often have you had trouble staying awake while driving, eating meals, or engaging in social activity?2"
,"During the past month, how often have you had trouble staying awake while driving, eating meals, or engaging in social activity?2",Physical,Human07,"During the past month, how often have you had trouble staying awake while driving, eating meals, or engaging in social activity?2"
,"During the past month, how often have you had trouble staying awake while driving, eating meals, or engaging in social activity?2",Physical,Human08,"During the past month, how often have you had trouble staying awake while driving, eating meals, or engaging in social activity?2"
,"During the past month, how often have you had trouble staying awake while driving, eating meals, or engaging in social activity?2",Physical,Human09,"During the past month, how often have you had trouble staying awake while driving, eating meals, or engaging in social activity?2"
,"During the past month, how often have you had trouble staying awake while driving, eating meals, or engaging in social activity?2",Physical,Human10,"During the past month, how often have you had trouble staying awake while driving, eating meals, or engaging in social activity?2"
,"During the past month, how often have you had trouble staying awake while driving, eating meals, or engaging in social activity?2",Physical,Human11,"During the past month, how often have you had trouble staying awake while driving, eating meals, or engaging in social activity?2"
,"During the past month, how often have you had trouble staying awake while driving, eating meals, or engaging in social activity?2",Physical,Human12,"During the past month, how often have you had trouble staying awake while driving, eating meals, or engaging in social activity?2"
,"During the past month, how often have you had trouble staying awake while driving, eating meals, or engaging in social activity?2",Physical,Human13,"During the past month, how often have you had trouble staying awake while driving, eating meals, or engaging in social activity?2"
,"During the past month, how often have you had trouble staying awake while driving, eating meals, or engaging in social activity?2",Physical,Human14,"During the past month, how often have you had trouble staying awake while driving, eating meals, or engaging in social activity?2"
,"During the past month, how often have you had trouble staying awake while driving, eating meals, or engaging in social activity?2",Physical,Human15,"During the past month, how often have you had trouble staying awake while driving, eating meals, or engaging in social activity?2"
,"During the past month, how often have you had trouble staying awake while driving, eating meals, or engaging in social activity?2",Environmental,Human16,"During the past month, how often have you had trouble staying awake while driving, eating meals, or engaging in social activity?2"
,"During the past month, how often have you had trouble staying awake while driving, eating meals, or engaging in social activity?2",Physical,Human17,"During the past month, how often have you had trouble staying awake while driving, eating meals, or engaging in social activity?2"
,"During the past month, how often have you had trouble staying awake while driving, eating meals, or engaging in social activity?2",Emotional,Human18,"During the past month, how often have you had trouble staying awake while driving, eating meals, or engaging in social activity?2"
,"During the past month, how often have you had trouble staying awake while driving, eating meals, or engaging in social activity?2",Environmental,Human19,"During the past month, how often have you had trouble staying awake while driving, eating meals, or engaging in social activity?2"
,"During the past month, how often have you had trouble staying awake while driving, eating meals, or engaging in social activity?2",Physical,Human20,"During the past month, how often have you had trouble staying awake while driving, eating meals, or engaging in social activity?2"
,"During the past month, how often have you had trouble staying awake while driving, eating meals, or engaging in social activity?2",Physical,Human21,"During the past month, how often have you had trouble staying awake while driving, eating meals, or engaging in social activity?2"
,"During the past month, how often have you had trouble staying awake while driving, eating meals, or engaging in social activity?2",Physical,Human22,"During the past month, how often have you had trouble staying awake while driving, eating meals, or engaging in social activity?2"
,"During the past month, how often have you had trouble staying awake while driving, eating meals, or engaging in social activity?2",Physical,Human23,"During the past month, how often have you had trouble staying awake while driving, eating meals, or engaging in social activity?2"
,"During the past month, how often have you had trouble staying awake while driving, eating meals, or engaging in social activity?2",Physical,Human24,"During the past month, how often have you had trouble staying awake while driving, eating meals, or engaging in social activity?2"
,"During the past month, how often have you had trouble staying awake while driving, eating meals, or engaging in social activity?2",Physical,Human25,"During the past month, how often have you had trouble staying awake while driving, eating meals, or engaging in social activity?2"
,"During the past month, how often have you had trouble staying awake while driving, eating meals, or engaging in social activity?2",Physical,Human26,"During the past month, how often have you had trouble staying awake while driving, eating meals, or engaging in social activity?2"
,"During the past month, how often have you had trouble staying awake while driving, eating meals, or engaging in social activity?2",Physical,Human27,"During the past month, how often have you had trouble staying awake while driving, eating meals, or engaging in social activity?2"
,"During the past month, how often have you had trouble staying awake while driving, eating meals, or engaging in social activity?2",Physical,Human28,"During the past month, how often have you had trouble staying awake while driving, eating meals, or engaging in social activity?2"
,"During the past month, how often have you had trouble staying awake while driving, eating meals, or engaging in social activity?3",Physical,Human01,"During the past month, how often have you had trouble staying awake while driving, eating meals, or engaging in social activity?3"
,"During the past month, how often have you had trouble staying awake while driving, eating meals, or engaging in social activity?3",Physical,Human02,"During the past month, how often have you had trouble staying awake while driving, eating meals, or engaging in social activity?3"
,"During the past month, how often have you had trouble staying awake while driving, eating meals, or engaging in social activity?3",Physical,Human03,"During the past month, how often have you had trouble staying awake while driving, eating meals, or engaging in social activity?3"
,"During the past month, how often have you had trouble staying awake while driving, eating meals, or engaging in social activity?3",Physical,Human04,"During the past month, how often have you had trouble staying awake while driving, eating meals, or engaging in social activity?3"
,"During the past month, how often have you had trouble staying awake while driving, eating meals, or engaging in social activity?3",Physical,Human05,"During the past month, how often have you had trouble staying awake while driving, eating meals, or engaging in social activity?3"
,"During the past month, how often have you had trouble staying awake while driving, eating meals, or engaging in social activity?3",Social,Human06,"During the past month, how often have you had trouble staying awake while driving, eating meals, or engaging in social activity?3"
,"During the past month, how often have you had trouble staying awake while driving, eating meals, or engaging in social activity?3",Physical,Human07,"During the past month, how often have you had trouble staying awake while driving, eating meals, or engaging in social activity?3"
,"During the past month, how often have you had trouble staying awake while driving, eating meals, or engaging in social activity?3",Physical,Human08,"During the past month, how often have you had trouble staying awake while driving, eating meals, or engaging in social activity?3"
,"During the past month, how often have you had trouble staying awake while driving, eating meals, or engaging in social activity?3",Physical,Human09,"During the past month, how often have you had trouble staying awake while driving, eating meals, or engaging in social activity?3"
,"During the past month, how often have you had trouble staying awake while driving, eating meals, or engaging in social activity?3",Physical,Human10,"During the past month, how often have you had trouble staying awake while driving, eating meals, or engaging in social activity?3"
,"During the past month, how often have you had trouble staying awake while driving, eating meals, or engaging in social activity?3",Physical,Human11,"During the past month, how often have you had trouble staying awake while driving, eating meals, or engaging in social activity?3"
,"During the past month, how often have you had trouble staying awake while driving, eating meals, or engaging in social activity?3",Physical,Human12,"During the past month, how often have you had trouble staying awake while driving, eating meals, or engaging in social activity?3"
,"During the past month, how often have you had trouble staying awake while driving, eating meals, or engaging in social activity?3",Physical,Human13,"During the past month, how often have you had trouble staying awake while driving, eating meals, or engaging in social activity?3"
,"During the past month, how often have you had trouble staying awake while driving, eating meals, or engaging in social activity?3",Physical,Human14,"During the past month, how often have you had trouble staying awake while driving, eating meals, or engaging in social activity?3"
,"During the past month, how often have you had trouble staying awake while driving, eating meals, or engaging in social activity?3",Physical,Human15,"During the past month, how often have you had trouble staying awake while driving, eating meals, or engaging in social activity?3"
,"During the past month, how often have you had trouble staying awake while driving, eating meals, or engaging in social activity?3",Environmental,Human16,"During the past month, how often have you had trouble staying awake while driving, eating meals, or engaging in social activity?3"
,"During the past month, how often have you had trouble staying awake while driving, eating meals, or engaging in social activity?3",Physical,Human17,"During the past month, how often have you had trouble staying awake while driving, eating meals, or engaging in social activity?3"
,"During the past month, how often have you had trouble staying awake while driving, eating meals, or engaging in social activity?3",Environmental,Human18,"During the past month, how often have you had trouble staying awake while driving, eating meals, or engaging in social activity?3"
,"During the past month, how often have you had trouble staying awake while driving, eating meals, or engaging in social activity?3",Environmental,Human19,"During the past month, how often have you had trouble staying awake while driving, eating meals, or engaging in social activity?3"
,"During the past month, how often have you had trouble staying awake while driving, eating meals, or engaging in social activity?3",Physical,Human20,"During the past month, how often have you had trouble staying awake while driving, eating meals, or engaging in social activity?3"
,"During the past month, how often have you had trouble staying awake while driving, eating meals, or engaging in social activity?3",Physical,Human21,"During the past month, how often have you had trouble staying awake while driving, eating meals, or engaging in social activity?3"
,"During the past month, how often have you had trouble staying awake while driving, eating meals, or engaging in social activity?3",Physical,Human22,"During the past month, how often have you had trouble staying awake while driving, eating meals, or engaging in social activity?3"
,"During the past month, how often have you had trouble staying awake while driving, eating meals, or engaging in social activity?3",Physical,Human23,"During the past month, how often have you had trouble staying awake while driving, eating meals, or engaging in social activity?3"
,"During the past month, how often have you had trouble staying awake while driving, eating meals, or engaging in social activity?3",Physical,Human24,"During the past month, how often have you had trouble staying awake while driving, eating meals, or engaging in social activity?3"
,"During the past month, how often have you had trouble staying awake while driving, eating meals, or engaging in social activity?3",Physical,Human25,"During the past month, how often have you had trouble staying awake while driving, eating meals, or engaging in social activity?3"
,"During the past month, how often have you had trouble staying awake while driving, eating meals, or engaging in social activity?3",Physical,Human26,"During the past month, how often have you had trouble staying awake while driving, eating meals, or engaging in social activity?3"
,"During the past month, how often have you had trouble staying awake while driving, eating meals, or engaging in social activity?3",Physical,Human27,"During the past month, how often have you had trouble staying awake while driving, eating meals, or engaging in social activity?3"
,"During the past month, how often have you had trouble staying awake while driving, eating meals, or engaging in social activity?3",Physical,Human28,"During the past month, how often have you had trouble staying awake while driving, eating meals, or engaging in social activity?3"
,"During the past month, how often have you had trouble staying awake while driving, eating meals, or engaging in social activity?4",Physical,Human01,"During the past month, how often have you had trouble staying awake while driving, eating meals, or engaging in social activity?4"
,"During the past month, how often have you had trouble staying awake while driving, eating meals, or engaging in social activity?4",Physical,Human02,"During the past month, how often have you had trouble staying awake while driving, eating meals, or engaging in social activity?4"
,"During the past month, how often have you had trouble staying awake while driving, eating meals, or engaging in social activity?4",Physical,Human03,"During the past month, how often have you had trouble staying awake while driving, eating meals, or engaging in social activity?4"
,"During the past month, how often have you had trouble staying awake while driving, eating meals, or engaging in social activity?4",Physical,Human04,"During the past month, how often have you had trouble staying awake while driving, eating meals, or engaging in social activity?4"
,"During the past month, how often have you had trouble staying awake while driving, eating meals, or engaging in social activity?4",Physical,Human05,"During the past month, how often have you had trouble staying awake while driving, eating meals, or engaging in social activity?4"
,"During the past month, how often have you had trouble staying awake while driving, eating meals, or engaging in social activity?4",Social,Human06,"During the past month, how often have you had trouble staying awake while driving, eating meals, or engaging in social activity?4"
,"During the past month, how often have you had trouble staying awake while driving, eating meals, or engaging in social activity?4",Physical,Human07,"During the past month, how often have you had trouble staying awake while driving, eating meals, or engaging in social activity?4"
,"During the past month, how often have you had trouble staying awake while driving, eating meals, or engaging in social activity?4",Physical,Human08,"During the past month, how often have you had trouble staying awake while driving, eating meals, or engaging in social activity?4"
,"During the past month, how often have you had trouble staying awake while driving, eating meals, or engaging in social activity?4",Physical,Human09,"During the past month, how often have you had trouble staying awake while driving, eating meals, or engaging in social activity?4"
,"During the past month, how often have you had trouble staying awake while driving, eating meals, or engaging in social activity?4",Physical,Human10,"During the past month, how often have you had trouble staying awake while driving, eating meals, or engaging in social activity?4"
,"During the past month, how often have you had trouble staying awake while driving, eating meals, or engaging in social activity?4",Physical,Human11,"During the past month, how often have you had trouble staying awake while driving, eating meals, or engaging in social activity?4"
,"During the past month, how often have you had trouble staying awake while driving, eating meals, or engaging in social activity?4",Physical,Human12,"During the past month, how often have you had trouble staying awake while driving, eating meals, or engaging in social activity?4"
,"During the past month, how often have you had trouble staying awake while driving, eating meals, or engaging in social activity?4",Physical,Human13,"During the past month, how often have you had trouble staying awake while driving, eating meals, or engaging in social activity?4"
,"During the past month, how often have you had trouble staying awake while driving, eating meals, or engaging in social activity?4",Physical,Human14,"During the past month, how often have you had trouble staying awake while driving, eating meals, or engaging in social activity?4"
,"During the past month, how often have you had trouble staying awake while driving, eating meals, or engaging in social activity?4",Physical,Human15,"During the past month, how often have you had trouble staying awake while driving, eating meals, or engaging in social activity?4"
,"During the past month, how often have you had trouble staying awake while driving, eating meals, or engaging in social activity?4",Environmental,Human16,"During the past month, how often have you had trouble staying awake while driving, eating meals, or engaging in social activity?4"
,"During the past month, how often have you had trouble staying awake while driving, eating meals, or engaging in social activity?4",Physical,Human17,"During the past month, how often have you had trouble staying awake while driving, eating meals, or engaging in social activity?4"
,"During the past month, how often have you had trouble staying awake while driving, eating meals, or engaging in social activity?4",Social,Human18,"During the past month, how often have you had trouble staying awake while driving, eating meals, or engaging in social activity?4"
,"During the past month, how often have you had trouble staying awake while driving, eating meals, or engaging in social activity?4",Environmental,Human19,"During the past month, how often have you had trouble staying awake while driving, eating meals, or engaging in social activity?4"
,"During the past month, how often have you had trouble staying awake while driving, eating meals, or engaging in social activity?4",Physical,Human20,"During the past month, how often have you had trouble staying awake while driving, eating meals, or engaging in social activity?4"
,"During the past month, how often have you had trouble staying awake while driving, eating meals, or engaging in social activity?4",Physical,Human21,"During the past month, how often have you had trouble staying awake while driving, eating meals, or engaging in social activity?4"
,"During the past month, how often have you had trouble staying awake while driving, eating meals, or engaging in social activity?4",Physical,Human22,"During the past month, how often have you had trouble staying awake while driving, eating meals, or engaging in social activity?4"
,"During the past month, how often have you had trouble staying awake while driving, eating meals, or engaging in social activity?4",Physical,Human23,"During the past month, how often have you had trouble staying awake while driving, eating meals, or engaging in social activity?4"
,"During the past month, how often have you had trouble staying awake while driving, eating meals, or engaging in social activity?4",Physical,Human24,"During the past month, how often have you had trouble staying awake while driving, eating meals, or engaging in social activity?4"
,"During the past month, how often have you had trouble staying awake while driving, eating meals, or engaging in social activity?4",Physical,Human25,"During the past month, how often have you had trouble staying awake while driving, eating meals, or engaging in social activity?4"
,"During the past month, how often have you had trouble staying awake while driving, eating meals, or engaging in social activity?4",Physical,Human26,"During the past month, how often have you had trouble staying awake while driving, eating meals, or engaging in social activity?4"
,"During the past month, how often have you had trouble staying awake while driving, eating meals, or engaging in social activity?4",Physical,Human27,"During the past month, how often have you had trouble staying awake while driving, eating meals, or engaging in social activity?4"
,"During the past month, how often have you had trouble staying awake while driving, eating meals, or engaging in social activity?4",Physical,Human28,"During the past month, how often have you had trouble staying awake while driving, eating meals, or engaging in social activity?4"
,"During the past month, how often have you taken medicine to help you sleep (prescribed or over the counter)?2",Physical,Human01,"During the past month, how often have you taken medicine to help you sleep (prescribed or over the counter)?2"
,"During the past month, how often have you taken medicine to help you sleep (prescribed or over the counter)?2",Physical,Human02,"During the past month, how often have you taken medicine to help you sleep (prescribed or over the counter)?2"
,"During the past month, how often have you taken medicine to help you sleep (prescribed or over the counter)?2",Physical,Human03,"During the past month, how often have you taken medicine to help you sleep (prescribed or over the counter)?2"
,"During the past month, how often have you taken medicine to help you sleep (prescribed or over the counter)?2",Physical,Human04,"During the past month, how often have you taken medicine to help you sleep (prescribed or over the counter)?2"
,"During the past month, how often have you taken medicine to help you sleep (prescribed or over the counter)?2",Physical,Human05,"During the past month, how often have you taken medicine to help you sleep (prescribed or over the counter)?2"
,"During the past month, how often have you taken medicine to help you sleep (prescribed or over the counter)?2",Physical,Human06,"During the past month, how often have you taken medicine to help you sleep (prescribed or over the counter)?2"
,"During the past month, how often have you taken medicine to help you sleep (prescribed or over the counter)?2",Physical,Human07,"During the past month, how often have you taken medicine to help you sleep (prescribed or over the counter)?2"
,"During the past month, how often have you taken medicine to help you sleep (prescribed or over the counter)?2",Physical,Human08,"During the past month, how often have you taken medicine to help you sleep (prescribed or over the counter)?2"
,"During the past month, how often have you taken medicine to help you sleep (prescribed or over the counter)?2",Physical,Human09,"During the past month, how often have you taken medicine to help you sleep (prescribed or over the counter)?2"
,"During the past month, how often have you taken medicine to help you sleep (prescribed or over the counter)?2",Physical,Human10,"During the past month, how often have you taken medicine to help you sleep (prescribed or over the counter)?2"
,"During the past month, how often have you taken medicine to help you sleep (prescribed or over the counter)?2",Physical,Human11,"During the past month, how often have you taken medicine to help you sleep (prescribed or over the counter)?2"
,"During the past month, how often have you taken medicine to help you sleep (prescribed or over the counter)?2",Occupational,Human12,"During the past month, how often have you taken medicine to help you sleep (prescribed or over the counter)?2"
,"During the past month, how often have you taken medicine to help you sleep (prescribed or over the counter)?2",Physical,Human13,"During the past month, how often have you taken medicine to help you sleep (prescribed or over the counter)?2"
,"During the past month, how often have you taken medicine to help you sleep (prescribed or over the counter)?2",Physical,Human14,"During the past month, how often have you taken medicine to help you sleep (prescribed or over the counter)?2"
,"During the past month, how often have you taken medicine to help you sleep (prescribed or over the counter)?2",Physical,Human15,"During the past month, how often have you taken medicine to help you sleep (prescribed or over the counter)?2"
,"During the past month, how often have you taken medicine to help you sleep (prescribed or over the counter)?2",Physical,Human16,"During the past month, how often have you taken medicine to help you sleep (prescribed or over the counter)?2"
,"During the past month, how often have you taken medicine to help you sleep (prescribed or over the counter)?2",Physical,Human17,"During the past month, how often have you taken medicine to help you sleep (prescribed or over the counter)?2"
,"During the past month, how often have you taken medicine to help you sleep (prescribed or over the counter)?2",Social,Human18,"During the past month, how often have you taken medicine to help you sleep (prescribed or over the counter)?2"
,"During the past month, how often have you taken medicine to help you sleep (prescribed or over the counter)?2",Physical,Human19,"During the past month, how often have you taken medicine to help you sleep (prescribed or over the counter)?2"
,"During the past month, how often have you taken medicine to help you sleep (prescribed or over the counter)?2",Physical,Human20,"During the past month, how often have you taken medicine to help you sleep (prescribed or over the counter)?2"
,"During the past month, how often have you taken medicine to help you sleep (prescribed or over the counter)?2",Physical,Human21,"During the past month, how often have you taken medicine to help you sleep (prescribed or over the counter)?2"
,"During the past month, how often have you taken medicine to help you sleep (prescribed or over the counter)?2",Physical,Human22,"During the past month, how often have you taken medicine to help you sleep (prescribed or over the counter)?2"
,"During the past month, how often have you taken medicine to help you sleep (prescribed or over the counter)?2",Physical,Human23,"During the past month, how often have you taken medicine to help you sleep (prescribed or over the counter)?2"
,"During the past month, how often have you taken medicine to help you sleep (prescribed or over the counter)?2",Physical,Human24,"During the past month, how often have you taken medicine to help you sleep (prescribed or over the counter)?2"
,"During the past month, how often have you taken medicine to help you sleep (prescribed or over the counter)?2",Physical,Human25,"During the past month, how often have you taken medicine to help you sleep (prescribed or over the counter)?2"
,"During the past month, how often have you taken medicine to help you sleep (prescribed or over the counter)?2",Physical,Human26,"During the past month, how often have you taken medicine to help you sleep (prescribed or over the counter)?2"
,"During the past month, how often have you taken medicine to help you sleep (prescribed or over the counter)?2",Physical,Human27,"During the past month, how often have you taken medicine to help you sleep (prescribed or over the counter)?2"
,"During the past month, how often have you taken medicine to help you sleep (prescribed or over the counter)?2",Physical,Human28,"During the past month, how often have you taken medicine to help you sleep (prescribed or over the counter)?2"
,"During the past month, how often have you taken medicine to help you sleep (prescribed or over the counter)?3",Physical,Human01,"During the past month, how often have you taken medicine to help you sleep (prescribed or over the counter)?3"
,"During the past month, how often have you taken medicine to help you sleep (prescribed or over the counter)?3",Physical,Human02,"During the past month, how often have you taken medicine to help you sleep (prescribed or over the counter)?3"
,"During the past month, how often have you taken medicine to help you sleep (prescribed or over the counter)?3",Physical,Human03,"During the past month, how often have you taken medicine to help you sleep (prescribed or over the counter)?3"
,"During the past month, how often have you taken medicine to help you sleep (prescribed or over the counter)?3",Physical,Human04,"During the past month, how often have you taken medicine to help you sleep (prescribed or over the counter)?3"
,"During the past month, how often have you taken medicine to help you sleep (prescribed or over the counter)?3",Physical,Human05,"During the past month, how often have you taken medicine to help you sleep (prescribed or over the counter)?3"
,"During the past month, how often have you taken medicine to help you sleep (prescribed or over the counter)?3",Physical,Human06,"During the past month, how often have you taken medicine to help you sleep (prescribed or over the counter)?3"
,"During the past month, how often have you taken medicine to help you sleep (prescribed or over the counter)?3",Physical,Human07,"During the past month, how often have you taken medicine to help you sleep (prescribed or over the counter)?3"
,"During the past month, how often have you taken medicine to help you sleep (prescribed or over the counter)?3",Physical,Human08,"During the past month, how often have you taken medicine to help you sleep (prescribed or over the counter)?3"
,"During the past month, how often have you taken medicine to help you sleep (prescribed or over the counter)?3",Physical,Human09,"During the past month, how often have you taken medicine to help you sleep (prescribed or over the counter)?3"
,"During the past month, how often have you taken medicine to help you sleep (prescribed or over the counter)?3",Physical,Human10,"During the past month, how often have you taken medicine to help you sleep (prescribed or over the counter)?3"
,"During the past month, how often have you taken medicine to help you sleep (prescribed or over the counter)?3",Physical,Human11,"During the past month, how often have you taken medicine to help you sleep (prescribed or over the counter)?3"
,"During the past month, how often have you taken medicine to help you sleep (prescribed or over the counter)?3",Occupational,Human12,"During the past month, how often have you taken medicine to help you sleep (prescribed or over the counter)?3"
,"During the past month, how often have you taken medicine to help you sleep (prescribed or over the counter)?3",Physical,Human13,"During the past month, how often have you taken medicine to help you sleep (prescribed or over the counter)?3"
,"During the past month, how often have you taken medicine to help you sleep (prescribed or over the counter)?3",Physical,Human14,"During the past month, how often have you taken medicine to help you sleep (prescribed or over the counter)?3"
,"During the past month, how often have you taken medicine to help you sleep (prescribed or over the counter)?3",Physical,Human15,"During the past month, how often have you taken medicine to help you sleep (prescribed or over the counter)?3"
,"During the past month, how often have you taken medicine to help you sleep (prescribed or over the counter)?3",Physical,Human16,"During the past month, how often have you taken medicine to help you sleep (prescribed or over the counter)?3"
,"During the past month, how often have you taken medicine to help you sleep (prescribed or over the counter)?3",Physical,Human17,"During the past month, how often have you taken medicine to help you sleep (prescribed or over the counter)?3"
,"During the past month, how often have you taken medicine to help you sleep (prescribed or over the counter)?3",Emotional,Human18,"During the past month, how often have you taken medicine to help you sleep (prescribed or over the counter)?3"
,"During the past month, how often have you taken medicine to help you sleep (prescribed or over the counter)?3",Physical,Human19,"During the past month, how often have you taken medicine to help you sleep (prescribed or over the counter)?3"
,"During the past month, how often have you taken medicine to help you sleep (prescribed or over the counter)?3",Physical,Human20,"During the past month, how often have you taken medicine to help you sleep (prescribed or over the counter)?3"
,"During the past month, how often have you taken medicine to help you sleep (prescribed or over the counter)?3",Physical,Human21,"During the past month, how often have you taken medicine to help you sleep (prescribed or over the counter)?3"
,"During the past month, how often have you taken medicine to help you sleep (prescribed or over the counter)?3",Physical,Human22,"During the past month, how often have you taken medicine to help you sleep (prescribed or over the counter)?3"
,"During the past month, how often have you taken medicine to help you sleep (prescribed or over the counter)?3",Physical,Human23,"During the past month, how often have you taken medicine to help you sleep (prescribed or over the counter)?3"
,"During the past month, how often have you taken medicine to help you sleep (prescribed or over the counter)?3",Physical,Human24,"During the past month, how often have you taken medicine to help you sleep (prescribed or over the counter)?3"
,"During the past month, how often have you taken medicine to help you sleep (prescribed or over the counter)?3",Physical,Human25,"During the past month, how often have you taken medicine to help you sleep (prescribed or over the counter)?3"
,"During the past month, how often have you taken medicine to help you sleep (prescribed or over the counter)?3",Physical,Human26,"During the past month, how often have you taken medicine to help you sleep (prescribed or over the counter)?3"
,"During the past month, how often have you taken medicine to help you sleep (prescribed or over the counter)?3",Physical,Human27,"During the past month, how often have you taken medicine to help you sleep (prescribed or over the counter)?3"
,"During the past month, how often have you taken medicine to help you sleep (prescribed or over the counter)?3",Physical,Human28,"During the past month, how often have you taken medicine to help you sleep (prescribed or over the counter)?3"
,"During the past month, how often have you taken medicine to help you sleep (prescribed or over the counter)?4",Physical,Human01,"During the past month, how often have you taken medicine to help you sleep (prescribed or over the counter)?4"
,"During the past month, how often have you taken medicine to help you sleep (prescribed or over the counter)?4",Physical,Human02,"During the past month, how often have you taken medicine to help you sleep (prescribed or over the counter)?4"
,"During the past month, how often have you taken medicine to help you sleep (prescribed or over the counter)?4",Physical,Human03,"During the past month, how often have you taken medicine to help you sleep (prescribed or over the counter)?4"
,"During the past month, how often have you taken medicine to help you sleep (prescribed or over the counter)?4",Physical,Human04,"During the past month, how often have you taken medicine to help you sleep (prescribed or over the counter)?4"
,"During the past month, how often have you taken medicine to help you sleep (prescribed or over the counter)?4",Physical,Human05,"During the past month, how often have you taken medicine to help you sleep (prescribed or over the counter)?4"
,"During the past month, how often have you taken medicine to help you sleep (prescribed or over the counter)?4",Physical,Human06,"During the past month, how often have you taken medicine to help you sleep (prescribed or over the counter)?4"
,"During the past month, how often have you taken medicine to help you sleep (prescribed or over the counter)?4",Physical,Human07,"During the past month, how often have you taken medicine to help you sleep (prescribed or over the counter)?4"
,"During the past month, how often have you taken medicine to help you sleep (prescribed or over the counter)?4",Physical,Human08,"During the past month, how often have you taken medicine to help you sleep (prescribed or over the counter)?4"
,"During the past month, how often have you taken medicine to help you sleep (prescribed or over the counter)?4",Physical,Human09,"During the past month, how often have you taken medicine to help you sleep (prescribed or over the counter)?4"
,"During the past month, how often have you taken medicine to help you sleep (prescribed or over the counter)?4",Physical,Human10,"During the past month, how often have you taken medicine to help you sleep (prescribed or over the counter)?4"
,"During the past month, how often have you taken medicine to help you sleep (prescribed or over the counter)?4",Physical,Human11,"During the past month, how often have you taken medicine to help you sleep (prescribed or over the counter)?4"
,"During the past month, how often have you taken medicine to help you sleep (prescribed or over the counter)?4",Occupational,Human12,"During the past month, how often have you taken medicine to help you sleep (prescribed or over the counter)?4"
,"During the past month, how often have you taken medicine to help you sleep (prescribed or over the counter)?4",Physical,Human13,"During the past month, how often have you taken medicine to help you sleep (prescribed or over the counter)?4"
,"During the past month, how often have you taken medicine to help you sleep (prescribed or over the counter)?4",Physical,Human14,"During the past month, how often have you taken medicine to help you sleep (prescribed or over the counter)?4"
,"During the past month, how often have you taken medicine to help you sleep (prescribed or over the counter)?4",Physical,Human15,"During the past month, how often have you taken medicine to help you sleep (prescribed or over the counter)?4"
,"During the past month, how often have you taken medicine to help you sleep (prescribed or over the counter)?4",Physical,Human16,"During the past month, how often have you taken medicine to help you sleep (prescribed or over the counter)?4"
,"During the past month, how often have you taken medicine to help you sleep (prescribed or over the counter)?4",Physical,Human17,"During the past month, how often have you taken medicine to help you sleep (prescribed or over the counter)?4"
,"During the past month, how often have you taken medicine to help you sleep (prescribed or over the counter)?4",Environmental,Human18,"During the past month, how often have you taken medicine to help you sleep (prescribed or over the counter)?4"
,"During the past month, how often have you taken medicine to help you sleep (prescribed or over the counter)?4",Physical,Human19,"During the past month, how often have you taken medicine to help you sleep (prescribed or over the counter)?4"
,"During the past month, how often have you taken medicine to help you sleep (prescribed or over the counter)?4",Physical,Human20,"During the past month, how often have you taken medicine to help you sleep (prescribed or over the counter)?4"
,"During the past month, how often have you taken medicine to help you sleep (prescribed or over the counter)?4",Physical,Human21,"During the past month, how often have you taken medicine to help you sleep (prescribed or over the counter)?4"
,"During the past month, how often have you taken medicine to help you sleep (prescribed or over the counter)?4",Physical,Human22,"During the past month, how often have you taken medicine to help you sleep (prescribed or over the counter)?4"
,"During the past month, how often have you taken medicine to help you sleep (prescribed or over the counter)?4",Physical,Human23,"During the past month, how often have you taken medicine to help you sleep (prescribed or over the counter)?4"
,"During the past month, how often have you taken medicine to help you sleep (prescribed or over the counter)?4",Physical,Human24,"During the past month, how often have you taken medicine to help you sleep (prescribed or over the counter)?4"
,"During the past month, how often have you taken medicine to help you sleep (prescribed or over the counter)?4",Physical,Human25,"During the past month, how often have you taken medicine to help you sleep (prescribed or over the counter)?4"
,"During the past month, how often have you taken medicine to help you sleep (prescribed or over the counter)?4",Physical,Human26,"During the past month, how often have you taken medicine to help you sleep (prescribed or over the counter)?4"
,"During the past month, how often have you taken medicine to help you sleep (prescribed or over the counter)?4",Physical,Human27,"During the past month, how often have you taken medicine to help you sleep (prescribed or over the counter)?4"
,"During the past month, how often have you taken medicine to help you sleep (prescribed or over the counter)?4",Physical,Human28,"During the past month, how often have you taken medicine to help you sleep (prescribed or over the counter)?4"
,"During the past month, how would you rate your sleep quality overall?2",Physical,Human01,"During the past month, how would you rate your sleep quality overall?2"
,"During the past month, how would you rate your sleep quality overall?2",Physical,Human02,"During the past month, how would you rate your sleep quality overall?2"
,"During the past month, how would you rate your sleep quality overall?2",Physical,Human03,"During the past month, how would you rate your sleep quality overall?2"
,"During the past month, how would you rate your sleep quality overall?2",Physical,Human04,"During the past month, how would you rate your sleep quality overall?2"
,"During the past month, how would you rate your sleep quality overall?2",Physical,Human05,"During the past month, how would you rate your sleep quality overall?2"
,"During the past month, how would you rate your sleep quality overall?2",Physical,Human06,"During the past month, how would you rate your sleep quality overall?2"
,"During the past month, how would you rate your sleep quality overall?2",Physical,Human07,"During the past month, how would you rate your sleep quality overall?2"
,"During the past month, how would you rate your sleep quality overall?2",Physical,Human08,"During the past month, how would you rate your sleep quality overall?2"
,"During the past month, how would you rate your sleep quality overall?2",Physical,Human09,"During the past month, how would you rate your sleep quality overall?2"
,"During the past month, how would you rate your sleep quality overall?2",Physical,Human10,"During the past month, how would you rate your sleep quality overall?2"
,"During the past month, how would you rate your sleep quality overall?2",Physical,Human11,"During the past month, how would you rate your sleep quality overall?2"
,"During the past month, how would you rate your sleep quality overall?2",Physical,Human12,"During the past month, how would you rate your sleep quality overall?2"
,"During the past month, how would you rate your sleep quality overall?2",Physical,Human13,"During the past month, how would you rate your sleep quality overall?2"
,"During the past month, how would you rate your sleep quality overall?2",Physical,Human14,"During the past month, how would you rate your sleep quality overall?2"
,"During the past month, how would you rate your sleep quality overall?2",Physical,Human15,"During the past month, how would you rate your sleep quality overall?2"
,"During the past month, how would you rate your sleep quality overall?2",Physical,Human16,"During the past month, how would you rate your sleep quality overall?2"
,"During the past month, how would you rate your sleep quality overall?2",Physical,Human17,"During the past month, how would you rate your sleep quality overall?2"
,"During the past month, how would you rate your sleep quality overall?2",Environmental,Human18,"During the past month, how would you rate your sleep quality overall?2"
,"During the past month, how would you rate your sleep quality overall?2",Physical,Human19,"During the past month, how would you rate your sleep quality overall?2"
,"During the past month, how would you rate your sleep quality overall?2",Physical,Human20,"During the past month, how would you rate your sleep quality overall?2"
,"During the past month, how would you rate your sleep quality overall?2",Physical,Human21,"During the past month, how would you rate your sleep quality overall?2"
,"During the past month, how would you rate your sleep quality overall?2",Physical,Human22,"During the past month, how would you rate your sleep quality overall?2"
,"During the past month, how would you rate your sleep quality overall?2",Physical,Human23,"During the past month, how would you rate your sleep quality overall?2"
,"During the past month, how would you rate your sleep quality overall?2",Physical,Human24,"During the past month, how would you rate your sleep quality overall?2"
,"During the past month, how would you rate your sleep quality overall?2",Physical,Human25,"During the past month, how would you rate your sleep quality overall?2"
,"During the past month, how would you rate your sleep quality overall?2",Physical,Human26,"During the past month, how would you rate your sleep quality overall?2"
,"During the past month, how would you rate your sleep quality overall?2",Physical,Human27,"During the past month, how would you rate your sleep quality overall?2"
,"During the past month, how would you rate your sleep quality overall?2",Physical,Human28,"During the past month, how would you rate your sleep quality overall?2"
,"During the past month, how would you rate your sleep quality overall?3",Physical,Human01,"During the past month, how would you rate your sleep quality overall?3"
,"During the past month, how would you rate your sleep quality overall?3",Physical,Human02,"During the past month, how would you rate your sleep quality overall?3"
,"During the past month, how would you rate your sleep quality overall?3",Physical,Human03,"During the past month, how would you rate your sleep quality overall?3"
,"During the past month, how would you rate your sleep quality overall?3",Physical,Human04,"During the past month, how would you rate your sleep quality overall?3"
,"During the past month, how would you rate your sleep quality overall?3",Physical,Human05,"During the past month, how would you rate your sleep quality overall?3"
,"During the past month, how would you rate your sleep quality overall?3",Physical,Human06,"During the past month, how would you rate your sleep quality overall?3"
,"During the past month, how would you rate your sleep quality overall?3",Physical,Human07,"During the past month, how would you rate your sleep quality overall?3"
,"During the past month, how would you rate your sleep quality overall?3",Physical,Human08,"During the past month, how would you rate your sleep quality overall?3"
,"During the past month, how would you rate your sleep quality overall?3",Physical,Human09,"During the past month, how would you rate your sleep quality overall?3"
,"During the past month, how would you rate your sleep quality overall?3",Physical,Human10,"During the past month, how would you rate your sleep quality overall?3"
,"During the past month, how would you rate your sleep quality overall?3",Physical,Human11,"During the past month, how would you rate your sleep quality overall?3"
,"During the past month, how would you rate your sleep quality overall?3",Physical,Human12,"During the past month, how would you rate your sleep quality overall?3"
,"During the past month, how would you rate your sleep quality overall?3",Physical,Human13,"During the past month, how would you rate your sleep quality overall?3"
,"During the past month, how would you rate your sleep quality overall?3",Physical,Human14,"During the past month, how would you rate your sleep quality overall?3"
,"During the past month, how would you rate your sleep quality overall?3",Physical,Human15,"During the past month, how would you rate your sleep quality overall?3"
,"During the past month, how would you rate your sleep quality overall?3",Physical,Human16,"During the past month, how would you rate your sleep quality overall?3"
,"During the past month, how would you rate your sleep quality overall?3",Physical,Human17,"During the past month, how would you rate your sleep quality overall?3"
,"During the past month, how would you rate your sleep quality overall?3",Spiritual,Human18,"During the past month, how would you rate your sleep quality overall?3"
,"During the past month, how would you rate your sleep quality overall?3",Physical,Human19,"During the past month, how would you rate your sleep quality overall?3"
,"During the past month, how would you rate your sleep quality overall?3",Physical,Human20,"During the past month, how would you rate your sleep quality overall?3"
,"During the past month, how would you rate your sleep quality overall?3",Physical,Human21,"During the past month, how would you rate your sleep quality overall?3"
,"During the past month, how would you rate your sleep quality overall?3",Physical,Human22,"During the past month, how would you rate your sleep quality overall?3"
,"During the past month, how would you rate your sleep quality overall?3",Physical,Human23,"During the past month, how would you rate your sleep quality overall?3"
,"During the past month, how would you rate your sleep quality overall?3",Physical,Human24,"During the past month, how would you rate your sleep quality overall?3"
,"During the past month, how would you rate your sleep quality overall?3",Physical,Human25,"During the past month, how would you rate your sleep quality overall?3"
,"During the past month, how would you rate your sleep quality overall?3",Physical,Human26,"During the past month, how would you rate your sleep quality overall?3"
,"During the past month, how would you rate your sleep quality overall?3",Physical,Human27,"During the past month, how would you rate your sleep quality overall?3"
,"During the past month, how would you rate your sleep quality overall?3",Physical,Human28,"During the past month, how would you rate your sleep quality overall?3"
,"During the past month, how would you rate your sleep quality overall?4",Physical,Human01,"During the past month, how would you rate your sleep quality overall?4"
,"During the past month, how would you rate your sleep quality overall?4",Physical,Human02,"During the past month, how would you rate your sleep quality overall?4"
,"During the past month, how would you rate your sleep quality overall?4",Physical,Human03,"During the past month, how would you rate your sleep quality overall?4"
,"During the past month, how would you rate your sleep quality overall?4",Physical,Human04,"During the past month, how would you rate your sleep quality overall?4"
,"During the past month, how would you rate your sleep quality overall?4",Physical,Human05,"During the past month, how would you rate your sleep quality overall?4"
,"During the past month, how would you rate your sleep quality overall?4",Physical,Human06,"During the past month, how would you rate your sleep quality overall?4"
,"During the past month, how would you rate your sleep quality overall?4",Physical,Human07,"During the past month, how would you rate your sleep quality overall?4"
,"During the past month, how would you rate your sleep quality overall?4",Physical,Human08,"During the past month, how would you rate your sleep quality overall?4"
,"During the past month, how would you rate your sleep quality overall?4",Physical,Human09,"During the past month, how would you rate your sleep quality overall?4"
,"During the past month, how would you rate your sleep quality overall?4",Physical,Human10,"During the past month, how would you rate your sleep quality overall?4"
,"During the past month, how would you rate your sleep quality overall?4",Physical,Human11,"During the past month, how would you rate your sleep quality overall?4"
,"During the past month, how would you rate your sleep quality overall?4",Physical,Human12,"During the past month, how would you rate your sleep quality overall?4"
,"During the past month, how would you rate your sleep quality overall?4",Physical,Human13,"During the past month, how would you rate your sleep quality overall?4"
,"During the past month, how would you rate your sleep quality overall?4",Physical,Human14,"During the past month, how would you rate your sleep quality overall?4"
,"During the past month, how would you rate your sleep quality overall?4",Physical,Human15,"During the past month, how would you rate your sleep quality overall?4"
,"During the past month, how would you rate your sleep quality overall?4",Physical,Human16,"During the past month, how would you rate your sleep quality overall?4"
,"During the past month, how would you rate your sleep quality overall?4",Physical,Human17,"During the past month, how would you rate your sleep quality overall?4"
,"During the past month, how would you rate your sleep quality overall?4",Environmental,Human18,"During the past month, how would you rate your sleep quality overall?4"
,"During the past month, how would you rate your sleep quality overall?4",Physical,Human19,"During the past month, how would you rate your sleep quality overall?4"
,"During the past month, how would you rate your sleep quality overall?4",Physical,Human20,"During the past month, how would you rate your sleep quality overall?4"
,"During the past month, how would you rate your sleep quality overall?4",Physical,Human21,"During the past month, how would you rate your sleep quality overall?4"
,"During the past month, how would you rate your sleep quality overall?4",Physical,Human22,"During the past month, how would you rate your sleep quality overall?4"
,"During the past month, how would you rate your sleep quality overall?4",Physical,Human23,"During the past month, how would you rate your sleep quality overall?4"
,"During the past month, how would you rate your sleep quality overall?4",Physical,Human24,"During the past month, how would you rate your sleep quality overall?4"
,"During the past month, how would you rate your sleep quality overall?4",Physical,Human25,"During the past month, how would you rate your sleep quality overall?4"
,"During the past month, how would you rate your sleep quality overall?4",Physical,Human26,"During the past month, how would you rate your sleep quality overall?4"
,"During the past month, how would you rate your sleep quality overall?4",Physical,Human27,"During the past month, how would you rate your sleep quality overall?4"
,"During the past month, how would you rate your sleep quality overall?4",Physical,Human28,"During the past month, how would you rate your sleep quality overall?4"
,"During the past month, what time have you usually gone to bed at night?2",Physical,Human01,"During the past month, what time have you usually gone to bed at night?2"
,"During the past month, what time have you usually gone to bed at night?2",Physical,Human02,"During the past month, what time have you usually gone to bed at night?2"
,"During the past month, what time have you usually gone to bed at night?2",Physical,Human03,"During the past month, what time have you usually gone to bed at night?2"
,"During the past month, what time have you usually gone to bed at night?2",Physical,Human04,"During the past month, what time have you usually gone to bed at night?2"
,"During the past month, what time have you usually gone to bed at night?2",Physical,Human05,"During the past month, what time have you usually gone to bed at night?2"
,"During the past month, what time have you usually gone to bed at night?2",Physical,Human06,"During the past month, what time have you usually gone to bed at night?2"
,"During the past month, what time have you usually gone to bed at night?2",Physical,Human07,"During the past month, what time have you usually gone to bed at night?2"
,"During the past month, what time have you usually gone to bed at night?2",Physical,Human08,"During the past month, what time have you usually gone to bed at night?2"
,"During the past month, what time have you usually gone to bed at night?2",Physical,Human09,"During the past month, what time have you usually gone to bed at night?2"
,"During the past month, what time have you usually gone to bed at night?2",Physical,Human10,"During the past month, what time have you usually gone to bed at night?2"
,"During the past month, what time have you usually gone to bed at night?2",Physical,Human11,"During the past month, what time have you usually gone to bed at night?2"
,"During the past month, what time have you usually gone to bed at night?2",Intellectual,Human12,"During the past month, what time have you usually gone to bed at night?2"
,"During the past month, what time have you usually gone to bed at night?2",Physical,Human13,"During the past month, what time have you usually gone to bed at night?2"
,"During the past month, what time have you usually gone to bed at night?2",Physical,Human14,"During the past month, what time have you usually gone to bed at night?2"
,"During the past month, what time have you usually gone to bed at night?2",Physical,Human15,"During the past month, what time have you usually gone to bed at night?2"
,"During the past month, what time have you usually gone to bed at night?2",Environmental,Human16,"During the past month, what time have you usually gone to bed at night?2"
,"During the past month, what time have you usually gone to bed at night?2",Physical,Human17,"During the past month, what time have you usually gone to bed at night?2"
,"During the past month, what time have you usually gone to bed at night?2",Social,Human18,"During the past month, what time have you usually gone to bed at night?2"
,"During the past month, what time have you usually gone to bed at night?2",Physical,Human19,"During the past month, what time have you usually gone to bed at night?2"
,"During the past month, what time have you usually gone to bed at night?2",Physical,Human20,"During the past month, what time have you usually gone to bed at night?2"
,"During the past month, what time have you usually gone to bed at night?2",Physical,Human21,"During the past month, what time have you usually gone to bed at night?2"
,"During the past month, what time have you usually gone to bed at night?2",Physical,Human22,"During the past month, what time have you usually gone to bed at night?2"
,"During the past month, what time have you usually gone to bed at night?2",Physical,Human23,"During the past month, what time have you usually gone to bed at night?2"
,"During the past month, what time have you usually gone to bed at night?2",Physical,Human24,"During the past month, what time have you usually gone to bed at night?2"
,"During the past month, what time have you usually gone to bed at night?2",Physical,Human25,"During the past month, what time have you usually gone to bed at night?2"
,"During the past month, what time have you usually gone to bed at night?2",Physical,Human26,"During the past month, what time have you usually gone to bed at night?2"
,"During the past month, what time have you usually gone to bed at night?2",Physical,Human27,"During the past month, what time have you usually gone to bed at night?2"
,"During the past month, what time have you usually gone to bed at night?2",Physical,Human28,"During the past month, what time have you usually gone to bed at night?2"
,"During the past month, what time have you usually gotten up in the morning?2",Physical,Human01,"During the past month, what time have you usually gotten up in the morning?2"
,"During the past month, what time have you usually gotten up in the morning?2",Physical,Human02,"During the past month, what time have you usually gotten up in the morning?2"
,"During the past month, what time have you usually gotten up in the morning?2",Physical,Human03,"During the past month, what time have you usually gotten up in the morning?2"
,"During the past month, what time have you usually gotten up in the morning?2",Physical,Human04,"During the past month, what time have you usually gotten up in the morning?2"
,"During the past month, what time have you usually gotten up in the morning?2",Physical,Human05,"During the past month, what time have you usually gotten up in the morning?2"
,"During the past month, what time have you usually gotten up in the morning?2",Physical,Human06,"During the past month, what time have you usually gotten up in the morning?2"
,"During the past month, what time have you usually gotten up in the morning?2",Physical,Human07,"During the past month, what time have you usually gotten up in the morning?2"
,"During the past month, what time have you usually gotten up in the morning?2",Physical,Human08,"During the past month, what time have you usually gotten up in the morning?2"
,"During the past month, what time have you usually gotten up in the morning?2",Physical,Human09,"During the past month, what time have you usually gotten up in the morning?2"
,"During the past month, what time have you usually gotten up in the morning?2",Physical,Human10,"During the past month, what time have you usually gotten up in the morning?2"
,"During the past month, what time have you usually gotten up in the morning?2",Physical,Human11,"During the past month, what time have you usually gotten up in the morning?2"
,"During the past month, what time have you usually gotten up in the morning?2",Intellectual,Human12,"During the past month, what time have you usually gotten up in the morning?2"
,"During the past month, what time have you usually gotten up in the morning?2",Physical,Human13,"During the past month, what time have you usually gotten up in the morning?2"
,"During the past month, what time have you usually gotten up in the morning?2",Physical,Human14,"During the past month, what time have you usually gotten up in the morning?2"
,"During the past month, what time have you usually gotten up in the morning?2",Physical,Human15,"During the past month, what time have you usually gotten up in the morning?2"
,"During the past month, what time have you usually gotten up in the morning?2",Environmental,Human16,"During the past month, what time have you usually gotten up in the morning?2"
,"During the past month, what time have you usually gotten up in the morning?2",Physical,Human17,"During the past month, what time have you usually gotten up in the morning?2"
,"During the past month, what time have you usually gotten up in the morning?2",Environmental,Human18,"During the past month, what time have you usually gotten up in the morning?2"
,"During the past month, what time have you usually gotten up in the morning?2",Physical,Human19,"During the past month, what time have you usually gotten up in the morning?2"
,"During the past month, what time have you usually gotten up in the morning?2",Physical,Human20,"During the past month, what time have you usually gotten up in the morning?2"
,"During the past month, what time have you usually gotten up in the morning?2",Physical,Human21,"During the past month, what time have you usually gotten up in the morning?2"
,"During the past month, what time have you usually gotten up in the morning?2",Physical,Human22,"During the past month, what time have you usually gotten up in the morning?2"
,"During the past month, what time have you usually gotten up in the morning?2",Physical,Human23,"During the past month, what time have you usually gotten up in the morning?2"
,"During the past month, what time have you usually gotten up in the morning?2",Physical,Human24,"During the past month, what time have you usually gotten up in the morning?2"
,"During the past month, what time have you usually gotten up in the morning?2",Physical,Human25,"During the past month, what time have you usually gotten up in the morning?2"
,"During the past month, what time have you usually gotten up in the morning?2",Physical,Human26,"During the past month, what time have you usually gotten up in the morning?2"
,"During the past month, what time have you usually gotten up in the morning?2",Physical,Human27,"During the past month, what time have you usually gotten up in the morning?2"
,"During the past month, what time have you usually gotten up in the morning?2",Physical,Human28,"During the past month, what time have you usually gotten up in the morning?2"
,How often do you lose track of time while doing something you enjoy?2,Emotional,Human01,How often do you lose track of time while doing something you enjoy?2
,How often do you lose track of time while doing something you enjoy?2,Occupational,Human02,How often do you lose track of time while doing something you enjoy?2
,How often do you lose track of time while doing something you enjoy?2,Emotional,Human03,How often do you lose track of time while doing something you enjoy?2
,How often do you lose track of time while doing something you enjoy?2,Emotional,Human04,How often do you lose track of time while doing something you enjoy?2
,How often do you lose track of time while doing something you enjoy?2,Emotional,Human05,How often do you lose track of time while doing something you enjoy?2
,How often do you lose track of time while doing something you enjoy?2,Emotional,Human06,How often do you lose track of time while doing something you enjoy?2
,How often do you lose track of time while doing something you enjoy?2,Emotional,Human07,How often do you lose track of time while doing something you enjoy?2
,How often do you lose track of time while doing something you enjoy?2,Occupational,Human08,How often do you lose track of time while doing something you enjoy?2
,How often do you lose track of time while doing something you enjoy?2,Intellectual,Human09,How often do you lose track of time while doing something you enjoy?2
,How often do you lose track of time while doing something you enjoy?2,Emotional,Human10,How often do you lose track of time while doing something you enjoy?2
,How often do you lose track of time while doing something you enjoy?2,Emotional,Human11,How often do you lose track of time while doing something you enjoy?2
,How often do you lose track of time while doing something you enjoy?2,Social,Human12,How often do you lose track of time while doing something you enjoy?2
,How often do you lose track of time while doing something you enjoy?2,Intellectual,Human13,How often do you lose track of time while doing something you enjoy?2
,How often do you lose track of time while doing something you enjoy?2,Occupational,Human14,How often do you lose track of time while doing something you enjoy?2
,How often do you lose track of time while doing something you enjoy?2,Social,Human15,How often do you lose track of time while doing something you enjoy?2
,How often do you lose track of time while doing something you enjoy?2,Occupational,Human16,How often do you lose track of time while doing something you enjoy?2
,How often do you lose track of time while doing something you enjoy?2,Occupational,Human17,How often do you lose track of time while doing something you enjoy?2
,How often do you lose track of time while doing something you enjoy?2,Physical,Human18,How often do you lose track of time while doing something you enjoy?2
,How often do you lose track of time while doing something you enjoy?2,Occupational,Human19,How often do you lose track of time while doing something you enjoy?2
,How often do you lose track of time while doing something you enjoy?2,Intellectual,Human20,How often do you lose track of time while doing something you enjoy?2
,How often do you lose track of time while doing something you enjoy?2,Emotional,Human21,How often do you lose track of time while doing something you enjoy?2
,How often do you lose track of time while doing something you enjoy?2,Spiritual,Human22,How often do you lose track of time while doing something you enjoy?2
,How often do you lose track of time while doing something you enjoy?2,Occupational,Human23,How often do you lose track of time while doing something you enjoy?2
,How often do you lose track of time while doing something you enjoy?2,Occupational,Human24,How often do you lose track of time while doing something you enjoy?2
,How often do you lose track of time while doing something you enjoy?2,Emotional,Human25,How often do you lose track of time while doing something you enjoy?2
,How often do you lose track of time while doing something you enjoy?2,Occupational,Human26,How often do you lose track of time while doing something you enjoy?2
,How often do you lose track of time while doing something you enjoy?2,Occupational,Human27,How often do you lose track of time while doing something you enjoy?2
,How often do you lose track of time while doing something you enjoy?2,Emotional,Human28,How often do you lose track of time while doing something you enjoy?2
,How satisfied are you with your personal relationships?2,Emotional,Human01,How satisfied are you with your personal relationships?2
,How satisfied are you with your personal relationships?2,Social,Human02,How satisfied are you with your personal relationships?2
,How satisfied are you with your personal relationships?2,Emotional,Human03,How satisfied are you with your personal relationships?2
,How satisfied are you with your personal relationships?2,Social,Human04,How satisfied are you with your personal relationships?2
,How satisfied are you with your personal relationships?2,Social,Human05,How satisfied are you with your personal relationships?2
,How satisfied are you with your personal relationships?2,Social,Human06,How satisfied are you with your personal relationships?2
,How satisfied are you with your personal relationships?2,Social,Human07,How satisfied are you with your personal relationships?2
,How satisfied are you with your personal relationships?2,Social,Human08,How satisfied are you with your personal relationships?2
,How satisfied are you with your personal relationships?2,Social,Human09,How satisfied are you with your personal relationships?2
,How satisfied are you with your personal relationships?2,Social,Human10,How satisfied are you with your personal relationships?2
,How satisfied are you with your personal relationships?2,Social,Human11,How satisfied are you with your personal relationships?2
,How satisfied are you with your personal relationships?2,Social,Human12,How satisfied are you with your personal relationships?2
,How satisfied are you with your personal relationships?2,Social,Human13,How satisfied are you with your personal relationships?2
,How satisfied are you with your personal relationships?2,Social,Human14,How satisfied are you with your personal relationships?2
,How satisfied are you with your personal relationships?2,Social,Human15,How satisfied are you with your personal relationships?2
,How satisfied are you with your personal relationships?2,Social,Human16,How satisfied are you with your personal relationships?2
,How satisfied are you with your personal relationships?2,Social,Human17,How satisfied are you with your personal relationships?2
,How satisfied are you with your personal relationships?2,Emotional,Human18,How satisfied are you with your personal relationships?2
,How satisfied are you with your personal relationships?2,Social,Human19,How satisfied are you with your personal relationships?2
,How satisfied are you with your personal relationships?2,Social,Human20,How satisfied are you with your personal relationships?2
,How satisfied are you with your personal relationships?2,Social,Human21,How satisfied are you with your personal relationships?2
,How satisfied are you with your personal relationships?2,Social,Human22,How satisfied are you with your personal relationships?2
,How satisfied are you with your personal relationships?2,Social,Human23,How satisfied are you with your personal relationships?2
,How satisfied are you with your personal relationships?2,Social,Human24,How satisfied are you with your personal relationships?2
,How satisfied are you with your personal relationships?2,Social,Human25,How satisfied are you with your personal relationships?2
,How satisfied are you with your personal relationships?2,Social,Human26,How satisfied are you with your personal relationships?2
,How satisfied are you with your personal relationships?2,Social,Human27,How satisfied are you with your personal relationships?2
,How satisfied are you with your personal relationships?2,Social,Human28,How satisfied are you with your personal relationships?2
,"Taking all things together, how happy would you say you are?2",Emotional,Human01,"Taking all things together, how happy would you say you are?2"
,"Taking all things together, how happy would you say you are?2",Emotional,Human02,"Taking all things together, how happy would you say you are?2"
,"Taking all things together, how happy would you say you are?2",Emotional,Human03,"Taking all things together, how happy would you say you are?2"
,"Taking all things together, how happy would you say you are?2",Emotional,Human04,"Taking all things together, how happy would you say you are?2"
,"Taking all things together, how happy would you say you are?2",Emotional,Human05,"Taking all things together, how happy would you say you are?2"
,"Taking all things together, how happy would you say you are?2",Emotional,Human06,"Taking all things together, how happy would you say you are?2"
,"Taking all things together, how happy would you say you are?2",Emotional,Human07,"Taking all things together, how happy would you say you are?2"
,"Taking all things together, how happy would you say you are?2",Emotional,Human08,"Taking all things together, how happy would you say you are?2"
,"Taking all things together, how happy would you say you are?2",Emotional,Human09,"Taking all things together, how happy would you say you are?2"
,"Taking all things together, how happy would you say you are?2",Emotional,Human10,"Taking all things together, how happy would you say you are?2"
,"Taking all things together, how happy would you say you are?2",Emotional,Human11,"Taking all things together, how happy would you say you are?2"
,"Taking all things together, how happy would you say you are?2",Emotional,Human12,"Taking all things together, how happy would you say you are?2"
,"Taking all things together, how happy would you say you are?2",Emotional,Human13,"Taking all things together, how happy would you say you are?2"
,"Taking all things together, how happy would you say you are?2",Emotional,Human14,"Taking all things together, how happy would you say you are?2"
,"Taking all things together, how happy would you say you are?2",Emotional,Human15,"Taking all things together, how happy would you say you are?2"
,"Taking all things together, how happy would you say you are?2",Environmental,Human16,"Taking all things together, how happy would you say you are?2"
,"Taking all things together, how happy would you say you are?2",Emotional,Human17,"Taking all things together, how happy would you say you are?2"
,"Taking all things together, how happy would you say you are?2",Spiritual,Human18,"Taking all things together, how happy would you say you are?2"
,"Taking all things together, how happy would you say you are?2",Emotional,Human19,"Taking all things together, how happy would you say you are?2"
,"Taking all things together, how happy would you say you are?2",Emotional,Human20,"Taking all things together, how happy would you say you are?2"
,"Taking all things together, how happy would you say you are?2",Emotional,Human21,"Taking all things together, how happy would you say you are?2"
,"Taking all things together, how happy would you say you are?2",Emotional,Human22,"Taking all things together, how happy would you say you are?2"
,"Taking all things together, how happy would you say you are?2",Emotional,Human23,"Taking all things together, how happy would you say you are?2"
,"Taking all things together, how happy would you say you are?2",Emotional,Human24,"Taking all things together, how happy would you say you are?2"
,"Taking all things together, how happy would you say you are?2",Emotional,Human25,"Taking all things together, how happy would you say you are?2"
,"Taking all things together, how happy would you say you are?2",Emotional,Human26,"Taking all things together, how happy would you say you are?2"
,"Taking all things together, how happy would you say you are?2",Emotional,Human27,"Taking all things together, how happy would you say you are?2"
,"Taking all things together, how happy would you say you are?2",Emotional,Human28,"Taking all things together, how happy would you say you are?2"
,To what extent do you feel contented?2,Emotional,Human01,To what extent do you feel contented?2
,To what extent do you feel contented?2,Emotional,Human02,To what extent do you feel contented?2
,To what extent do you feel contented?2,Emotional,Human03,To what extent do you feel contented?2
,To what extent do you feel contented?2,Emotional,Human04,To what extent do you feel contented?2
,To what extent do you feel contented?2,Emotional,Human05,To what extent do you feel contented?2
,To what extent do you feel contented?2,Intellectual,Human06,To what extent do you feel contented?2
,To what extent do you feel contented?2,Emotional,Human07,To what extent do you feel contented?2
,To what extent do you feel contented?2,Emotional,Human08,To what extent do you feel contented?2
,To what extent do you feel contented?2,Social,Human09,To what extent do you feel contented?2
,To what extent do you feel contented?2,Emotional,Human10,To what extent do you feel contented?2
,To what extent do you feel contented?2,Emotional,Human11,To what extent do you feel contented?2
,To what extent do you feel contented?2,Emotional,Human12,To what extent do you feel contented?2
,To what extent do you feel contented?2,Emotional,Human13,To what extent do you feel contented?2
,To what extent do you feel contented?2,Emotional,Human14,To what extent do you feel contented?2
,To what extent do you feel contented?2,Emotional,Human15,To what extent do you feel contented?2
,To what extent do you feel contented?2,Social,Human16,To what extent do you feel contented?2
,To what extent do you feel contented?2,Emotional,Human17,To what extent do you feel contented?2
,To what extent do you feel contented?2,Environmental,Human18,To what extent do you feel contented?2
,To what extent do you feel contented?2,Emotional,Human19,To what extent do you feel contented?2
,To what extent do you feel contented?2,Emotional,Human20,To what extent do you feel contented?2
,To what extent do you feel contented?2,Emotional,Human21,To what extent do you feel contented?2
,To what extent do you feel contented?2,Emotional,Human22,To what extent do you feel contented?2
,To what extent do you feel contented?2,Emotional,Human23,To what extent do you feel contented?2
,To what extent do you feel contented?2,Emotional,Human24,To what extent do you feel contented?2
,To what extent do you feel contented?2,Emotional,Human25,To what extent do you feel contented?2
,To what extent do you feel contented?2,Spiritual,Human26,To what extent do you feel contented?2
,To what extent do you feel contented?2,Emotional,Human27,To what extent do you feel contented?2
,To what extent do you feel contented?2,Social,Human28,To what extent do you feel contented?2
,To what extent do you feel loved?2,Emotional,Human01,To what extent do you feel loved?2
,To what extent do you feel loved?2,Social,Human02,To what extent do you feel loved?2
,To what extent do you feel loved?2,Emotional,Human03,To what extent do you feel loved?2
,To what extent do you feel loved?2,Emotional,Human04,To what extent do you feel loved?2
,To what extent do you feel loved?2,Social,Human05,To what extent do you feel loved?2
,To what extent do you feel loved?2,Emotional,Human06,To what extent do you feel loved?2
,To what extent do you feel loved?2,Emotional,Human07,To what extent do you feel loved?2
,To what extent do you feel loved?2,Emotional,Human08,To what extent do you feel loved?2
,To what extent do you feel loved?2,Social,Human09,To what extent do you feel loved?2
,To what extent do you feel loved?2,Social,Human10,To what extent do you feel loved?2
,To what extent do you feel loved?2,Social,Human11,To what extent do you feel loved?2
,To what extent do you feel loved?2,Emotional,Human12,To what extent do you feel loved?2
,To what extent do you feel loved?2,Social,Human13,To what extent do you feel loved?2
,To what extent do you feel loved?2,Emotional,Human14,To what extent do you feel loved?2
,To what extent do you feel loved?2,Social,Human15,To what extent do you feel loved?2
,To what extent do you feel loved?2,Social,Human16,To what extent do you feel loved?2
,To what extent do you feel loved?2,Emotional,Human17,To what extent do you feel loved?2
,To what extent do you feel loved?2,Emotional,Human18,To what extent do you feel loved?2
,To what extent do you feel loved?2,Emotional,Human19,To what extent do you feel loved?2
,To what extent do you feel loved?2,Social,Human20,To what extent do you feel loved?2
,To what extent do you feel loved?2,Social,Human21,To what extent do you feel loved?2
,To what extent do you feel loved?2,Emotional,Human22,To what extent do you feel loved?2
,To what extent do you feel loved?2,Social,Human23,To what extent do you feel loved?2
,To what extent do you feel loved?2,Emotional,Human24,To what extent do you feel loved?2
,To what extent do you feel loved?2,Emotional,Human25,To what extent do you feel loved?2
,To what extent do you feel loved?2,Emotional,Human26,To what extent do you feel loved?2
,To what extent do you feel loved?2,Social,Human27,To what extent do you feel loved?2
,To what extent do you feel loved?2,Social,Human28,To what extent do you feel loved?2
,To what extent do you feel you have a sense of direction in your life?2,Spiritual,Human01,To what extent do you feel you have a sense of direction in your life?2
,To what extent do you feel you have a sense of direction in your life?2,Spiritual,Human02,To what extent do you feel you have a sense of direction in your life?2
,To what extent do you feel you have a sense of direction in your life?2,Occupational,Human03,To what extent do you feel you have a sense of direction in your life?2
,To what extent do you feel you have a sense of direction in your life?2,Spiritual,Human04,To what extent do you feel you have a sense of direction in your life?2
,To what extent do you feel you have a sense of direction in your life?2,Spiritual,Human05,To what extent do you feel you have a sense of direction in your life?2
,To what extent do you feel you have a sense of direction in your life?2,Spiritual,Human06,To what extent do you feel you have a sense of direction in your life?2
,To what extent do you feel you have a sense of direction in your life?2,Spiritual,Human07,To what extent do you feel you have a sense of direction in your life?2
,To what extent do you feel you have a sense of direction in your life?2,Spiritual,Human08,To what extent do you feel you have a sense of direction in your life?2
,To what extent do you feel you have a sense of direction in your life?2,Occupational,Human09,To what extent do you feel you have a sense of direction in your life?2
,To what extent do you feel you have a sense of direction in your life?2,Spiritual,Human10,To what extent do you feel you have a sense of direction in your life?2
,To what extent do you feel you have a sense of direction in your life?2,Spiritual,Human11,To what extent do you feel you have a sense of direction in your life?2
,To what extent do you feel you have a sense of direction in your life?2,Spiritual,Human12,To what extent do you feel you have a sense of direction in your life?2
,To what extent do you feel you have a sense of direction in your life?2,Spiritual,Human13,To what extent do you feel you have a sense of direction in your life?2
,To what extent do you feel you have a sense of direction in your life?2,Spiritual,Human14,To what extent do you feel you have a sense of direction in your life?2
,To what extent do you feel you have a sense of direction in your life?2,Spiritual,Human15,To what extent do you feel you have a sense of direction in your life?2
,To what extent do you feel you have a sense of direction in your life?2,Occupational,Human16,To what extent do you feel you have a sense of direction in your life?2
,To what extent do you feel you have a sense of direction in your life?2,Spiritual,Human17,To what extent do you feel you have a sense of direction in your life?2
,To what extent do you feel you have a sense of direction in your life?2,Spiritual,Human18,To what extent do you feel you have a sense of direction in your life?2
,To what extent do you feel you have a sense of direction in your life?2,Occupational,Human19,To what extent do you feel you have a sense of direction in your life?2
,To what extent do you feel you have a sense of direction in your life?2,Spiritual,Human20,To what extent do you feel you have a sense of direction in your life?2
,To what extent do you feel you have a sense of direction in your life?2,Spiritual,Human21,To what extent do you feel you have a sense of direction in your life?2
,To what extent do you feel you have a sense of direction in your life?2,Spiritual,Human22,To what extent do you feel you have a sense of direction in your life?2
,To what extent do you feel you have a sense of direction in your life?2,Spiritual,Human23,To what extent do you feel you have a sense of direction in your life?2
,To what extent do you feel you have a sense of direction in your life?2,Occupational,Human24,To what extent do you feel you have a sense of direction in your life?2
,To what extent do you feel you have a sense of direction in your life?2,Spiritual,Human25,To what extent do you feel you have a sense of direction in your life?2
,To what extent do you feel you have a sense of direction in your life?2,Spiritual,Human26,To what extent do you feel you have a sense of direction in your life?2
,To what extent do you feel you have a sense of direction in your life?2,Spiritual,Human27,To what extent do you feel you have a sense of direction in your life?2
,To what extent do you feel you have a sense of direction in your life?2,Spiritual,Human28,To what extent do you feel you have a sense of direction in your life?2
